Date,match,HomeTeam,AwayTeam,actual,model_home_prob,model_draw_prob,model_away_prob,market_home_prob,market_draw_prob,market_away_prob,model_vs_market_home_edge,model_vs_market_draw_edge,model_vs_market_away_edge,edge_correct,log_loss_difference_model_minus_market
2024-11-23,Arsenal vs Nott'm Forest,Arsenal,Nott'm Forest,home_win,0.25031063,0.1553212,0.59436816,0.6830125728555273,0.20274689004764074,0.11424053709683198,-0.43270194324928035,-0.047425694326014456,0.4801276226741336,False,1.003810550459592
2024-12-04,Man City vs Nott'm Forest,Man City,Nott'm Forest,home_win,0.24700913,0.20086785,0.552123,0.7270769842321452,0.17016695375645952,0.10275606201139525,-0.4800678559000071,0.03070089285170241,0.44936694814714356,False,1.079607059195022
2024-11-23,Leicester vs Chelsea,Leicester,Chelsea,away_win,0.5777072,0.15883358,0.26345924,0.1390201240444595,0.19847707792297833,0.6625027980325622,0.438687047395665,-0.039643499694027834,-0.3990435626027984,False,0.9221260849563
2024-11-30,West Ham vs Arsenal,West Ham,Arsenal,away_win,0.48231757,0.26759642,0.250086,0.1305500658136809,0.20128744457046616,0.6681624896158529,0.3517675010579622,0.06630897905547989,-0.418076480113442,False,0.9827264398220074
2024-04-07,Tottenham vs Nott'm Forest,Tottenham,Nott'm Forest,home_win,0.29192048,0.5031294,0.20495018,0.6708250831520732,0.18271997502999324,0.14645494181793353,-0.378904600039738,0.32040944763464907,0.05849524181205609,False,0.8320270327016244
2024-04-24,Man United vs Sheffield United,Man United,Sheffield United,home_win,0.35824326,0.46774516,0.17401163,0.7304812607376927,0.1555984474091671,0.11392029185314018,-0.37223800393036544,0.312146707686887,0.06009134094696206,False,0.7124913204296405
2024-08-24,Southampton vs Nott'm Forest,Southampton,Nott'm Forest,away_win,0.21254517,0.11790651,0.66954833,0.4074188181650133,0.2762955203647791,0.3162856614702077,-0.19487364678497027,-0.15838900953485358,0.3532626712209849,True,-0.749957556430185
2025-01-14,Chelsea vs Bournemouth,Chelsea,Bournemouth,draw,0.2764371,0.25554708,0.46801582,0.6272076804637261,0.20070645774839233,0.17208586178788152,-0.35077057671540457,0.054840618715307016,0.2959299580000976,False,-0.241563197593325
2025-02-26,Nott'm Forest vs Arsenal,Nott'm Forest,Arsenal,draw,0.57199794,0.14485279,0.28314924,0.22693751335076134,0.27824512506484655,0.4948173615843921,0.3450604271895524,-0.1333923378086057,-0.21166811918326905,False,0.6527845445530835
2024-04-13,Bournemouth vs Man United,Bournemouth,Man United,draw,0.7460091,0.13265839,0.12133246,0.4025871972279495,0.24236357717249354,0.35504922559955693,0.34342191417646944,-0.10970518498156032,-0.23371676644781209,False,0.6026617511508325
2024-12-21,Aston Villa vs Man City,Aston Villa,Man City,home_win,0.6400382,0.16569893,0.19426285,0.29915668499305703,0.26371939172941666,0.43712392327752625,0.34088150727912925,-0.09802046110826951,-0.24286107597318207,True,-0.7605603814728468
2024-08-24,Brighton vs Man United,Brighton,Man United,home_win,0.7361529,0.1187928,0.14505434,0.3991218189801645,0.2585708558446765,0.34230732517515894,0.33703106836419583,-0.13977805374926328,-0.1972529848126101,True,-0.6121711493468521
2025-01-25,Man City vs Chelsea,Man City,Chelsea,home_win,0.7455688,0.087808326,0.16662289,0.409880894506563,0.25240034030140984,0.33771876519202726,0.3356879173869001,-0.16459201441468346,-0.17109587316989439,True,-0.5982808018873326
2024-05-11,Fulham vs Man City,Fulham,Man City,away_win,0.33061787,0.22226045,0.4471217,0.08626289449494434,0.13316310897763253,0.7805739965274232,0.2443549803658192,0.08909733637873649,-0.3334522869422334,False,0.5571986915118814
2024-12-07,Brentford vs Newcastle,Brentford,Newcastle,home_win,0.6570957,0.16642898,0.17647538,0.32597447526792606,0.2613110603370603,0.41271446439501375,0.3311211954321472,-0.09488207712554297,-0.23623908850428194,True,-0.701010537509988
2024-12-04,Aston Villa vs Brentford,Aston Villa,Brentford,home_win,0.29028624,0.1845923,0.52512145,0.5692182202849787,0.2340581003118282,0.19672367940319305,-0.27893197732309516,-0.049465793697906074,0.3283977710210013,False,0.6733964096747161
2025-05-25,Southampton vs Arsenal,Southampton,Arsenal,away_win,0.35512227,0.20408982,0.44078788,0.08185441169699544,0.15002378893839943,0.7681217993646051,0.27326785650292523,0.054066031446579815,-0.3273339177518274,False,0.5553845499593792
2025-03-15,Bournemouth vs Brentford,Bournemouth,Brentford,away_win,0.24012557,0.20930116,0.5505733,0.5466559871846217,0.22907488986784144,0.22426912294753706,-0.3065304204636592,-0.019773731082021434,0.32630416644684157,True,-0.8981133052490036
2025-05-11,Newcastle vs Chelsea,Newcastle,Chelsea,home_win,0.74792355,0.13557534,0.11650113,0.4279709375247178,0.2556413066814314,0.3163877557938508,0.3199526154652419,-0.12006596748331894,-0.19988662563018122,True,-0.5582454818113988
2025-02-01,Bournemouth vs Liverpool,Bournemouth,Liverpool,away_win,0.48833346,0.26083115,0.2508354,0.21248803757306284,0.2270902960792686,0.5604216663476687,0.2758454260957604,0.03374085135305868,-0.30958627744881917,False,0.8038926091943872
2025-04-02,Brighton vs Aston Villa,Brighton,Aston Villa,away_win,0.7158092,0.20273648,0.08145426,0.40834160337031356,0.274957813157661,0.3167005834720254,0.3074676226657582,-0.07222133113346818,-0.23524632133461237,False,1.3579150731997394
2024-04-07,Sheffield United vs Chelsea,Sheffield United,Chelsea,draw,0.45173028,0.16850519,0.37976453,0.1459307764265669,0.1852198316183349,0.6688493919550983,0.3057995046880113,-0.016714639815356397,-0.28908486487265506,False,0.09457677971892853
2024-12-26,Man City vs Everton,Man City,Everton,draw,0.41238934,0.20153311,0.38607752,0.7135929232454084,0.17674944864119174,0.10965762811339991,-0.30120358522889834,0.024783660308469513,0.27641989511810644,False,-0.13122045980296804
2024-09-01,Chelsea vs Crystal Palace,Chelsea,Crystal Palace,draw,0.3386698,0.17202151,0.4893087,0.5828481038550175,0.22365101659552997,0.1935008795494525,-0.2441782971361912,-0.05162950837867206,0.2958078353171857,False,0.26246736620565114
2024-11-02,Bournemouth vs Man City,Bournemouth,Man City,home_win,0.45087403,0.18517555,0.36395043,0.16470658468151156,0.21578413229060953,0.619509283027879,0.2861674459085458,-0.030608579326399016,-0.2555588516809857,True,-1.0070224015273759
2025-02-23,Man City vs Liverpool,Man City,Liverpool,away_win,0.5887951,0.16011053,0.25109434,0.307146108997988,0.25247088540672313,0.4403830055952888,0.28164901648647855,-0.09236035216926586,-0.18928866431721264,False,0.5618160731153328
2025-02-22,Southampton vs Brighton,Southampton,Brighton,away_win,0.2855228,0.377983,0.33649418,0.1689042875703768,0.21394543092247728,0.6171502815071459,0.11661850119266948,0.1640375729322743,-0.28065610392726614,False,0.6065316731874278
2024-11-03,Tottenham vs Aston Villa,Tottenham,Aston Villa,home_win,0.77530104,0.14207725,0.08262174,0.4950536255219278,0.23890647599814424,0.2660398984799279,0.2802474136969748,-0.09682922372935304,-0.18341816016529933,True,-0.4485853119226194
2024-05-04,Man City vs Wolves,Man City,Wolves,home_win,0.60050094,0.27576637,0.1237327,0.8792067871226291,0.07953350870352731,0.04125970417384351,-0.2787058458460788,0.19623286397713674,0.08247299677010334,False,0.3812558935012401
2024-12-29,Fulham vs Bournemouth,Fulham,Bournemouth,draw,0.22767575,0.19160528,0.580719,0.4177415895581838,0.2801182670506771,0.30214014339113915,-0.19006583870655264,-0.08851298224061088,0.27857885074948585,False,0.3797744989168237
2024-04-21,Everton vs Nott'm Forest,Everton,Nott'm Forest,home_win,0.22218743,0.21534112,0.56247145,0.4234476088206511,0.2921659793382608,0.28438641184108815,-0.2012601791541319,-0.07682485837993253,0.27808503753406444,False,0.6449084738075793
2025-02-25,Crystal Palace vs Aston Villa,Crystal Palace,Aston Villa,home_win,0.7005673,0.15742335,0.14200939,0.42543969325664743,0.27315162123864295,0.3014086855047095,0.2751276118313958,-0.115728274003917,-0.1593992931239951,True,-0.4987672496257699
2024-04-28,Nott'm Forest vs Man City,Nott'm Forest,Man City,away_win,0.20310436,0.3245078,0.47238788,0.09223819818251286,0.16048827435447288,0.7472735274630143,0.11086616370923366,0.16401952837036538,-0.27488564737611554,False,0.4586308863673025
2024-04-13,Newcastle vs Tottenham,Newcastle,Tottenham,home_win,0.6379438,0.17565939,0.18639678,0.3646257024288387,0.24247149985192293,0.39290279771923836,0.2733181018352299,-0.06681211154816621,-0.20650602008938607,True,-0.5593788336408134
2024-05-19,Sheffield United vs Tottenham,Sheffield United,Tottenham,away_win,0.3830666,0.17568839,0.44124505,0.12485191909756482,0.16118006947043484,0.7139680114320002,0.25821467550311267,0.014508316493005102,-0.2727229621937952,False,0.481237751901621
2024-11-09,Brentford vs Bournemouth,Brentford,Bournemouth,home_win,0.6397298,0.15180695,0.20846327,0.3698634393400345,0.26861590566594684,0.3615206549940187,0.2698663585000839,-0.11680895509679401,-0.15305738850212874,True,-0.5479120298815268
2024-12-26,Bournemouth vs Crystal Palace,Bournemouth,Crystal Palace,draw,0.7291935,0.14601639,0.1247901,0.4606485871420444,0.2632277640811682,0.2761236487767874,0.26854492148298614,-0.1172113749496222,-0.15133354653336395,False,0.5893007851651253
2025-01-26,Fulham vs Man United,Fulham,Man United,away_win,0.66595095,0.17082192,0.16322711,0.40094646692628233,0.2785645511493648,0.3204889819243528,0.26500448703413637,-0.1077426311120952,-0.1572618708232023,False,0.6747053910044436
2024-10-19,Man United vs Brentford,Man United,Brentford,home_win,0.30630642,0.29159898,0.40209466,0.5701789376900771,0.22566801046750123,0.2041530518424217,-0.2638725159333327,0.06593096519091551,0.19794161034706195,False,0.6213642040740484
2024-12-21,West Ham vs Brighton,West Ham,Brighton,draw,0.609443,0.15568313,0.23487392,0.34612835331465047,0.26412549274974706,0.38974615393560236,0.26331465558503825,-0.10844236272388341,-0.15487223325650995,False,0.5286016043925572
2024-11-10,Chelsea vs Arsenal,Chelsea,Arsenal,draw,0.5771143,0.15040863,0.27247706,0.3193194048872604,0.28186258319960517,0.3988180119131343,0.2577948791512833,-0.131453957596883,-0.12634095135672258,False,0.6280639033064821
2024-12-26,Nott'm Forest vs Tottenham,Nott'm Forest,Tottenham,home_win,0.7008749,0.109132156,0.18999296,0.44325991026753564,0.24486992485367703,0.3118701648787874,0.25761501439219336,-0.13573776907765317,-0.12187720061105667,True,-0.45817314143240895
2025-04-26,Southampton vs Fulham,Southampton,Fulham,away_win,0.42010665,0.25522092,0.32467246,0.18575390091469723,0.23446877198791438,0.5797773270973884,0.23435274848410648,0.02075214785957402,-0.2551048665413581,False,0.5798272008423345
2024-04-27,Man United vs Burnley,Man United,Burnley,draw,0.39186862,0.44334683,0.16478455,0.6397822503940584,0.18854093823007617,0.17167681137586543,-0.2479136292831423,0.2548058899921986,-0.006892260709056353,True,-0.8550372255755496
2024-05-11,Tottenham vs Burnley,Tottenham,Burnley,home_win,0.47550225,0.21286108,0.31163666,0.727502175303534,0.1536484594241064,0.11884936527235952,-0.25199992272479865,0.059212616573246196,0.19278729125039135,False,0.42524535617834325
2024-12-29,West Ham vs Liverpool,West Ham,Liverpool,away_win,0.33783817,0.22131191,0.44084993,0.1285023549192226,0.17870234029888157,0.692795304781896,0.20933581799337506,0.04260957164169307,-0.2519453747339071,False,0.4520300303554827
2024-04-27,Everton vs Brentford,Everton,Brentford,home_win,0.18347594,0.1836433,0.6328808,0.3365902245832049,0.27950767187611164,0.38390210354068344,-0.15311428316360348,-0.0958643755151421,0.24897870338222916,False,0.6067826382999777
2024-12-08,Fulham vs Arsenal,Fulham,Arsenal,draw,0.42861927,0.2217694,0.34961137,0.17999433980063523,0.22669098456023395,0.5933146756391309,0.24862492575570022,-0.004921577168685798,-0.2437033038835309,False,0.02194961507387072
2024-08-18,Chelsea vs Man City,Chelsea,Man City,away_win,0.45717904,0.30232507,0.2404959,0.26393751870749477,0.25084401255751465,0.4852184687349905,0.19324152100922581,0.05148105734681274,-0.2447225634548773,False,0.7018961275178385
2024-10-25,Leicester vs Nott'm Forest,Leicester,Nott'm Forest,away_win,0.24312992,0.52995497,0.22691517,0.32344190262260847,0.2857874721680361,0.39077062520935546,-0.08031197868290357,0.24416749771492896,-0.16385545942738067,False,0.5435445649788514
2025-05-10,Wolves vs Brighton,Wolves,Brighton,away_win,0.56496537,0.14818756,0.2868471,0.32169421162706585,0.2870205840265438,0.39128520434639025,0.24327115569013386,-0.1388330212032482,-0.10443808978340197,False,0.31048731853101685
2024-09-28,Arsenal vs Leicester,Arsenal,Leicester,home_win,0.56140953,0.2157772,0.22281334,0.803225585856659,0.13518523184123293,0.06158918230210804,-0.2418160528328248,0.08059197159943327,0.16122415573919752,False,0.3581849856231463
2025-02-26,Brentford vs Everton,Brentford,Everton,draw,0.29056302,0.19658169,0.5128553,0.4618194468603235,0.2668290137415203,0.2713515393981562,-0.17125642973042543,-0.07024732223799551,0.24150375196842094,False,0.30552993179860066
2025-02-15,Fulham vs Nott'm Forest,Fulham,Nott'm Forest,home_win,0.6859335,0.17767136,0.13639522,0.44542441103350305,0.2796850953001066,0.27489049366639046,0.24050905969251013,-0.10201373731079538,-0.13849527767823128,True,-0.4317530763936015
2025-03-16,Leicester vs Man United,Leicester,Man United,away_win,0.40489182,0.3032357,0.29187247,0.2132470608989302,0.2565806882473759,0.5301722508536939,0.19164475786289537,0.04665502141982991,-0.23829977928272528,False,0.5968849555251068
2024-12-22,Tottenham vs Liverpool,Tottenham,Liverpool,away_win,0.38994542,0.2625456,0.347509,0.20466579464058962,0.21003995117382174,0.5852942541855887,0.18527962300200376,0.05250563445850248,-0.23778525746050627,False,0.521324195454457
2025-05-25,Tottenham vs Brighton,Tottenham,Brighton,away_win,0.49648038,0.22802453,0.2754951,0.2587125360109169,0.23876206681604528,0.5025253971730377,0.23776783951741864,-0.010737539385510919,-0.22703028523074642,False,0.601076306089321
2024-12-29,Leicester vs Man City,Leicester,Man City,away_win,0.3324367,0.15401134,0.51355195,0.0991337517704209,0.14994759308670583,0.7509186551428731,0.2333029588256637,0.004063745862497664,-0.23736670468816123,False,0.3799461199964797
2025-02-15,Crystal Palace vs Everton,Crystal Palace,Everton,away_win,0.39222392,0.14994533,0.45783073,0.47652566023728676,0.3026986898362639,0.22077564992644938,-0.08430173583886452,-0.15275335623621966,0.23705507717392293,True,-0.7293524701402756
2024-12-04,Southampton vs Chelsea,Southampton,Chelsea,away_win,0.3257452,0.18431512,0.48993972,0.10955171940107147,0.16508310820092498,0.7253651723980036,0.2161934757493039,0.019232007012469188,-0.23542545295945072,False,0.39239283790631263
2024-09-28,Wolves vs Liverpool,Wolves,Liverpool,away_win,0.2539802,0.2537757,0.49224412,0.1102261407710404,0.16244833944429135,0.7273255197846681,0.14375404879080347,0.09132734658132816,-0.23508139537213146,False,0.3903993830657471
2025-04-05,Aston Villa vs Nott'm Forest,Aston Villa,Nott'm Forest,home_win,0.6833587,0.16522337,0.1514179,0.4482881241040572,0.2829901432397293,0.2687217326562136,0.23507060478159342,-0.11776676827692262,-0.11730383650467091,True,-0.42158378139423325
2025-04-05,Crystal Palace vs Brighton,Crystal Palace,Brighton,home_win,0.56980574,0.32487467,0.105319634,0.37783348339474615,0.28198192123560695,0.34018459536964685,0.19197225791537348,0.04289274807782384,-0.23486496128971368,True,-0.4108419336749848
2024-12-16,Bournemouth vs West Ham,Bournemouth,West Ham,draw,0.7855714,0.1326717,0.081756935,0.552234245245713,0.2298774130927131,0.21788834166157384,0.23333715110514763,-0.09720571416483376,-0.13613140713799138,False,0.5496685734952489
2024-04-13,Burnley vs Brighton,Burnley,Brighton,draw,0.4819175,0.18975993,0.32832262,0.24990984493328525,0.2423368193292463,0.5077533357374685,0.2320076555626254,-0.052576894321426176,-0.1794307165377157,False,0.24456882503585042
2024-11-09,Brighton vs Man City,Brighton,Man City,home_win,0.46048975,0.16038205,0.37912825,0.23372728044444022,0.23259542920742116,0.5336772903481386,0.22676246946400705,-0.07221338191185078,-0.15454904284867266,True,-0.6781356575279771
2025-05-03,Aston Villa vs Fulham,Aston Villa,Fulham,home_win,0.74062294,0.14260621,0.116770856,0.5152047014277825,0.25554153190818013,0.22925376666403724,0.22541823625150825,-0.11293531821932973,-0.11248291058159782,True,-0.36292733552673484
2024-05-19,Brentford vs Newcastle,Brentford,Newcastle,away_win,0.5509734,0.16445388,0.28457272,0.3257826982872589,0.23885315036522228,0.43536415134751877,0.22519071708749694,-0.07439927136646587,-0.15079143081986984,False,0.4251939699277629
2025-05-25,Newcastle vs Everton,Newcastle,Everton,away_win,0.53633493,0.28464964,0.17901544,0.756298324271185,0.15542052942142479,0.08828114630739017,-0.2199633924207517,0.12922911090030678,0.0907342964216061,False,-0.7069455621002549
2025-01-18,Newcastle vs Bournemouth,Newcastle,Bournemouth,away_win,0.80142677,0.12344147,0.07513176,0.5839554737880904,0.22640354066488613,0.18964098554702344,0.21747129451482705,-0.10296206801531185,-0.1145092264995152,False,0.9258893997918392
2024-11-24,Southampton vs Liverpool,Southampton,Liverpool,away_win,0.1360258,0.3538321,0.5101421,0.10516252390057364,0.1682600382409178,0.7265774378585087,0.030863277400428865,0.18557205762051715,-0.21643534992210733,False,0.35365574906276576
2024-11-04,Fulham vs Brentford,Fulham,Brentford,home_win,0.6907624,0.17229776,0.13693984,0.47661761599662045,0.2574244877842709,0.2659578962191087,0.21414478463051578,-0.08512672694004025,-0.12901805769047558,True,-0.3710813987941812
2025-03-08,Brentford vs Aston Villa,Brentford,Aston Villa,away_win,0.6584122,0.14233838,0.1992494,0.4459477210035465,0.24825955602259295,0.30579272297386045,0.21246449709032555,-0.10592117580504076,-0.10654332128528471,False,0.4283501402517198
2024-10-19,Tottenham vs West Ham,Tottenham,West Ham,home_win,0.44894263,0.27551508,0.27554226,0.6612642446274625,0.18333329917969798,0.15540245619283963,-0.21232161314438447,0.09218178031859303,0.12013980302346897,False,0.3872584124777273
2024-04-27,West Ham vs Liverpool,West Ham,Liverpool,draw,0.2550703,0.33780977,0.4071199,0.18224551505655223,0.19929551126766418,0.6184589736757836,0.07282478385358876,0.138514260031698,-0.21133907368760918,False,-0.527694262343112
2025-04-16,Newcastle vs Crystal Palace,Newcastle,Crystal Palace,home_win,0.78329533,0.123421796,0.09328292,0.57273855662791,0.23971764149589211,0.18754380187619799,0.21055677675755757,-0.11629584582967431,-0.09426087877381914,True,-0.3130804679760748
2024-09-15,Tottenham vs Arsenal,Tottenham,Arsenal,away_win,0.5568047,0.17481129,0.26838398,0.34673637602445817,0.27363525971160946,0.37962836426393254,0.21006834056260848,-0.09882397099720058,-0.11124438446656926,False,0.3467740914609724
2024-12-01,Chelsea vs Aston Villa,Chelsea,Aston Villa,home_win,0.37771577,0.20713566,0.41514856,0.5584510186338323,0.23542542942406652,0.20612355194210116,-0.18073525220393116,-0.028289766987581233,0.20902500429035123,False,0.39102495582185537
2025-01-16,Ipswich vs Brighton,Ipswich,Brighton,away_win,0.34332404,0.37761077,0.27906516,0.2515727220390433,0.26188307949965983,0.48654419846129693,0.09175131336706938,0.11572769334846944,-0.20747903651786126,False,0.5558824354273973
2024-04-21,Aston Villa vs Bournemouth,Aston Villa,Bournemouth,home_win,0.31027058,0.32814345,0.36158597,0.5174328629949931,0.237050523441056,0.24551661356395083,-0.20716228532584946,0.09109292419650197,0.11606936112934751,False,0.5114350016822161
2024-11-24,Ipswich vs Man United,Ipswich,Man United,draw,0.15555601,0.4411317,0.40331227,0.1898576547077349,0.23488502024966715,0.575257325042598,-0.03430164648801598,0.2062466907564974,-0.17194505916964264,True,-0.6302473926228827
2024-12-08,Leicester vs Brighton,Leicester,Brighton,draw,0.40149853,0.16418426,0.43431723,0.19561874413621194,0.2280673509834509,0.5763139048803371,0.20587978219855063,-0.06388309359533598,-0.14199667370205338,False,0.3286516193641358
2025-05-04,Brentford vs Man United,Brentford,Man United,home_win,0.37552285,0.27294177,0.35153538,0.5804140415042007,0.21965210286282824,0.19993385563297103,-0.204891189560231,0.053289665306574835,0.15160152425365617,False,0.43542241486053923
2024-12-15,Man City vs Man United,Man City,Man United,away_win,0.47459307,0.14945827,0.37594864,0.6244133903431015,0.20075086036083012,0.17483574929606843,-0.14982031721344757,-0.05129258611556797,0.2011128884278543,False,-0.7656056040385355
2025-02-15,Man City vs Newcastle,Man City,Newcastle,home_win,0.66581714,0.124767125,0.20941572,0.4651390604369862,0.23951190425486604,0.29534903530814766,0.20067808109591173,-0.1147447796020035,-0.08593331639506935,True,-0.35867864499857394
2024-11-09,Crystal Palace vs Fulham,Crystal Palace,Fulham,away_win,0.20855173,0.16561268,0.6258356,0.28691976707059336,0.28777880828936764,0.4253014246400389,-0.07836803238469553,-0.12216612558921047,0.2005341728750673,True,-0.38628956022218985
2025-04-19,West Ham vs Southampton,West Ham,Southampton,draw,0.39833644,0.26406747,0.33759615,0.5987864014729145,0.2228042424085263,0.17840935611855924,-0.20044996114813118,0.04126322861884796,0.15918679213392795,False,-0.16991113163485272
2024-09-14,Southampton vs Man United,Southampton,Man United,away_win,0.3991253,0.26715094,0.33372375,0.22923447007216638,0.23715862459317957,0.533606905334654,0.16989083772621924,0.029992313917715202,-0.19988315164393444,False,0.46934582984631146
2024-12-05,Fulham vs Brighton,Fulham,Brighton,home_win,0.56745774,0.1669007,0.26564154,0.3698634393400345,0.26861590566594684,0.3615206549940187,0.19759429619844815,-0.10171521129567707,-0.09587911470509353,True,-0.42803242649560147
2024-05-02,Chelsea vs Tottenham,Chelsea,Tottenham,home_win,0.5879834,0.1705476,0.24146897,0.3904490163688242,0.24012614506682686,0.369424838564349,0.1975344130630911,-0.06957854050597481,-0.12795587255711632,True,-0.4094013547779898
2024-11-23,Everton vs Brentford,Everton,Brentford,draw,0.25596842,0.23915896,0.5048727,0.40779400994487913,0.2847319122692056,0.30747407778591523,-0.15182558824726256,-0.045572954072565564,0.19739860192447295,False,0.1744196690865929
2024-04-06,Wolves vs West Ham,Wolves,West Ham,away_win,0.5365043,0.15968929,0.30380633,0.3395134624468587,0.2775153519130845,0.38297118564005667,0.1969908658040263,-0.11782605960141612,-0.07916485090609365,False,0.231569358429088
2024-04-06,Everton vs Burnley,Everton,Burnley,home_win,0.42989296,0.16966794,0.40043905,0.5468932120498432,0.2474375458117542,0.20566924213840254,-0.11700025483930243,-0.07776960149965856,0.19476981163547746,False,0.240717308558978
2024-09-22,Brighton vs Nott'm Forest,Brighton,Nott'm Forest,draw,0.37062925,0.21382532,0.41554546,0.5220272177516581,0.2561413548434802,0.22183142740486164,-0.15139796674839268,-0.04231603960643493,0.19371403615715008,False,0.1805700438087532
2025-04-12,Man City vs Crystal Palace,Man City,Crystal Palace,home_win,0.42688233,0.1939282,0.3791895,0.5884357483437667,0.22568241642360934,0.18588183523262397,-0.16155342174083087,-0.03175421939735659,0.19330765603934869,False,0.32095935647849383
2025-03-15,Man City vs Brighton,Man City,Brighton,draw,0.33727705,0.29754165,0.3651813,0.5304262883638913,0.23823116177137546,0.23134254986473327,-0.19314923357720915,0.059310486378114896,0.13383874719909425,False,-0.22231269026998413
2025-02-27,West Ham vs Leicester,West Ham,Leicester,home_win,0.41055125,0.19606096,0.39338785,0.5433113687244514,0.25508252589980873,0.20160610537573984,-0.1327601187435249,-0.05902157037536415,0.19178174872353385,False,0.2801817972009796
2025-01-15,Everton vs Aston Villa,Everton,Aston Villa,away_win,0.22528796,0.49929363,0.27541837,0.27482933869467735,0.30752607673873866,0.417644584566584,-0.04954137971507072,0.19176754861602818,-0.14222621360444104,False,0.41633951258351887
2024-04-07,Man United vs Liverpool,Man United,Liverpool,draw,0.19498387,0.39148423,0.41353196,0.19672131147540983,0.20081967213114757,0.6024590163934427,-0.0017374416843789486,0.19066455862561207,-0.18892705733658843,False,-0.6675378638204534
2025-05-20,Crystal Palace vs Wolves,Crystal Palace,Wolves,home_win,0.59459513,0.26858038,0.13682449,0.40393799650320933,0.2892244869222375,0.3068375165745532,0.19065713775506093,-0.020644109820339318,-0.17001302793472167,True,-0.3866193140473776
2024-09-29,Ipswich vs Aston Villa,Ipswich,Aston Villa,draw,0.13631725,0.20691493,0.65676785,0.2637549712454579,0.26891219135360933,0.46733283740093273,-0.1274377181326649,-0.061997259817888506,0.18943500775287586,False,0.26207718049300355
2024-10-26,Man City vs Southampton,Man City,Southampton,home_win,0.6698543,0.16533267,0.16481304,0.8575301816052722,0.09575611200377916,0.046713706390948684,-0.18767589827244746,0.06957656297638441,0.11809933529606303,False,0.24699618217137795
2024-12-01,Liverpool vs Man City,Liverpool,Man City,home_win,0.6566203,0.1925723,0.15080735,0.4704973829476875,0.2552698567056602,0.2742327603466521,0.186122940710302,-0.06269756103991925,-0.12342540947270497,True,-0.3333155623641024
2024-12-14,Newcastle vs Leicester,Newcastle,Leicester,home_win,0.5570973,0.21659921,0.22630355,0.7431184228665962,0.15511695234594003,0.10176462478746383,-0.1860211070783272,0.06148225875082358,0.12453892283330949,False,0.28811549432233113
2025-05-04,West Ham vs Tottenham,West Ham,Tottenham,draw,0.3561874,0.21768457,0.42612803,0.5149870775446344,0.24373434204402544,0.24127858041134004,-0.15879967434257747,-0.02604977506938555,0.18484944941196318,False,0.1130317428817067
2025-03-16,Arsenal vs Chelsea,Arsenal,Chelsea,home_win,0.41602293,0.21585551,0.3681216,0.5554748983142637,0.2611335799140424,0.1833915217716939,-0.13945197174527868,-0.045278070871302534,0.18473007241890363,False,0.2890830765401108
2024-10-05,Man City vs Fulham,Man City,Fulham,home_win,0.57868165,0.27047354,0.1508449,0.7621056393115425,0.15003954773945993,0.0878548129489976,-0.18342399153398514,0.12043399208979422,0.06299008885115805,False,0.27533269372118185
2025-05-18,Arsenal vs Newcastle,Arsenal,Newcastle,home_win,0.40584394,0.17251761,0.42163843,0.5046657292598747,0.2550172568068516,0.2403170139332737,-0.09882178590240709,-0.08249964423036693,0.18132141523161277,False,0.2179275746489312
2024-10-27,West Ham vs Man United,West Ham,Man United,home_win,0.47267407,0.26066175,0.2666642,0.29161382808623254,0.26079285438606165,0.44759331752770576,0.1810602437025553,-0.00013110335418603514,-0.18092911054604682,True,-0.48297568166774596
2024-12-07,Crystal Palace vs Man City,Crystal Palace,Man City,draw,0.38561413,0.22695442,0.38743147,0.20612572484584996,0.2406517837575298,0.5532224913966202,0.17948840207485012,-0.01369736831697041,-0.16579101885671843,False,0.0586018487158011
2025-05-25,Fulham vs Man City,Fulham,Man City,away_win,0.33644637,0.18942407,0.4741296,0.1581130047808655,0.21151541036910484,0.6303715848500296,0.17833336987390438,-0.022091342633432848,-0.15624199743814915,False,0.2848287742441471
2024-11-23,Aston Villa vs Crystal Palace,Aston Villa,Crystal Palace,draw,0.37711424,0.3354499,0.2874359,0.5551878739248973,0.2507767681175123,0.19403535795759033,-0.17807363757006944,0.0846731360859026,0.09340053128648926,False,-0.29090945276937563
2024-04-06,Luton vs Bournemouth,Luton,Bournemouth,home_win,0.31870922,0.36048663,0.32080418,0.25659423746359084,0.24484182964083098,0.49856393289557815,0.06211498699891832,0.11564479698423005,-0.17775975418082596,False,-0.2167831557481965
2025-01-04,Bournemouth vs Everton,Bournemouth,Everton,home_win,0.7413798,0.14704439,0.11157583,0.5652283768418876,0.24747045514580054,0.18730116801231178,0.17615142061676103,-0.10042606470581336,-0.07572534100978645,True,-0.27128319443587956
2025-02-15,Aston Villa vs Ipswich,Aston Villa,Ipswich,draw,0.49633005,0.28146073,0.22220926,0.6717549734094937,0.19445538703959028,0.13378963955091588,-0.1754249207952817,0.08700534518201311,0.08841962031675227,False,-0.3697902114282796
2025-01-04,Tottenham vs Newcastle,Tottenham,Newcastle,away_win,0.4269362,0.20685343,0.36621037,0.25156230968866233,0.21298942220306746,0.5354482681082702,0.1753738995131504,-0.006135987759593647,-0.16923789685239554,False,0.37989635895849083
2025-05-11,Liverpool vs Arsenal,Liverpool,Arsenal,draw,0.60233223,0.15053858,0.24712922,0.4277024149887463,0.2691161262850539,0.3031814587261999,0.1746298193938831,-0.11857754765556017,-0.05605224193600061,False,0.5809235561249115
2025-01-04,Crystal Palace vs Chelsea,Crystal Palace,Chelsea,draw,0.438538,0.25253704,0.30892497,0.26735305287142913,0.24925102324992618,0.48339592387864466,0.1711849620173343,0.003286018652615935,-0.17447095086762782,False,-0.0130974267287165
2025-02-02,Man United vs Crystal Palace,Man United,Crystal Palace,away_win,0.43616924,0.18815371,0.37567705,0.5345449461764296,0.26359103406496115,0.20186401975860946,-0.09837570927800732,-0.07543732012338705,0.1738130294013942,False,-0.6211355542463337
2025-01-04,Man City vs West Ham,Man City,West Ham,home_win,0.59709406,0.21874316,0.18416277,0.7698935183139664,0.1369681438607343,0.09313833782529933,-0.17279945932348784,0.08177501650627772,0.09102442791604894,False,0.2541775495325743
2025-01-04,Aston Villa vs Leicester,Aston Villa,Leicester,home_win,0.54528785,0.24038182,0.21433039,0.717932119023766,0.16960030520454863,0.11246757577168537,-0.17264427150484507,0.07078151678546449,0.10186281432402539,False,0.27506118204519425
2025-02-02,Arsenal vs Man City,Arsenal,Man City,home_win,0.3464531,0.22888175,0.42466518,0.5031908780207482,0.24455332748591074,0.252255794493341,-0.1567377775778619,-0.015671580955377906,0.17240938833556219,False,0.37322210889274254
2024-08-18,Brentford vs Crystal Palace,Brentford,Crystal Palace,home_win,0.24164028,0.21806225,0.54029745,0.3382161945168171,0.29387687633321,0.3679069291499728,-0.09657590985933878,-0.07581462452695087,0.1723905194851285,False,0.3362351736394871
2025-05-05,Crystal Palace vs Nott'm Forest,Crystal Palace,Nott'm Forest,draw,0.607494,0.20632252,0.1861835,0.4366112565100989,0.2800422053417544,0.2833465381481468,0.1708827401100793,-0.07371968437045617,-0.09716304083846206,False,0.3054997081710644
2024-04-27,Fulham vs Crystal Palace,Fulham,Crystal Palace,draw,0.3675787,0.1928378,0.4395835,0.4559265147500442,0.2751280692457163,0.2689454160042396,-0.08834782946638331,-0.08229026468982337,0.17063809415620657,False,0.3553872689427584
2025-05-25,Bournemouth vs Leicester,Bournemouth,Leicester,home_win,0.5460973,0.2589407,0.194962,0.716138298287013,0.17136166423296384,0.11250003748002317,-0.17004101969204233,0.08757903248334475,0.08246195740637514,False,0.2710761999716654
2024-09-21,Leicester vs Everton,Leicester,Everton,draw,0.6256426,0.2259959,0.14836147,0.4558106279206353,0.2747886928321544,0.26940067924721023,0.16983196975468817,-0.048792794585389265,-0.12103920497162124,False,0.19548554075550872
2025-03-09,Man United vs Arsenal,Man United,Arsenal,draw,0.30451563,0.3247564,0.370728,0.18861560503850516,0.27096889737926094,0.5404154975822338,0.115900024968285,0.05378751631893547,-0.16968751148489802,False,-0.18107131144966493
2024-12-29,Everton vs Nott'm Forest,Everton,Nott'm Forest,away_win,0.5259909,0.3018213,0.17218779,0.35661144608481404,0.31145610063900964,0.3319324532761763,0.16937945729271892,-0.009634809192323845,-0.15974466300155626,False,0.6563457937996067
2025-03-15,Ipswich vs Nott'm Forest,Ipswich,Nott'm Forest,away_win,0.4099245,0.16957438,0.42050114,0.24058698590461475,0.2696466499324194,0.48976636416296576,0.16933752123649853,-0.10007227001145991,-0.06926522142271613,False,0.15248128365383695
2024-05-11,Wolves vs Crystal Palace,Wolves,Crystal Palace,away_win,0.21267697,0.19039112,0.5969319,0.30030211480362534,0.27069486404833837,0.42900302114803623,-0.08762514265282273,-0.08030374075350805,0.16792885360400844,True,-0.3303390286713406
2024-12-22,Man United vs Bournemouth,Man United,Bournemouth,away_win,0.36021006,0.24529393,0.39449605,0.5157677571470675,0.25582080754494546,0.22841143530798702,-0.15555769607376424,-0.010526877372025234,0.1660846181492731,True,-0.5464605776893365
2025-03-08,Crystal Palace vs Ipswich,Crystal Palace,Ipswich,home_win,0.7835976,0.12331123,0.09309122,0.6185625220562286,0.22827902599694153,0.15315845194682978,0.1650350664828949,-0.10496779694678207,-0.06006723228320979,True,-0.23649734206230244
2024-04-14,West Ham vs Fulham,West Ham,Fulham,away_win,0.56014365,0.12324144,0.3166149,0.39533320196130706,0.2675932258401048,0.33707357219858813,0.16481044761678743,-0.14435178637839674,-0.02045867613955188,False,0.06261506021836794
2025-04-21,Tottenham vs Nott'm Forest,Tottenham,Nott'm Forest,away_win,0.5635649,0.19510892,0.2413262,0.40024176301025943,0.2752378886030437,0.3245203483866968,0.1633231335732977,-0.08012896826727406,-0.08319415040486239,False,0.2961986683036657
2024-12-26,Wolves vs Man United,Wolves,Man United,home_win,0.38295254,0.18638167,0.4306658,0.22066081776437013,0.25193557933727295,0.5274036028983571,0.16229172334852965,-0.06555391148487122,-0.0967378118636586,False,-0.5512842860585194
2024-05-11,Bournemouth vs Brentford,Bournemouth,Brentford,away_win,0.29359415,0.2699989,0.43640694,0.45531013879019044,0.2463344597044364,0.2983554015053732,-0.16171598705488466,0.02366444833847131,0.1380515387164133,True,-0.3802897591629453
2024-09-28,Brentford vs West Ham,Brentford,West Ham,draw,0.59133,0.24019349,0.1684765,0.4307513640082802,0.2690687791984495,0.30017985679327025,0.16057862780919419,-0.028875292984765433,-0.1317033497255899,False,0.11352229193613228
2025-04-20,Ipswich vs Arsenal,Ipswich,Arsenal,away_win,0.17481491,0.27651224,0.54867285,0.10537404584807661,0.18666847575040135,0.7079574784015221,0.06944086384850237,0.08984375965265956,-0.15928462350116201,False,0.2548816805027111
2025-05-11,Nott'm Forest vs Leicester,Nott'm Forest,Leicester,draw,0.5284601,0.26695913,0.20458081,0.6874992333666856,0.18998487761027688,0.12251588902303756,-0.15903914797468732,0.07697425315373069,0.08206492462327897,False,-0.3401510448536216
2024-11-25,Newcastle vs West Ham,Newcastle,West Ham,away_win,0.49488917,0.25307715,0.2520337,0.6525694923762314,0.1998494070402209,0.14758110058354773,-0.15768032244481966,0.05322774235095343,0.1044526098961886,False,-0.5351849950669461
2024-12-27,Brighton vs Brentford,Brighton,Brentford,draw,0.45635724,0.19073682,0.352906,0.5912652350551364,0.2128554846198491,0.19587928032501453,-0.1349079943782565,-0.022118669286482706,0.15702670836822277,False,0.10971888968553012
2024-09-21,Crystal Palace vs Man United,Crystal Palace,Man United,draw,0.27485123,0.42437312,0.30077565,0.3373680104432995,0.26857509211268255,0.3940568974440179,-0.0625167776761944,0.15579802795682124,-0.09328125028062678,True,-0.4574825214546825
2024-12-21,Ipswich vs Newcastle,Ipswich,Newcastle,away_win,0.36025262,0.16960296,0.47014445,0.20459791774626654,0.23751589956187874,0.5578861826918547,0.1556547010434063,-0.06791293921374947,-0.08774173202733448,False,0.1711149527667407
2024-05-11,Everton vs Sheffield United,Everton,Sheffield United,home_win,0.51857483,0.26898754,0.21243772,0.6733346013834302,0.19066702573827823,0.1359983728782917,-0.15475976751349607,0.07832051069208065,0.0764393462283825,False,0.26115803398735227
2025-01-14,Nott'm Forest vs Liverpool,Nott'm Forest,Liverpool,draw,0.24783415,0.3126973,0.43946853,0.17812690158765282,0.22774796702992753,0.5941251313824196,0.06970724443514381,0.08494932434427901,-0.15465659858174519,False,-0.3169959758303158
2025-04-02,Newcastle vs Brentford,Newcastle,Brentford,home_win,0.41985333,0.26047462,0.31967208,0.5735879889694618,0.22173424573587988,0.2046777652946584,-0.15373465931095354,0.03874037651372339,0.11499431259955242,False,0.31200589716432003
2025-02-01,Nott'm Forest vs Brighton,Nott'm Forest,Brighton,home_win,0.51825356,0.1939558,0.28779063,0.3646011680459943,0.2828616731448274,0.35253715880917824,0.15365239678860043,-0.08890587916804366,-0.06474653252171791,True,-0.3516605756127258
2024-09-14,Bournemouth vs Chelsea,Bournemouth,Chelsea,away_win,0.4623545,0.1759796,0.3616659,0.3087837511919825,0.2527151226860698,0.4385011261219477,0.15357075983058527,-0.07673552332941852,-0.07683522160000555,False,0.19264151238018978
2025-02-01,Newcastle vs Fulham,Newcastle,Fulham,away_win,0.5313233,0.117016725,0.35165995,0.5543070274810922,0.24715236019131173,0.19854061232759612,-0.022983713768018443,-0.13013563494917382,0.15311934126661164,False,-0.5716710475283104
2024-12-21,Crystal Palace vs Arsenal,Crystal Palace,Arsenal,away_win,0.24066743,0.2633462,0.4959864,0.1344138605560989,0.21713008243677517,0.6484560570071258,0.10625357199051669,0.04621611278417209,-0.1524696549723663,False,0.26804570521977183
2024-05-12,Man United vs Arsenal,Man United,Arsenal,away_win,0.19439626,0.21947937,0.5861244,0.10587835794366242,0.15623093207973643,0.7378907099766012,0.08851789945685028,0.06324843505721883,-0.1517662898105856,False,0.23026364408009437
2025-04-07,Leicester vs Newcastle,Leicester,Newcastle,away_win,0.2546693,0.23708473,0.508246,0.13328925764226818,0.20669910796360377,0.660011634394128,0.12138005102014637,0.03038562349601384,-0.1517656298126766,False,0.2612918847378109
2024-09-21,Southampton vs Ipswich,Southampton,Ipswich,draw,0.4606048,0.36478475,0.17461048,0.3942563209995493,0.27964692536014546,0.32609675364030516,0.06634846587331444,0.08513782200199138,-0.15148627297414458,False,-0.2657795668615486
2024-09-01,Man United vs Liverpool,Man United,Liverpool,away_win,0.16804121,0.3889041,0.4430547,0.26977234747828943,0.237720187381859,0.4925074651398515,-0.10173113313140375,0.15118390731418593,-0.049452759281620906,False,0.105816338480483
2025-01-19,Nott'm Forest vs Southampton,Nott'm Forest,Southampton,home_win,0.5353063,0.25316176,0.211532,0.6853601066880411,0.19661970273837248,0.11802019057358641,-0.1500538317971415,0.0565420554460605,0.09351180615340333,False,0.24710532021023984
2024-05-11,Nott'm Forest vs Chelsea,Nott'm Forest,Chelsea,away_win,0.3837626,0.19192539,0.42431203,0.2345341805391833,0.2415878401042715,0.5238779793565452,0.14922841749853644,-0.04966244854943905,-0.09956595404793622,False,0.21078972922701944
2024-04-24,Everton vs Liverpool,Everton,Liverpool,home_win,0.27611056,0.17588907,0.54800034,0.1283557152481473,0.18554143274197168,0.686102852009881,0.14775484445377227,-0.009652357939573003,-0.1381025163165216,False,-0.7659959179517211
2024-08-31,Nott'm Forest vs Wolves,Nott'm Forest,Wolves,draw,0.5678437,0.32311523,0.10904113,0.4784209086419402,0.26505313498168437,0.2565259563763755,0.08942276697146312,0.05806209462494405,-0.14748482434350424,False,-0.19807864586691992
2025-05-04,Brighton vs Newcastle,Brighton,Newcastle,draw,0.16013053,0.2838588,0.55601066,0.30743358518157443,0.2585425298562028,0.4340238849622228,-0.147303054585795,0.02531627603864889,0.12198677854714612,False,-0.0934167755862716
2025-04-05,Everton vs Arsenal,Everton,Arsenal,draw,0.37236196,0.3114149,0.31622314,0.2339700277045843,0.3026110768418913,0.46341889545352444,0.13839193032230168,0.0088038205999727,-0.14719575092227444,False,-0.028677677526396828
2025-04-22,Man City vs Aston Villa,Man City,Aston Villa,home_win,0.59629333,0.30020308,0.10350367,0.5038695337814315,0.24550785957207505,0.25062260664649333,0.0924237964111344,0.05469522537360366,-0.1471189398283514,True,-0.1684153558599315
2025-01-18,Brentford vs Liverpool,Brentford,Liverpool,away_win,0.30587712,0.15604205,0.5380809,0.15882159883921787,0.1930145788710012,0.648163822289781,0.14705552046353176,-0.03697252457546135,-0.11008295118458689,False,0.18613458459896487
2024-04-20,Wolves vs Arsenal,Wolves,Arsenal,away_win,0.2265241,0.16219297,0.61128294,0.08512764704010918,0.15743738323293513,0.7574349697269556,0.1413964526674943,0.004755587281362356,-0.1461520250476953,False,0.2143777441817047
2024-10-26,Brentford vs Ipswich,Brentford,Ipswich,home_win,0.43341744,0.24722032,0.31936225,0.579221706533381,0.23113173866476258,0.1896465548018565,-0.14580426707262661,0.016088583824975883,0.12971569814881184,False,0.2899840056126467
2024-11-03,Man United vs Chelsea,Man United,Chelsea,draw,0.27150887,0.21134233,0.5171488,0.3618936294564582,0.2663939216832262,0.37171244886031557,-0.09038475694745551,-0.05505158693591172,0.1454363438833673,False,0.23149683245186115
2024-10-21,Nott'm Forest vs Crystal Palace,Nott'm Forest,Crystal Palace,home_win,0.5527659,0.27594522,0.17128885,0.4074022486864607,0.29492923524541326,0.2976685160681261,0.1453636571706255,-0.018984018828100635,-0.1263796681448473,True,-0.3051335516178705
2024-09-28,Nott'm Forest vs Fulham,Nott'm Forest,Fulham,away_win,0.36207402,0.17719315,0.4607328,0.37885307911064126,0.303560511337864,0.3175864095514947,-0.016779061585922017,-0.12636736141358573,0.14314637829602422,True,-0.3720683079561762
2024-08-24,Crystal Palace vs West Ham,Crystal Palace,West Ham,away_win,0.62740904,0.18860859,0.18398239,0.4863653343294733,0.2547627941725813,0.25887187149794544,0.14104370659841364,-0.06615420738440381,-0.0748894843128487,False,0.34149315685668435
2025-01-18,Leicester vs Fulham,Leicester,Fulham,away_win,0.35338226,0.15436098,0.4922568,0.21262080727686183,0.25582717453098347,0.5315520181921546,0.14076145233045323,-0.10146619473552754,-0.03929522779260319,False,0.07680056245945388
2024-10-19,Fulham vs Aston Villa,Fulham,Aston Villa,away_win,0.5281506,0.26873028,0.20311911,0.38773790951638065,0.27953198127925116,0.33273010920436813,0.1404127085599438,-0.010801698495742862,-0.1296109951630397,False,0.49353906888228694
2025-02-15,Southampton vs Bournemouth,Southampton,Bournemouth,away_win,0.1757584,0.3274991,0.49674252,0.15975762239107436,0.20332788304318553,0.6369144945657402,0.016000784128815476,0.1241712085820281,-0.1401719778096825,False,0.24856362354453526
2024-05-19,Crystal Palace vs Aston Villa,Crystal Palace,Aston Villa,home_win,0.71938324,0.1396965,0.14092031,0.5799080457232431,0.21439807481082032,0.20569387946593662,0.1394751940228507,-0.07470158106597016,-0.06477356825339695,True,-0.2155246785462085
2025-01-04,Brighton vs Arsenal,Brighton,Arsenal,draw,0.17167702,0.15936676,0.6689562,0.20246526598512488,0.2673218275123933,0.5302129065024818,-0.030788242812746336,-0.10795507083476574,0.13874331364751213,False,0.5172451363663673
2025-03-15,Everton vs West Ham,Everton,West Ham,draw,0.58805114,0.17799897,0.2339499,0.449477453774757,0.2987210407074472,0.25180150551779584,0.13857368653362312,-0.12072206578812805,-0.01785160584433393,False,0.5177324247107999
2024-04-20,Sheffield United vs Burnley,Sheffield United,Burnley,away_win,0.30419204,0.19477732,0.5010306,0.3641360357265544,0.27310202679491585,0.3627619374785297,-0.05994399933624983,-0.07832470199919289,0.13826868643428158,True,-0.32292039907322745
2025-04-20,Leicester vs Liverpool,Leicester,Liverpool,away_win,0.1621115,0.1944875,0.643401,0.08054188132035871,0.13780576225911087,0.7816523564205304,0.08156962454569201,0.056681734951391755,-0.1382513296947614,False,0.1946418860470347
2024-10-19,Southampton vs Leicester,Southampton,Leicester,away_win,0.5753277,0.20549423,0.2191781,0.4378054595303373,0.27208248897365594,0.29011205149600666,0.13752223488570886,-0.06658826394847894,-0.07093395603606861,False,0.28038261843667245
2024-12-04,Everton vs Wolves,Everton,Wolves,home_win,0.592736,0.16727166,0.23999234,0.455783970984652,0.28707587426197484,0.25714015475337315,0.13695203479842905,-0.11980421548378423,-0.01714781931464482,True,-0.262730188376629
2024-10-26,Aston Villa vs Bournemouth,Aston Villa,Bournemouth,draw,0.3954772,0.25215885,0.35236397,0.5320447131159101,0.24503840476839622,0.22291688211569377,-0.13656750760100222,0.007120445663046038,0.12944709174027852,False,-0.028644289272859336
2025-01-20,Chelsea vs Wolves,Chelsea,Wolves,home_win,0.5820822,0.1375805,0.28033727,0.6700197902081492,0.18568377906931263,0.14429643072253814,-0.08793757823686621,-0.04810328001631123,0.1360408433520163,False,0.14069556676308365
2024-04-25,Brighton vs Man City,Brighton,Man City,away_win,0.14194441,0.28526267,0.5727929,0.12063949608989245,0.17060346438198948,0.7087570395281181,0.021304912326855593,0.11465920971125698,-0.13596415184043498,False,0.21298857693644974
2024-05-04,Sheffield United vs Nott'm Forest,Sheffield United,Nott'm Forest,away_win,0.33332774,0.15359917,0.5130731,0.1990049751243781,0.2288557213930348,0.572139303482587,0.13432276530645382,-0.07525654856245315,-0.05906621674400059,False,0.10896422067419986
2024-04-13,Nott'm Forest vs Wolves,Nott'm Forest,Wolves,draw,0.59696984,0.21628858,0.18674162,0.4649607444024425,0.27420761849374814,0.26083163710380924,0.1320090985083241,-0.05791903700323148,-0.07409001680160893,False,0.23727203016627896
2024-12-26,Southampton vs West Ham,Southampton,West Ham,away_win,0.44192746,0.16629626,0.39177623,0.31056111205289033,0.27174097304627903,0.4176979149008307,0.13136635076334807,-0.1054447144775153,-0.02592168098931641,False,0.06406760990631666
2024-10-06,Aston Villa vs Man United,Aston Villa,Man United,draw,0.5677213,0.24525605,0.18702267,0.4368906182958765,0.24900501560904884,0.31410436609507464,0.13083068898180295,-0.003748964187883369,-0.12708169499159716,False,0.015170250140836394
2025-02-15,Leicester vs Arsenal,Leicester,Arsenal,away_win,0.16629077,0.23688118,0.59682804,0.0950712381946423,0.17748974228574624,0.7274390195196114,0.07121953674680209,0.05939143931196342,-0.13061097605876548,False,0.19790111004199962
2025-04-26,Brighton vs West Ham,Brighton,West Ham,home_win,0.44722465,0.202815,0.34996033,0.5382850301790791,0.24195640245423256,0.21975856736668825,-0.09106038337236222,-0.03914140621170936,0.13020175978174925,False,0.18532717208411698
2024-12-22,Everton vs Chelsea,Everton,Chelsea,draw,0.123312004,0.1783652,0.69832283,0.19779616844222944,0.2323624891408715,0.5698413424168991,-0.07448416453168791,-0.05399728838289114,0.128481490167482,False,0.26446545996329673
2024-12-30,Ipswich vs Chelsea,Ipswich,Chelsea,home_win,0.21486269,0.22569503,0.5594423,0.12823905946386877,0.18443648513625913,0.6873244553998722,0.08662362991200862,0.04125854376484103,-0.12788217367684973,False,-0.5161030194988467
2025-04-02,Man City vs Leicester,Man City,Leicester,home_win,0.67302305,0.1669373,0.16003968,0.8008544828465758,0.12645070781788037,0.07269480933554393,-0.127831437783557,0.04048659870544269,0.0873448688804366,False,0.17389969118874643
2024-12-01,Man United vs Everton,Man United,Everton,home_win,0.46570742,0.26402664,0.27026594,0.5933974091099038,0.23735896364396156,0.16924362724613456,-0.12768998780710838,0.026667678201741568,0.1010223096053669,False,0.24230676986314148
2025-05-10,Fulham vs Everton,Fulham,Everton,away_win,0.41704014,0.2801929,0.30276695,0.5440166392570378,0.26018187094901807,0.19580148979394407,-0.126976499820316,0.02001104067589038,0.10696545914442568,False,-0.4358620271285969
2024-12-08,Ipswich vs Bournemouth,Ipswich,Bournemouth,away_win,0.21474573,0.16102436,0.6242299,0.251960801022582,0.25064507882403064,0.4973941201533873,-0.037215070860915134,-0.08962071697519947,0.12683578783611466,True,-0.22713604187988268
2025-02-21,Leicester vs Brentford,Leicester,Brentford,away_win,0.24630238,0.14132833,0.6123693,0.2630464565948437,0.25071615394196045,0.486237389463196,-0.016744075436968653,-0.10938781913361084,0.12613190947174052,True,-0.2306385732064492
2024-09-28,Chelsea vs Brighton,Chelsea,Brighton,home_win,0.50362414,0.14453109,0.35184476,0.5437921430665493,0.2302660510114336,0.22594180592201699,-0.04016800185027125,-0.08573496492420674,0.12590295187331688,False,0.07673687137874452
2025-01-18,West Ham vs Crystal Palace,West Ham,Crystal Palace,away_win,0.46943468,0.23137242,0.29919297,0.3441403688360711,0.2934693942835207,0.36239023688040817,0.12529430971846384,-0.062096978264081004,-0.063197271849738,False,0.1916329434315842
2025-02-22,Ipswich vs Tottenham,Ipswich,Tottenham,away_win,0.40902528,0.21023403,0.38074067,0.2839034742624501,0.2525246692123898,0.4635718565251601,0.12512180740525924,-0.04229063813119016,-0.08283118417523028,False,0.19684291406580567
2024-09-21,West Ham vs Chelsea,West Ham,Chelsea,away_win,0.29534522,0.34677047,0.35788432,0.2726420126698347,0.24614483496790704,0.4812131523622582,0.022703204319682535,0.10062563040608588,-0.12332883472576833,False,0.2961004892864283
2024-09-14,Aston Villa vs Everton,Aston Villa,Everton,home_win,0.69540465,0.15508565,0.1495097,0.5724076743928136,0.24407230786292558,0.18352001774426083,0.12299697438800916,-0.08898665479629045,-0.03401031959171871,True,-0.19464245214389952
2024-10-20,Wolves vs Man City,Wolves,Man City,away_win,0.1318903,0.28137714,0.58673257,0.1154368280618534,0.1748404512615663,0.7097227206765803,0.016453468874181754,0.1065366854457396,-0.12299015431992133,False,0.19030521819276175
2025-05-19,Brighton vs Liverpool,Brighton,Liverpool,home_win,0.30877945,0.24580577,0.44541484,0.43137496499579947,0.24618314197703725,0.32244189302716325,-0.12259551672500174,-0.0003773718182695507,0.1229729481479161,False,0.3343504043836487
2024-11-23,Bournemouth vs Brighton,Bournemouth,Brighton,away_win,0.51393324,0.2246982,0.26136854,0.3910514264496565,0.27022092951296495,0.3387276440373786,0.12288181491768357,-0.04552272869108842,-0.0773591011277564,False,0.2592649118718027
2025-03-08,Nott'm Forest vs Man City,Nott'm Forest,Man City,home_win,0.21189877,0.17220394,0.6158973,0.25307764746168987,0.2537453985104015,0.4931769540279086,-0.04117887355307476,-0.08154145537704732,0.12272034383128327,False,0.17758765985512515
2025-03-09,Chelsea vs Leicester,Chelsea,Leicester,home_win,0.6675124,0.13130976,0.20117787,0.7828531349581103,0.13834904540207985,0.0787978196398098,-0.11534071811851065,-0.0070392828049958,0.12238004562699013,False,0.15938710795102987
2025-02-12,Everton vs Liverpool,Everton,Liverpool,draw,0.2507249,0.19148055,0.5577946,0.1285960133880781,0.21168882203883627,0.6597151645730855,0.1221288983016802,-0.020208274849123742,-0.10192059365023398,False,0.1003310995381268
2024-11-10,Nott'm Forest vs Newcastle,Nott'm Forest,Newcastle,away_win,0.4695372,0.2519986,0.2784642,0.348423375329205,0.29140864118442594,0.36016798348636914,0.12111382321434361,-0.03941003784046232,-0.08170378537388134,False,0.25728101226311173
2025-05-18,Everton vs Southampton,Everton,Southampton,home_win,0.55056316,0.2067821,0.24265474,0.6711070056881715,0.20161407943993384,0.12727891487189458,-0.12054384908340465,0.005168023144905026,0.11537582593849971,False,0.19798693637654108
2024-12-08,Tottenham vs Chelsea,Tottenham,Chelsea,away_win,0.43257865,0.25927022,0.30815116,0.33076592018758444,0.24101034385527506,0.4282237359571405,0.10181273290956827,0.01825987713967428,-0.12007258024692019,False,0.3290553205926886
2024-10-27,Crystal Palace vs Tottenham,Crystal Palace,Tottenham,home_win,0.20159861,0.1793456,0.6190558,0.25825185125265004,0.2426396486580314,0.4991085000893185,-0.056653236798380635,-0.06329405580162423,0.11994730750116611,False,0.24765666675513542
2024-11-30,Crystal Palace vs Newcastle,Crystal Palace,Newcastle,draw,0.41485557,0.20892154,0.37622294,0.2954383518032837,0.27591225383927354,0.4286493943574428,0.11941721779777525,-0.06699071703602799,-0.05242645605826374,False,0.2781241097992091
2024-12-07,Aston Villa vs Southampton,Aston Villa,Southampton,home_win,0.6069451,0.1860953,0.20695962,0.7261813280255981,0.16905808694775828,0.10476058502664366,-0.11923623057915644,0.017037210388820084,0.10219903509149751,False,0.17936139854857597
2024-04-13,Brentford vs Sheffield United,Brentford,Sheffield United,home_win,0.5364607,0.18805617,0.2754831,0.6451081573694603,0.1985973459670446,0.15629449666349524,-0.10864745971855083,-0.010541175026645422,0.11918860494287378,False,0.18442467439803384
2024-09-22,Man City vs Arsenal,Man City,Arsenal,draw,0.6570141,0.20649688,0.13648906,0.5391892382323409,0.2680885039255773,0.19272225784208166,0.11782483370903485,-0.061591624467149886,-0.05623319434072363,False,0.2610318304941708
2025-01-18,Arsenal vs Aston Villa,Arsenal,Aston Villa,draw,0.49280086,0.26794127,0.23925786,0.6103877145860095,0.2314755342753708,0.15813675113861964,-0.11758685298894833,0.036465732022923275,0.08112110606486395,False,-0.14629358002061088
2024-10-05,Everton vs Newcastle,Everton,Newcastle,draw,0.37832817,0.22582844,0.39584342,0.26076851564920983,0.2558878215060427,0.4833436628447475,0.11755965870343604,-0.030059382508774046,-0.08750024639233966,False,0.12496352271637368
2024-04-06,Fulham vs Newcastle,Fulham,Newcastle,away_win,0.4630967,0.1457401,0.3911632,0.3930254476908577,0.26201696512723843,0.3449575871819039,0.07007126036845324,-0.11627685842538754,0.0462056129580955,False,-0.1257034031244515
2025-05-18,Brentford vs Fulham,Brentford,Fulham,away_win,0.56992716,0.27174848,0.1583243,0.4701773240193445,0.2557764642665234,0.27404621171413224,0.09974983195218262,0.01597201891447636,-0.11572191047130387,False,0.5486513151912331
2024-05-05,Brighton vs Aston Villa,Brighton,Aston Villa,home_win,0.50761586,0.20567147,0.28671265,0.39208735921330967,0.2521296666857241,0.3557829741009662,0.11552850506357631,-0.0464581923481463,-0.06907032761659121,True,-0.25824029682288774
2025-04-12,Southampton vs Aston Villa,Southampton,Aston Villa,away_win,0.21553871,0.26832974,0.5161316,0.15738570420772363,0.21100061443233276,0.6316136813599436,0.058153006148035036,0.05732912513828492,-0.11548210148399751,False,0.2019161878121884
2024-05-05,Chelsea vs West Ham,Chelsea,West Ham,home_win,0.75540113,0.1609827,0.083616175,0.6411379528854598,0.19043701570855245,0.16842503140598772,0.11426318160550697,-0.029454317506419275,-0.0848088566485071,True,-0.1640042576552126
2025-01-19,Ipswich vs Man City,Ipswich,Man City,away_win,0.15080911,0.27228487,0.576906,0.12444431461029422,0.18439733374116532,0.6911583516485406,0.0263647946006738,0.08788753163816818,-0.11425232623884207,False,0.18068957018791626
2025-01-26,Crystal Palace vs Brentford,Crystal Palace,Brentford,away_win,0.6003722,0.15631975,0.24330807,0.48629413944253747,0.2547870890164359,0.2589187715410267,0.11407805580129798,-0.09846733668088747,-0.015610704219249372,False,0.06218598620169513
2024-04-24,Wolves vs Bournemouth,Wolves,Bournemouth,away_win,0.30878899,0.18993989,0.5012712,0.34671076326092765,0.26603568261295557,0.3872535541261168,-0.037921778246965854,-0.07609579628139734,0.11401763413300797,True,-0.25806759727054174
2025-01-15,Leicester vs Crystal Palace,Leicester,Crystal Palace,away_win,0.19066934,0.20459378,0.6047369,0.24366309799482866,0.2652620429694395,0.49107485903573167,-0.05299375511934801,-0.06066826531288433,0.11366206513571608,True,-0.2081969456153715
2025-04-26,Newcastle vs Ipswich,Newcastle,Ipswich,home_win,0.7063026,0.15089332,0.1428041,0.8198374869431205,0.11871409154993204,0.06144842150694753,-0.11353490372549968,0.03217922412294241,0.08135567960255717,False,0.14906238828788962
2024-05-19,Luton vs Fulham,Luton,Fulham,away_win,0.23183842,0.3578172,0.4103444,0.3149443625495812,0.24442246966316095,0.440633167787258,-0.0831059425161263,0.11339473314331183,-0.030288775726024453,False,0.07121594563903388
2024-08-31,Ipswich vs Fulham,Ipswich,Fulham,draw,0.38791144,0.32476458,0.28732398,0.3173532183199358,0.2819883435511452,0.40065843812891894,0.07055822062201977,0.042776235983385424,-0.11333445660540514,False,-0.141234773925891
2024-12-04,Arsenal vs Man United,Arsenal,Man United,home_win,0.60022575,0.14670005,0.2530742,0.6618321858418017,0.1982761713782257,0.13989164277997262,-0.06160643921017939,-0.05157611697110595,0.11318255618128531,False,0.09770621820166331
2025-05-03,Arsenal vs Bournemouth,Arsenal,Bournemouth,away_win,0.4567734,0.26006207,0.2831646,0.5692775561068746,0.2367292807573142,0.19399316313581125,-0.11250415580017292,0.023332787943476208,0.08917142746134146,False,-0.3782053866668118
2025-03-09,Tottenham vs Bournemouth,Tottenham,Bournemouth,draw,0.45570716,0.20805468,0.33623815,0.34324942791762014,0.25629290617848965,0.40045766590389015,0.11245773470101694,-0.048238229526535004,-0.06421952007564308,False,0.20852007149369367
2024-08-31,Leicester vs Aston Villa,Leicester,Aston Villa,away_win,0.35264888,0.16450085,0.48285022,0.2404961555978246,0.25584697404023893,0.5036568703619363,0.11215272846017404,-0.09134612658139951,-0.02080664658225795,False,0.04218868627451278
2024-04-21,Crystal Palace vs West Ham,Crystal Palace,West Ham,home_win,0.5421704,0.24406062,0.21376902,0.4304228549806073,0.2742408476019298,0.29533629741746287,0.11174755040727113,-0.03018022693637956,-0.08156727876740794,True,-0.23081224163534309
2025-01-15,Newcastle vs Wolves,Newcastle,Wolves,home_win,0.8087648,0.121423334,0.06981188,0.6971973369486598,0.18158942046001217,0.1212132425913279,0.11156747838184555,-0.060166086576726646,-0.05140136200279641,True,-0.14843966662733016
2024-08-17,Ipswich vs Liverpool,Ipswich,Liverpool,away_win,0.23358272,0.09133728,0.67508006,0.12218679070984706,0.1655094738186741,0.7123037354714787,0.11139592945063725,-0.07417219533337593,-0.037223674512616434,False,0.05367311717878409
2024-08-19,Leicester vs Tottenham,Leicester,Tottenham,draw,0.32173005,0.15141305,0.5268569,0.2103981779627739,0.22730961543495903,0.5622922066022671,0.11133186950159682,-0.07589656216080437,-0.03543530734079248,False,0.4063014652906576
2025-02-02,Brentford vs Tottenham,Brentford,Tottenham,away_win,0.59033513,0.14196162,0.26770324,0.4797913586789769,0.23290842654319266,0.28730021477783046,0.11054377201255144,-0.09094680728526572,-0.01959697962844692,False,0.07064865432565237
2024-08-17,Everton vs Brighton,Everton,Brighton,away_win,0.3973302,0.17227058,0.43039927,0.3139013452914798,0.2825112107623318,0.40358744394618834,0.0834288494202054,-0.11024062963611875,0.026811824919396987,True,-0.06432014470514058
2024-12-26,Chelsea vs Fulham,Chelsea,Fulham,away_win,0.62306017,0.11493235,0.26200745,0.6539229961735126,0.19405032000270903,0.1520266838237784,-0.03086282933772766,-0.07911796918836653,0.1099807612731912,False,-0.5443168120215525
2024-10-26,Everton vs Fulham,Everton,Fulham,draw,0.23926063,0.329667,0.43107232,0.34891863249205163,0.28491580641362796,0.36616556109432036,-0.10965800367258599,0.044751195549033784,0.06490676342006868,False,-0.14588936969109945
2024-12-22,Leicester vs Wolves,Leicester,Wolves,away_win,0.30863178,0.3888999,0.3024683,0.3280804089440838,0.27929877379496343,0.39262081726095277,-0.019448631180717102,0.10960111877362483,-0.09015251739523011,False,0.2608678722934171
2025-03-08,Brighton vs Fulham,Brighton,Fulham,home_win,0.5879934,0.20685568,0.20515093,0.47886411015538777,0.27113151025699417,0.25000437958761795,0.109129273252205,-0.06427582573818008,-0.04485344751402481,True,-0.2052988210902117
2025-05-04,Chelsea vs Liverpool,Chelsea,Liverpool,home_win,0.37895516,0.17737216,0.44367272,0.40731513506666006,0.25800284835758786,0.3346820165757522,-0.028359979455621853,-0.0806306907838879,0.10899070004183203,False,0.07216928538716239
2024-10-27,Arsenal vs Liverpool,Arsenal,Liverpool,draw,0.35267627,0.39312625,0.2541975,0.42564748365170163,0.2846045304890076,0.2897479858592909,-0.07297121125942868,0.10852171882434691,-0.035550477762595956,True,-0.3230302282662021
2025-03-08,Wolves vs Everton,Wolves,Everton,draw,0.40045878,0.21436705,0.38517419,0.3386363636363636,0.3227272727272727,0.3386363636363636,0.061822419274937035,-0.10836022577502508,0.04653782140124929,False,0.409117857651234
2024-09-15,Wolves vs Newcastle,Wolves,Newcastle,away_win,0.20833066,0.3686304,0.42303893,0.2679023286106277,0.26064210290302264,0.47145556848634973,-0.05957166755220178,0.10798830633770001,-0.04841663878549829,False,0.10836064804920797
2024-12-30,Man United vs Newcastle,Man United,Newcastle,away_win,0.32199627,0.19059432,0.48740944,0.3492223016103578,0.2710677355275865,0.37970996286205566,-0.027226030000097767,-0.08047341999871688,0.10769947980113709,True,-0.24969681504930008
2025-02-22,Bournemouth vs Wolves,Bournemouth,Wolves,away_win,0.69345766,0.1781566,0.12838577,0.585987603261395,0.22990901180590617,0.18410338493269882,0.10747005979783963,-0.0517524124034785,-0.05571761759203872,False,0.36045797381946265
2025-02-01,Wolves vs Aston Villa,Wolves,Aston Villa,home_win,0.28305733,0.19235328,0.5245894,0.30280465664354717,0.2798515339825203,0.4173438093739325,-0.01974732460466777,-0.08749825558400648,0.1072456099909967,False,0.06743844363752882
2025-04-01,Nott'm Forest vs Man United,Nott'm Forest,Man United,home_win,0.42358702,0.37379706,0.2026159,0.407330708691839,0.2835694609182124,0.3090998303899486,0.01625631552004453,0.09022759814093068,-0.1064839285621364,True,-0.03913359932575855
2025-04-02,Bournemouth vs Ipswich,Bournemouth,Ipswich,away_win,0.5989844,0.17094009,0.23007546,0.68950775831719,0.1868256889007591,0.12366655278205085,-0.09052333801766,-0.015885602655222292,0.10640891087055993,False,-0.6208184721467074
2025-02-26,Tottenham vs Man City,Tottenham,Man City,away_win,0.35381356,0.21233875,0.43384773,0.24775183565712405,0.22407392129362266,0.5281742430492533,0.10606172315978574,-0.011735175699598005,-0.09432651765786537,False,0.19673262540896663
2024-09-21,Fulham vs Newcastle,Fulham,Newcastle,home_win,0.43858626,0.2128995,0.34851423,0.3330054716754634,0.2741839923481736,0.39281053597636295,0.1055807931732457,-0.061284486256102055,-0.04429630691714359,True,-0.2753975752348399
2024-09-14,Fulham vs West Ham,Fulham,West Ham,draw,0.38576117,0.20431907,0.40991977,0.4120316243966246,0.28319577724015793,0.3047725983632175,-0.026270452817263645,-0.07887670249021134,0.10514717020863612,False,0.32645559101767585
2025-03-10,West Ham vs Newcastle,West Ham,Newcastle,away_win,0.39219353,0.24503352,0.36277297,0.28714074683520635,0.2756222068475476,0.4372370463172461,0.10505277919438044,-0.03058868936765108,-0.07446407492556822,False,0.18669821358680894
2024-08-25,Wolves vs Chelsea,Wolves,Chelsea,away_win,0.21172184,0.35188508,0.43639308,0.2477302204928664,0.2477302204928664,0.5045395590142672,-0.03600838297226702,0.10415485984465803,-0.06814647687239095,False,0.14510286075259604
2025-01-05,Liverpool vs Man United,Liverpool,Man United,draw,0.80451244,0.12515984,0.070327684,0.7027039446475812,0.17632423703334144,0.12097181831907726,0.10180849651071344,-0.05116439227721503,-0.05064413403582073,False,0.3427329008650124
2025-04-26,Chelsea vs Everton,Chelsea,Everton,home_win,0.5666354,0.20068459,0.23268004,0.6677275839119432,0.20073647616559462,0.13153593992246213,-0.1010922136574266,-5.188403779463058e-05,0.10114409769522129,False,0.16416424131585833
2024-08-17,Nott'm Forest vs Bournemouth,Nott'm Forest,Bournemouth,draw,0.3260347,0.27689996,0.39706534,0.4254116782228824,0.2782489174422923,0.29633940433482525,-0.09937698331283296,-0.0013489538249674693,0.10072593713780048,False,0.004859803383184591
2024-05-19,Liverpool vs Wolves,Liverpool,Wolves,home_win,0.74795216,0.1349167,0.11713116,0.8483113564533173,0.09585918327922487,0.055829460267457685,-0.10035919323386544,0.03905750969295836,0.06130169844206838,False,0.12590872554433424
2024-04-27,Aston Villa vs Chelsea,Aston Villa,Chelsea,draw,0.52768254,0.1416994,0.33061805,0.46606212067118885,0.24122813280971078,0.2927097465191003,0.06162042212971447,-0.09952872928531198,0.037908307155597565,False,0.5320351381987791
2025-01-26,Aston Villa vs West Ham,Aston Villa,West Ham,draw,0.5520795,0.25269452,0.195226,0.6514938921132846,0.20162021503295333,0.14688589285376202,-0.09941439334543178,0.05107430234108537,0.04834010590550769,False,-0.22579548210181644
2024-04-28,Bournemouth vs Brighton,Bournemouth,Brighton,home_win,0.5883636,0.20676309,0.20487335,0.48943384134050505,0.2356978695398992,0.27486828911959593,0.09892974651578768,-0.028934780836743695,-0.06999493587672179,True,-0.18409581117709883
2024-12-26,Newcastle vs Aston Villa,Newcastle,Aston Villa,home_win,0.5443496,0.1542504,0.3014,0.49446210680271646,0.2531019755137915,0.25243591768349205,0.04988750400279501,-0.0988515772355551,0.04896408813392128,True,-0.09612116497301604
2024-11-10,Man United vs Leicester,Man United,Leicester,home_win,0.6536197,0.13940974,0.20697057,0.7220602596610628,0.16967140377194587,0.10826833656699139,-0.06844055303035601,-0.030261667973110112,0.09870223590462726,False,0.0995828977726364
2024-10-06,Brighton vs Tottenham,Brighton,Tottenham,home_win,0.2698476,0.20901136,0.52114105,0.33239192074249874,0.2444306999862141,0.42317737927128696,-0.06254431909035335,-0.035419338983292054,0.09796367297480679,False,0.20845737750262572
2025-01-14,West Ham vs Fulham,West Ham,Fulham,home_win,0.41017824,0.24554601,0.34427577,0.3126076472614537,0.29081984154323115,0.39657251119531517,0.09757059685246844,-0.0452738284263946,-0.05229673862375145,True,-0.27164292952472313
2024-04-23,Arsenal vs Chelsea,Arsenal,Chelsea,home_win,0.619659,0.15798742,0.22235362,0.6904852944484143,0.18421776569736964,0.12529693985421614,-0.07082628785280276,-0.02623034990681178,0.09705668246309801,False,0.10822532535791685
2025-04-03,Chelsea vs Tottenham,Chelsea,Tottenham,home_win,0.4777065,0.21605225,0.3062413,0.5707328226820625,0.21991539956556536,0.20935177775237226,-0.09302633073488842,-0.003863150491583117,0.096889525929955,False,0.17792465273872382
2025-04-06,Fulham vs Liverpool,Fulham,Liverpool,home_win,0.18762396,0.2164945,0.5958815,0.228695181375203,0.27222523010286953,0.49907958852192746,-0.041071218615231386,-0.05573072946581509,0.09680193317988528,False,0.19795027724774328
2024-08-16,Man United vs Fulham,Man United,Fulham,home_win,0.6102416,0.13363461,0.25612378,0.5794026799160191,0.22900201158585512,0.19159530849812584,0.03083891201437028,-0.09536739962162935,0.0645284727060978,True,-0.051857209650989056
2024-09-01,Newcastle vs Tottenham,Newcastle,Tottenham,home_win,0.3373908,0.34155652,0.32105264,0.389983822825765,0.2466221604502267,0.3633940167240083,-0.05259301257452903,0.09493435881971654,-0.04234137604750987,False,0.14486337942512273
2025-05-11,Man United vs West Ham,Man United,West Ham,away_win,0.4078072,0.23543417,0.35675865,0.47690259359855147,0.26119188368749,0.2619055227139585,-0.069095392451472,-0.02575770914983133,0.09485313140362572,False,-0.309075644568497
2024-05-19,Burnley vs Nott'm Forest,Burnley,Nott'm Forest,away_win,0.38394585,0.2952691,0.32078508,0.3316560927586961,0.2537737912929337,0.4145701159483702,0.052289759759385546,0.041495310565205334,-0.09378504052226849,False,0.25647071064474336
2025-05-10,Southampton vs Man City,Southampton,Man City,draw,0.14825268,0.14199834,0.709749,0.06907007903487407,0.1276274891645737,0.8033024318005522,0.07918260186283864,0.014370846554534883,-0.09355344841737345,False,-0.10669955849683754
2025-05-18,West Ham vs Nott'm Forest,West Ham,Nott'm Forest,away_win,0.41302896,0.27754766,0.3094234,0.31951239543369353,0.28275433224220664,0.39773327232409983,0.0935165600259012,-0.005206674752430029,-0.08830988527347117,False,0.2510711323563899
2025-04-19,Aston Villa vs Newcastle,Aston Villa,Newcastle,home_win,0.43432218,0.17315368,0.39252415,0.3773879020755555,0.2662681309088642,0.35634396701558035,0.056934276288244545,-0.09311444736565894,0.03618018597857553,True,-0.1405130035566876
2025-04-19,Brentford vs Brighton,Brentford,Brighton,home_win,0.30018377,0.23717019,0.46264607,0.3627479363092211,0.26750127146825237,0.3697507922225265,-0.0625641632684496,-0.030331081849188035,0.09289527491996008,False,0.1893133620962204
2025-02-26,Man United vs Ipswich,Man United,Ipswich,home_win,0.5485896,0.2077738,0.24363662,0.6355861516732098,0.21327446422812146,0.15113938409866876,-0.08699656446160087,-0.005500659563509647,0.09249723892627174,False,0.14719704741655754
2025-01-04,Southampton vs Brentford,Southampton,Brentford,away_win,0.37973884,0.21025041,0.4100108,0.2874385220648371,0.2673659995742758,0.4451954783608872,0.09230031541570793,-0.05711559211692413,-0.03518466369413914,False,0.08232994412320194
2024-09-14,Man City vs Brentford,Man City,Brentford,home_win,0.7132247,0.18081461,0.10596065,0.8053606480392672,0.125442299890933,0.06919705206979986,-0.09213593900530115,0.05537230904060844,0.03676360016237025,False,0.1214936612055616
2024-12-22,Fulham vs Southampton,Fulham,Southampton,draw,0.63146365,0.28418565,0.084350765,0.5935396127311002,0.23003209871396713,0.17642828855493256,0.03792403415763268,0.05415354925051041,-0.09207752380349823,False,-0.2114088500182536
2024-04-27,Newcastle vs Sheffield United,Newcastle,Sheffield United,home_win,0.69379205,0.20479335,0.1014146,0.7858320066110454,0.13043742150550686,0.08373057188344764,-0.09203996149462079,0.07435592740291752,0.017684026641122827,False,0.12457076112339566
2024-09-30,Bournemouth vs Southampton,Bournemouth,Southampton,home_win,0.62546235,0.12556984,0.24896786,0.6307303771754845,0.21210402064308326,0.1571656021814322,-0.0052680239459618194,-0.08653418533786933,0.09180225398731476,False,0.008387347416502988
2025-01-26,Tottenham vs Leicester,Tottenham,Leicester,away_win,0.5421573,0.20378616,0.25405654,0.6339064296698578,0.19455258308973275,0.1715409872404095,-0.09174913730382994,0.00923358143243827,0.08251555587139164,False,-0.39273467924870453
2025-02-22,Fulham vs Crystal Palace,Fulham,Crystal Palace,away_win,0.48745856,0.18722264,0.32531887,0.46289955980090336,0.2782748798803119,0.2588255603187847,0.02455899708958431,-0.091052235193613,0.06649331260983471,False,-0.22865147546613507
2024-04-06,Crystal Palace vs Man City,Crystal Palace,Man City,away_win,0.19838591,0.15918794,0.6424262,0.10811864541007475,0.18434021918575963,0.7075411354041656,0.09026726378963991,-0.025152276442458238,-0.0651149426436981,False,0.09654382385083093
2025-04-14,Bournemouth vs Fulham,Bournemouth,Fulham,home_win,0.4966948,0.19147097,0.31183422,0.4281409558885076,0.2812421528417176,0.29061689126977486,0.06855384734940745,-0.08977118709865273,0.02121732484808403,True,-0.14852329093345007
2024-11-02,Newcastle vs Arsenal,Newcastle,Arsenal,home_win,0.31566122,0.17659506,0.5077437,0.2408816071776867,0.26623756582796954,0.49288082699434366,0.07477961456494331,-0.08964250381052874,0.014862889245585542,False,-0.2703640141034591
2024-05-15,Brighton vs Chelsea,Brighton,Chelsea,away_win,0.38545832,0.1921939,0.4223478,0.2963631619404932,0.2360735971339713,0.4675632409255354,0.08909515843876398,-0.0438797015555869,-0.04521542708085463,False,0.10170541410122091
2024-09-21,Tottenham vs Brentford,Tottenham,Brentford,home_win,0.5955533,0.16054474,0.24390197,0.6527121233572893,0.19228192812328965,0.1550059485194209,-0.057158844434254674,-0.031737189949804845,0.08889601948289844,False,0.091645313531165
2025-01-14,Brentford vs Man City,Brentford,Man City,draw,0.27439624,0.20204052,0.52356327,0.18589563644303048,0.2145909360281963,0.5995134275287733,0.08850060426818168,-0.012550412737562133,-0.07595016172829727,False,0.060265346815437715
2025-05-25,Wolves vs Brentford,Wolves,Brentford,draw,0.24151476,0.2909027,0.46758255,0.32977340620415485,0.256588398944944,0.4136381948509012,-0.08825864892857349,0.034314305055529015,0.053944358774205614,False,-0.12551567438386924
2024-09-21,Aston Villa vs Wolves,Aston Villa,Wolves,home_win,0.6812837,0.17808282,0.14063352,0.5930461956092865,0.22499644891968248,0.1819573554710311,0.08823751677779845,-0.04691362516632555,-0.04132383200682821,True,-0.13870652536758166
2024-10-19,Bournemouth vs Arsenal,Bournemouth,Arsenal,home_win,0.28611174,0.21621464,0.49767366,0.1983976969146951,0.25797019572017993,0.543632107365125,0.08771404534337679,-0.04175555379150714,-0.045958446848386125,False,-0.36610887831314187
2024-05-04,Burnley vs Newcastle,Burnley,Newcastle,away_win,0.35642684,0.14805183,0.4955213,0.28671820098383693,0.2354181307097681,0.47786366830639504,0.0697086340762827,-0.08736630256378727,0.01765763868518211,True,-0.03628487909374156
2024-09-29,Man United vs Tottenham,Man United,Tottenham,away_win,0.4975991,0.1615265,0.34087443,0.454986648428007,0.24871031818214892,0.29630303338984404,0.042612446678117866,-0.08718381700340747,0.044571400127612015,False,-0.1401314512950378
2024-12-03,Leicester vs West Ham,Leicester,West Ham,home_win,0.40708005,0.27479663,0.31812337,0.32072108457831233,0.2763562083254046,0.40292270709628314,0.08635896970482976,-0.0015595734129137395,-0.0847993366872713,True,-0.23843801136028908
2025-04-12,Brighton vs Leicester,Brighton,Leicester,draw,0.6908981,0.12790698,0.18119492,0.7439340809119633,0.16048076327365096,0.09558515581438574,-0.05303596050867354,-0.032573785143310385,0.08560976055314508,False,0.22687083731585167
2025-04-20,Man United vs Wolves,Man United,Wolves,away_win,0.30685005,0.364013,0.32913694,0.37429039989907903,0.27854169294815184,0.347167907152769,-0.0674403539796607,0.08547129347343324,-0.018030969296094823,False,0.053334661174574416
2024-05-15,Man United vs Newcastle,Man United,Newcastle,home_win,0.43983606,0.21599528,0.3441687,0.356056338028169,0.2433802816901408,0.4005633802816902,0.0837797170121905,-0.02738499975540265,-0.056394687454465464,True,-0.21131311066488045
2024-11-30,Brentford vs Leicester,Brentford,Leicester,home_win,0.6459406,0.13796477,0.21609467,0.5961865547052784,0.2216767559065816,0.1821366893881401,0.04975404712043574,-0.08371198570871324,0.03395798329176103,True,-0.08015392968867718
2025-05-25,Man United vs Aston Villa,Man United,Aston Villa,home_win,0.2843971,0.22499695,0.49060598,0.20229735109996694,0.22351735296359984,0.5741852959364332,0.0820997443418513,0.0014796012390521363,-0.08357931577858102,False,-0.3406328054194723
2024-11-02,Nott'm Forest vs West Ham,Nott'm Forest,West Ham,home_win,0.46086028,0.2026923,0.33644745,0.4691733184960089,0.27638083417149945,0.25444584733249165,-0.008313036313315425,-0.0736885340902464,0.0820016002058842,False,0.01787731912193069
2024-05-14,Tottenham vs Man City,Tottenham,Man City,away_win,0.12332411,0.24123327,0.6354427,0.14296432947395954,0.15982557098999134,0.6972100995360492,-0.019640218369948004,0.08140770335063824,-0.061767425376045515,False,0.09276491484292759
2024-10-05,Brentford vs Wolves,Brentford,Wolves,home_win,0.47400695,0.18477102,0.341222,0.46648881145532745,0.26563946207872813,0.2678717264659443,0.007518139399927681,-0.0808684458386082,0.07335026173519704,True,-0.015987968350376636
2025-05-03,Everton vs Ipswich,Everton,Ipswich,draw,0.55167526,0.2057281,0.2425967,0.61408261958865,0.22382450620520888,0.16209287420614113,-0.062407359521663874,-0.018096407455094443,0.08050382658140312,False,0.08430689578572403
2024-10-19,Ipswich vs Everton,Ipswich,Everton,away_win,0.48464373,0.27431378,0.24104251,0.404170159829083,0.28044460069773103,0.31538523947318614,0.08047356771188685,-0.006130823012565623,-0.0743427297981602,False,0.26882153933908937
2024-08-17,Newcastle vs Southampton,Newcastle,Southampton,home_win,0.7683659,0.1420088,0.0896253,0.6880471509410773,0.18147733203189703,0.13047551702702556,0.08031876864891907,-0.03946853569763037,-0.04085021805012737,True,-0.1104087232887433
2025-02-03,Chelsea vs West Ham,Chelsea,West Ham,home_win,0.6644546,0.17861387,0.15693156,0.7442502707804176,0.1536132558890782,0.10213647333050413,-0.07979569142708509,0.025000615446905072,0.05479509088134127,False,0.11341085518084265
2025-05-25,Nott'm Forest vs Chelsea,Nott'm Forest,Chelsea,away_win,0.31697744,0.29612052,0.38690203,0.2793330559182678,0.2542078604123919,0.4664590836693404,0.037644385392614776,0.0419126639940412,-0.07955704938665609,False,0.18699879712707212
2025-01-19,Everton vs Tottenham,Everton,Tottenham,home_win,0.41964704,0.3156275,0.26472554,0.37323751908984365,0.28295587730409977,0.3438066036060567,0.046409518893097024,0.032671608209587366,-0.07908106749803973,True,-0.11719895488164578
2024-12-01,Tottenham vs Fulham,Tottenham,Fulham,draw,0.44684893,0.2038929,0.34925824,0.4933719698852822,0.23638214773373467,0.2702458823809832,-0.04652304095690696,-0.03248924619393212,0.07901236165664499,False,0.14785485637050155
2025-01-25,Bournemouth vs Nott'm Forest,Bournemouth,Nott'm Forest,home_win,0.4206729,0.24611224,0.33321485,0.4820311429745651,0.2635280149778529,0.25444084204758216,-0.0613582494503952,-0.017415772636811322,0.07877400718604516,False,0.13615318661125242
2024-12-09,West Ham vs Wolves,West Ham,Wolves,home_win,0.5502801,0.16906893,0.28065103,0.5267822834746522,0.24709890616594513,0.22611881035940257,0.023497810672076347,-0.07802997363268097,0.05453222256524953,True,-0.04364005212473465
2025-02-01,Ipswich vs Southampton,Ipswich,Southampton,away_win,0.5763556,0.21665236,0.20699202,0.49843602737293574,0.26291131114176824,0.23865266148529593,0.07791954914226201,-0.04625894760302618,-0.03166064624271933,False,0.1423289469879181
2024-11-02,Southampton vs Everton,Southampton,Everton,home_win,0.2881301,0.36713627,0.34473363,0.35592724165486467,0.2894589013458237,0.3546138569993117,-0.0677971371130861,0.07767736846199186,-0.00988023134890581,False,0.21131421519096305
2024-08-25,Liverpool vs Brentford,Liverpool,Brentford,home_win,0.8629395,0.08966547,0.04739509,0.7856107526484128,0.13330251992087117,0.08108672743071604,0.07732872431844506,-0.04363704741339436,-0.03369163592685748,True,-0.09388311426902118
2025-05-11,Tottenham vs Crystal Palace,Tottenham,Crystal Palace,away_win,0.39162505,0.25226003,0.35611495,0.31431473317026964,0.2633681143322314,0.4223171524974988,0.07731031355977186,-0.01110808501628291,-0.0662021987411664,False,0.17050299652733125
2024-04-27,Wolves vs Luton,Wolves,Luton,home_win,0.57354146,0.25583076,0.17062782,0.5035886383506496,0.24917146168391519,0.2472398999654352,0.06995282407076764,0.006659303086592627,-0.07661208245387666,True,-0.13007046668747868
2024-09-14,Crystal Palace vs Leicester,Crystal Palace,Leicester,draw,0.6524112,0.16580121,0.18178755,0.5758756359463074,0.24163625930410382,0.18248810474958885,0.07653558651157832,-0.07583504711252209,-0.0007005543002175096,False,0.37664397398810134
2024-08-31,Arsenal vs Brighton,Arsenal,Brighton,draw,0.77591693,0.10263911,0.12144402,0.7010798522771223,0.1788602230204204,0.1200599247024572,0.07483708173624437,-0.07622111412416491,0.001384091992565381,False,0.5553855711070685
2025-04-01,Arsenal vs Fulham,Arsenal,Fulham,home_win,0.6084456,0.18758224,0.20397222,0.6418876713122112,0.2299068822728833,0.12820544641490544,-0.033442086538193916,-0.04232464276425446,0.07576677400593196,False,0.05350585095699151
2024-12-04,Newcastle vs Liverpool,Newcastle,Liverpool,draw,0.3393674,0.19958048,0.46105212,0.26388384370955287,0.25476020017704176,0.4813559561134055,0.07548354596940221,-0.05517972448906111,-0.020303836381502405,False,0.24410512719928357
2025-04-13,Chelsea vs Ipswich,Chelsea,Ipswich,draw,0.72773045,0.12630053,0.14596903,0.7984653026522681,0.13071737560473692,0.07081732174299495,-0.07073484963789434,-0.004416846959221482,0.07515171149827703,False,0.03437335708413247
2025-02-22,Everton vs Man United,Everton,Man United,draw,0.4381582,0.25018737,0.31165445,0.36308452612217496,0.3074038320203717,0.32951164185745324,0.07507368797007968,-0.05721646481952025,-0.017857193348236933,False,0.2059521524978536
2025-02-25,Brighton vs Bournemouth,Brighton,Bournemouth,home_win,0.5614618,0.21874921,0.21978898,0.48647976627090206,0.24889662460371728,0.26462360912538074,0.07498204002640019,-0.030147414365260555,-0.044834625661139715,True,-0.1433484694057776
2025-04-12,Arsenal vs Brentford,Arsenal,Brentford,draw,0.66118723,0.18253703,0.15627576,0.5862932944306002,0.23027905299322365,0.18342765257617624,0.07489393711007974,-0.04774201883928536,-0.02715188846847208,False,0.23233877539576953
2024-12-26,Liverpool vs Leicester,Liverpool,Leicester,home_win,0.8158073,0.1116677,0.07252504,0.889575040278271,0.07511657885070624,0.035308380871022886,-0.07376775735361885,0.03655112126115975,0.03721665844420081,False,0.08656571791236059
2024-11-30,Nott'm Forest vs Ipswich,Nott'm Forest,Ipswich,home_win,0.6322989,0.18412729,0.18357384,0.5588613748973806,0.2433522948920239,0.19778633021059558,0.07343751187858982,-0.05922500881547818,-0.01421248816195056,True,-0.12346075712077209
2024-05-11,Newcastle vs Brighton,Newcastle,Brighton,draw,0.67811626,0.193995,0.12788872,0.6048237902886262,0.20245680559135068,0.19271940412002317,0.07329247167044972,-0.008461806659465915,-0.06483067991214506,False,0.04269413637437647
2025-04-26,Wolves vs Leicester,Wolves,Leicester,home_win,0.57139003,0.19904262,0.22956732,0.6254188244236719,0.217970569787749,0.15661060578857905,-0.054028791655422403,-0.018927951513060287,0.07295671336616033,False,0.09034946909981223
2025-02-22,Arsenal vs West Ham,Arsenal,West Ham,away_win,0.676868,0.16857138,0.15456063,0.7470801749025037,0.17117822835243868,0.08174159674505767,-0.07021215341431397,-0.0026068455914370903,0.07281902880807344,False,-0.6370233632468016
2024-12-03,Ipswich vs Crystal Palace,Ipswich,Crystal Palace,away_win,0.36025006,0.29240838,0.34734154,0.294017172400353,0.2861417124253436,0.4198411151743033,0.06623288338959449,0.006266664506800579,-0.07249957769871734,False,0.1895677817347412
2025-02-16,Liverpool vs Wolves,Liverpool,Wolves,home_win,0.7094071,0.18660831,0.10398464,0.7818726023354834,0.13758273259980608,0.08054466506471061,-0.07246551119473632,0.04902558191435408,0.02343997398386574,False,0.09726226981549002
2024-12-15,Brighton vs Crystal Palace,Brighton,Crystal Palace,away_win,0.5489203,0.1877483,0.2633315,0.5040218546061618,0.25952344817119444,0.2364546972226438,0.044898419174660975,-0.07177515012222135,0.02687680545336632,False,-0.10765711845163217
2024-11-02,Ipswich vs Leicester,Ipswich,Leicester,draw,0.40478352,0.33983272,0.25538376,0.40783127230443816,0.26810078067924065,0.3240679470163212,-0.003047755182169487,0.0717319424614759,-0.06868418727930642,False,-0.23709060695159434
2024-05-19,Brighton vs Man United,Brighton,Man United,away_win,0.43840253,0.18199842,0.37959903,0.36690356848956385,0.23912620632901926,0.39397022518141694,0.07149896504162512,-0.05712778954759379,-0.014371190395192579,False,0.037159788261819426
2025-04-19,Crystal Palace vs Bournemouth,Crystal Palace,Bournemouth,draw,0.44435483,0.21438415,0.34126106,0.3729613986838228,0.27464492682447694,0.35239367449170017,0.07139343348857102,-0.060260773339178786,-0.011132615445908545,False,0.24770958516339125
2024-11-23,Fulham vs Wolves,Fulham,Wolves,away_win,0.5498178,0.250621,0.19956122,0.6195570503416937,0.21628680811478046,0.1641561415435257,-0.06973924981984314,0.03433418287681195,0.0354050818441925,False,-0.1953029670630504
2025-01-25,Wolves vs Arsenal,Wolves,Arsenal,away_win,0.23253663,0.18478023,0.58268315,0.16363905927643996,0.23601014200312098,0.6003507987204391,0.06889756956591386,-0.05122991684538325,-0.017667652720530613,False,0.02987059048033691
2025-05-01,Nott'm Forest vs Brentford,Nott'm Forest,Brentford,away_win,0.37402177,0.33978376,0.28619447,0.41580294526129724,0.27132904055186347,0.31286801418683935,-0.04178117669135095,0.0684547173731701,-0.026673540681819208,False,0.08910987436309448
2025-02-16,Tottenham vs Man United,Tottenham,Man United,home_win,0.48269758,0.18177214,0.33553025,0.4375,0.25,0.3125,0.04519757628440857,-0.0682278573513031,0.023030251264572144,True,-0.0983136287264601
2024-05-13,Aston Villa vs Liverpool,Aston Villa,Liverpool,draw,0.18284127,0.22214074,0.595018,0.25093224980890816,0.21215684696867954,0.5369109032224124,-0.06809097864687508,0.009983897359819305,0.05810712599053924,False,-0.04598531135358641
2024-12-30,Aston Villa vs Brighton,Aston Villa,Brighton,draw,0.4391658,0.31382507,0.24700914,0.5070429137272364,0.25691986781353265,0.23603721845923076,-0.06787711291737619,0.056905203044469055,0.010971924774068498,False,-0.2000714682668654
2025-02-25,Chelsea vs Southampton,Chelsea,Southampton,home_win,0.75663537,0.118107714,0.12525696,0.8240249973637327,0.11601795991763744,0.05995704271862981,-0.06738962949340188,0.002089753841308023,0.0652999129049969,False,0.08531941810736748
2024-12-29,Crystal Palace vs Southampton,Crystal Palace,Southampton,home_win,0.64984673,0.15311746,0.19703585,0.6252701339864573,0.22042933294914277,0.15430053306439992,0.024576598629967306,-0.06731186995647462,0.04273531602999095,True,-0.038552768306397256
2025-01-16,Man United vs Southampton,Man United,Southampton,home_win,0.6868604,0.15765636,0.15548332,0.7494359356439472,0.16149461239465526,0.08906945196139762,-0.06257555308703189,-0.0038382557023411146,0.06641386839401772,False,0.08718979822646838
2025-05-18,Leicester vs Ipswich,Leicester,Ipswich,home_win,0.48798814,0.2274951,0.2845168,0.4227902305928719,0.2615078537999508,0.3157019156071774,0.06519791356644511,-0.034012749725472635,-0.03118510423632781,True,-0.14341498270491315
2025-04-19,Everton vs Man City,Everton,Man City,away_win,0.28328857,0.19845924,0.5182522,0.23579127296899483,0.2629979583115711,0.5012107687194339,0.0474972952892907,-0.0645387204976215,0.017041425208330963,True,-0.03343525061612018
2024-12-21,Brentford vs Nott'm Forest,Brentford,Nott'm Forest,away_win,0.42867872,0.20331523,0.3680061,0.38446968957343186,0.267410482412806,0.348119828013762,0.04420903161606704,-0.06409525418900536,0.019886282177583203,False,-0.05555280153213671
2024-12-14,Nott'm Forest vs Aston Villa,Nott'm Forest,Aston Villa,home_win,0.39299893,0.23684144,0.37015966,0.3531804451861093,0.3000373060985443,0.34678224871534646,0.039818488606004954,-0.06319586589773862,0.023377407094056002,True,-0.1068277788538401
2025-04-13,Liverpool vs West Ham,Liverpool,West Ham,home_win,0.68801504,0.15879825,0.15318671,0.7477401001962434,0.162221581059524,0.0900383187442325,-0.05972505646073922,-0.0034233334837641127,0.06314838994450346,False,0.08324475953852783
2024-11-23,Man City vs Tottenham,Man City,Tottenham,away_win,0.66492236,0.13407381,0.20100383,0.6817927242879362,0.17968742827027853,0.1385198474417853,-0.016870367682406462,-0.0456136194810253,0.062483987163431676,False,-0.372310389239799
2024-04-13,Man City vs Luton,Man City,Luton,home_win,0.8197335,0.104911424,0.07535513,0.8821654115185035,0.07798542567357411,0.03984916280792246,-0.06243191103785162,0.026925998546034197,0.03550596464588156,False,0.07340029264260967
2024-10-05,West Ham vs Ipswich,West Ham,Ipswich,home_win,0.56583625,0.2133805,0.22078326,0.504068518190537,0.2540292532305872,0.24190222857887575,0.06176773259147594,-0.040648752556339485,-0.021118965133975237,True,-0.11559251412831673
2024-09-28,Newcastle vs Man City,Newcastle,Man City,draw,0.24005844,0.24512699,0.5148146,0.19445253046118016,0.22917619661496233,0.5763712729238575,0.04560590652860408,0.015950795849103222,-0.06155665767422369,False,-0.06728523566967404
2024-12-05,Bournemouth vs Tottenham,Bournemouth,Tottenham,home_win,0.5015242,0.207824,0.29065183,0.44008295723347957,0.2453659454652137,0.31455109730130676,0.06144125274271672,-0.037541938788539814,-0.023899269250693356,True,-0.1306886189996067
2025-04-27,Liverpool vs Tottenham,Liverpool,Tottenham,home_win,0.8574768,0.07673412,0.06578911,0.7961875599374127,0.1291114962060669,0.07470094385652036,0.06128921094042539,-0.05237737804248124,-0.008911832897944158,True,-0.07415929967536722
2024-08-31,West Ham vs Man City,West Ham,Man City,away_win,0.19088551,0.1520415,0.65707296,0.13067290371317333,0.1860944854436632,0.6832326108431634,0.06021261030774647,-0.0340529905973192,-0.026159649512749628,False,0.0390402956384297
2025-02-26,Liverpool vs Newcastle,Liverpool,Newcastle,home_win,0.7463056,0.11609341,0.13760103,0.7002073707087628,0.17537186432742322,0.12442076496381389,0.046098214198768916,-0.05927845228575909,0.013180267889312633,True,-0.0637586215079134
2024-05-19,Arsenal vs Everton,Arsenal,Everton,home_win,0.7317614,0.18322474,0.08501389,0.7909744915608501,0.13310191444196373,0.07592359399718623,-0.059213095629606194,0.050122823202231825,0.009090294779116104,False,0.07781121139757227
2025-01-06,Wolves vs Nott'm Forest,Wolves,Nott'm Forest,away_win,0.30673203,0.25302827,0.44023976,0.24776976571852025,0.27641366926979427,0.4758165650116857,0.058962263004242815,-0.023385395687335775,-0.03557680771226246,False,0.07771295536362965
2024-12-27,Arsenal vs Ipswich,Arsenal,Ipswich,home_win,0.7806989,0.15220667,0.06709446,0.8395150754544238,0.10900309635740811,0.051481828188167995,-0.05881618000001709,0.043203577860769685,0.015612631941569859,False,0.07263490134022937
2024-10-05,Crystal Palace vs Liverpool,Crystal Palace,Liverpool,away_win,0.16959849,0.19672646,0.63367504,0.19088321471085945,0.23418111463307884,0.5749356706560619,-0.021284724711088332,-0.037454658348555825,0.058739368158482796,True,-0.09727810405774506
2025-04-06,Man United vs Man City,Man United,Man City,draw,0.32439902,0.27850348,0.39709753,0.28325877261969645,0.261647749095578,0.4550934782847256,0.041140251628426716,0.0168557284778168,-0.057995950303921184,False,-0.06243142568765969
2024-12-14,Liverpool vs Fulham,Liverpool,Fulham,draw,0.8013233,0.110788025,0.0878887,0.7434413663276841,0.15645014071169863,0.10010849296061718,0.05788192831190331,-0.04566211574975024,-0.012219790210411183,False,0.3451187520655252
2025-02-15,West Ham vs Brentford,West Ham,Brentford,away_win,0.35337844,0.25553572,0.39108583,0.4034790084979311,0.26309042197947285,0.33343056952259587,-0.050100563587881675,-0.007554700200603226,0.05765526378848507,True,-0.15949239273481908
2024-10-05,Arsenal vs Southampton,Arsenal,Southampton,home_win,0.7593528,0.15130362,0.08934364,0.8164875528047155,0.12058264234162257,0.06292980485366194,-0.05713474957442988,0.03072097680472448,0.026413832374350146,False,0.07254517920183293
2025-02-25,Wolves vs Fulham,Wolves,Fulham,away_win,0.3666841,0.2662842,0.36703166,0.3970696199565754,0.2929599025289367,0.3099704775144879,-0.030385510984025976,-0.02667570496004329,0.05706118614174682,True,-0.16897104327224044
2025-05-20,Man City vs Bournemouth,Man City,Bournemouth,home_win,0.66562396,0.16545613,0.16891995,0.7159188330943569,0.17161560578648272,0.11246556111916042,-0.05029487021517598,-0.006159474685828115,0.05645438960448765,False,0.07284189376425831
2024-04-20,Luton vs Brentford,Luton,Brentford,away_win,0.2780154,0.28854448,0.43344018,0.3344130118004476,0.26734410692682026,0.3982428812727322,-0.05639760686079609,0.021200369105436823,0.03519729736000399,True,-0.0846916899846385
2025-05-03,Leicester vs Southampton,Leicester,Southampton,home_win,0.3598955,0.25098628,0.38911828,0.3960559613448449,0.26998744407169706,0.333956594583458,-0.03616046378434379,-0.01900116601459867,0.05516168940358729,False,0.09574178144091694
2024-12-29,Tottenham vs Wolves,Tottenham,Wolves,draw,0.53507996,0.20024835,0.26467177,0.578405352662392,0.21195427934206856,0.20964036799553945,-0.043325396607704514,-0.01170593360937966,0.055031404722890115,False,0.056812282751013354
2025-05-25,Liverpool vs Crystal Palace,Liverpool,Crystal Palace,draw,0.7561619,0.11301092,0.13082713,0.7011411318260975,0.16143921858853,0.13741964958537245,0.055020796350782386,-0.048428298004328185,-0.006592520698195936,False,0.35664434761515595
2024-12-15,Chelsea vs Brentford,Chelsea,Brentford,home_win,0.74478817,0.10980648,0.14540538,0.7107595177423649,0.16430228577948505,0.1249381964781501,0.034028652118474945,-0.054495807755956,0.020467185439803387,True,-0.046765695177452715
2024-08-24,Man City vs Ipswich,Man City,Ipswich,home_win,0.8267278,0.13026991,0.043002233,0.8811224143986494,0.0839530971760951,0.034924488425255557,-0.05439460687682929,0.04631681768939867,0.00807774448394702,False,0.06372105359287733
2025-05-02,Man City vs Wolves,Man City,Wolves,home_win,0.72812724,0.12309084,0.1487819,0.7170272095378919,0.17727240973815042,0.10570038072395767,0.011100031596751658,-0.054181568862047974,0.04308151491355454,True,-0.0153620319103151
2024-11-02,Wolves vs Crystal Palace,Wolves,Crystal Palace,draw,0.36256516,0.26656383,0.37087104,0.3953311223353763,0.287621145890708,0.31704773177391565,-0.03276596253770786,-0.021057313130850797,0.0538233054708811,False,0.07603039764164299
2025-04-27,Bournemouth vs Man United,Bournemouth,Man United,draw,0.44273904,0.24420622,0.31305477,0.490774984633656,0.24987238121034697,0.2593526341559971,-0.048035944974155864,-0.005666161298771649,0.05370213607524987,False,0.022937269522085968
2024-05-05,Liverpool vs Tottenham,Liverpool,Tottenham,home_win,0.72679806,0.14947437,0.12372762,0.6735834445360673,0.1692837127744422,0.1571328426894904,0.05321461302008501,-0.019809345275090706,-0.03340522304151067,True,-0.07603678531580094
2025-01-25,Southampton vs Newcastle,Southampton,Newcastle,away_win,0.20058887,0.19096847,0.6084427,0.14797032584599,0.1952846662896161,0.6567450078643938,0.052618541222300724,-0.004316197504330155,-0.04830228411332571,False,0.07639303560795546
2024-08-24,Fulham vs Leicester,Fulham,Leicester,home_win,0.5241668,0.2069922,0.26884094,0.5119556061057993,0.2594276386735586,0.22861675522064195,0.012211216327672414,-0.05243544461704769,0.04022418358589186,True,-0.023572053933842763
2024-10-26,Brighton vs Wolves,Brighton,Wolves,draw,0.65015095,0.16805215,0.18179694,0.6111857960025356,0.21957933632127713,0.16923486767618712,0.03896515872082251,-0.051527184522075165,0.012562070504736345,False,0.2674392119728559
2025-01-25,Liverpool vs Ipswich,Liverpool,Ipswich,home_win,0.8187633,0.099311724,0.081924975,0.8699306648881306,0.08530238851818243,0.044766946593686845,-0.05116734921048782,0.014009335786970459,0.037158028324678634,False,0.06061846574075633
2024-04-06,Brighton vs Arsenal,Brighton,Arsenal,away_win,0.19963741,0.21440361,0.585959,0.15217468175388965,0.21090876944837342,0.636916548797737,0.04746273127101269,0.003494844953443904,-0.05095753152097304,False,0.0833887882946508
2025-04-13,Newcastle vs Man United,Newcastle,Man United,home_win,0.64561826,0.18786386,0.16651793,0.5947513105909453,0.2232050373080238,0.18204365210103082,0.05086694931582347,-0.035341180753992424,-0.015525723858347412,True,-0.08206504714864216
2024-11-09,Liverpool vs Aston Villa,Liverpool,Aston Villa,home_win,0.68289334,0.1519006,0.16520606,0.648035422540919,0.2023401741267004,0.14962440333238067,0.034857913278325436,-0.05043956975944425,0.015581656481118783,True,-0.0523933306872259
2024-11-29,Brighton vs Southampton,Brighton,Southampton,draw,0.6426946,0.1761775,0.18112792,0.6916978155994784,0.17641467223546325,0.13188751216505828,-0.04900322312358729,-0.00023717055699645773,0.049240408581745,False,0.0013453122161120046
2025-04-23,Arsenal vs Crystal Palace,Arsenal,Crystal Palace,draw,0.7202258,0.15230751,0.12746674,0.6866755942417141,0.2015400066956813,0.11178439906260462,0.03355021676292458,-0.04923249631970475,0.01568233916142492,False,0.2800863267768545
2024-05-19,Man City vs West Ham,Man City,West Ham,home_win,0.8504049,0.07833184,0.071263276,0.8988324761266879,0.06725529716472418,0.03391222670858801,-0.04842755793287079,0.011076545853807615,0.037351049331966035,False,0.055384055939824775
2025-05-10,Bournemouth vs Aston Villa,Bournemouth,Aston Villa,away_win,0.397381,0.22368573,0.3789333,0.3712552291403411,0.27134234877679325,0.3574024220828657,0.02612577853101511,-0.0476566222533939,0.021530888425862316,False,-0.05849787073599866
2025-04-01,Wolves vs West Ham,Wolves,West Ham,home_win,0.4526013,0.2813856,0.26601306,0.40526052045822697,0.2955284410726148,0.29921103846915825,0.04734079313277645,-0.014142840505750764,-0.03319798242934807,True,-0.11048153503151492
2024-05-06,Crystal Palace vs Man United,Crystal Palace,Man United,home_win,0.50814164,0.19792612,0.29393223,0.47429866259451736,0.24499396566587026,0.28070737173961224,0.033842974253932345,-0.04706784669595296,0.013224857540859558,True,-0.06892302686227525
2025-02-19,Aston Villa vs Liverpool,Aston Villa,Liverpool,draw,0.2450347,0.20256259,0.55240273,0.25137621998244825,0.24190224184240622,0.5067215381751456,-0.006341525310817386,-0.03933965636934561,0.04568119658132408,False,0.17748479661295935
2025-01-01,Brentford vs Arsenal,Brentford,Arsenal,away_win,0.16769259,0.16947393,0.6628335,0.16318985753794396,0.21478126989859442,0.6220288725634617,0.0045027292416504605,-0.04530733870524267,0.04080463926591449,True,-0.06353734002318318
2025-01-25,Brighton vs Everton,Brighton,Everton,away_win,0.55529433,0.22103877,0.2236669,0.564614796406041,0.25664308927547314,0.17874211431848597,-0.009320461517582701,-0.03560431561958172,0.044924792038325556,False,-0.22421387731281994
2025-04-02,Liverpool vs Everton,Liverpool,Everton,home_win,0.67967737,0.17389922,0.14642337,0.6463143306771079,0.21838931721509583,0.13529635210779628,0.03336303653328032,-0.04449009877503998,0.011127017538276107,True,-0.05033224527403435
2025-03-15,Southampton vs Wolves,Southampton,Wolves,away_win,0.23283201,0.32826158,0.4389064,0.24596549805230944,0.2838063439065109,0.47022815804117973,-0.013133483491609976,0.044455240136991925,-0.031321756645382004,False,0.06893184295627475
2025-03-08,Liverpool vs Southampton,Liverpool,Southampton,home_win,0.8280673,0.087982565,0.08395017,0.871071944311227,0.08862418498491861,0.040303870703854196,-0.04300464160736961,-0.0006416198203525736,0.04364629868062533,False,0.050630139288143416
2025-02-23,Newcastle vs Nott'm Forest,Newcastle,Nott'm Forest,home_win,0.5156367,0.20686969,0.27749357,0.502917321787495,0.2501489803682593,0.24693369784424563,0.012719360722880935,-0.043279288757922973,0.03055986843039732,True,-0.024976632622540018
2024-05-04,Brentford vs Fulham,Brentford,Fulham,draw,0.42015865,0.25527364,0.3245677,0.4634014253839655,0.25111019647769856,0.28548837813833583,-0.043242770932595265,0.004163443678093681,0.039079327254501695,False,-0.01644413779601317
2025-04-13,Wolves vs Tottenham,Wolves,Tottenham,home_win,0.40741226,0.24060866,0.3519791,0.4208872345618746,0.26955699292165003,0.3095557725164755,-0.013474973791076872,-0.028948330554782964,0.04242333414818211,False,0.032539335851193285
2024-11-09,Wolves vs Southampton,Wolves,Southampton,home_win,0.5421017,0.25531176,0.20258656,0.5012164713245909,0.25391441291377687,0.24486911576163214,0.040885209907861486,0.001397344412349233,-0.042282554320210636,True,-0.07841548545634547
2024-12-14,Wolves vs Ipswich,Wolves,Ipswich,away_win,0.44147906,0.29513958,0.2633813,0.483289076091933,0.2628880139181393,0.2538229099899277,-0.04181001901833986,0.032251567046902796,0.00955839236679229,False,-0.03696599978966786
2025-04-12,Nott'm Forest vs Everton,Nott'm Forest,Everton,away_win,0.44419286,0.30898252,0.24682455,0.4859667736885214,0.2866330970558046,0.22740012925567396,-0.04177391713830475,0.0223494242397429,0.01942441839275591,False,-0.081966594583607
2025-04-05,Ipswich vs Wolves,Ipswich,Wolves,away_win,0.35742176,0.25731722,0.38526103,0.33700126535646213,0.29908862300386013,0.36391011163967774,0.020420490434248317,-0.04177140779962124,0.021350917365372923,True,-0.057014211822895344
2024-08-31,Brentford vs Southampton,Brentford,Southampton,home_win,0.57511616,0.22037591,0.20450795,0.5337429454531802,0.2488956740455245,0.21736138050129514,0.04137321207855804,-0.028519763644180213,-0.012853433533216524,True,-0.07465767389638911
2024-10-27,Chelsea vs Newcastle,Chelsea,Newcastle,home_win,0.49463344,0.24923168,0.25613487,0.5359598005071957,0.23342288148610224,0.230617318006702,-0.041326364304192786,0.01580879974158178,0.025517549661449868,False,0.08024218560031615
2024-08-25,Bournemouth vs Newcastle,Bournemouth,Newcastle,draw,0.33372882,0.28050774,0.38576344,0.37346955385968933,0.26296349408750724,0.3635669520528036,-0.03974073377416382,0.017544249271104817,0.022196484503058833,False,-0.06458613534034008
2025-01-19,Man United vs Brighton,Man United,Brighton,away_win,0.44286257,0.24315973,0.3139777,0.41565750928424794,0.2824026018960626,0.30193988881968953,0.02720506100154918,-0.03924287563397,0.012037799731259569,False,-0.03909400692437193
2025-03-16,Fulham vs Tottenham,Fulham,Tottenham,home_win,0.4799089,0.26992136,0.25016972,0.5188164507864904,0.2436067091256364,0.23757684008787314,-0.03890753741254327,0.026314653274418537,0.012592884138124788,False,0.07795381542329283
2024-08-24,Aston Villa vs Arsenal,Aston Villa,Arsenal,away_win,0.16793674,0.26575002,0.5663132,0.2067241195871901,0.23963542220803632,0.5536404582047735,-0.0387873772814345,0.026114598534380057,0.012672748944732137,True,-0.02263180935838649
2024-11-30,Wolves vs Bournemouth,Wolves,Bournemouth,away_win,0.38672936,0.23867743,0.37459323,0.35519802463733574,0.2774024918637406,0.3673994834989236,0.03153133498943428,-0.03872506469107978,0.007193744602806751,False,-0.0193909321614274
2024-05-03,Luton vs Everton,Luton,Everton,draw,0.308515,0.28768888,0.40379614,0.3469657501951721,0.26549589172393,0.38753835808089787,-0.03845073793092041,0.022192989434898724,0.016257778298344072,False,-0.0802803151525846
2024-05-04,Arsenal vs Bournemouth,Arsenal,Bournemouth,home_win,0.81228125,0.09655812,0.09116068,0.7864649271408828,0.13475943976290408,0.07877563309621322,0.02581632381279153,-0.03820132338650409,0.012385044277196056,True,-0.03229852069777478
2024-10-20,Liverpool vs Chelsea,Liverpool,Chelsea,home_win,0.54005355,0.25430033,0.20564616,0.5760461429637852,0.21617911432573508,0.20777474271047972,-0.03599259653510478,0.03812121178319741,-0.0021285854457702424,False,0.0645194476561689
2024-04-14,Arsenal vs Aston Villa,Arsenal,Aston Villa,away_win,0.7820822,0.1115849,0.10633292,0.7617901086009865,0.14953221606232658,0.0886776753366868,0.0202920914493675,-0.0379473142526342,0.017655245155008603,False,-0.18156668872107318
2024-12-07,Man United vs Nott'm Forest,Man United,Nott'm Forest,away_win,0.60592014,0.24195841,0.1521215,0.5689771398827556,0.2432268689575138,0.18779599115973072,0.03694299609212848,-0.001268459409708017,-0.03567449197893696,False,0.21067665534820512
2024-08-17,West Ham vs Aston Villa,West Ham,Aston Villa,away_win,0.36025327,0.3090928,0.3306539,0.38812414283537355,0.2731243968100777,0.3387514603545487,-0.027870868394608173,0.03596839307830424,-0.008097554486018399,False,0.024194420035583253
2024-10-06,Chelsea vs Nott'm Forest,Chelsea,Nott'm Forest,draw,0.66327024,0.22079533,0.1159344,0.6399262737525783,0.20867161100627557,0.15140211524114627,0.02334396130906724,0.012123722379191959,-0.0354677134905817,False,-0.056474354993364395
2024-04-21,Fulham vs Liverpool,Fulham,Liverpool,away_win,0.24440488,0.19537587,0.5602193,0.20940984498232257,0.21845254283383192,0.5721376121838455,0.034995037210289126,-0.023076668195274486,-0.011918324311531059,False,0.02105126806421731
2025-05-10,Ipswich vs Brentford,Ipswich,Brentford,away_win,0.1853917,0.22303021,0.5915781,0.16924058710912573,0.20467985534992558,0.6260795575409488,0.016151107198201536,0.01835035419139522,-0.03450143158727448,False,0.05668370392869615
2025-04-06,Tottenham vs Southampton,Tottenham,Southampton,home_win,0.6640448,0.20603883,0.12991641,0.698509299436301,0.17688682813821302,0.12460387242548598,-0.034464502015799314,0.029152004526276726,0.005312542193006142,False,0.050598891574719085
2025-05-16,Chelsea vs Man United,Chelsea,Man United,home_win,0.63159305,0.17867455,0.18973243,0.6119486071834154,0.2120881486264817,0.17596324419010295,0.01964444138912491,-0.03341359976211708,0.013769188175314528,True,-0.03159697662647065
2024-11-10,Tottenham vs Ipswich,Tottenham,Ipswich,away_win,0.7841714,0.10988442,0.105944194,0.7664830261420021,0.14278744898323437,0.0907295248747635,0.017688376312374077,-0.03290303043608089,0.015214669024867997,False,-0.15502968479274548
2024-08-24,Tottenham vs Everton,Tottenham,Everton,home_win,0.6803602,0.16648227,0.15315756,0.7005877819570494,0.17807147704659698,0.12134074099635367,-0.020227583936114346,-0.011589207282650449,0.03181682102108713,False,0.029297301051271263
2024-04-15,Chelsea vs Everton,Chelsea,Everton,home_win,0.56597066,0.20734306,0.22668627,0.5701852962797104,0.2327567996890605,0.19705790403122914,-0.004214637023728929,-0.025413742891079227,0.029628365013646962,False,0.007419142933963951
2024-05-11,West Ham vs Luton,West Ham,Luton,home_win,0.49695376,0.2177787,0.28526753,0.5169569202566452,0.22731439046746102,0.25572868927589365,-0.020003164639503468,-0.009535692857559591,0.029538842595902004,False,0.03946259314911882
2024-11-02,Liverpool vs Brighton,Liverpool,Brighton,home_win,0.70259005,0.14390525,0.15350474,0.6983232929542149,0.17301367042671748,0.1286630366190676,0.0042667553589259555,-0.029108418208471015,0.02484170755302864,True,-0.006091396634139157
2024-11-09,West Ham vs Everton,West Ham,Everton,draw,0.45794928,0.25038052,0.2916702,0.4450738477964292,0.27946497419775795,0.27546117800581293,0.012875432942401344,-0.02908445814551186,0.016209025203110405,False,0.10989518264412035
2025-02-14,Brighton vs Chelsea,Brighton,Chelsea,home_win,0.32755935,0.29190937,0.3805313,0.32872333137972765,0.26315829533950874,0.4081183732807636,-0.0011639794586461027,0.028751071506575854,-0.027587062245607363,False,0.0035471861054841014
2024-10-19,Newcastle vs Brighton,Newcastle,Brighton,away_win,0.5489739,0.21349603,0.23753007,0.5555226672665491,0.23555250352233573,0.20892482921111521,-0.006548749305428481,-0.022056474145352084,0.02860523835194173,False,-0.1283197419977007
2025-04-06,Brentford vs Chelsea,Brentford,Chelsea,draw,0.306642,0.26772258,0.4256355,0.3323701320023642,0.26906153543048533,0.39856833256715046,-0.02572813609553437,-0.0013389585738721732,0.02706715427405132,False,0.004988809626121471
2024-08-17,Arsenal vs Wolves,Arsenal,Wolves,home_win,0.8211071,0.09974458,0.07914834,0.8354836586160814,0.1114624370543496,0.05305390432956894,-0.014376569096580694,-0.011717856368257229,0.026094432915418547,False,0.017357252083423425
2025-04-20,Fulham vs Chelsea,Fulham,Chelsea,away_win,0.3349782,0.24408928,0.42093256,0.3130158318688314,0.26917607950625,0.41780808862491847,0.021962361175831058,-0.025086803907723998,0.003124472534215439,True,-0.007450415244312558
2024-09-14,Brighton vs Ipswich,Brighton,Ipswich,draw,0.6234485,0.22760616,0.1489453,0.6479669123278812,0.20404064473303493,0.14799244293908398,-0.02451842123138459,0.023565517695820964,0.0009528588320799614,False,-0.10929752582798136
2025-05-16,Aston Villa vs Tottenham,Aston Villa,Tottenham,home_win,0.73744476,0.15357004,0.10898521,0.7618481022869358,0.14413342475698787,0.09401847295607631,-0.024403343871713612,0.009436616303459822,0.014966735018834429,False,0.03255600458568464
2024-10-05,Leicester vs Bournemouth,Leicester,Bournemouth,home_win,0.25575918,0.27743363,0.4668072,0.27478799854993136,0.25376200393793136,0.4714499975121372,-0.019028818957798788,0.02367162986638993,-0.004642810908591033,False,0.07176356033662556
2024-09-28,Everton vs Crystal Palace,Everton,Crystal Palace,home_win,0.33195314,0.31079558,0.35725132,0.34951724682607066,0.2877761762789504,0.36270657689497904,-0.01756410871304881,0.023019399101374904,-0.005455260586003818,False,0.051559135650332655
2024-04-28,Tottenham vs Arsenal,Tottenham,Arsenal,away_win,0.2215606,0.20842879,0.5700106,0.21738270717238903,0.2304152435736114,0.5522020492539996,0.0041778902473497415,-0.02198645836872401,0.01780855322021302,True,-0.03174097716875812
2024-08-31,Everton vs Bournemouth,Everton,Bournemouth,away_win,0.3459651,0.2571982,0.3968367,0.3250892846756087,0.2789171833738556,0.39599353195053566,0.020875802738179128,-0.021718968842910802,0.0008431661047316741,True,-0.002127004571703006
2024-04-06,Aston Villa vs Brentford,Aston Villa,Brentford,draw,0.6035023,0.21525854,0.1812392,0.5845120226308345,0.23072842998585574,0.18475954738330974,0.018990250928735852,-0.0154698912628638,-0.0035203447647108033,False,0.06940160614553403
2025-05-25,Ipswich vs West Ham,Ipswich,West Ham,away_win,0.31843734,0.25368226,0.42788044,0.30004743654421007,0.2674517540226942,0.43250080943309555,0.018389901331156144,-0.01376949827776014,-0.004620373251073451,False,0.010740383123978847
2025-01-15,Arsenal vs Tottenham,Arsenal,Tottenham,home_win,0.6819544,0.17417675,0.1438689,0.693159950412623,0.18014326394904326,0.12669678563833373,-0.01120556656252536,-0.005966511381751999,0.017172107746599746,False,0.016298004893443074
2024-09-14,Liverpool vs Nott'm Forest,Liverpool,Nott'm Forest,away_win,0.7949586,0.1249251,0.08011631,0.7783265870188022,0.14182840030120394,0.07984501267999389,0.016632004442379444,-0.01690330098794482,0.0002712965455653471,False,-0.003392085157584823
2024-04-14,Liverpool vs Crystal Palace,Liverpool,Crystal Palace,away_win,0.78919125,0.13777897,0.07302977,0.8056061803461124,0.12338112671967487,0.07101269293421286,-0.016414934313397578,0.014397840899267392,0.0020170785129688396,False,-0.028008597932982493
2025-04-05,West Ham vs Bournemouth,West Ham,Bournemouth,draw,0.33224812,0.2802456,0.38750628,0.32196071135091553,0.27491201141138344,0.4031272772377009,0.01028741014909973,0.005333590719506454,-0.015621000868606072,False,-0.01921530570995711
2024-09-21,Liverpool vs Bournemouth,Liverpool,Bournemouth,home_win,0.7770886,0.13696636,0.08594508,0.7636811659133735,0.1436176520971419,0.09270118198948464,0.013407416602343014,-0.006651289501583724,-0.006756104749017569,True,-0.017403967710980073
2025-02-22,Aston Villa vs Chelsea,Aston Villa,Chelsea,home_win,0.35926408,0.2659004,0.37483558,0.36618113919541534,0.27178316846798534,0.3620356923365993,-0.006917063439342341,-0.005882765206800644,0.012799888250787761,False,0.019070462493049112
2025-02-01,Everton vs Leicester,Everton,Leicester,home_win,0.48681533,0.2791001,0.23408453,0.4920204195851636,0.2863999457286773,0.2215796346861591,-0.0052050862187695834,-0.0072998554634032264,0.012504896978689228,False,0.010635387983301214
2024-04-24,Crystal Palace vs Newcastle,Crystal Palace,Newcastle,home_win,0.314367,0.27326864,0.4123644,0.31162494696648285,0.26368264743317776,0.42469240560033944,0.0027420493218167086,0.009585992608173555,-0.012328012127667931,False,-0.008760650539667347
2024-12-15,Southampton vs Tottenham,Southampton,Tottenham,away_win,0.2490929,0.20703648,0.5438706,0.24101960591011595,0.21702670396431256,0.5419536901255715,0.008073300803369765,-0.009990223656733521,0.00191693775452495,True,-0.0035308275673889833
2025-04-02,Southampton vs Crystal Palace,Southampton,Crystal Palace,draw,0.1769389,0.22830915,0.594752,0.1685234892373382,0.23693401457130717,0.5945424961913546,0.008415417074650627,-0.00862486006080912,0.00020951749196451708,False,0.03708099980399715
2024-05-19,Chelsea vs Bournemouth,Chelsea,Bournemouth,home_win,0.6835185,0.17674498,0.13973646,0.6871497140229357,0.17302330928635073,0.13982697669071367,-0.003631185084642219,0.0037216733138613622,-9.051803154161431e-05,False,0.005298422552894033
2025-01-05,Fulham vs Ipswich,Fulham,Ipswich,draw,0.6086239,0.23304303,0.158333,0.6119440914866582,0.2294790343074968,0.158576874205845,-0.003320169615472879,0.0035639955968687353,-0.00024387068487941033,False,-0.015411486729867363
2024-12-14,Arsenal vs Everton,Arsenal,Everton,draw,0.7791882,0.14877439,0.07203743,0.7756830342955792,0.1493098798409331,0.0750070858634876,0.003505181436995297,-0.0005354943886625996,-0.002969657246010185,False,0.003592937660397144
