match_index,Season,Date,HomeTeam,AwayTeam,home_elo_before_match,away_elo_before_match,elo_difference,elo_config
0,1920,2019-08-09,Liverpool,Norwich,1500.0,1500.0,0.0,k30_ha75_nomov_carry100
1,1920,2019-08-10,West Ham,Man City,1500.0,1500.0,0.0,k30_ha75_nomov_carry100
2,1920,2019-08-10,Bournemouth,Sheffield United,1500.0,1500.0,0.0,k30_ha75_nomov_carry100
3,1920,2019-08-10,Burnley,Southampton,1500.0,1500.0,0.0,k30_ha75_nomov_carry100
4,1920,2019-08-10,Crystal Palace,Everton,1500.0,1500.0,0.0,k30_ha75_nomov_carry100
5,1920,2019-08-10,Watford,Brighton,1500.0,1500.0,0.0,k30_ha75_nomov_carry100
6,1920,2019-08-10,Tottenham,Aston Villa,1500.0,1500.0,0.0,k30_ha75_nomov_carry100
7,1920,2019-08-11,Leicester,Wolves,1500.0,1500.0,0.0,k30_ha75_nomov_carry100
8,1920,2019-08-11,Newcastle,Arsenal,1500.0,1500.0,0.0,k30_ha75_nomov_carry100
9,1920,2019-08-11,Man United,Chelsea,1500.0,1500.0,0.0,k30_ha75_nomov_carry100
10,1920,2019-08-17,Everton,Watford,1503.1886347135628,1481.8113652864372,21.37726942712561,k30_ha75_nomov_carry100
11,1920,2019-08-17,Arsenal,Burnley,1518.1886347135628,1511.8113652864372,6.377269427125611,k30_ha75_nomov_carry100
12,1920,2019-08-17,Brighton,West Ham,1518.1886347135628,1481.8113652864372,36.37726942712561,k30_ha75_nomov_carry100
13,1920,2019-08-17,Southampton,Liverpool,1488.1886347135628,1511.8113652864372,-23.62273057287439,k30_ha75_nomov_carry100
14,1920,2019-08-17,Norwich,Newcastle,1488.1886347135628,1481.8113652864372,6.377269427125611,k30_ha75_nomov_carry100
15,1920,2019-08-17,Man City,Tottenham,1518.1886347135628,1511.8113652864372,6.377269427125611,k30_ha75_nomov_carry100
16,1920,2019-08-17,Aston Villa,Bournemouth,1488.1886347135628,1496.8113652864372,-8.622730572874389,k30_ha75_nomov_carry100
17,1920,2019-08-18,Sheffield United,Crystal Palace,1503.1886347135628,1496.8113652864372,6.377269427125611,k30_ha75_nomov_carry100
18,1920,2019-08-18,Chelsea,Leicester,1488.1886347135628,1496.8113652864372,-8.622730572874389,k30_ha75_nomov_carry100
19,1920,2019-08-19,Wolves,Man United,1503.1886347135628,1511.8113652864372,-8.622730572874389,k30_ha75_nomov_carry100
20,1920,2019-08-23,Aston Villa,Everton,1470.3572622486984,1514.1312339430308,-43.77397169433243,k30_ha75_nomov_carry100
21,1920,2019-08-24,Brighton,Southampton,1513.5383073995906,1470.9865276516405,42.55177974795015,k30_ha75_nomov_carry100
22,1920,2019-08-24,Man United,Crystal Palace,1514.6427377513016,1485.2618361232653,29.380901628036327,k30_ha75_nomov_carry100
23,1920,2019-08-24,Norwich,Chelsea,1499.7381638767347,1485.3572622486984,14.380901628036327,k30_ha75_nomov_carry100
24,1920,2019-08-24,Watford,West Ham,1470.8687660569692,1486.4616926004094,-15.592926543440171,k30_ha75_nomov_carry100
25,1920,2019-08-24,Liverpool,Arsenal,1529.0134723483595,1529.7381638767347,-0.7246915283751605,k30_ha75_nomov_carry100
26,1920,2019-08-24,Sheffield United,Leicester,1514.7381638767347,1499.6427377513016,15.09542612543305,k30_ha75_nomov_carry100
27,1920,2019-08-25,Bournemouth,Man City,1514.6427377513016,1514.7381638767347,-0.0954261254330504,k30_ha75_nomov_carry100
28,1920,2019-08-25,Tottenham,Newcastle,1515.2618361232653,1470.2618361232653,45.0,k30_ha75_nomov_carry100
29,1920,2019-08-25,Wolves,Burnley,1500.3572622486984,1500.2618361232653,0.0954261254330504,k30_ha75_nomov_carry100
30,1920,2019-08-31,Crystal Palace,Aston Villa,1504.637459935984,1484.0127444692694,20.624715466714633,k30_ha75_nomov_carry100
31,1920,2019-08-31,Southampton,Man United,1490.8764631654842,1495.267113938583,-4.390650773098741,k30_ha75_nomov_carry100
32,1920,2019-08-31,Chelsea,Sheffield United,1504.133211062758,1495.9333363580188,8.199874704739159,k30_ha75_nomov_carry100
33,1920,2019-08-31,Leicester,Bournemouth,1518.4475652700175,1496.4580369736614,21.989528296356184,k30_ha75_nomov_carry100
34,1920,2019-08-31,Man City,Brighton,1532.922864654375,1493.6483718857469,39.27449276862808,k30_ha75_nomov_carry100
35,1920,2019-08-31,West Ham,Norwich,1504.0017955425124,1480.962215062675,23.03958047983724,k30_ha75_nomov_carry100
36,1920,2019-08-31,Burnley,Liverpool,1503.4544043134065,1540.8547244615745,-37.40032014816802,k30_ha75_nomov_carry100
37,1920,2019-08-31,Newcastle,Watford,1490.246018860759,1453.3286631148662,36.91735574589279,k30_ha75_nomov_carry100
38,1920,2019-09-01,Everton,Wolves,1500.4757517224598,1497.1646940585572,3.311057663902602,k30_ha75_nomov_carry100
39,1920,2019-09-01,Arsenal,Tottenham,1517.8969117635197,1495.2776533857716,22.61925837774811,k30_ha75_nomov_carry100
40,1920,2019-09-14,Liverpool,Newcastle,1557.4717254468571,1485.5746254330177,71.89710001383946,k30_ha75_nomov_carry100
41,1920,2019-09-14,Sheffield United,Southampton,1499.4582411447411,1487.8693000279657,11.588941116775459,k30_ha75_nomov_carry100
42,1920,2019-09-14,Man United,Leicester,1498.2742770761015,1529.365676896616,-31.091399820514425,k30_ha75_nomov_carry100
43,1920,2019-09-14,Norwich,Man City,1470.0860460843742,1543.1597704830551,-73.07372439868095,k30_ha75_nomov_carry100
44,1920,2019-09-14,Tottenham,Crystal Palace,1499.3847036418745,1515.6101899260655,-16.225486284190993,k30_ha75_nomov_carry100
45,1920,2019-09-14,Wolves,Chelsea,1485.489538882659,1500.6083062760356,-15.11876739337663,k30_ha75_nomov_carry100
46,1920,2019-09-14,Brighton,Burnley,1483.4114660570667,1486.8374033281239,-3.425937271057137,k30_ha75_nomov_carry100
47,1920,2019-09-15,Bournemouth,Everton,1485.539925347063,1512.150906898358,-26.610981551295026,k30_ha75_nomov_carry100
48,1920,2019-09-15,Watford,Arsenal,1458.0000565426076,1513.7898615074168,-55.789804964809264,k30_ha75_nomov_carry100
49,1920,2019-09-16,Aston Villa,West Ham,1473.040014479188,1514.8779645208133,-41.83795004162539,k30_ha75_nomov_carry100
50,1920,2019-09-20,Southampton,Bournemouth,1506.5321220965977,1498.4642073867687,8.067914709828983,k30_ha75_nomov_carry100
51,1920,2019-09-21,Burnley,Norwich,1489.8845201856934,1485.0028829336507,4.881637252042765,k30_ha75_nomov_carry100
52,1920,2019-09-21,Everton,Sheffield United,1499.2266248586523,1480.795419076109,18.431205782543202,k30_ha75_nomov_carry100
53,1920,2019-09-21,Man City,Watford,1528.2429336337786,1457.1715298886459,71.07140374513278,k30_ha75_nomov_carry100
54,1920,2019-09-21,Newcastle,Brighton,1476.5639737094116,1480.3643491994972,-3.800375490085571,k30_ha75_nomov_carry100
55,1920,2019-09-21,Leicester,Tottenham,1516.2513351807431,1511.8711355121063,4.380199668636806,k30_ha75_nomov_carry100
56,1920,2019-09-22,Crystal Palace,Wolves,1503.1237580558336,1467.9295564823112,35.19420157352238,k30_ha75_nomov_carry100
57,1920,2019-09-22,West Ham,Man United,1516.3053532754004,1511.3886187919743,4.916734483426126,k30_ha75_nomov_carry100
58,1920,2019-09-22,Arsenal,Aston Villa,1514.6183881613786,1471.6126257246008,43.005762436777786,k30_ha75_nomov_carry100
59,1920,2019-09-22,Chelsea,Liverpool,1518.1682886763833,1566.4823771704632,-48.3140884940799,k30_ha75_nomov_carry100
60,1920,2019-09-28,Chelsea,Brighton,1502.018425581791,1483.3959639747159,18.622461607075138,k30_ha75_nomov_carry100
61,1920,2019-09-28,Bournemouth,West Ham,1516.9837291316182,1527.9146596609974,-10.930930529379111,k30_ha75_nomov_carry100
62,1920,2019-09-28,Sheffield United,Liverpool,1499.734666084892,1582.6322402650555,-82.89757418016347,k30_ha75_nomov_carry100
63,1920,2019-09-28,Aston Villa,Burnley,1461.5200708226441,1501.4952644478349,-39.97519362519074,k30_ha75_nomov_carry100
64,1920,2019-09-28,Tottenham,Southampton,1500.2398410106923,1488.0126003517482,12.227240658944083,k30_ha75_nomov_carry100
65,1920,2019-09-28,Everton,Man City,1480.2873778498692,1537.2835784614826,-56.9962006116134,k30_ha75_nomov_carry100
66,1920,2019-09-28,Crystal Palace,Norwich,1498.5196472929806,1473.3921386715092,25.127508621471407,k30_ha75_nomov_carry100
67,1920,2019-09-28,Wolves,Watford,1472.5336672451642,1448.1308850609419,24.40278218422236,k30_ha75_nomov_carry100
68,1920,2019-09-29,Leicester,Newcastle,1527.8826296821571,1473.5323589341929,54.35027074796426,k30_ha75_nomov_carry100
69,1920,2019-09-30,Man United,Arsenal,1499.7793124063774,1524.7109430633352,-24.93163065695785,k30_ha75_nomov_carry100
70,1920,2019-10-05,Liverpool,Leicester,1597.2913332927885,1537.5426017119592,59.74873158082937,k30_ha75_nomov_carry100
71,1920,2019-10-05,Burnley,Everton,1503.0023052197862,1464.5107863299359,38.49151888985034,k30_ha75_nomov_carry100
72,1920,2019-10-05,Brighton,Tottenham,1472.3428975730594,1511.5511161858774,-39.20821861281797,k30_ha75_nomov_carry100
73,1920,2019-10-05,Norwich,Aston Villa,1462.5991611415382,1460.0130300506928,2.586131090845356,k30_ha75_nomov_carry100
74,1920,2019-10-05,West Ham,Crystal Palace,1530.649810475854,1509.3126248229516,21.337185652902463,k30_ha75_nomov_carry100
75,1920,2019-10-05,Watford,Sheffield United,1437.3090630062957,1485.075573057159,-47.76651005086342,k30_ha75_nomov_carry100
76,1920,2019-10-06,Arsenal,Bournemouth,1526.857727948131,1514.2485783167615,12.609149631369519,k30_ha75_nomov_carry100
77,1920,2019-10-06,Man City,Wolves,1553.060169981416,1483.3554892998104,69.70468068160562,k30_ha75_nomov_carry100
78,1920,2019-10-06,Southampton,Chelsea,1476.7013251765632,1513.0714919834475,-36.3701668068843,k30_ha75_nomov_carry100
79,1920,2019-10-06,Newcastle,Man United,1463.8723869043909,1497.6325275215816,-33.7601406171907,k30_ha75_nomov_carry100
80,1920,2019-10-19,Bournemouth,Norwich,1502.9527901661033,1444.3040899415478,58.64870022455557,k30_ha75_nomov_carry100
81,1920,2019-10-19,Aston Villa,Brighton,1478.3081012506832,1485.8030853951957,-7.4949841445125,k30_ha75_nomov_carry100
82,1920,2019-10-19,Chelsea,Newcastle,1529.732437248042,1477.1002339732065,52.63220327483555,k30_ha75_nomov_carry100
83,1920,2019-10-19,Everton,West Ham,1454.2434635612292,1511.5940136920183,-57.35055013078909,k30_ha75_nomov_carry100
84,1920,2019-10-19,Tottenham,Watford,1498.090928363741,1436.1357008311293,61.95522753261184,k30_ha75_nomov_carry100
85,1920,2019-10-19,Wolves,Southampton,1504.2650742807527,1460.0403799119686,44.224694368784185,k30_ha75_nomov_carry100
86,1920,2019-10-19,Leicester,Burnley,1528.085025413209,1513.2696279884929,14.815397424716139,k30_ha75_nomov_carry100
87,1920,2019-10-19,Crystal Palace,Man City,1528.3684216067875,1532.1505850004737,-3.7821633936862327,k30_ha75_nomov_carry100
88,1920,2019-10-20,Man United,Liverpool,1484.404680452766,1606.7489095915387,-122.34422913877279,k30_ha75_nomov_carry100
89,1920,2019-10-21,Sheffield United,Arsenal,1486.2489352323255,1538.1535160987892,-51.904580866463675,k30_ha75_nomov_carry100
90,1920,2019-10-25,Southampton,Leicester,1464.9947636566326,1539.2915121461638,-74.29674848953118,k30_ha75_nomov_carry100
91,1920,2019-10-26,Man City,Aston Villa,1550.1829539295584,1490.4298037361627,59.75315019339564,k30_ha75_nomov_carry100
92,1920,2019-10-26,Brighton,Everton,1473.6813829097161,1468.4821303338063,5.199252575909895,k30_ha75_nomov_carry100
93,1920,2019-10-26,Watford,Bournemouth,1441.7601871510367,1497.4514225899763,-55.69123543893966,k30_ha75_nomov_carry100
94,1920,2019-10-26,West Ham,Sheffield United,1497.3553469194412,1500.2532919160165,-2.8979449965752337,k30_ha75_nomov_carry100
95,1920,2019-10-26,Burnley,Chelsea,1502.063141255538,1539.4572971816774,-37.39415592613932,k30_ha75_nomov_carry100
96,1920,2019-10-27,Newcastle,Wolves,1467.3753740395712,1499.3106905360887,-31.935316496517544,k30_ha75_nomov_carry100
97,1920,2019-10-27,Arsenal,Crystal Palace,1524.1491594150982,1510.3360526777028,13.813106737395401,k30_ha75_nomov_carry100
98,1920,2019-10-27,Liverpool,Tottenham,1604.717453323547,1492.4664420438337,112.25101127971334,k30_ha75_nomov_carry100
99,1920,2019-10-27,Norwich,Man United,1449.8054575176748,1486.4361367207575,-36.630679203082764,k30_ha75_nomov_carry100
100,1920,2019-11-02,Arsenal,Wolves,1520.3961803245563,1501.1604789107337,19.235701413822653,k30_ha75_nomov_carry100
101,1920,2019-11-02,Brighton,Norwich,1485.2791173819353,1433.155622494771,52.12349488716427,k30_ha75_nomov_carry100
102,1920,2019-11-02,Bournemouth,Man United,1498.2841917824092,1503.0859717436613,-4.801779961252123,k30_ha75_nomov_carry100
103,1920,2019-11-02,Aston Villa,Liverpool,1480.9723921587506,1612.3345424494457,-131.36215029069513,k30_ha75_nomov_carry100
104,1920,2019-11-02,West Ham,Newcastle,1494.2863822408153,1465.5255856649262,28.760796575889117,k30_ha75_nomov_carry100
105,1920,2019-11-02,Watford,Chelsea,1440.9274179586039,1556.074561204647,-115.14714324604302,k30_ha75_nomov_carry100
106,1920,2019-11-02,Sheffield United,Burnley,1503.3222565946423,1485.4458772325686,17.87637936207375,k30_ha75_nomov_carry100
107,1920,2019-11-02,Man City,Southampton,1559.6403655069705,1449.9644018897604,109.67596361721007,k30_ha75_nomov_carry100
108,1920,2019-11-03,Crystal Palace,Leicester,1514.0890317682447,1554.321873913036,-40.23284214479122,k30_ha75_nomov_carry100
109,1920,2019-11-03,Everton,Tottenham,1456.884395861587,1484.849352917935,-27.964957056347885,k30_ha75_nomov_carry100
110,1920,2019-11-08,Norwich,Watford,1423.4115062128706,1427.6530358866637,-4.2415296737931385,k30_ha75_nomov_carry100
111,1920,2019-11-09,Tottenham,Sheffield United,1486.8677038015824,1514.4053206754652,-27.537616873882826,k30_ha75_nomov_carry100
112,1920,2019-11-09,Southampton,Everton,1442.2627645355021,1454.8660449779397,-12.603280442437608,k30_ha75_nomov_carry100
113,1920,2019-11-09,Chelsea,Crystal Palace,1569.348943276587,1497.593003112988,71.755940163599,k30_ha75_nomov_carry100
114,1920,2019-11-09,Leicester,Arsenal,1570.8179025682925,1516.4246155933106,54.39328697498195,k30_ha75_nomov_carry100
115,1920,2019-11-09,Newcastle,Bournemouth,1484.8767027933748,1510.2940691638037,-25.41736637042891,k30_ha75_nomov_carry100
116,1920,2019-11-09,Burnley,West Ham,1474.3628131517457,1474.9352651123668,-0.5724519606210379,k30_ha75_nomov_carry100
117,1920,2019-11-10,Wolves,Aston Villa,1505.1320436419794,1468.3846184505928,36.74742519138658,k30_ha75_nomov_carry100
118,1920,2019-11-10,Liverpool,Man City,1624.9223161576035,1567.3420028612288,57.5803132963747,k30_ha75_nomov_carry100
119,1920,2019-11-10,Man United,Brighton,1491.0760943622668,1495.0232336638358,-3.9471393015689955,k30_ha75_nomov_carry100
120,1920,2019-11-23,Arsenal,Southampton,1506.766265280357,1424.5974750235061,82.1687902568508,k30_ha75_nomov_carry100
121,1920,2019-11-23,Brighton,Leicester,1483.0487704395846,1580.4762528812462,-97.4274824416616,k30_ha75_nomov_carry100
122,1920,2019-11-23,West Ham,Tottenham,1463.1002936610046,1484.8312402083473,-21.730946547342683,k30_ha75_nomov_carry100
123,1920,2019-11-23,Bournemouth,Wolves,1497.4203086024131,1515.4672761755844,-18.046967573171287,k30_ha75_nomov_carry100
124,1920,2019-11-23,Man City,Chelsea,1557.8034039824265,1578.3647185531063,-20.56131457067977,k30_ha75_nomov_carry100
125,1920,2019-11-23,Crystal Palace,Liverpool,1488.5772278364689,1634.4609150364058,-145.88368719993696,k30_ha75_nomov_carry100
126,1920,2019-11-23,Everton,Norwich,1472.5313344899357,1405.3981642862757,67.13317020366003,k30_ha75_nomov_carry100
127,1920,2019-11-23,Watford,Burnley,1445.6663778132586,1486.197784603108,-40.53140678984937,k30_ha75_nomov_carry100
128,1920,2019-11-24,Sheffield United,Man United,1516.4417842687003,1503.050557586518,13.391226682182378,k30_ha75_nomov_carry100
129,1920,2019-11-25,Aston Villa,Newcastle,1458.0493859169878,1497.7504633547653,-39.701077437777485,k30_ha75_nomov_carry100
130,1920,2019-11-30,Chelsea,West Ham,1565.6959785412437,1445.8183366200421,119.87764192120153,k30_ha75_nomov_carry100
131,1920,2019-11-30,Burnley,Crystal Palace,1502.6810503148245,1476.5957572647153,26.085293050109158,k30_ha75_nomov_carry100
132,1920,2019-11-30,Newcastle,Man City,1484.2692182837955,1570.4721439942891,-86.20292571049367,k30_ha75_nomov_carry100
133,1920,2019-11-30,Liverpool,Brighton,1646.4423856081594,1469.0157000329184,177.42668557524098,k30_ha75_nomov_carry100
134,1920,2019-11-30,Southampton,Watford,1430.9551301368983,1429.183112101542,1.7720180353562682,k30_ha75_nomov_carry100
135,1920,2019-11-30,Tottenham,Bournemouth,1502.1131972493097,1479.9832384346348,22.129958814674865,k30_ha75_nomov_carry100
136,1920,2019-12-01,Norwich,Arsenal,1426.2136877149442,1500.4086101669648,-74.19492245202059,k30_ha75_nomov_carry100
137,1920,2019-12-01,Wolves,Sheffield United,1532.9043463433627,1512.705884198569,20.198462144793666,k30_ha75_nomov_carry100
138,1920,2019-12-01,Leicester,Everton,1594.5093232879124,1451.7158110612672,142.79351222664513,k30_ha75_nomov_carry100
139,1920,2019-12-01,Man United,Aston Villa,1506.7864576566492,1471.5306309879577,35.2558266686915,k30_ha75_nomov_carry100
140,1920,2019-12-03,Crystal Palace,Bournemouth,1495.8408483235173,1469.0707400922631,26.7701082312542,k30_ha75_nomov_carry100
141,1920,2019-12-03,Burnley,Man City,1483.4359592560224,1569.9886423680377,-86.5526831120153,k30_ha75_nomov_carry100
142,1920,2019-12-04,Man United,Tottenham,1502.179937114943,1513.0256955916814,-10.84575847673841,k30_ha75_nomov_carry100
143,1920,2019-12-04,Chelsea,Aston Villa,1543.0662724744484,1476.137151529664,66.92912094478447,k30_ha75_nomov_carry100
144,1920,2019-12-04,Leicester,Watford,1601.1710276625438,1417.4447141385597,183.72631352398412,k30_ha75_nomov_carry100
145,1920,2019-12-04,Wolves,West Ham,1528.8941582364528,1468.4480426868374,60.44611554961534,k30_ha75_nomov_carry100
146,1920,2019-12-04,Liverpool,Everton,1652.1282035576148,1445.0541066866358,207.07409687097902,k30_ha75_nomov_carry100
147,1920,2019-12-04,Southampton,Norwich,1442.6935280998807,1426.1789297853913,16.514598314489376,k30_ha75_nomov_carry100
148,1920,2019-12-05,Sheffield United,Newcastle,1516.716072305479,1484.7527199100468,31.96335239543214,k30_ha75_nomov_carry100
149,1920,2019-12-05,Arsenal,Brighton,1500.4433680965176,1463.329882083463,37.113486013054626,k30_ha75_nomov_carry100
150,1920,2019-12-07,Everton,Chelsea,1440.1134522152404,1552.2582360841745,-112.14478386893416,k30_ha75_nomov_carry100
151,1920,2019-12-07,Bournemouth,Liverpool,1458.3430138000388,1657.0688580290102,-198.72584422897148,k30_ha75_nomov_carry100
152,1920,2019-12-07,Tottenham,Burnley,1500.7644011579323,1468.9345449395014,31.829856218430905,k30_ha75_nomov_carry100
153,1920,2019-12-07,Watford,Crystal Palace,1411.9241275815084,1506.5685746157417,-94.64444703423328,k30_ha75_nomov_carry100
154,1920,2019-12-07,Man City,Man United,1584.4900566845588,1514.441231548692,70.04882513586676,k30_ha75_nomov_carry100
155,1920,2019-12-08,Aston Villa,Leicester,1466.9451879199378,1606.691614219595,-139.7464262996573,k30_ha75_nomov_carry100
156,1920,2019-12-08,Newcastle,Southampton,1504.2301271366014,1453.8314318550802,50.39869528152121,k30_ha75_nomov_carry100
157,1920,2019-12-08,Norwich,Sheffield United,1415.041026030192,1497.2386650789244,-82.19763904873253,k30_ha75_nomov_carry100
158,1920,2019-12-08,Brighton,Wolves,1483.008920547161,1538.3257559571928,-55.31683541003167,k30_ha75_nomov_carry100
159,1920,2019-12-09,West Ham,Arsenal,1459.0164449660974,1480.7643296328195,-21.74788466672203,k30_ha75_nomov_carry100
160,1920,2019-12-14,Liverpool,Watford,1666.942091368656,1412.7713439022186,254.17074746643743,k30_ha75_nomov_carry100
161,1920,2019-12-14,Burnley,Newcastle,1458.4067015897974,1514.0396797990593,-55.632978209261864,k30_ha75_nomov_carry100
162,1920,2019-12-14,Chelsea,Bournemouth,1535.6606490391714,1448.469780460393,87.19086857877846,k30_ha75_nomov_carry100
163,1920,2019-12-14,Leicester,Norwich,1618.9282019741154,1400.3517286402557,218.57647333385967,k30_ha75_nomov_carry100
164,1920,2019-12-14,Sheffield United,Aston Villa,1511.9279624688606,1454.7086001654175,57.21936230344318,k30_ha75_nomov_carry100
165,1920,2019-12-14,Southampton,West Ham,1444.0218791926222,1441.7352022833797,2.2866769092424875,k30_ha75_nomov_carry100
166,1920,2019-12-15,Man United,Everton,1535.363363381025,1456.7110392602435,78.65232412078149,k30_ha75_nomov_carry100
167,1920,2019-12-15,Wolves,Tottenham,1539.1746385061572,1511.2922445076363,27.88239399852091,k30_ha75_nomov_carry100
168,1920,2019-12-15,Arsenal,Man City,1498.0455723155371,1563.5679248522258,-65.52235253668869,k30_ha75_nomov_carry100
169,1920,2019-12-16,Crystal Palace,Brighton,1505.7213582950315,1482.1600379981967,23.561320296834765,k30_ha75_nomov_carry100
170,1920,2019-12-21,Brighton,Sheffield United,1486.3046832178989,1521.4800841527533,-35.17540093485445,k30_ha75_nomov_carry100
171,1920,2019-12-21,Everton,Arsenal,1462.9436171596085,1482.6364908481903,-19.692873688581813,k30_ha75_nomov_carry100
172,1920,2019-12-21,Aston Villa,Southampton,1445.1564784815248,1425.7391149255118,19.417363556013015,k30_ha75_nomov_carry100
173,1920,2019-12-21,Newcastle,Crystal Palace,1499.8749563825597,1501.5767130753293,-1.7017566927695498,k30_ha75_nomov_carry100
174,1920,2019-12-21,Norwich,Wolves,1410.6783036234933,1519.858279461787,-109.17997583829379,k30_ha75_nomov_carry100
175,1920,2019-12-21,Man City,Leicester,1578.9770063195726,1608.6016269908778,-29.624620671305138,k30_ha75_nomov_carry100
176,1920,2019-12-21,Bournemouth,Burnley,1470.004210401539,1472.571425006297,-2.5672146047579645,k30_ha75_nomov_carry100
177,1920,2019-12-22,Watford,Man United,1408.8506011397253,1529.13078548166,-120.28018434193473,k30_ha75_nomov_carry100
178,1920,2019-12-22,Tottenham,Chelsea,1530.6086035520063,1514.1262190980253,16.482384453981012,k30_ha75_nomov_carry100
179,1920,2019-12-26,Aston Villa,Norwich,1426.177621597396,1397.1492295522057,29.02839204519023,k30_ha75_nomov_carry100
180,1920,2019-12-26,Crystal Palace,West Ham,1489.695124516937,1460.0179665504902,29.677157966446885,k30_ha75_nomov_carry100
181,1920,2019-12-26,Tottenham,Brighton,1511.747805923956,1469.5928078105183,42.15499811343784,k30_ha75_nomov_carry100
182,1920,2019-12-26,Bournemouth,Arsenal,1451.9215673247272,1485.0043245178226,-33.082757193095404,k30_ha75_nomov_carry100
183,1920,2019-12-26,Everton,Burnley,1460.5757834899762,1490.6540680831088,-30.078284593132594,k30_ha75_nomov_carry100
184,1920,2019-12-26,Man United,Newcastle,1512.186876159817,1511.756544940952,0.4303312188651489,k30_ha75_nomov_carry100
185,1920,2019-12-26,Leicester,Liverpool,1595.54957704303,1670.8628341311494,-75.31325708811937,k30_ha75_nomov_carry100
186,1920,2019-12-26,Sheffield United,Watford,1538.191959560134,1425.7945104615683,112.39744909856563,k30_ha75_nomov_carry100
187,1920,2019-12-26,Chelsea,Southampton,1532.9870167260756,1444.7179718096406,88.26904491643495,k30_ha75_nomov_carry100
188,1920,2019-12-27,Wolves,Man City,1533.3873535330747,1592.0290562674204,-58.6417027343457,k30_ha75_nomov_carry100
189,1920,2019-12-28,Watford,Aston Villa,1433.182210979128,1436.8159259178722,-3.633714938744106,k30_ha75_nomov_carry100
190,1920,2019-12-28,Norwich,Tottenham,1386.5109252317295,1521.873186038956,-135.36226080722645,k30_ha75_nomov_carry100
191,1920,2019-12-28,Brighton,Bournemouth,1459.4674276955184,1450.1205842760398,9.346843419478546,k30_ha75_nomov_carry100
192,1920,2019-12-28,Newcastle,Everton,1499.962914317662,1473.6470926266077,26.315821691054225,k30_ha75_nomov_carry100
193,1920,2019-12-28,Southampton,Crystal Palace,1466.2900656887093,1500.3078015865308,-34.01773589782147,k30_ha75_nomov_carry100
194,1920,2019-12-28,West Ham,Leicester,1449.4052894808965,1580.563101435016,-131.15781195411955,k30_ha75_nomov_carry100
195,1920,2019-12-28,Burnley,Man United,1477.5827589464773,1523.980506783107,-46.39774783662983,k30_ha75_nomov_carry100
196,1920,2019-12-29,Arsenal,Chelsea,1486.80530756651,1511.414922847007,-24.609615280496882,k30_ha75_nomov_carry100
197,1920,2019-12-29,Liverpool,Wolves,1685.8493097391633,1547.681630475289,138.16767926387433,k30_ha75_nomov_carry100
198,1920,2019-12-29,Man City,Sheffield United,1577.734779325206,1530.8042590425741,46.93052028263196,k30_ha75_nomov_carry100
199,1920,2020-01-01,Burnley,Aston Villa,1461.350682552634,1424.854441427316,36.496241125317965,k30_ha75_nomov_carry100
200,1920,2020-01-01,Newcastle,Leicester,1480.7086693953338,1593.1594698002598,-112.45080040492599,k30_ha75_nomov_carry100
201,1920,2020-01-01,Brighton,Chelsea,1470.8957752421857,1528.575323677151,-57.67954843496523,k30_ha75_nomov_carry100
202,1920,2020-01-01,Watford,Wolves,1445.1436954696842,1540.880905461693,-95.73720999200873,k30_ha75_nomov_carry100
203,1920,2020-01-01,Man City,Everton,1587.6765890363495,1492.9013375489358,94.7752514874137,k30_ha75_nomov_carry100
204,1920,2020-01-01,Southampton,Tottenham,1464.5288797687338,1519.2930456512872,-54.76416588255347,k30_ha75_nomov_carry100
205,1920,2020-01-01,Arsenal,Man United,1469.644906736366,1540.2125831769504,-70.56767644058436,k30_ha75_nomov_carry100
206,1920,2020-01-01,Norwich,Crystal Palace,1389.0910656193983,1502.0689875065063,-112.9779218871081,k30_ha75_nomov_carry100
207,1920,2020-01-01,West Ham,Bournemouth,1436.8089211156528,1438.6922367293726,-1.8833156137197875,k30_ha75_nomov_carry100
208,1920,2020-01-02,Liverpool,Sheffield United,1692.6500347527594,1520.8624493314308,171.78758542132869,k30_ha75_nomov_carry100
209,1920,2020-01-10,Sheffield United,West Ham,1515.0255337994645,1448.698010236072,66.32752356339256,k30_ha75_nomov_carry100
210,1920,2020-01-11,Crystal Palace,Arsenal,1500.4358481690192,1484.4535583263344,15.98228984268485,k30_ha75_nomov_carry100
211,1920,2020-01-11,Chelsea,Burnley,1529.3224888205684,1441.6957129901245,87.62677583044388,k30_ha75_nomov_carry100
212,1920,2020-01-11,Everton,Brighton,1484.6985312689867,1470.1486100987681,14.549921170218568,k30_ha75_nomov_carry100
213,1920,2020-01-11,Leicester,Southampton,1606.5488220557788,1478.6562151371095,127.89260691866934,k30_ha75_nomov_carry100
214,1920,2020-01-11,Man United,Norwich,1525.403931586982,1390.7242049568854,134.67972663009664,k30_ha75_nomov_carry100
215,1920,2020-01-11,Wolves,Newcastle,1524.9866697838447,1467.3193171398148,57.66735264402996,k30_ha75_nomov_carry100
216,1920,2020-01-11,Tottenham,Liverpool,1505.1657102829115,1698.4869502847257,-193.3212400018142,k30_ha75_nomov_carry100
217,1920,2020-01-12,Bournemouth,Watford,1426.8031476089534,1461.0379311475324,-34.234783538578995,k30_ha75_nomov_carry100
218,1920,2020-01-12,Aston Villa,Man City,1444.5094109898255,1595.8793953162985,-151.36998432647306,k30_ha75_nomov_carry100
219,1920,2020-01-18,Man City,Crystal Palace,1607.6343339725133,1496.5952184741418,111.03911549837153,k30_ha75_nomov_carry100
220,1920,2020-01-18,Watford,Tottenham,1477.7898748722703,1495.0853141736573,-17.295439301386978,k30_ha75_nomov_carry100
221,1920,2020-01-18,Arsenal,Sheffield United,1488.2941880212118,1524.2395912191046,-35.9454031978928,k30_ha75_nomov_carry100
222,1920,2020-01-18,Brighton,Aston Villa,1458.9313928295119,1432.7544723336107,26.176920495901186,k30_ha75_nomov_carry100
223,1920,2020-01-18,Southampton,Wolves,1501.5394091643739,1519.5220093171044,-17.982600152730583,k30_ha75_nomov_carry100
224,1920,2020-01-18,West Ham,Everton,1439.4839528164318,1495.915748538243,-56.43179572181111,k30_ha75_nomov_carry100
225,1920,2020-01-18,Newcastle,Chelsea,1472.783977606555,1537.7728190328646,-64.98884142630959,k30_ha75_nomov_carry100
226,1920,2020-01-18,Norwich,Bournemouth,1383.8173080003437,1410.0512038842155,-26.23389588387181,k30_ha75_nomov_carry100
227,1920,2020-01-19,Burnley,Leicester,1433.2453827778284,1583.6656280285144,-150.4202452506861,k30_ha75_nomov_carry100
228,1920,2020-01-19,Liverpool,Man United,1708.56734639398,1532.3108285435237,176.25651785045625,k30_ha75_nomov_carry100
229,1920,2020-01-21,Aston Villa,Watford,1437.0032021599222,1475.3212262451748,-38.318024085252546,k30_ha75_nomov_carry100
230,1920,2020-01-21,Bournemouth,Brighton,1397.1428877838741,1454.6826630032003,-57.5397752193262,k30_ha75_nomov_carry100
231,1920,2020-01-21,Crystal Palace,Southampton,1503.9384147836804,1484.0996334693004,19.838781314379958,k30_ha75_nomov_carry100
232,1920,2020-01-21,Everton,Newcastle,1496.7166399962955,1487.3518807265434,9.364759269752085,k30_ha75_nomov_carry100
233,1920,2020-01-21,Sheffield United,Man City,1525.91864769228,1600.2911376629747,-74.37248997069469,k30_ha75_nomov_carry100
234,1920,2020-01-21,Chelsea,Arsenal,1523.2049159128762,1486.6151315480363,36.58978436483994,k30_ha75_nomov_carry100
235,1920,2020-01-22,Leicester,West Ham,1565.45967420402,1438.6830613583793,126.77661284564078,k30_ha75_nomov_carry100
236,1920,2020-01-22,Tottenham,Norwich,1497.5539628007527,1396.725624100685,100.82833870006766,k30_ha75_nomov_carry100
237,1920,2020-01-22,Man United,Burnley,1526.59390469627,1451.4513366023227,75.14256809394738,k30_ha75_nomov_carry100
238,1920,2020-01-23,Wolves,Liverpool,1536.9617850121779,1714.2842702412336,-177.3224852290557,k30_ha75_nomov_carry100
239,1920,2020-01-29,West Ham,Liverpool,1431.5313228302841,1724.9900930248773,-293.45877019459317,k30_ha75_nomov_carry100
240,1920,2020-02-01,Bournemouth,Aston Villa,1411.389703239009,1450.4253722773108,-39.035669038301876,k30_ha75_nomov_carry100
241,1920,2020-02-01,Liverpool,Southampton,1731.631972249766,1503.095398813165,228.53657343660097,k30_ha75_nomov_carry100
242,1920,2020-02-01,Crystal Palace,Sheffield United,1484.9426494398158,1510.8915559360037,-25.948906496187874,k30_ha75_nomov_carry100
243,1920,2020-02-01,Leicester,Chelsea,1572.6114127321152,1518.5462970072244,54.0651157248908,k30_ha75_nomov_carry100
244,1920,2020-02-01,Newcastle,Norwich,1490.924262806245,1388.7288407775538,102.19542202869115,k30_ha75_nomov_carry100
245,1920,2020-02-01,Man United,Wolves,1505.4872187342514,1526.2559622285341,-20.768743494282717,k30_ha75_nomov_carry100
246,1920,2020-02-01,Watford,Everton,1461.8990561277863,1493.144257916594,-31.245201788807663,k30_ha75_nomov_carry100
247,1920,2020-02-01,West Ham,Brighton,1424.8894436053954,1440.4358475480656,-15.546403942670167,k30_ha75_nomov_carry100
248,1920,2020-02-02,Burnley,Arsenal,1472.5580225643414,1491.273750453688,-18.71572788934668,k30_ha75_nomov_carry100
249,1920,2020-02-02,Tottenham,Man City,1505.550746123884,1615.318229419251,-109.76748329536713,k30_ha75_nomov_carry100
250,1920,2020-02-08,Everton,Crystal Palace,1510.0233806081799,1467.8389021935902,42.18447841458965,k30_ha75_nomov_carry100
251,1920,2020-02-08,Brighton,Watford,1442.9779013908924,1445.0199334362003,-2.0420320453079057,k30_ha75_nomov_carry100
252,1920,2020-02-09,Sheffield United,Bournemouth,1527.9953031822292,1424.8425203761215,103.15278280610778,k30_ha75_nomov_carry100
253,1920,2020-02-14,Wolves,Leicester,1528.5784822945052,1567.2821387536733,-38.70365645916809,k30_ha75_nomov_carry100
254,1920,2020-02-15,Southampton,Burnley,1498.6437452176938,1470.1490717084696,28.494673509224185,k30_ha75_nomov_carry100
255,1920,2020-02-15,Norwich,Liverpool,1395.778128874309,1736.0836258452373,-340.3054969709283,k30_ha75_nomov_carry100
256,1920,2020-02-16,Aston Villa,Tottenham,1436.9725551401982,1522.0467886897595,-85.07423354956131,k30_ha75_nomov_carry100
257,1920,2020-02-16,Arsenal,Newcastle,1493.68270130956,1483.8749747094898,9.807726600070055,k30_ha75_nomov_carry100
258,1920,2020-02-17,Chelsea,Man United,1523.8755709856664,1503.1646986682804,20.71087231738602,k30_ha75_nomov_carry100
259,1920,2020-02-19,Man City,West Ham,1598.8221868533756,1422.3473897625686,176.474797090807,k30_ha75_nomov_carry100
260,1920,2020-02-22,Chelsea,Tottenham,1504.844849645567,1536.6119709181132,-31.76712127254632,k30_ha75_nomov_carry100
261,1920,2020-02-22,Burnley,Bournemouth,1489.489663803728,1416.9239708052473,72.5656929984807,k30_ha75_nomov_carry100
262,1920,2020-02-22,Crystal Palace,Newcastle,1457.7146603990695,1472.465391009679,-14.75073061060948,k30_ha75_nomov_carry100
263,1920,2020-02-22,Sheffield United,Brighton,1535.9138527531034,1439.8735487365348,96.0403040165686,k30_ha75_nomov_carry100
264,1920,2020-02-22,Southampton,Aston Villa,1479.3031531224356,1422.4073729118445,56.895780210591056,k30_ha75_nomov_carry100
265,1920,2020-02-22,Leicester,Man City,1568.8435018489797,1604.5332984530871,-35.689796604107414,k30_ha75_nomov_carry100
266,1920,2020-02-23,Man United,Watford,1522.1954200083799,1448.124286090558,74.07113391782195,k30_ha75_nomov_carry100
267,1920,2020-02-23,Wolves,Norwich,1527.0171191991988,1390.4261102634207,136.59100893577806,k30_ha75_nomov_carry100
268,1920,2020-02-23,Arsenal,Everton,1505.0922850093707,1520.1476224027006,-15.055337393329864,k30_ha75_nomov_carry100
269,1920,2020-02-24,Liverpool,West Ham,1741.4356444561256,1416.636278162857,324.7993662932686,k30_ha75_nomov_carry100
270,1920,2020-02-28,Norwich,Leicester,1383.577535396555,1552.1535491242685,-168.57601372771342,k30_ha75_nomov_carry100
271,1920,2020-02-29,Bournemouth,Chelsea,1407.9375638090255,1517.9879105581372,-110.05034674911167,k30_ha75_nomov_carry100
272,1920,2020-02-29,West Ham,Southampton,1413.9061405936015,1488.8674062873395,-74.96126569373791,k30_ha75_nomov_carry100
273,1920,2020-02-29,Brighton,Crystal Palace,1446.7140724026294,1470.1392541743965,-23.42518177176703,k30_ha75_nomov_carry100
274,1920,2020-02-29,Watford,Liverpool,1439.1923328796834,1744.165782025381,-304.9734491456977,k30_ha75_nomov_carry100
275,1920,2020-02-29,Newcastle,Burnley,1460.040797234352,1498.4760707999499,-38.435273565597754,k30_ha75_nomov_carry100
276,1920,2020-03-01,Everton,Man United,1507.7102634501168,1531.1273732192544,-23.417109769137596,k30_ha75_nomov_carry100
277,1920,2020-03-01,Tottenham,Wolves,1523.468910005543,1533.8656940660644,-10.39678406052144,k30_ha75_nomov_carry100
278,1920,2020-03-07,Liverpool,Bournemouth,1720.4712177603494,1409.4456961090857,311.0255216512637,k30_ha75_nomov_carry100
279,1920,2020-03-07,Arsenal,West Ham,1517.5296439619544,1428.90446829918,88.62517566277438,k30_ha75_nomov_carry100
280,1920,2020-03-07,Crystal Palace,Watford,1487.3497055892137,1462.886897144715,24.462808444498705,k30_ha75_nomov_carry100
281,1920,2020-03-07,Sheffield United,Norwich,1529.0733290870087,1402.5226024548174,126.5507266321913,k30_ha75_nomov_carry100
282,1920,2020-03-07,Southampton,Newcastle,1473.869078581761,1458.4679735862233,15.401104995537708,k30_ha75_nomov_carry100
283,1920,2020-03-07,Wolves,Brighton,1551.62313281579,1429.5036209878122,122.11951182797793,k30_ha75_nomov_carry100
284,1920,2020-03-07,Burnley,Tottenham,1500.0488944480787,1505.7114712558173,-5.66257680773856,k30_ha75_nomov_carry100
285,1920,2020-03-08,Chelsea,Everton,1516.479778258077,1505.4994711080396,10.980307150037333,k30_ha75_nomov_carry100
286,1920,2020-03-08,Man United,Man City,1533.3381655613316,1621.2232511777984,-87.88508561646677,k30_ha75_nomov_carry100
287,1920,2020-03-09,Leicester,Aston Villa,1533.2084820660061,1412.8431197469406,120.36536231906553,k30_ha75_nomov_carry100
288,1920,2020-06-17,Aston Villa,Sheffield United,1405.4884234508454,1536.2321525628997,-130.74372911205433,k30_ha75_nomov_carry100
289,1920,2020-06-17,Man City,Arsenal,1605.667212214326,1525.9451318227977,79.72208039152815,k30_ha75_nomov_carry100
290,1920,2020-06-19,Norwich,Southampton,1395.3637789789263,1455.0519057251008,-59.688126746174476,k30_ha75_nomov_carry100
291,1920,2020-06-19,Tottenham,Man United,1508.6658894972725,1548.894204524804,-40.22831502753161,k30_ha75_nomov_carry100
292,1920,2020-06-20,Watford,Leicester,1452.0674654459158,1540.5631783621013,-88.49571291618554,k30_ha75_nomov_carry100
293,1920,2020-06-20,Brighton,Arsenal,1437.2048391488984,1517.2158722644353,-80.01103311553697,k30_ha75_nomov_carry100
294,1920,2020-06-20,West Ham,Wolves,1420.4889804383367,1543.9219146547039,-123.43293421636713,k30_ha75_nomov_carry100
295,1920,2020-06-20,Bournemouth,Crystal Palace,1406.5123045610667,1498.169137288013,-91.65683272694628,k30_ha75_nomov_carry100
296,1920,2020-06-21,Newcastle,Sheffield United,1477.2851464428834,1533.8459425930942,-56.56079615021076,k30_ha75_nomov_carry100
297,1920,2020-06-21,Aston Villa,Chelsea,1407.874633420651,1527.841676747958,-119.96704332730701,k30_ha75_nomov_carry100
298,1920,2020-06-21,Everton,Liverpool,1494.1375726181586,1723.4046093083684,-229.2670366902098,k30_ha75_nomov_carry100
299,1920,2020-06-22,Man City,Burnley,1614.3964717726883,1497.0944762066235,117.30199556606476,k30_ha75_nomov_carry100
300,1920,2020-06-23,Leicester,Brighton,1539.9808144671624,1452.4211678392016,87.55964662796077,k30_ha75_nomov_carry100
301,1920,2020-06-23,Tottenham,West Ham,1507.1696673350818,1407.5665580550888,99.60310927999308,k30_ha75_nomov_carry100
302,1920,2020-06-24,Man United,Sheffield United,1550.3904266869947,1519.6412804222791,30.74914626471559,k30_ha75_nomov_carry100
303,1920,2020-06-24,Newcastle,Aston Villa,1491.4898086136984,1394.8052488615454,96.68455975215306,k30_ha75_nomov_carry100
304,1920,2020-06-24,Norwich,Everton,1379.703139927041,1500.3920917779517,-120.6889518509106,k30_ha75_nomov_carry100
305,1920,2020-06-24,Wolves,Bournemouth,1556.8443370379518,1392.2308873779268,164.61344966002503,k30_ha75_nomov_carry100
306,1920,2020-06-24,Liverpool,Crystal Palace,1717.1500901485754,1512.4505544711528,204.69953567742255,k30_ha75_nomov_carry100
307,1920,2020-06-25,Chelsea,Man City,1540.9110613070636,1621.8495060122789,-80.93844470521526,k30_ha75_nomov_carry100
308,1920,2020-06-25,Burnley,Watford,1489.641441967033,1452.6498293408547,36.99161262617827,k30_ha75_nomov_carry100
309,1920,2020-06-25,Southampton,Arsenal,1470.712544776986,1501.999543574132,-31.286998797145998,k30_ha75_nomov_carry100
310,1920,2020-06-27,Aston Villa,Wolves,1401.6677840699813,1562.8778556204238,-161.21007155044254,k30_ha75_nomov_carry100
311,1920,2020-06-28,Watford,Southampton,1442.3241175720952,1453.8351983142843,-11.511080742189051,k30_ha75_nomov_carry100
312,1920,2020-06-29,Crystal Palace,Burnley,1507.453229069437,1499.9671537357924,7.486075333644521,k30_ha75_nomov_carry100
313,1920,2020-06-30,Brighton,Man United,1458.968491795124,1560.9608199428612,-101.99232814773723,k30_ha75_nomov_carry100
314,1920,2020-07-01,Arsenal,Norwich,1518.8768900368339,1366.6643981181687,152.21249191866514,k30_ha75_nomov_carry100
315,1920,2020-07-01,Bournemouth,Newcastle,1386.1973687954548,1484.6272734052625,-98.42990460980764,k30_ha75_nomov_carry100
316,1920,2020-07-01,Everton,Leicester,1513.430833586824,1533.43349051124,-20.002656924415987,k30_ha75_nomov_carry100
317,1920,2020-07-01,West Ham,Chelsea,1399.5283397460958,1556.1674196103029,-156.63907986420713,k30_ha75_nomov_carry100
318,1920,2020-07-02,Sheffield United,Tottenham,1509.0708871664126,1515.2078856440748,-6.136998477662246,k30_ha75_nomov_carry100
319,1920,2020-07-02,Man City,Liverpool,1606.5931477090396,1722.1474155502913,-115.55426784125166,k30_ha75_nomov_carry100
320,1920,2020-07-04,Norwich,Brighton,1360.2794465100449,1445.1315053280666,-84.85205881802176,k30_ha75_nomov_carry100
321,1920,2020-07-04,Leicester,Crystal Palace,1520.7882812000196,1488.9574537134895,31.830827486530097,k30_ha75_nomov_carry100
322,1920,2020-07-04,Man United,Bournemouth,1574.7978064099186,1372.2073884637314,202.59041794618724,k30_ha75_nomov_carry100
323,1920,2020-07-04,Wolves,Arsenal,1574.2304194172095,1525.2618416449577,48.96857777225182,k30_ha75_nomov_carry100
324,1920,2020-07-04,Chelsea,Watford,1537.706245471582,1424.6131884140418,113.09305705754014,k30_ha75_nomov_carry100
325,1920,2020-07-05,Burnley,Sheffield United,1518.4629290917399,1521.1361620494777,-2.6732329577378096,k30_ha75_nomov_carry100
326,1920,2020-07-05,Newcastle,West Ham,1498.617253736986,1417.9895138848167,80.62773985216927,k30_ha75_nomov_carry100
327,1920,2020-07-05,Liverpool,Aston Villa,1705.4044556084157,1390.3152202731956,315.0892353352201,k30_ha75_nomov_carry100
328,1920,2020-07-05,Southampton,Man City,1471.5461274723377,1623.3361076509152,-151.78998017857748,k30_ha75_nomov_carry100
329,1920,2020-07-06,Tottenham,Everton,1503.1426107610098,1526.0760428980445,-22.933432137034742,k30_ha75_nomov_carry100
330,1920,2020-07-07,Arsenal,Leicester,1545.3978615466513,1531.3160863441542,14.081775202497056,k30_ha75_nomov_carry100
331,1920,2020-07-07,Crystal Palace,Chelsea,1478.4296485693549,1545.2958203813237,-66.8661718119688,k30_ha75_nomov_carry100
332,1920,2020-07-07,Watford,Norwich,1417.0236135043,1345.7046801112808,71.31893339301928,k30_ha75_nomov_carry100
333,1920,2020-07-08,Man City,Newcastle,1605.0737667993835,1492.3142814331081,112.75948536627538,k30_ha75_nomov_carry100
334,1920,2020-07-08,Sheffield United,Wolves,1524.2144209846706,1554.094399515516,-29.879978530845392,k30_ha75_nomov_carry100
335,1920,2020-07-08,West Ham,Burnley,1424.2924861886945,1515.384670156547,-91.0921839678524,k30_ha75_nomov_carry100
336,1920,2020-07-08,Brighton,Liverpool,1459.7062717268307,1708.2765169204733,-248.57024519364268,k30_ha75_nomov_carry100
337,1920,2020-07-09,Bournemouth,Tottenham,1367.159292070661,1515.911394194719,-148.75210212405796,k30_ha75_nomov_carry100
338,1920,2020-07-09,Everton,Southampton,1513.3072594643354,1489.8084683238694,23.498791140465983,k30_ha75_nomov_carry100
339,1920,2020-07-09,Aston Villa,Man United,1387.443158961138,1579.845902802989,-192.40274384185113,k30_ha75_nomov_carry100
340,1920,2020-07-11,Liverpool,Burnley,1716.3497703272362,1529.6904111128833,186.6593592143529,k30_ha75_nomov_carry100
341,1920,2020-07-11,Norwich,West Ham,1336.6730326624604,1409.986745232358,-73.31371256989769,k30_ha75_nomov_carry100
342,1920,2020-07-11,Sheffield United,Chelsea,1537.2773107245555,1560.6469218314278,-23.3696111068723,k30_ha75_nomov_carry100
343,1920,2020-07-11,Brighton,Man City,1451.6330183200678,1612.6742334445603,-161.0412151244925,k30_ha75_nomov_carry100
344,1920,2020-07-11,Watford,Newcastle,1426.0552609531205,1484.7138147879314,-58.658553834810846,k30_ha75_nomov_carry100
345,1920,2020-07-12,Wolves,Everton,1541.031509775631,1509.1651078627756,31.86640191285551,k30_ha75_nomov_carry100
346,1920,2020-07-12,Aston Villa,Crystal Palace,1377.3273430777415,1463.0785471192507,-85.75120404150925,k30_ha75_nomov_carry100
347,1920,2020-07-12,Tottenham,Arsenal,1512.7742400739028,1541.634011323216,-28.859771249313326,k30_ha75_nomov_carry100
348,1920,2020-07-12,Bournemouth,Leicester,1370.2964461914771,1535.0799365675894,-164.78349037611224,k30_ha75_nomov_carry100
349,1920,2020-07-13,Man United,Southampton,1589.9617186863854,1493.9506199254292,96.0110987609562,k30_ha75_nomov_carry100
350,1920,2020-07-14,Chelsea,Norwich,1547.8597202688557,1321.600230353513,226.25948991534256,k30_ha75_nomov_carry100
351,1920,2020-07-15,Man City,Bournemouth,1624.0336571196253,1389.0886699963141,234.9449871233112,k30_ha75_nomov_carry100
352,1920,2020-07-15,Burnley,Wolves,1539.2454762112568,1551.5579156165452,-12.312439405288387,k30_ha75_nomov_carry100
353,1920,2020-07-15,Arsenal,Liverpool,1528.6144163629265,1706.7947052288628,-178.1802888659363,k30_ha75_nomov_carry100
354,1920,2020-07-15,Newcastle,Tottenham,1470.4188119339633,1525.7938350341924,-55.3750231002291,k30_ha75_nomov_carry100
355,1920,2020-07-16,Everton,Aston Villa,1498.6387020218615,1392.7913617692043,105.8473402526572,k30_ha75_nomov_carry100
356,1920,2020-07-16,Leicester,Sheffield United,1516.2877127627523,1550.0645122871276,-33.77679952437529,k30_ha75_nomov_carry100
357,1920,2020-07-16,Crystal Palace,Man United,1447.614528427788,1583.1221937257783,-135.50766529799034,k30_ha75_nomov_carry100
358,1920,2020-07-16,Southampton,Brighton,1500.7901448860364,1440.2735946450027,60.516550241033656,k30_ha75_nomov_carry100
359,1920,2020-07-17,West Ham,Watford,1425.0595475413054,1440.3502638070886,-15.290716265783203,k30_ha75_nomov_carry100
360,1920,2020-07-18,Norwich,Burnley,1317.0986541157486,1536.5680283349432,-219.4693742191946,k30_ha75_nomov_carry100
361,1920,2020-07-19,Bournemouth,Southampton,1384.7750623172058,1495.219120959883,-110.44405864267719,k30_ha75_nomov_carry100
362,1920,2020-07-19,Tottenham,Leicester,1541.6402134405635,1529.516269019587,12.123944420976386,k30_ha75_nomov_carry100
363,1920,2020-07-20,Sheffield United,Everton,1536.835956030293,1491.467177636141,45.36877839415183,k30_ha75_nomov_carry100
364,1920,2020-07-20,Wolves,Crystal Palace,1554.2353634928588,1435.2007602558685,119.03460323699028,k30_ha75_nomov_carry100
365,1920,2020-07-20,Brighton,Newcastle,1445.8446185711562,1454.5724335275922,-8.727814956436077,k30_ha75_nomov_carry100
366,1920,2020-07-21,Watford,Man City,1427.9030381955497,1628.3472647987337,-200.444226603184,k30_ha75_nomov_carry100
367,1920,2020-07-21,Aston Villa,Arsenal,1399.9628861549247,1547.942568691697,-147.97968253677232,k30_ha75_nomov_carry100
368,1920,2020-07-22,Man United,West Ham,1595.5359618976977,1437.5067731528443,158.0291887448534,k30_ha75_nomov_carry100
369,1920,2020-07-22,Liverpool,Chelsea,1687.4665529000922,1552.3612965066202,135.10525639347202,k30_ha75_nomov_carry100
370,1920,2020-07-26,Burnley,Brighton,1545.6670278193276,1443.0176215668705,102.64940625245708,k30_ha75_nomov_carry100
371,1920,2020-07-26,Chelsea,Wolves,1545.4674145012943,1561.6326709446778,-16.16525644338344,k30_ha75_nomov_carry100
372,1920,2020-07-26,Everton,Bournemouth,1511.4655189435093,1371.3000187748657,140.16550016864358,k30_ha75_nomov_carry100
373,1920,2020-07-26,Arsenal,Watford,1529.837318709005,1418.0952158280722,111.74210288093286,k30_ha75_nomov_carry100
374,1920,2020-07-26,Crystal Palace,Tottenham,1427.8034528040496,1552.9556788849588,-125.15222608090926,k30_ha75_nomov_carry100
375,1920,2020-07-26,Southampton,Sheffield United,1508.694164502223,1516.8376147229246,-8.143450220701652,k30_ha75_nomov_carry100
376,1920,2020-07-26,West Ham,Aston Villa,1446.2884929725983,1418.0681361376166,28.220356834981658,k30_ha75_nomov_carry100
377,1920,2020-07-26,Man City,Norwich,1638.1550871662112,1307.9996546313641,330.155432534847,k30_ha75_nomov_carry100
378,1920,2020-07-26,Newcastle,Liverpool,1457.399430531878,1694.360434905418,-236.96100437354016,k30_ha75_nomov_carry100
379,1920,2020-07-26,Leicester,Man United,1518.2008035751917,1586.7542420779437,-68.55343850275199,k30_ha75_nomov_carry100
380,2021,2020-09-12,Fulham,Arsenal,1500.0,1537.4710685089494,-37.47106850894943,k30_ha75_nomov_carry100
381,2021,2020-09-12,Crystal Palace,Southampton,1429.9537837961402,1520.8428423041373,-90.8890585079971,k30_ha75_nomov_carry100
382,2021,2020-09-12,Liverpool,Leeds,1702.8340480093361,1500.0,202.83404800933613,k30_ha75_nomov_carry100
383,2021,2020-09-12,West Ham,Newcastle,1441.958754847981,1448.9258174279598,-6.967062579978801,k30_ha75_nomov_carry100
384,2021,2020-09-13,West Brom,Leicester,1500.0,1502.922515077956,-2.92251507795595,k30_ha75_nomov_carry100
385,2021,2020-09-13,Tottenham,Everton,1550.8053478928682,1488.205952894882,62.59939499798611,k30_ha75_nomov_carry100
386,2021,2020-09-14,Brighton,Chelsea,1465.0821715754025,1557.951319131299,-92.86914755589646,k30_ha75_nomov_carry100
387,2021,2020-09-14,Sheffield United,Wolves,1504.6889369210103,1549.1487663146731,-44.45982939366286,k30_ha75_nomov_carry100
388,2021,2020-09-19,Everton,West Brom,1508.8543233281184,1481.9320517074834,26.922271620635,k30_ha75_nomov_carry100
389,2021,2020-09-19,Leeds,Fulham,1494.9577892588045,1483.3860180378697,11.571771220934806,k30_ha75_nomov_carry100
390,2021,2020-09-19,Man United,Crystal Palace,1602.0325305751794,1445.639291759281,156.39323881589848,k30_ha75_nomov_carry100
391,2021,2020-09-19,Arsenal,West Ham,1554.0850504710797,1424.0585107619863,130.0265397090934,k30_ha75_nomov_carry100
392,2021,2020-09-20,Southampton,Tottenham,1505.1573343409966,1530.156977459632,-24.999643118635277,k30_ha75_nomov_carry100
393,2021,2020-09-20,Newcastle,Brighton,1466.8260615139545,1450.8529651746896,15.973096339264885,k30_ha75_nomov_carry100
394,2021,2020-09-20,Chelsea,Liverpool,1572.1805255320119,1707.8762587505316,-135.69573321851976,k30_ha75_nomov_carry100
395,2021,2020-09-20,Leicester,Burnley,1520.9904633704725,1523.6024778107956,-2.612014440323037,k30_ha75_nomov_carry100
396,2021,2020-09-21,Aston Villa,Sheffield United,1422.397874262234,1488.3737972549368,-65.97592299270286,k30_ha75_nomov_carry100
397,2021,2020-09-21,Wolves,Man City,1565.4639059807466,1640.8096682735522,-75.3457622928056,k30_ha75_nomov_carry100
398,2021,2020-09-26,Brighton,Man United,1469.6932239723883,1578.297360106783,-108.6041361343946,k30_ha75_nomov_carry100
399,2021,2020-09-26,Crystal Palace,Everton,1469.3744622276774,1519.576013872923,-50.20155164524567,k30_ha75_nomov_carry100
400,2021,2020-09-26,West Brom,Chelsea,1471.2103611626787,1559.7746347985144,-88.56427363583566,k30_ha75_nomov_carry100
401,2021,2020-09-26,Burnley,Southampton,1511.6832683619762,1488.0134257256896,23.669842636286603,k30_ha75_nomov_carry100
402,2021,2020-09-27,Sheffield United,Leeds,1473.763310390614,1506.2956642814074,-32.5323538907935,k30_ha75_nomov_carry100
403,2021,2020-09-27,Tottenham,Newcastle,1547.300886074939,1447.9858027162559,99.31508335868307,k30_ha75_nomov_carry100
404,2021,2020-09-27,Man City,Leicester,1655.794740520334,1532.909672819292,122.88506770104209,k30_ha75_nomov_carry100
405,2021,2020-09-27,West Ham,Wolves,1417.0081726822384,1550.4788337339648,-133.47066105172644,k30_ha75_nomov_carry100
406,2021,2020-09-28,Fulham,Aston Villa,1472.0481430152668,1437.0083611265568,35.03978188870997,k30_ha75_nomov_carry100
407,2021,2020-09-28,Liverpool,Arsenal,1720.282149484029,1561.1353885508277,159.14676093320145,k30_ha75_nomov_carry100
408,2021,2020-10-03,Chelsea,Crystal Palace,1559.1893153837332,1453.3056415640283,105.88367381970488,k30_ha75_nomov_carry100
409,2021,2020-10-03,Everton,Brighton,1535.6448345365723,1456.1395239887086,79.5053105478637,k30_ha75_nomov_carry100
410,2021,2020-10-03,Leeds,Man City,1523.1200631189245,1633.0692104454868,-109.9491473265623,k30_ha75_nomov_carry100
411,2021,2020-10-03,Newcastle,Burnley,1454.9378241691106,1492.5342959375773,-37.5964717684667,k30_ha75_nomov_carry100
412,2021,2020-10-04,Southampton,West Brom,1507.1623981500884,1471.79568057746,35.36671757262843,k30_ha75_nomov_carry100
413,2021,2020-10-04,Leicester,West Ham,1555.6352028941392,1434.5089889378185,121.12621395632073,k30_ha75_nomov_carry100
414,2021,2020-10-04,Arsenal,Sheffield United,1554.9487606503967,1456.938911553097,98.00984909729982,k30_ha75_nomov_carry100
415,2021,2020-10-04,Wolves,Fulham,1532.9780174783848,1452.4500718098832,80.52794566850162,k30_ha75_nomov_carry100
416,2021,2020-10-04,Aston Villa,Liverpool,1456.6064323319404,1726.46877738446,-269.8623450525197,k30_ha75_nomov_carry100
417,2021,2020-10-04,Man United,Tottenham,1591.8510600904626,1540.3488646220842,51.50219546837843,k30_ha75_nomov_carry100
418,2021,2020-10-17,Everton,Liverpool,1544.3818192384488,1703.8395608827398,-159.457741644291,k30_ha75_nomov_carry100
419,2021,2020-10-17,Chelsea,Southampton,1567.016580975303,1517.5515420076995,49.465038967603505,k30_ha75_nomov_carry100
420,2021,2020-10-17,Man City,Arsenal,1631.5654032359153,1563.041063204742,68.52434003117332,k30_ha75_nomov_carry100
421,2021,2020-10-17,Newcastle,Man United,1468.3291938268326,1571.6187214858674,-103.28952765903477,k30_ha75_nomov_carry100
422,2021,2020-10-18,Crystal Palace,Brighton,1445.4783759724585,1447.402539286832,-1.9241633143735726,k30_ha75_nomov_carry100
423,2021,2020-10-18,Sheffield United,Fulham,1448.8466089987517,1443.7494959542453,5.097113044506386,k30_ha75_nomov_carry100
424,2021,2020-10-18,Leicester,Aston Villa,1532.9656111682614,1479.2356488336607,53.729962334600714,k30_ha75_nomov_carry100
425,2021,2020-10-18,Tottenham,West Ham,1560.5812032266795,1457.1785806636963,103.4026225629832,k30_ha75_nomov_carry100
426,2021,2020-10-19,West Brom,Burnley,1461.4065367198489,1479.1429262798554,-17.7363895600065,k30_ha75_nomov_carry100
427,2021,2020-10-19,Leeds,Wolves,1524.623870328496,1541.6785933340227,-17.05472300552674,k30_ha75_nomov_carry100
428,2021,2020-10-23,Aston Villa,Leeds,1499.5522752231511,1507.1451117850002,-7.592836561849026,k30_ha75_nomov_carry100
429,2021,2020-10-24,Man United,Chelsea,1585.4000563918962,1561.8616492747276,23.538407117168617,k30_ha75_nomov_carry100
430,2021,2020-10-24,Liverpool,Sheffield United,1700.263392366291,1445.4485266042827,254.81486576200837,k30_ha75_nomov_carry100
431,2021,2020-10-24,West Ham,Man City,1464.2684106629981,1640.6989255651351,-176.43051490213702,k30_ha75_nomov_carry100
432,2021,2020-10-24,Fulham,Crystal Palace,1447.1475783487142,1442.369152817246,4.778425531468201,k30_ha75_nomov_carry100
433,2021,2020-10-25,Arsenal,Leicester,1553.907540875522,1512.648984778771,41.258556096751136,k30_ha75_nomov_carry100
434,2021,2020-10-25,Southampton,Everton,1522.7064737082749,1547.9579877548974,-25.25151404662256,k30_ha75_nomov_carry100
435,2021,2020-10-25,Wolves,Newcastle,1559.1573518775185,1454.5478589208037,104.6094929567148,k30_ha75_nomov_carry100
436,2021,2020-10-26,Brighton,West Brom,1450.5117624420445,1458.9564136700335,-8.44465122798897,k30_ha75_nomov_carry100
437,2021,2020-10-26,Burnley,Tottenham,1481.5930493296707,1553.4913732273776,-71.89832389770686,k30_ha75_nomov_carry100
438,2021,2020-10-30,Wolves,Crystal Palace,1552.0271239525575,1460.7541797583579,91.27294419419968,k30_ha75_nomov_carry100
439,2021,2020-10-31,Sheffield United,Man City,1441.540404117973,1636.4401276715435,-194.89972355357054,k30_ha75_nomov_carry100
440,2021,2020-10-31,Burnley,Chelsea,1466.4591427653047,1566.0053807619538,-99.5462379966491,k30_ha75_nomov_carry100
441,2021,2020-10-31,Liverpool,West Ham,1704.171514852601,1468.5272085565898,235.6443062960111,k30_ha75_nomov_carry100
442,2021,2020-11-01,Newcastle,Everton,1461.6780868457647,1535.0912432652894,-73.41315641952474,k30_ha75_nomov_carry100
443,2021,2020-11-01,Man United,Arsenal,1581.25632490467,1534.0675651598956,47.188759744774416,k30_ha75_nomov_carry100
444,2021,2020-11-01,Aston Villa,Southampton,1481.6780470042606,1535.5732181978829,-53.89517119362222,k30_ha75_nomov_carry100
445,2021,2020-11-01,Tottenham,Brighton,1568.6252797917437,1447.6729763232643,120.95230346847939,k30_ha75_nomov_carry100
446,2021,2020-11-02,Fulham,West Brom,1428.7625514076024,1461.7951997888138,-33.0326483812114,k30_ha75_nomov_carry100
447,2021,2020-11-02,Leeds,Leicester,1525.0193400038906,1532.4889604943974,-7.469620490506713,k30_ha75_nomov_carry100
448,2021,2020-11-06,Brighton,Burnley,1440.3370212401844,1452.5171293589742,-12.180108118789803,k30_ha75_nomov_carry100
449,2021,2020-11-06,Southampton,Newcastle,1551.4832678449268,1476.6095777776366,74.87369006729023,k30_ha75_nomov_carry100
450,2021,2020-11-07,Everton,Man United,1520.1597523334176,1561.188255790037,-41.02850345661932,k30_ha75_nomov_carry100
451,2021,2020-11-07,Crystal Palace,Leeds,1452.4306684619971,1507.1399877869098,-54.70931932491271,k30_ha75_nomov_carry100
452,2021,2020-11-07,Chelsea,Sheffield United,1579.9473941682843,1431.5207351967208,148.42665897156348,k30_ha75_nomov_carry100
453,2021,2020-11-07,West Ham,Fulham,1464.2284476046145,1441.959436211123,22.26901139349161,k30_ha75_nomov_carry100
454,2021,2020-11-08,West Brom,Tottenham,1448.5983149852932,1575.9612348748235,-127.3629198895303,k30_ha75_nomov_carry100
455,2021,2020-11-08,Leicester,Wolves,1550.3683127113782,1560.3506352489183,-9.982322537540085,k30_ha75_nomov_carry100
456,2021,2020-11-08,Man City,Liverpool,1646.4597965927956,1708.4702758045762,-62.01047921178065,k30_ha75_nomov_carry100
457,2021,2020-11-08,Arsenal,Aston Villa,1554.1356342745287,1465.7679973572167,88.36763691731198,k30_ha75_nomov_carry100
458,2021,2020-11-21,Newcastle,Chelsea,1467.7065762735538,1586.4425635187984,-118.73598724524459,k30_ha75_nomov_carry100
459,2021,2020-11-21,Aston Villa,Brighton,1487.343530251597,1437.6540425676085,49.689487683988546,k30_ha75_nomov_carry100
460,2021,2020-11-21,Tottenham,Man City,1588.7175084441362,1645.8992550465414,-57.181746602405155,k30_ha75_nomov_carry100
461,2021,2020-11-21,Man United,West Brom,1577.6502669729425,1435.8420414159805,141.80822555696204,k30_ha75_nomov_carry100
462,2021,2020-11-22,Fulham,Everton,1431.0524948557834,1503.697741150512,-72.64524629472862,k30_ha75_nomov_carry100
463,2021,2020-11-22,Sheffield United,West Ham,1425.0255658462067,1475.135388959954,-50.109823113747325,k30_ha75_nomov_carry100
464,2021,2020-11-22,Leeds,Arsenal,1493.01501229854,1532.5601013801484,-39.54508908160847,k30_ha75_nomov_carry100
465,2021,2020-11-22,Liverpool,Leicester,1709.0308173508304,1562.5935887047433,146.43722864608708,k30_ha75_nomov_carry100
466,2021,2020-11-23,Burnley,Crystal Palace,1455.2001080315501,1466.555643950367,-11.35553591881694,k30_ha75_nomov_carry100
467,2021,2020-11-23,Wolves,Southampton,1548.1253592555531,1560.3862693490096,-12.26091009345646,k30_ha75_nomov_carry100
468,2021,2020-11-27,Crystal Palace,Newcastle,1454.2730686479729,1454.584899570504,-0.31183092253104405,k30_ha75_nomov_carry100
469,2021,2020-11-28,Brighton,Liverpool,1457.8175181486754,1715.5844547089064,-257.766936560231,k30_ha75_nomov_carry100
470,2021,2020-11-28,Man City,Burnley,1631.6678571539178,1467.4826833339444,164.18517381997344,k30_ha75_nomov_carry100
471,2021,2020-11-28,Everton,Leeds,1518.7994024835314,1491.4895921544528,27.309810329078573,k30_ha75_nomov_carry100
472,2021,2020-11-28,West Brom,Sheffield United,1429.1508971941828,1408.9528051247828,20.19809206939999,k30_ha75_nomov_carry100
473,2021,2020-11-29,Southampton,Man United,1563.0658709863508,1584.3414111947402,-21.27554020838943,k30_ha75_nomov_carry100
474,2021,2020-11-29,Chelsea,Tottenham,1599.5642402218482,1602.9489063367598,-3.3846661149116244,k30_ha75_nomov_carry100
475,2021,2020-11-29,Arsenal,Wolves,1534.0855215242354,1545.445757618212,-11.360236093976482,k30_ha75_nomov_carry100
476,2021,2020-11-30,Leicester,Fulham,1556.0399513466673,1415.950833522764,140.08911782390328,k30_ha75_nomov_carry100
477,2021,2020-11-30,West Ham,Aston Villa,1491.208149681378,1467.1800546705301,24.028095010847892,k30_ha75_nomov_carry100
478,2021,2020-12-05,Burnley,Everton,1461.4372728073429,1499.5057276442724,-38.068454836929504,k30_ha75_nomov_carry100
479,2021,2020-12-05,Man City,Fulham,1637.7132676805193,1439.2081014685277,198.50516621199154,k30_ha75_nomov_carry100
480,2021,2020-12-05,West Ham,Man United,1502.0448976629666,1601.6425708288923,-99.5976731659257,k30_ha75_nomov_carry100
481,2021,2020-12-05,Chelsea,Leeds,1596.515415115574,1510.7832669937118,85.73214812186211,k30_ha75_nomov_carry100
482,2021,2020-12-06,West Brom,Crystal Palace,1440.1407239227476,1436.0972908435592,4.0434330791883895,k30_ha75_nomov_carry100
483,2021,2020-12-06,Sheffield United,Leicester,1397.962978396218,1532.7826834009036,-134.8197050046856,k30_ha75_nomov_carry100
484,2021,2020-12-06,Tottenham,Arsenal,1605.9977314430341,1516.3682930901484,89.6294383528857,k30_ha75_nomov_carry100
485,2021,2020-12-06,Liverpool,Wolves,1708.3491675778166,1563.162986052299,145.18618152551767,k30_ha75_nomov_carry100
486,2021,2020-12-07,Brighton,Southampton,1465.0528052797652,1545.7647113521987,-80.71190607243352,k30_ha75_nomov_carry100
487,2021,2020-12-11,Leeds,West Ham,1502.2665771991005,1488.105093821042,14.16148337805862,k30_ha75_nomov_carry100
488,2021,2020-12-12,Wolves,Aston Villa,1556.5723875358176,1456.3433066889415,100.22908084687606,k30_ha75_nomov_carry100
489,2021,2020-12-12,Newcastle,West Brom,1472.7606773749176,1421.7858274950133,50.97484987990424,k30_ha75_nomov_carry100
490,2021,2020-12-12,Man United,Man City,1615.582374670817,1642.8608738394116,-27.278499168594635,k30_ha75_nomov_carry100
491,2021,2020-12-12,Everton,Chelsea,1501.0942122714612,1605.0321049101851,-103.93789263872395,k30_ha75_nomov_carry100
492,2021,2020-12-13,Southampton,Sheffield United,1560.5181307587652,1385.5203817295703,174.9977490291949,k30_ha75_nomov_carry100
493,2021,2020-12-13,Crystal Palace,Tottenham,1454.4521872712935,1614.3782609158302,-159.9260736445367,k30_ha75_nomov_carry100
494,2021,2020-12-13,Fulham,Liverpool,1434.0604953096354,1714.939766094298,-280.8792707846626,k30_ha75_nomov_carry100
495,2021,2020-12-13,Arsenal,Burnley,1507.9877636173524,1459.848788180154,48.13897543719827,k30_ha75_nomov_carry100
496,2021,2020-12-13,Leicester,Brighton,1545.2252800675512,1450.2993858731986,94.92589419435262,k30_ha75_nomov_carry100
497,2021,2020-12-15,Wolves,Chelsea,1534.5894196509194,1588.7856366637957,-54.19621701287633,k30_ha75_nomov_carry100
498,2021,2020-12-15,Man City,West Brom,1644.9083171313043,1411.9981584485124,232.91015868279192,k30_ha75_nomov_carry100
499,2021,2020-12-16,Arsenal,Southampton,1487.8833872232594,1566.2686608122585,-78.3852735889991,k30_ha75_nomov_carry100
500,2021,2020-12-16,Leeds,Newcastle,1483.4995025543683,1482.5483464214185,0.9511561329497908,k30_ha75_nomov_carry100
501,2021,2020-12-16,Leicester,Everton,1553.4229190883252,1517.3406805178506,36.0822385704746,k30_ha75_nomov_carry100
502,2021,2020-12-16,Fulham,Brighton,1442.036597589253,1442.1017468524246,-0.06514926317163372,k30_ha75_nomov_carry100
503,2021,2020-12-16,Liverpool,Tottenham,1706.9636638146803,1610.7830282954856,96.18063551919477,k30_ha75_nomov_carry100
504,2021,2020-12-16,West Ham,Crystal Palace,1506.8721684657742,1458.0474198916381,48.82474857413604,k30_ha75_nomov_carry100
505,2021,2020-12-17,Aston Villa,Burnley,1478.3262745738398,1479.953164574247,-1.6268900004072293,k30_ha75_nomov_carry100
506,2021,2020-12-17,Sheffield United,Man United,1379.769851676077,1613.5349313789243,-233.7650797028473,k30_ha75_nomov_carry100
507,2021,2020-12-19,Crystal Palace,Liverpool,1463.1779574168013,1715.1183424281148,-251.94038501131354,k30_ha75_nomov_carry100
508,2021,2020-12-19,Southampton,Man City,1566.1225114278532,1634.2653675177692,-68.142856089916,k30_ha75_nomov_carry100
509,2021,2020-12-19,Everton,Arsenal,1536.9794915434813,1488.0295366076648,48.94995493581655,k30_ha75_nomov_carry100
510,2021,2020-12-19,Newcastle,Fulham,1470.7761672948177,1438.850648600182,31.925518694635684,k30_ha75_nomov_carry100
511,2021,2020-12-20,Tottenham,Leicester,1602.628349682051,1533.7841080626945,68.84424161935658,k30_ha75_nomov_carry100
512,2021,2020-12-20,Man United,Leeds,1622.1208497413975,1495.271681680969,126.84916806042838,k30_ha75_nomov_carry100
513,2021,2020-12-20,Brighton,Sheffield United,1445.2876958414956,1371.1839333136038,74.10376252789183,k30_ha75_nomov_carry100
514,2021,2020-12-20,West Brom,Aston Villa,1422.6411080620476,1475.204770713793,-52.56366265174552,k30_ha75_nomov_carry100
515,2021,2020-12-21,Burnley,Wolves,1483.0746684342937,1548.6923200335375,-65.6176515992438,k30_ha75_nomov_carry100
516,2021,2020-12-21,Chelsea,West Ham,1574.6827362811775,1501.741630940611,72.94110534056654,k30_ha75_nomov_carry100
517,2021,2020-12-26,Fulham,Southampton,1443.3265679008816,1550.8265031610188,-107.49993526013714,k30_ha75_nomov_carry100
518,2021,2020-12-26,Leicester,Man United,1554.6622802370985,1629.2703135889828,-74.60803335188439,k30_ha75_nomov_carry100
519,2021,2020-12-26,Aston Villa,Crystal Palace,1491.1720810149734,1455.2186635232576,35.953417491715754,k30_ha75_nomov_carry100
520,2021,2020-12-26,Man City,Newcastle,1649.5613757846036,1466.300247994118,183.2611277904855,k30_ha75_nomov_carry100
521,2021,2020-12-26,Sheffield United,Everton,1377.2531582164931,1546.8441814059402,-169.59102318944701,k30_ha75_nomov_carry100
522,2021,2020-12-26,Arsenal,Chelsea,1478.164846745206,1583.6555463390025,-105.49069959379653,k30_ha75_nomov_carry100
523,2021,2020-12-27,Leeds,Burnley,1488.1222178333837,1497.6696983287145,-9.547480495330774,k30_ha75_nomov_carry100
524,2021,2020-12-27,West Ham,Brighton,1492.768820882786,1439.2184709386063,53.55034994417974,k30_ha75_nomov_carry100
525,2021,2020-12-27,Liverpool,West Brom,1723.0776363216585,1406.6737977608673,316.4038385607912,k30_ha75_nomov_carry100
526,2021,2020-12-27,Wolves,Tottenham,1534.0972901391167,1581.750177507647,-47.6528873685304,k30_ha75_nomov_carry100
527,2021,2020-12-28,Crystal Palace,Leicester,1444.8524442250898,1554.645357683761,-109.79291345867114,k30_ha75_nomov_carry100
528,2021,2020-12-28,Chelsea,Aston Villa,1567.3425261163436,1501.5383003131412,65.80422580320237,k30_ha75_nomov_carry100
529,2021,2020-12-29,West Brom,Leeds,1418.8213299018923,1500.3293667929095,-81.50803689101713,k30_ha75_nomov_carry100
530,2021,2020-12-29,Man United,Wolves,1629.2872361423204,1532.9190526200698,96.36818352225055,k30_ha75_nomov_carry100
531,2021,2020-12-29,Brighton,Arsenal,1444.5283157844008,1494.4778669678649,-49.94955118346411,k30_ha75_nomov_carry100
532,2021,2020-12-29,Burnley,Sheffield United,1485.4625493691888,1366.2389841317213,119.22356523746748,k30_ha75_nomov_carry100
533,2021,2020-12-29,Southampton,West Ham,1549.427446447036,1487.4589760369915,61.96847041004435,k30_ha75_nomov_carry100
534,2021,2020-12-30,Newcastle,Liverpool,1460.767588458475,1710.9301041806334,-250.16251572215833,k30_ha75_nomov_carry100
535,2021,2021-01-01,Everton,West Ham,1557.858355490712,1493.0839537044633,64.77440178624875,k30_ha75_nomov_carry100
536,2021,2021-01-01,Man United,Aston Villa,1637.4355055360325,1507.3050006363117,130.1305048997208,k30_ha75_nomov_carry100
537,2021,2021-01-02,Crystal Palace,Sheffield United,1446.3495737702049,1358.8477373831936,87.50183638701128,k30_ha75_nomov_carry100
538,2021,2021-01-02,Tottenham,Leeds,1582.928415026694,1515.0484251118494,67.8799899148446,k30_ha75_nomov_carry100
539,2021,2021-01-02,West Brom,Arsenal,1404.1022715829524,1510.5575115657566,-106.45523998280419,k30_ha75_nomov_carry100
540,2021,2021-01-02,Brighton,Wolves,1428.448671186509,1524.7707832263577,-96.32211203984866,k30_ha75_nomov_carry100
541,2021,2021-01-03,Newcastle,Leicester,1467.748305113345,1553.148228138646,-85.39992302530095,k30_ha75_nomov_carry100
542,2021,2021-01-03,Chelsea,Man City,1561.5758257931732,1655.0940353202466,-93.5182095270734,k30_ha75_nomov_carry100
543,2021,2021-01-04,Southampton,Liverpool,1543.8024687795642,1703.9493875257635,-160.1469187461994,k30_ha75_nomov_carry100
544,2021,2021-01-12,Sheffield United,Newcastle,1350.3930408415717,1453.1971718285708,-102.8041309869991,k30_ha75_nomov_carry100
545,2021,2021-01-12,Burnley,Man United,1492.8537961177165,1644.4826163127154,-151.62882019499898,k30_ha75_nomov_carry100
546,2021,2021-01-12,Wolves,Everton,1523.8513875934161,1537.129588044745,-13.278200451328985,k30_ha75_nomov_carry100
547,2021,2021-01-13,Man City,Brighton,1669.2952961723547,1429.3680668194506,239.92722935290408,k30_ha75_nomov_carry100
548,2021,2021-01-13,Tottenham,Fulham,1592.0855181494167,1444.7256246148645,147.35989353455216,k30_ha75_nomov_carry100
549,2021,2021-01-14,Arsenal,Crystal Palace,1524.2031780114198,1454.8042703118267,69.39890769959311,k30_ha75_nomov_carry100
550,2021,2021-01-16,Wolves,West Brom,1506.2143264546035,1390.4566051372892,115.75772131731424,k30_ha75_nomov_carry100
551,2021,2021-01-16,Leeds,Brighton,1505.8913219891267,1425.159306918298,80.73201507082877,k30_ha75_nomov_carry100
552,2021,2021-01-16,West Ham,Burnley,1513.8127211504302,1481.1095075821386,32.70321356829163,k30_ha75_nomov_carry100
553,2021,2021-01-16,Fulham,Chelsea,1453.1991507961027,1547.374564941065,-94.17541414496236,k30_ha75_nomov_carry100
554,2021,2021-01-16,Leicester,Southampton,1567.69936142342,1562.4066869370072,5.292674486412807,k30_ha75_nomov_carry100
555,2021,2021-01-17,Liverpool,Man United,1685.3451693683205,1656.2269048482933,29.118264520027196,k30_ha75_nomov_carry100
556,2021,2021-01-17,Man City,Crystal Palace,1673.5040560735074,1460.7026991728994,212.80135690060797,k30_ha75_nomov_carry100
557,2021,2021-01-17,Sheffield United,Tottenham,1366.5908856517592,1583.6119919681785,-217.02110631641926,k30_ha75_nomov_carry100
558,2021,2021-01-18,Arsenal,Newcastle,1518.304749150347,1436.9993270183834,81.30542213196372,k30_ha75_nomov_carry100
559,2021,2021-01-19,West Ham,West Brom,1524.3062360958436,1412.9536652690676,111.35257082677595,k30_ha75_nomov_carry100
560,2021,2021-01-19,Leicester,Chelsea,1579.2932702816697,1561.5475353258207,17.745734955849002,k30_ha75_nomov_carry100
561,2021,2021-01-20,Man City,Aston Villa,1678.3101486952107,1500.2578898596287,178.05225883558205,k30_ha75_nomov_carry100
562,2021,2021-01-20,Fulham,Man United,1439.026180411347,1660.5921522931856,-221.56597188183855,k30_ha75_nomov_carry100
563,2021,2021-01-21,Liverpool,Burnley,1680.9799219234283,1470.6159926367252,210.36392928670307,k30_ha75_nomov_carry100
564,2021,2021-01-23,Aston Villa,Newcastle,1494.5886479002336,1428.326371493974,66.26227640625962,k30_ha75_nomov_carry100
565,2021,2021-01-26,Crystal Palace,West Ham,1455.896606551196,1531.9527546269674,-76.05614807577126,k30_ha75_nomov_carry100
566,2021,2021-01-26,Newcastle,Leeds,1419.1099160801255,1484.5846431184798,-65.47472703835433,k30_ha75_nomov_carry100
567,2021,2021-01-26,Southampton,Arsenal,1550.8127780787574,1526.9777046747565,23.835073404000923,k30_ha75_nomov_carry100
568,2021,2021-01-26,West Brom,Man City,1405.3071467379439,1683.9793906546058,-278.67224391666196,k30_ha75_nomov_carry100
569,2021,2021-01-27,Burnley,Aston Villa,1495.7529987131577,1503.805103314082,-8.052104600924395,k30_ha75_nomov_carry100
570,2021,2021-01-27,Man United,Sheffield United,1669.614825300574,1357.402297619475,312.2125276810991,k30_ha75_nomov_carry100
571,2021,2021-01-27,Chelsea,Wolves,1550.4592149646041,1483.717266322825,66.74194864177912,k30_ha75_nomov_carry100
572,2021,2021-01-27,Everton,Leicester,1554.7666491835578,1590.3815906428863,-35.61494145932852,k30_ha75_nomov_carry100
573,2021,2021-01-27,Brighton,Fulham,1446.4659857889449,1430.0035074039586,16.462478384986298,k30_ha75_nomov_carry100
574,2021,2021-01-28,Tottenham,Liverpool,1592.8005800004628,1655.8429158469958,-63.04233584653298,k30_ha75_nomov_carry100
575,2021,2021-01-30,Crystal Palace,Wolves,1440.9422039885328,1489.5184319340747,-48.57622794554186,k30_ha75_nomov_carry100
576,2021,2021-01-30,Everton,Newcastle,1553.0735058008618,1403.6987799917285,149.37472580913322,k30_ha75_nomov_carry100
577,2021,2021-01-30,Man City,Sheffield United,1691.0718624843082,1384.4869403013615,306.5849221829467,k30_ha75_nomov_carry100
578,2021,2021-01-30,West Brom,Fulham,1398.2146749082415,1433.863502540398,-35.648827632156554,k30_ha75_nomov_carry100
579,2021,2021-01-30,Southampton,Aston Villa,1531.6572187016236,1491.660226529572,39.996992172051705,k30_ha75_nomov_carry100
580,2021,2021-01-30,Arsenal,Man United,1546.1332640518904,1642.5301826186874,-96.39691856679701,k30_ha75_nomov_carry100
581,2021,2021-01-31,Chelsea,Burnley,1544.6580493533545,1507.8978754976679,36.76017385568662,k30_ha75_nomov_carry100
582,2021,2021-01-31,Leicester,Leeds,1592.0747340255823,1499.9957792068767,92.0789548187056,k30_ha75_nomov_carry100
583,2021,2021-01-31,West Ham,Liverpool,1546.9071571896307,1671.3589659655565,-124.45180877592588,k30_ha75_nomov_carry100
584,2021,2021-01-31,Brighton,Tottenham,1442.6059906525054,1577.284529881902,-134.67853922939662,k30_ha75_nomov_carry100
585,2021,2021-02-02,Wolves,Arsenal,1475.6570434158941,1547.0558771664087,-71.39883375051454,k30_ha75_nomov_carry100
586,2021,2021-02-02,Sheffield United,West Brom,1381.4851978292472,1396.5229758851876,-15.037778055940407,k30_ha75_nomov_carry100
587,2021,2021-02-02,Newcastle,Crystal Palace,1427.2313405549048,1454.8035925067134,-27.57225195180854,k30_ha75_nomov_carry100
588,2021,2021-02-02,Man United,Southampton,1641.607569504169,1511.8660954869702,129.74147401719893,k30_ha75_nomov_carry100
589,2021,2021-02-03,Burnley,Man City,1497.5631401321452,1694.0736049564225,-196.51046482427728,k30_ha75_nomov_carry100
590,2021,2021-02-03,Fulham,Leicester,1435.5552015634519,1570.3703698822856,-134.81516831883368,k30_ha75_nomov_carry100
591,2021,2021-02-03,Leeds,Everton,1521.7001433501734,1529.5409452376855,-7.840801887512043,k30_ha75_nomov_carry100
592,2021,2021-02-03,Aston Villa,West Ham,1511.4513497442254,1534.0278616578785,-22.57651191365312,k30_ha75_nomov_carry100
593,2021,2021-02-03,Liverpool,Brighton,1684.2382614973087,1460.157476118432,224.08078537887673,k30_ha75_nomov_carry100
594,2021,2021-02-04,Tottenham,Chelsea,1559.7330444159754,1554.9927847188771,4.740259697098281,k30_ha75_nomov_carry100
595,2021,2021-02-06,Aston Villa,Arsenal,1494.2050669494574,1532.2113464437525,-38.006279494295086,k30_ha75_nomov_carry100
596,2021,2021-02-06,Man United,Everton,1648.666761887773,1547.4048595923598,101.26190229541317,k30_ha75_nomov_carry100
597,2021,2021-02-06,Burnley,Brighton,1487.605250824257,1485.6077034049713,1.9975474192856382,k30_ha75_nomov_carry100
598,2021,2021-02-06,Fulham,West Ham,1423.1124147253067,1551.2741444526464,-128.16172972733966,k30_ha75_nomov_carry100
599,2021,2021-02-06,Newcastle,Southampton,1410.1963447364772,1504.8069031033663,-94.61055836688911,k30_ha75_nomov_carry100
600,2021,2021-02-07,Tottenham,West Brom,1541.3495813513348,1384.086352897008,157.26322845432674,k30_ha75_nomov_carry100
601,2021,2021-02-07,Wolves,Leicester,1490.5015741385503,1582.8131567204307,-92.31158258188043,k30_ha75_nomov_carry100
602,2021,2021-02-07,Liverpool,Man City,1658.7880342107694,1704.0314942643108,-45.24346005354141,k30_ha75_nomov_carry100
603,2021,2021-02-07,Sheffield United,Chelsea,1393.9218208174268,1573.3762477835178,-179.45442696609098,k30_ha75_nomov_carry100
604,2021,2021-02-08,Leeds,Crystal Palace,1503.8362289954991,1471.838588325141,31.997640670358123,k30_ha75_nomov_carry100
605,2021,2021-02-13,Leicester,Liverpool,1582.066373532242,1642.5064731134937,-60.440099581251616,k30_ha75_nomov_carry100
606,2021,2021-02-13,Crystal Palace,Burnley,1461.3173439592956,1484.334373573549,-23.017029614253488,k30_ha75_nomov_carry100
607,2021,2021-02-13,Man City,Tottenham,1720.3130553615865,1547.5896243148682,172.72343104671836,k30_ha75_nomov_carry100
608,2021,2021-02-13,Brighton,Aston Villa,1488.8785806556791,1507.6139281508918,-18.735347495212636,k30_ha75_nomov_carry100
609,2021,2021-02-14,Southampton,Wolves,1488.9611452146385,1491.2483573267389,-2.2872121121004056,k30_ha75_nomov_carry100
610,2021,2021-02-14,West Brom,Man United,1377.8463099334747,1641.6489155056652,-263.8026055721905,k30_ha75_nomov_carry100
611,2021,2021-02-14,Arsenal,Leeds,1518.8024852423182,1514.3574733613445,4.445011880973652,k30_ha75_nomov_carry100
612,2021,2021-02-14,Everton,Fulham,1554.4227059744676,1425.3898452531205,129.0328607213471,k30_ha75_nomov_carry100
613,2021,2021-02-15,West Ham,Sheffield United,1548.9967139248326,1383.3003486781472,165.69636524668545,k30_ha75_nomov_carry100
614,2021,2021-02-15,Chelsea,Newcastle,1583.9977199227974,1426.042102625205,157.95561729759243,k30_ha75_nomov_carry100
615,2021,2021-02-17,Burnley,Fulham,1501.5620606770165,1448.3086095993137,53.25345107770272,k30_ha75_nomov_carry100
616,2021,2021-02-17,Everton,Man City,1531.5039416282743,1726.1246861022246,-194.62074447395025,k30_ha75_nomov_carry100
617,2021,2021-02-19,Wolves,Leeds,1509.3425766077746,1502.7288357873642,6.613740820410385,k30_ha75_nomov_carry100
618,2021,2021-02-20,Burnley,West Brom,1496.2634311495992,1385.2798687467075,110.98356240289172,k30_ha75_nomov_carry100
619,2021,2021-02-20,Southampton,Chelsea,1470.8669259336027,1590.2180880099156,-119.3511620763129,k30_ha75_nomov_carry100
620,2021,2021-02-20,Fulham,Sheffield United,1453.607239126731,1377.2968213181184,76.31041780861256,k30_ha75_nomov_carry100
621,2021,2021-02-20,Liverpool,Everton,1628.1347068245261,1521.4735531253466,106.66115369917952,k30_ha75_nomov_carry100
622,2021,2021-02-21,West Ham,Tottenham,1555.0002412848614,1541.77799357423,13.222247710631336,k30_ha75_nomov_carry100
623,2021,2021-02-21,Aston Villa,Leicester,1510.022053799242,1596.4381398212097,-86.41608602196766,k30_ha75_nomov_carry100
624,2021,2021-02-21,Arsenal,Man City,1530.4311228162985,1736.1550746051523,-205.7239517888538,k30_ha75_nomov_carry100
625,2021,2021-02-21,Man United,Newcastle,1634.2153566924324,1419.8217345380867,214.39362215434562,k30_ha75_nomov_carry100
626,2021,2021-02-22,Brighton,Crystal Palace,1486.4704550073288,1444.0896568558283,42.380798151500585,k30_ha75_nomov_carry100
627,2021,2021-02-23,Leeds,Southampton,1491.1889741809293,1472.771386180212,18.417588000717387,k30_ha75_nomov_carry100
628,2021,2021-02-27,West Brom,Brighton,1392.6212412885782,1466.5871179256424,-73.96587663706418,k30_ha75_nomov_carry100
629,2021,2021-02-27,Man City,West Ham,1745.7633294782395,1566.2711849111688,179.49214456707068,k30_ha75_nomov_carry100
630,2021,2021-02-27,Newcastle,Wolves,1415.0525213276273,1520.8824382142095,-105.82991688658217,k30_ha75_nomov_carry100
631,2021,2021-02-27,Leeds,Aston Villa,1502.2502745568872,1495.5147485512202,6.735526005666998,k30_ha75_nomov_carry100
632,2021,2021-02-28,Crystal Palace,Fulham,1463.9729939375147,1462.4585473373054,1.5144466002093395,k30_ha75_nomov_carry100
633,2021,2021-02-28,Leicester,Arsenal,1610.9454450692315,1520.8228679432113,90.12257712602013,k30_ha75_nomov_carry100
634,2021,2021-02-28,Tottenham,Burnley,1530.5070499479227,1488.9220586077286,41.584991340194165,k30_ha75_nomov_carry100
635,2021,2021-02-28,Chelsea,Man United,1588.3136277633064,1638.9845699028917,-50.67094213958535,k30_ha75_nomov_carry100
636,2021,2021-02-28,Sheffield United,Liverpool,1368.445513107544,1605.936108890265,-237.4905957827209,k30_ha75_nomov_carry100
637,2021,2021-03-01,Everton,Southampton,1543.6721510596078,1461.710085804254,81.96206525535376,k30_ha75_nomov_carry100
638,2021,2021-03-02,Man City,Wolves,1751.3945592852183,1519.5548862664502,231.83967301876805,k30_ha75_nomov_carry100
639,2021,2021-03-03,Sheffield United,Aston Villa,1359.9904236669681,1513.9798646517272,-153.98944098475909,k30_ha75_nomov_carry100
640,2021,2021-03-03,Crystal Palace,Man United,1460.7219880914945,1640.0332263122602,-179.31123822076574,k30_ha75_nomov_carry100
641,2021,2021-03-03,Burnley,Leicester,1478.7746565390269,1589.3088409716966,-110.53418443266969,k30_ha75_nomov_carry100
642,2021,2021-03-04,Fulham,Tottenham,1465.7095531833256,1540.6544520166244,-74.9448988332988,k30_ha75_nomov_carry100
643,2021,2021-03-04,West Brom,Everton,1407.5765947259263,1552.3218195037123,-144.745224777786,k30_ha75_nomov_carry100
644,2021,2021-03-04,Liverpool,Chelsea,1614.3911983308408,1587.2649713539379,27.1262269769029,k30_ha75_nomov_carry100
645,2021,2021-03-06,Burnley,Arsenal,1480.303463722227,1542.4594720407463,-62.1560083185193,k30_ha75_nomov_carry100
646,2021,2021-03-06,Sheffield United,Southampton,1378.3431055981796,1453.0604173601496,-74.71731176197,k30_ha75_nomov_carry100
647,2021,2021-03-06,Aston Villa,Wolves,1495.6271827205157,1515.1748360328988,-19.54765331238309,k30_ha75_nomov_carry100
648,2021,2021-03-06,Brighton,Leicester,1451.6317644882943,1587.7800337884964,-136.14826930020217,k30_ha75_nomov_carry100
649,2021,2021-03-07,West Brom,Newcastle,1395.5479322475053,1416.3800732753866,-20.832141027881335,k30_ha75_nomov_carry100
650,2021,2021-03-07,Liverpool,Fulham,1595.1048011015118,1450.7071742747507,144.3976268267611,k30_ha75_nomov_carry100
651,2021,2021-03-07,Man City,Man United,1755.7746095187697,1635.6603543427475,120.1142551760222,k30_ha75_nomov_carry100
652,2021,2021-03-07,Tottenham,Crystal Palace,1555.6568309251993,1465.0948600610072,90.56197086419206,k30_ha75_nomov_carry100
653,2021,2021-03-08,Chelsea,Everton,1606.5513685832668,1564.3504819821333,42.20088660113356,k30_ha75_nomov_carry100
654,2021,2021-03-08,West Ham,Leeds,1560.63995510419,1483.7851584563803,76.85479664780974,k30_ha75_nomov_carry100
655,2021,2021-03-10,Man City,Southampton,1733.1373336110755,1468.07262198976,265.0647116213156,k30_ha75_nomov_carry100
656,2021,2021-03-12,Newcastle,Aston Villa,1418.6999217927794,1493.2532360169337,-74.55331422415429,k30_ha75_nomov_carry100
657,2021,2021-03-13,Leeds,Chelsea,1474.9533912756947,1616.674976837009,-141.7215855613142,k30_ha75_nomov_carry100
658,2021,2021-03-13,Crystal Palace,West Brom,1456.7467122992186,1393.2280837301125,63.51862856910611,k30_ha75_nomov_carry100
659,2021,2021-03-13,Everton,Burnley,1554.2268737283912,1479.749196496366,74.47767723202514,k30_ha75_nomov_carry100
660,2021,2021-03-13,Fulham,Man City,1474.0932017257355,1736.8492422348297,-262.7560405090942,k30_ha75_nomov_carry100
661,2021,2021-03-14,Arsenal,Tottenham,1543.0137392666072,1564.004978686988,-20.99123942038068,k30_ha75_nomov_carry100
662,2021,2021-03-14,Southampton,Brighton,1464.3607133660057,1439.2448226908195,25.115890675186165,k30_ha75_nomov_carry100
663,2021,2021-03-14,Leicester,Sheffield United,1600.1669755859712,1363.3309009685693,236.8360746174019,k30_ha75_nomov_carry100
664,2021,2021-03-14,Man United,West Ham,1658.2976302504417,1569.4717222848756,88.8259079655661,k30_ha75_nomov_carry100
665,2021,2021-03-15,Wolves,Liverpool,1517.548782736481,1571.718773650527,-54.16999091404614,k30_ha75_nomov_carry100
666,2021,2021-03-19,Fulham,Leeds,1466.4926225457139,1477.7990967309927,-11.30647418527883,k30_ha75_nomov_carry100
667,2021,2021-03-20,Brighton,Newcastle,1458.451383025491,1418.6806368282416,39.77074619724931,k30_ha75_nomov_carry100
668,2021,2021-03-21,West Ham,Arsenal,1561.0632290269764,1555.700595760191,5.362633266785451,k30_ha75_nomov_carry100
669,2021,2021-03-21,Aston Villa,Tottenham,1493.2725209814714,1551.3181221934042,-58.04560121193276,k30_ha75_nomov_carry100
670,2021,2021-04-03,Chelsea,West Brom,1613.829271381711,1383.9104793032618,229.9187920784491,k30_ha75_nomov_carry100
671,2021,2021-04-03,Leeds,Sheffield United,1495.5185700242673,1359.0573434931975,136.46122653106977,k30_ha75_nomov_carry100
672,2021,2021-04-03,Leicester,Man City,1604.4405330613429,1744.4498214148514,-140.0092883535085,k30_ha75_nomov_carry100
673,2021,2021-04-03,Arsenal,Liverpool,1559.1095513982032,1587.617001484569,-28.507450086365907,k30_ha75_nomov_carry100
674,2021,2021-04-04,Southampton,Burnley,1445.1541530313343,1500.8319158576178,-55.67776282628347,k30_ha75_nomov_carry100
675,2021,2021-04-04,Newcastle,Tottenham,1408.4629869245507,1567.049521957831,-158.58653503328037,k30_ha75_nomov_carry100
676,2021,2021-04-04,Aston Villa,Fulham,1477.5411212170445,1448.7731492524392,28.767971964605294,k30_ha75_nomov_carry100
677,2021,2021-04-04,Man United,Brighton,1666.7061235083409,1468.6690329291819,198.03709057915898,k30_ha75_nomov_carry100
678,2021,2021-04-05,Everton,Crystal Palace,1533.1441543671394,1466.0643167260694,67.07983764107007,k30_ha75_nomov_carry100
679,2021,2021-04-05,Wolves,West Ham,1501.650554902439,1557.6542733889642,-56.00371848652526,k30_ha75_nomov_carry100
680,2021,2021-04-09,Fulham,Wolves,1438.1245500991988,1485.8312357731504,-47.7066856739516,k30_ha75_nomov_carry100
681,2021,2021-04-10,Man City,Leeds,1756.6754472033438,1502.3710941567601,254.30435304658363,k30_ha75_nomov_carry100
682,2021,2021-04-10,Liverpool,Aston Villa,1604.6123503021208,1488.189720370285,116.4226299318359,k30_ha75_nomov_carry100
683,2021,2021-04-10,Crystal Palace,Chelsea,1471.8778835888163,1588.2508448444291,-116.37296125561284,k30_ha75_nomov_carry100
684,2021,2021-04-11,Burnley,Newcastle,1486.6652649154314,1412.003659202488,74.66160571294336,k30_ha75_nomov_carry100
685,2021,2021-04-11,West Ham,Leicester,1573.4735925182526,1592.2149072728505,-18.741314754597852,k30_ha75_nomov_carry100
686,2021,2021-04-11,Tottenham,Man United,1563.5088496798937,1671.8652299422872,-108.35638026239349,k30_ha75_nomov_carry100
687,2021,2021-04-11,Sheffield United,Arsenal,1352.2048193607047,1542.1142025806514,-189.90938321994668,k30_ha75_nomov_carry100
688,2021,2021-04-12,West Brom,Southampton,1409.4889058405436,1459.3208039735207,-49.83189813297713,k30_ha75_nomov_carry100
689,2021,2021-04-12,Brighton,Everton,1463.5099264952355,1527.3305875043925,-63.82066100915699,k30_ha75_nomov_carry100
690,2021,2021-04-16,Everton,Tottenham,1527.8130718659042,1549.9445519317314,-22.13148006582719,k30_ha75_nomov_carry100
691,2021,2021-04-17,Newcastle,West Ham,1433.093012162915,1586.0657178578979,-152.97270569498278,k30_ha75_nomov_carry100
692,2021,2021-04-17,Wolves,Sheffield United,1502.0071649353317,1341.9925458040834,160.0146191312483,k30_ha75_nomov_carry100
693,2021,2021-04-18,Arsenal,Fulham,1552.3264761372727,1421.9486209370175,130.37785520025523,k30_ha75_nomov_carry100
694,2021,2021-04-18,Man United,Burnley,1685.4295276904495,1465.5759119550044,219.85361573544515,k30_ha75_nomov_carry100
695,2021,2021-04-19,Leeds,Liverpool,1528.4529719852917,1612.0937753412177,-83.64080335592598,k30_ha75_nomov_carry100
696,2021,2021-04-20,Chelsea,Brighton,1601.4730259088028,1463.0274421337238,138.44558377507906,k30_ha75_nomov_carry100
697,2021,2021-04-21,Tottenham,Southampton,1552.2096138053346,1445.4055016238112,106.80411218152335,k30_ha75_nomov_carry100
698,2021,2021-04-21,Aston Villa,Man City,1480.708295331188,1730.5935693748122,-249.88527404362412,k30_ha75_nomov_carry100
699,2021,2021-04-22,Leicester,West Brom,1579.6227819332053,1423.404208190253,156.21857374295223,k30_ha75_nomov_carry100
700,2021,2021-04-23,Arsenal,Everton,1544.3659127447154,1525.548009992301,18.817902752414284,k30_ha75_nomov_carry100
701,2021,2021-04-24,Liverpool,Newcastle,1611.7207987681866,1451.4039638685795,160.3168348996071,k30_ha75_nomov_carry100
702,2021,2021-04-24,West Ham,Chelsea,1567.7547661522335,1593.2653414309957,-25.51057527876219,k30_ha75_nomov_carry100
703,2021,2021-04-24,Sheffield United,Brighton,1335.8304153195775,1471.2351266115309,-135.4047112919534,k30_ha75_nomov_carry100
704,2021,2021-04-25,Wolves,Burnley,1508.1692954198377,1460.9314194343087,47.237875985528945,k30_ha75_nomov_carry100
705,2021,2021-04-25,Leeds,Man United,1528.8259485583228,1690.0740202111451,-161.24807165282232,k30_ha75_nomov_carry100
706,2021,2021-04-25,Aston Villa,West Brom,1472.679631365152,1417.1343936117132,55.54523775343887,k30_ha75_nomov_carry100
707,2021,2021-04-26,Leicester,Crystal Palace,1585.892596511745,1458.6557025244426,127.23689398730244,k30_ha75_nomov_carry100
708,2021,2021-04-30,Southampton,Leicester,1437.6088491555304,1593.0299131813824,-155.42106402585205,k30_ha75_nomov_carry100
709,2021,2021-05-01,Crystal Palace,Man City,1451.5183858548053,1738.6222333408482,-287.1038474860429,k30_ha75_nomov_carry100
710,2021,2021-05-01,Brighton,Leeds,1453.6532077520242,1532.474928311667,-78.82172055964293,k30_ha75_nomov_carry100
711,2021,2021-05-01,Chelsea,Fulham,1610.3876374244198,1429.9091843295748,180.478453094845,k30_ha75_nomov_carry100
712,2021,2021-05-01,Everton,Aston Villa,1544.502796088565,1467.2946062847782,77.20818980378681,k30_ha75_nomov_carry100
713,2021,2021-05-02,Newcastle,Arsenal,1460.2503472588926,1525.4111266484515,-65.16077938955891,k30_ha75_nomov_carry100
714,2021,2021-05-02,Tottenham,Sheffield United,1560.0062662736154,1353.4123341790842,206.59393209453128,k30_ha75_nomov_carry100
715,2021,2021-05-03,West Brom,Wolves,1422.5194186920871,1488.0993479483986,-65.57992925631152,k30_ha75_nomov_carry100
716,2021,2021-05-03,Burnley,West Ham,1481.0013669057478,1550.6324701588094,-69.63110325306161,k30_ha75_nomov_carry100
717,2021,2021-05-07,Leicester,Newcastle,1589.6185652684503,1444.8256674827678,144.7928977856825,k30_ha75_nomov_carry100
718,2021,2021-05-08,Man City,Chelsea,1745.455218265516,1615.992942541516,129.46227572399994,k30_ha75_nomov_carry100
719,2021,2021-05-08,Liverpool,Southampton,1602.8744153778734,1441.0201970684625,161.85421830941095,k30_ha75_nomov_carry100
720,2021,2021-05-08,Leeds,Tottenham,1517.309938026158,1564.958338517089,-47.64840049093095,k30_ha75_nomov_carry100
721,2021,2021-05-08,Sheffield United,Crystal Palace,1348.4602619356106,1444.6854009301376,-96.22513899452701,k30_ha75_nomov_carry100
722,2021,2021-05-09,Wolves,Brighton,1488.5059454665832,1468.8181980375332,19.687747429049978,k30_ha75_nomov_carry100
723,2021,2021-05-09,Aston Villa,Man United,1488.4755110418116,1686.4250404578008,-197.94952941598922,k30_ha75_nomov_carry100
724,2021,2021-05-09,West Ham,Everton,1565.8642456156085,1523.3218913315316,42.542354284076964,k30_ha75_nomov_carry100
725,2021,2021-05-09,Arsenal,West Brom,1540.8358064245763,1422.1128211739026,118.72298525067367,k30_ha75_nomov_carry100
726,2021,2021-05-10,Fulham,Burnley,1424.3038792124787,1465.7695914489486,-41.465712236469926,k30_ha75_nomov_carry100
727,2021,2021-05-11,Man United,Leicester,1696.327897326666,1566.2208139239747,130.1070834026914,k30_ha75_nomov_carry100
728,2021,2021-05-11,Southampton,Crystal Palace,1434.9097557108585,1458.770176302744,-23.860420591885486,k30_ha75_nomov_carry100
729,2021,2021-05-12,Chelsea,Arsenal,1638.9250706396115,1548.2431159066282,90.68195473298329,k30_ha75_nomov_carry100
730,2021,2021-05-13,Aston Villa,Everton,1478.5726541729464,1543.2114631579234,-64.638808984977,k30_ha75_nomov_carry100
731,2021,2021-05-13,Man United,Liverpool,1673.3757350676326,1608.9848567354775,64.39087833215513,k30_ha75_nomov_carry100
732,2021,2021-05-14,Newcastle,Man City,1468.2234188272434,1722.5230901674204,-254.29967134017693,k30_ha75_nomov_carry100
733,2021,2021-05-15,Burnley,Leeds,1482.2129038462663,1531.1315079884391,-48.91860414217285,k30_ha75_nomov_carry100
734,2021,2021-05-15,Southampton,Fulham,1447.7176903909535,1407.860566815161,39.85712357579246,k30_ha75_nomov_carry100
735,2021,2021-05-15,Brighton,West Ham,1457.8079047330928,1545.9746737892167,-88.16676905612394,k30_ha75_nomov_carry100
736,2021,2021-05-16,Crystal Palace,Aston Villa,1445.962241622649,1478.1254581611847,-32.163216538535835,k30_ha75_nomov_carry100
737,2021,2021-05-16,Tottenham,Wolves,1551.136768554808,1499.5162387710236,51.62052978378438,k30_ha75_nomov_carry100
738,2021,2021-05-16,West Brom,Liverpool,1414.7055116918507,1629.6994753595422,-214.99396366769156,k30_ha75_nomov_carry100
739,2021,2021-05-16,Everton,Sheffield United,1543.658659169685,1334.3754865630042,209.28317260668086,k30_ha75_nomov_carry100
740,2021,2021-05-18,Man United,Fulham,1652.6611164435678,1397.6462667890191,255.0148496545487,k30_ha75_nomov_carry100
741,2021,2021-05-18,Southampton,Leeds,1457.9319904170954,1547.2554219774759,-89.32343156038041,k30_ha75_nomov_carry100
742,2021,2021-05-18,Brighton,Man City,1458.3760878694502,1730.4032202975136,-272.0271324280634,k30_ha75_nomov_carry100
743,2021,2021-05-18,Chelsea,Leicester,1617.2690576097973,1589.1729761830081,28.09608142678917,k30_ha75_nomov_carry100
744,2021,2021-05-19,Everton,Wolves,1518.5470565124717,1489.7530641085068,28.79399240396492,k30_ha75_nomov_carry100
745,2021,2021-05-19,Newcastle,Sheffield United,1460.3432886971502,1359.4870892202175,100.85619947693272,k30_ha75_nomov_carry100
746,2021,2021-05-19,Tottenham,Aston Villa,1560.8999432173248,1464.9655561490824,95.93438706824236,k30_ha75_nomov_carry100
747,2021,2021-05-19,Crystal Palace,Arsenal,1459.1221436347512,1569.8991289364424,-110.77698530169118,k30_ha75_nomov_carry100
748,2021,2021-05-19,Burnley,Liverpool,1466.0889898572295,1638.9626132747276,-172.87362341749804,k30_ha75_nomov_carry100
749,2021,2021-05-19,West Brom,West Ham,1405.4423737766654,1545.4064906528592,-139.96411687619388,k30_ha75_nomov_carry100
750,2021,2021-05-23,Leicester,Tottenham,1578.497795435717,1539.063041861143,39.43475357457419,k30_ha75_nomov_carry100
751,2021,2021-05-23,Arsenal,Brighton,1583.3599488281254,1481.0743685945947,102.28558023353071,k30_ha75_nomov_carry100
752,2021,2021-05-23,Aston Villa,Chelsea,1486.8024575052643,1627.9442383570884,-141.14178085182402,k30_ha75_nomov_carry100
753,2021,2021-05-23,Fulham,Newcastle,1408.7420555754338,1468.3391314030969,-59.59707582766305,k30_ha75_nomov_carry100
754,2021,2021-05-23,Leeds,West Brom,1561.6373798285094,1393.2148644492647,168.42251537924471,k30_ha75_nomov_carry100
755,2021,2021-05-23,Man City,Everton,1707.704939572369,1529.1946268335787,178.5103127387904,k30_ha75_nomov_carry100
756,2021,2021-05-23,Sheffield United,Burnley,1351.4912465142709,1455.2061966088986,-103.71495009462774,k30_ha75_nomov_carry100
757,2021,2021-05-23,West Ham,Southampton,1557.63399998026,1443.5500325660619,114.08396741419801,k30_ha75_nomov_carry100
758,2021,2021-05-23,Wolves,Man United,1479.1054937873998,1641.5653276571531,-162.4598338697533,k30_ha75_nomov_carry100
759,2021,2021-05-23,Liverpool,Crystal Palace,1649.8454065230585,1445.6613237430681,204.18408277999038,k30_ha75_nomov_carry100
760,2122,2021-08-13,Brentford,Arsenal,1500.0,1591.307628325573,-91.30762832557298,k30_ha75_nomov_carry100
761,2122,2021-08-14,Burnley,Brighton,1438.969287609753,1473.1266890971472,-34.157401487394054,k30_ha75_nomov_carry100
762,2122,2021-08-14,Man United,Leeds,1652.8671698036082,1567.5659021868112,85.30126761679708,k30_ha75_nomov_carry100
763,2122,2021-08-14,Norwich,Liverpool,1305.345073524023,1654.8551021349565,-349.51002861093343,k30_ha75_nomov_carry100
764,2122,2021-08-14,Chelsea,Crystal Palace,1610.1226717627533,1440.6516281311701,169.47104363158314,k30_ha75_nomov_carry100
765,2122,2021-08-14,Watford,Aston Villa,1410.461466028128,1504.6240240995994,-94.1625580714715,k30_ha75_nomov_carry100
766,2122,2021-08-14,Leicester,Wolves,1558.7284808147958,1467.8036516409447,90.9248291738511,k30_ha75_nomov_carry100
767,2122,2021-08-14,Everton,Southampton,1523.537498534527,1435.9927517937467,87.54474674078028,k30_ha75_nomov_carry100
768,2122,2021-08-15,Newcastle,West Ham,1484.0036937686227,1565.191280752575,-81.18758698395231,k30_ha75_nomov_carry100
769,2122,2021-08-15,Tottenham,Man City,1558.8323564820641,1713.3620678714208,-154.52971138935663,k30_ha75_nomov_carry100
770,2122,2021-08-21,Liverpool,Burnley,1659.9780882327468,1422.2140486928577,237.76403953988915,k30_ha75_nomov_carry100
771,2122,2021-08-21,Aston Villa,Newcastle,1488.7975478395222,1469.2708051332686,19.52674270625357,k30_ha75_nomov_carry100
772,2122,2021-08-21,Crystal Palace,Brentford,1434.7517654013845,1515.703540331059,-80.95177492967446,k30_ha75_nomov_carry100
773,2122,2021-08-21,Leeds,Everton,1559.0340769208508,1531.990695309227,27.043381611623772,k30_ha75_nomov_carry100
774,2122,2021-08-21,Man City,Norwich,1694.9872335892057,1300.2220874262327,394.765146162973,k30_ha75_nomov_carry100
775,2122,2021-08-21,Brighton,Watford,1489.8819280140426,1426.2879422882052,63.593985725837456,k30_ha75_nomov_carry100
776,2122,2021-08-22,Wolves,Tottenham,1459.4680831493795,1577.2071907642792,-117.7391076148997,k30_ha75_nomov_carry100
777,2122,2021-08-22,Arsenal,Chelsea,1575.604087994514,1616.0225344925389,-40.41844649802488,k30_ha75_nomov_carry100
778,2122,2021-08-22,Southampton,Man United,1427.5395550190467,1661.3989950695686,-233.85944005052193,k30_ha75_nomov_carry100
779,2122,2021-08-23,West Ham,Leicester,1579.9241693879292,1567.064049306361,12.860120081568084,k30_ha75_nomov_carry100
780,2122,2021-08-28,West Ham,Crystal Palace,1591.2097848571484,1435.008699048199,156.2010858089493,k30_ha75_nomov_carry100
781,2122,2021-08-28,Liverpool,Chelsea,1664.2321065625808,1632.5106292498601,31.721477312720708,k30_ha75_nomov_carry100
782,2122,2021-08-28,Man City,Arsenal,1696.8690384060703,1559.1159932371927,137.75304516887763,k30_ha75_nomov_carry100
783,2122,2021-08-28,Aston Villa,Brentford,1499.8143013103793,1515.4466066842444,-15.632305373865165,k30_ha75_nomov_carry100
784,2122,2021-08-28,Brighton,Everton,1499.1967461377421,1536.2738076632204,-37.07706152547826,k30_ha75_nomov_carry100
785,2122,2021-08-28,Newcastle,Southampton,1458.2540516624115,1433.9569652422488,24.297086420162714,k30_ha75_nomov_carry100
786,2122,2021-08-28,Norwich,Leicester,1298.3402826093682,1555.7784338371418,-257.4381512277737,k30_ha75_nomov_carry100
787,2122,2021-08-29,Wolves,Man United,1446.304027449362,1654.9815848463666,-208.67755739700465,k30_ha75_nomov_carry100
788,2122,2021-08-29,Burnley,Leeds,1417.9600303630236,1554.7509645668574,-136.79093420383379,k30_ha75_nomov_carry100
789,2122,2021-08-29,Tottenham,Watford,1590.3712464642967,1416.9731241645056,173.3981222997911,k30_ha75_nomov_carry100
790,2122,2021-09-11,Crystal Palace,Tottenham,1443.7383851927284,1596.1646999927377,-152.42631480000932,k30_ha75_nomov_carry100
791,2122,2021-09-11,Arsenal,Norwich,1552.3027075689417,1290.5646725843192,261.7380349846226,k30_ha75_nomov_carry100
792,2122,2021-09-11,Brentford,Brighton,1517.985058226722,1482.5659525261374,35.41910570058462,k30_ha75_nomov_carry100
793,2122,2021-09-11,Leicester,Man City,1563.5540438621908,1703.6823240743213,-140.12828021213045,k30_ha75_nomov_carry100
794,2122,2021-09-11,Man United,Newcastle,1664.4791390216437,1454.0800832755365,210.39905574610725,k30_ha75_nomov_carry100
795,2122,2021-09-11,Southampton,West Ham,1438.1309336291238,1582.480098712619,-144.34916508349534,k30_ha75_nomov_carry100
796,2122,2021-09-11,Watford,Wolves,1411.1796706360647,1436.8064732740847,-25.62680263802008,k30_ha75_nomov_carry100
797,2122,2021-09-11,Chelsea,Aston Villa,1636.9785223335534,1497.2758497679017,139.7026725656517,k30_ha75_nomov_carry100
798,2122,2021-09-12,Leeds,Liverpool,1552.1110109971787,1659.7642134788875,-107.65320248170883,k30_ha75_nomov_carry100
799,2122,2021-09-13,Everton,Burnley,1552.9046012748252,1420.5999839327023,132.3046173421228,k30_ha75_nomov_carry100
800,2122,2021-09-17,Newcastle,Leeds,1449.2179132176707,1538.516626954272,-89.29871373660126,k30_ha75_nomov_carry100
801,2122,2021-09-18,Wolves,Brentford,1453.9238515475704,1498.3721541147422,-44.44830256717182,k30_ha75_nomov_carry100
802,2122,2021-09-18,Burnley,Arsenal,1413.6201275657515,1556.077353899879,-142.45722633412743,k30_ha75_nomov_carry100
803,2122,2021-09-18,Liverpool,Crystal Palace,1673.3585975217943,1462.0268888602993,211.331708661495,k30_ha75_nomov_carry100
804,2122,2021-09-18,Man City,Southampton,1715.9029886302935,1441.0858391395113,274.8171494907822,k30_ha75_nomov_carry100
805,2122,2021-09-18,Norwich,Watford,1286.790026253382,1394.062292362579,-107.27226610919706,k30_ha75_nomov_carry100
806,2122,2021-09-18,Aston Villa,Everton,1490.5214822728597,1559.884457641776,-69.3629753689163,k30_ha75_nomov_carry100
807,2122,2021-09-19,Tottenham,Chelsea,1577.8761963251668,1643.7328898285955,-65.85669350342869,k30_ha75_nomov_carry100
808,2122,2021-09-19,Brighton,Leicester,1502.1788566381172,1551.3333793062186,-49.154522668101436,k30_ha75_nomov_carry100
809,2122,2021-09-19,West Ham,Man United,1579.5251932022315,1669.3413090795095,-89.81611587727798,k30_ha75_nomov_carry100
810,2122,2021-09-25,Leeds,West Ham,1537.8996501509848,1565.1644688771626,-27.264818726177737,k30_ha75_nomov_carry100
811,2122,2021-09-25,Man United,Aston Villa,1683.7020334045785,1505.2781337088982,178.42389969568035,k30_ha75_nomov_carry100
812,2122,2021-09-25,Everton,Norwich,1545.1278062057374,1273.1793386143236,271.9484675914139,k30_ha75_nomov_carry100
813,2122,2021-09-25,Brentford,Liverpool,1514.6877876069848,1678.1989340388238,-163.51114643183905,k30_ha75_nomov_carry100
814,2122,2021-09-25,Leicester,Burnley,1537.4471645423987,1401.4964377577048,135.95072678469387,k30_ha75_nomov_carry100
815,2122,2021-09-25,Watford,Newcastle,1407.6729800016374,1449.8348900209578,-42.16191001932043,k30_ha75_nomov_carry100
816,2122,2021-09-25,Chelsea,Man City,1659.1275469980062,1704.436119298345,-45.30857230033871,k30_ha75_nomov_carry100
817,2122,2021-09-26,Southampton,Wolves,1452.55270847146,1437.6082180553278,14.944490416132112,k30_ha75_nomov_carry100
818,2122,2021-09-26,Arsenal,Tottenham,1568.2010437079257,1562.481539155756,5.71950455216961,k30_ha75_nomov_carry100
819,2122,2021-09-27,Crystal Palace,Brighton,1457.1865523432698,1516.065071401937,-58.87851905866728,k30_ha75_nomov_carry100
820,2122,2021-10-02,Man United,Everton,1659.361445455183,1548.7127356021454,110.64870985303764,k30_ha75_nomov_carry100
821,2122,2021-10-02,Burnley,Norwich,1409.6283636171117,1269.5944092179157,140.0339543991961,k30_ha75_nomov_carry100
822,2122,2021-10-02,Chelsea,Southampton,1642.8487765471223,1433.7539787701885,209.09479777693377,k30_ha75_nomov_carry100
823,2122,2021-10-02,Leeds,Watford,1520.8516272342274,1406.2594522979534,114.59217493627398,k30_ha75_nomov_carry100
824,2122,2021-10-02,Wolves,Newcastle,1456.4069477565993,1451.2484177246417,5.158530031957525,k30_ha75_nomov_carry100
825,2122,2021-10-02,Brighton,Arsenal,1516.7605925831224,1579.7774798853845,-63.01688730226215,k30_ha75_nomov_carry100
826,2122,2021-10-03,Tottenham,Aston Villa,1550.9051029782972,1529.6187216582937,21.286381320003557,k30_ha75_nomov_carry100
827,2122,2021-10-03,West Ham,Brentford,1582.21249179392,1518.4285434555536,63.78394833836637,k30_ha75_nomov_carry100
828,2122,2021-10-03,Crystal Palace,Leicester,1456.4910311620845,1529.3152386829918,-72.8242075209073,k30_ha75_nomov_carry100
829,2122,2021-10-03,Liverpool,Man City,1674.458178190255,1720.7148897492289,-46.25671155897385,k30_ha75_nomov_carry100
830,2122,2021-10-16,Watford,Liverpool,1398.718698797324,1673.220054053778,-274.5013552564542,k30_ha75_nomov_carry100
831,2122,2021-10-16,Man City,Burnley,1721.9530138857058,1401.3727557100674,320.5802581756384,k30_ha75_nomov_carry100
832,2122,2021-10-16,Leicester,Man United,1529.409173967404,1652.031071923852,-122.62189795644804,k30_ha75_nomov_carry100
833,2122,2021-10-16,Brentford,Chelsea,1539.1207470964894,1647.7416126018657,-108.62086550537629,k30_ha75_nomov_carry100
834,2122,2021-10-16,Norwich,Brighton,1277.85001712496,1516.2434450657663,-238.3934279408063,k30_ha75_nomov_carry100
835,2122,2021-10-16,Southampton,Leeds,1428.861142715445,1528.392380734857,-99.53123801941183,k30_ha75_nomov_carry100
836,2122,2021-10-16,Aston Villa,Wolves,1518.6724853192609,1468.006349957284,50.666135361976785,k30_ha75_nomov_carry100
837,2122,2021-10-17,Everton,West Ham,1556.0431091334763,1561.5202881529842,-5.4771790195079575,k30_ha75_nomov_carry100
838,2122,2021-10-17,Newcastle,Tottenham,1439.649015523957,1561.85133931733,-122.20232379337313,k30_ha75_nomov_carry100
839,2122,2021-10-18,Arsenal,Crystal Palace,1580.2946274027406,1456.3970958776722,123.89753152506842,k30_ha75_nomov_carry100
840,2122,2021-10-22,Arsenal,Aston Villa,1572.5370289660934,1498.4718768909013,74.06515207519215,k30_ha75_nomov_carry100
841,2122,2021-10-23,Chelsea,Norwich,1661.2945970386288,1284.426449502127,376.86814753650174,k30_ha75_nomov_carry100
842,2122,2021-10-23,Crystal Palace,Newcastle,1464.1546943143194,1426.6744572827731,37.48023703154627,k30_ha75_nomov_carry100
843,2122,2021-10-23,Everton,Watford,1538.0809979506118,1391.4953765603768,146.58562139023502,k30_ha75_nomov_carry100
844,2122,2021-10-23,Leeds,Wolves,1512.335038522522,1488.2069583856437,24.128080136878225,k30_ha75_nomov_carry100
845,2122,2021-10-23,Southampton,Burnley,1444.9184849277801,1398.5817434773835,46.33674145039663,k30_ha75_nomov_carry100
846,2122,2021-10-23,Brighton,Man City,1509.6670126885992,1724.7440261183897,-215.07701342979044,k30_ha75_nomov_carry100
847,2122,2021-10-24,Brentford,Leicester,1525.5677626597262,1546.4523970104844,-20.884634350758233,k30_ha75_nomov_carry100
848,2122,2021-10-24,West Ham,Tottenham,1579.4823993358486,1574.8258975585138,4.6565017773348245,k30_ha75_nomov_carry100
849,2122,2021-10-24,Man United,Liverpool,1634.9878488807717,1680.4433762907252,-45.45552740995345,k30_ha75_nomov_carry100
850,2122,2021-10-30,Liverpool,Brighton,1696.7158480637493,1500.406935568776,196.30891249497336,k30_ha75_nomov_carry100
851,2122,2021-10-30,Leicester,Arsenal,1563.7700333645748,1581.4691981717026,-17.699164807127772,k30_ha75_nomov_carry100
852,2122,2021-10-30,Newcastle,Chelsea,1431.367784247293,1663.366506949746,-231.99872270245305,k30_ha75_nomov_carry100
853,2122,2021-10-30,Burnley,Brentford,1403.6172002673006,1508.2501263056358,-104.6329260383352,k30_ha75_nomov_carry100
854,2122,2021-10-30,Watford,Southampton,1414.9461134213825,1439.883028137863,-24.936914716480487,k30_ha75_nomov_carry100
855,2122,2021-10-30,Tottenham,Man United,1563.205928301835,1618.7153771077476,-55.5094488059126,k30_ha75_nomov_carry100
856,2122,2021-10-30,Man City,Crystal Palace,1734.004103238213,1459.4613673497995,274.5427358884135,k30_ha75_nomov_carry100
857,2122,2021-10-31,Norwich,Leeds,1282.3545395910098,1508.167802650914,-225.8132630599041,k30_ha75_nomov_carry100
858,2122,2021-10-31,Aston Villa,West Ham,1489.5397076852921,1591.1023685925275,-101.56266090723534,k30_ha75_nomov_carry100
859,2122,2021-11-01,Wolves,Everton,1492.3741942572517,1514.6302610896062,-22.256066832354463,k30_ha75_nomov_carry100
860,2122,2021-11-05,Southampton,Aston Villa,1457.0295895638062,1475.6842807492912,-18.654691185485035,k30_ha75_nomov_carry100
861,2122,2021-11-06,Brentford,Norwich,1491.973863254057,1273.4853635623563,218.48849969170078,k30_ha75_nomov_carry100
862,2122,2021-11-06,Chelsea,Burnley,1672.0148764770224,1419.8934633188794,252.121413158143,k30_ha75_nomov_carry100
863,2122,2021-11-06,Man United,Man City,1634.5559702414841,1707.5421607020514,-72.98619046056729,k30_ha75_nomov_carry100
864,2122,2021-11-06,Crystal Palace,Wolves,1485.923309885961,1505.1143888614401,-19.19107897547906,k30_ha75_nomov_carry100
865,2122,2021-11-06,Brighton,Newcastle,1510.20519272811,1422.7194147200166,87.48577800809335,k30_ha75_nomov_carry100
866,2122,2021-11-07,Arsenal,Watford,1598.920885437163,1397.7995519954393,201.12133344172366,k30_ha75_nomov_carry100
867,2122,2021-11-07,Everton,Tottenham,1501.8900664854177,1547.3653351680985,-45.475268682680735,k30_ha75_nomov_carry100
868,2122,2021-11-07,Leeds,Leicester,1517.0369786795675,1546.3183460991145,-29.281367419546996,k30_ha75_nomov_carry100
869,2122,2021-11-07,West Ham,Liverpool,1604.9577955285283,1686.9175909044152,-81.95979537588687,k30_ha75_nomov_carry100
870,2122,2021-11-20,Leicester,Chelsea,1548.2808637894914,1660.9760025564856,-112.6951387669942,k30_ha75_nomov_carry100
871,2122,2021-11-20,Aston Villa,Brighton,1463.0957987346571,1503.6604505703783,-40.56465183572118,k30_ha75_nomov_carry100
872,2122,2021-11-20,Wolves,West Ham,1492.503342083303,1620.2582338635675,-127.75489178026442,k30_ha75_nomov_carry100
873,2122,2021-11-20,Burnley,Crystal Palace,1430.9323372394163,1498.5343566640981,-67.60201942468188,k30_ha75_nomov_carry100
874,2122,2021-11-20,Norwich,Southampton,1298.8099401822296,1469.6180715784403,-170.80813139621068,k30_ha75_nomov_carry100
875,2122,2021-11-20,Watford,Man United,1392.715849043074,1619.4690280683892,-226.75317902531515,k30_ha75_nomov_carry100
876,2122,2021-11-20,Newcastle,Brentford,1429.2641568777483,1466.6492866341837,-37.38512975643539,k30_ha75_nomov_carry100
877,2122,2021-11-20,Liverpool,Arsenal,1671.617152569376,1604.0045883895282,67.61256417984782,k30_ha75_nomov_carry100
878,2122,2021-11-21,Man City,Everton,1722.6291028751464,1500.618440882262,222.01066199288448,k30_ha75_nomov_carry100
879,2122,2021-11-21,Tottenham,Leeds,1548.6369607712543,1515.0744609891906,33.562499782063696,k30_ha75_nomov_carry100
880,2122,2021-11-27,Arsenal,Newcastle,1594.8376884729194,1427.646507694803,167.1911807781164,k30_ha75_nomov_carry100
881,2122,2021-11-27,Crystal Palace,Aston Villa,1498.8537048978903,1476.6139543058155,22.23975059207487,k30_ha75_nomov_carry100
882,2122,2021-11-27,Liverpool,Southampton,1680.7840524859848,1450.5834547201644,230.20059776582048,k30_ha75_nomov_carry100
883,2122,2021-11-27,Norwich,Wolves,1317.8445570405056,1509.7636098600406,-191.91905281953495,k30_ha75_nomov_carry100
884,2122,2021-11-27,Brighton,Leeds,1490.14229499922,1504.614670800829,-14.472375801608905,k30_ha75_nomov_carry100
885,2122,2021-11-28,Brentford,Everton,1468.266935817129,1496.0224818441227,-27.75554602699367,k30_ha75_nomov_carry100
886,2122,2021-11-28,Leicester,Watford,1534.9019380537438,1413.8804361037642,121.02150194997967,k30_ha75_nomov_carry100
887,2122,2021-11-28,Man City,West Ham,1727.2250619132856,1602.99796608683,124.22709582645552,k30_ha75_nomov_carry100
888,2122,2021-11-28,Chelsea,Man United,1674.3549282922331,1598.304441007699,76.05048728453403,k30_ha75_nomov_carry100
889,2122,2021-11-30,Newcastle,Norwich,1421.6841952151947,1322.7100641280329,98.97413108716182,k30_ha75_nomov_carry100
890,2122,2021-11-30,Leeds,Crystal Palace,1507.2017386999412,1479.7618155079278,27.43992319201334,k30_ha75_nomov_carry100
891,2122,2021-12-01,Southampton,Leicester,1446.1679933007251,1542.2356857375553,-96.06769243683016,k30_ha75_nomov_carry100
892,2122,2021-12-01,West Ham,Brighton,1595.7659821913128,1487.5552271001077,108.2107550912051,k30_ha75_nomov_carry100
893,2122,2021-12-01,Watford,Chelsea,1406.5466884199527,1668.215575834977,-261.6688874150243,k30_ha75_nomov_carry100
894,2122,2021-12-01,Everton,Liverpool,1483.0497093157308,1685.199513905424,-202.1498045896933,k30_ha75_nomov_carry100
895,2122,2021-12-01,Aston Villa,Man City,1495.705843695778,1734.4570458088028,-238.75120211302487,k30_ha75_nomov_carry100
896,2122,2021-12-01,Wolves,Burnley,1504.8981027725133,1430.612989005624,74.28511376688925,k30_ha75_nomov_carry100
897,2122,2021-12-02,Tottenham,Brentford,1559.096750959616,1481.239708345521,77.85704261409501,k30_ha75_nomov_carry100
898,2122,2021-12-02,Man United,Arsenal,1604.4437934649552,1600.8000009525276,3.6437925124275807,k30_ha75_nomov_carry100
899,2122,2021-12-04,West Ham,Chelsea,1588.516001052392,1675.851724541376,-87.33572348898383,k30_ha75_nomov_carry100
900,2122,2021-12-04,Newcastle,Burnley,1414.7437371953943,1436.6887602842708,-21.945023088876496,k30_ha75_nomov_carry100
901,2122,2021-12-04,Southampton,Brighton,1447.0764455329836,1494.8052082390284,-47.72876270604479,k30_ha75_nomov_carry100
902,2122,2021-12-04,Wolves,Liverpool,1498.8223314938666,1694.942633790099,-196.12030229623247,k30_ha75_nomov_carry100
903,2122,2021-12-04,Watford,Man City,1398.9105397135538,1742.8681418093597,-343.9576020958059,k30_ha75_nomov_carry100
904,2122,2021-12-05,Man United,Crystal Palace,1616.105292015846,1469.0606469476913,147.04464506815475,k30_ha75_nomov_carry100
905,2122,2021-12-05,Leeds,Brentford,1517.9029072601777,1472.4438519502016,45.459055309976065,k30_ha75_nomov_carry100
906,2122,2021-12-05,Aston Villa,Leicester,1487.294747695221,1541.3272335052968,-54.03248581007574,k30_ha75_nomov_carry100
907,2122,2021-12-05,Tottenham,Norwich,1567.8926073549353,1329.6505221478333,238.24208520710204,k30_ha75_nomov_carry100
908,2122,2021-12-06,Everton,Arsenal,1473.3065894310557,1589.1385024016367,-115.83191297058102,k30_ha75_nomov_carry100
909,2122,2021-12-10,Brentford,Watford,1477.4456577494793,1393.650340490321,83.79531725915831,k30_ha75_nomov_carry100
910,2122,2021-12-11,Man City,Wolves,1748.1283410325925,1488.849495168747,259.2788458638456,k30_ha75_nomov_carry100
911,2122,2021-12-11,Arsenal,Southampton,1572.3837185014197,1445.9014636597742,126.4822548416455,k30_ha75_nomov_carry100
912,2122,2021-12-11,Chelsea,Leeds,1660.3193722246795,1512.9011014609,147.41827076377945,k30_ha75_nomov_carry100
913,2122,2021-12-11,Liverpool,Aston Villa,1704.9154701152188,1501.3906047167043,203.52486539851452,k30_ha75_nomov_carry100
914,2122,2021-12-11,Norwich,Man United,1325.4065403688526,1622.6410376954036,-297.23449732655104,k30_ha75_nomov_carry100
915,2122,2021-12-12,Leicester,Newcastle,1527.2313764838136,1427.470809523148,99.76056696066553,k30_ha75_nomov_carry100
916,2122,2021-12-12,Crystal Palace,Everton,1462.5249012681338,1490.0613733312728,-27.536472063138945,k30_ha75_nomov_carry100
917,2122,2021-12-12,Burnley,West Ham,1423.961687956517,1604.0483533690885,-180.08666541257162,k30_ha75_nomov_carry100
918,2122,2021-12-14,Norwich,Aston Villa,1318.8763796249805,1496.3650530689993,-177.4886734440188,k30_ha75_nomov_carry100
919,2122,2021-12-14,Man City,Leeds,1751.9499468407541,1506.3763435486842,245.57360329206995,k30_ha75_nomov_carry100
920,2122,2021-12-15,Brighton,Wolves,1495.9801901122378,1485.0278893605853,10.952300751652501,k30_ha75_nomov_carry100
921,2122,2021-12-15,Crystal Palace,Southampton,1475.4883891604738,1438.7404916065507,36.74789755392317,k30_ha75_nomov_carry100
922,2122,2021-12-15,Arsenal,West Ham,1579.5446905546432,1599.64486866042,-20.10017810577665,k30_ha75_nomov_carry100
923,2122,2021-12-16,Chelsea,Everton,1666.8441301368953,1477.0978854389327,189.74624469796254,k30_ha75_nomov_carry100
924,2122,2021-12-16,Liverpool,Newcastle,1709.9410217629238,1419.437923756231,290.5030980066929,k30_ha75_nomov_carry100
925,2122,2021-12-18,Leeds,Arsenal,1502.283820677158,1592.1940066126383,-89.91018593548029,k30_ha75_nomov_carry100
926,2122,2021-12-19,Newcastle,Man City,1416.1766786849237,1756.0424697122803,-339.86579102735664,k30_ha75_nomov_carry100
927,2122,2021-12-19,Wolves,Chelsea,1503.664852843163,1657.2103194270428,-153.54546658387972,k30_ha75_nomov_carry100
928,2122,2021-12-19,Tottenham,Liverpool,1572.136589133916,1713.202266834231,-141.06567770031506,k30_ha75_nomov_carry100
929,2122,2021-12-26,Man City,Leicester,1761.4056273996512,1535.2642622507308,226.14136514892039,k30_ha75_nomov_carry100
930,2122,2021-12-26,Norwich,Arsenal,1308.1771428375982,1606.5506770304046,-298.37353419280635,k30_ha75_nomov_carry100
931,2122,2021-12-26,Tottenham,Crystal Palace,1574.9549862171632,1470.8236032728425,104.13138294432065,k30_ha75_nomov_carry100
932,2122,2021-12-26,West Ham,Southampton,1586.9955526024248,1443.405277494182,143.59027510824285,k30_ha75_nomov_carry100
933,2122,2021-12-26,Aston Villa,Chelsea,1507.0642898563815,1653.8758530198447,-146.81156316346323,k30_ha75_nomov_carry100
934,2122,2021-12-26,Brighton,Brentford,1477.34322662966,1486.030509390133,-8.687282760472954,k30_ha75_nomov_carry100
935,2122,2021-12-27,Newcastle,Man United,1410.8135209975528,1629.1711984392757,-218.3576774417229,k30_ha75_nomov_carry100
936,2122,2021-12-28,Southampton,Tottenham,1466.7673122050362,1582.840746295433,-116.07343409039686,k30_ha75_nomov_carry100
937,2122,2021-12-28,Crystal Palace,Norwich,1462.9378431945727,1301.6804171028164,161.25742609175632,k30_ha75_nomov_carry100
938,2122,2021-12-28,Leicester,Liverpool,1530.760083716999,1710.3838697509839,-179.62378603398497,k30_ha75_nomov_carry100
939,2122,2021-12-28,Watford,West Ham,1385.0654888496674,1563.6335178915706,-178.56802904190317,k30_ha75_nomov_carry100
940,2122,2021-12-29,Chelsea,Brighton,1665.8189069438927,1489.51454190324,176.30436504065278,k30_ha75_nomov_carry100
941,2122,2021-12-29,Brentford,Man City,1473.859194116553,1765.909805933383,-292.05061181683004,k30_ha75_nomov_carry100
942,2122,2021-12-30,Man United,Burnley,1623.310816719375,1428.3651726651856,194.94564405418942,k30_ha75_nomov_carry100
943,2122,2022-01-01,Arsenal,Man City,1613.0474027651865,1772.593699188355,-159.54629642316854,k30_ha75_nomov_carry100
944,2122,2022-01-01,Watford,Tottenham,1374.408982585567,1581.075678632466,-206.666696046899,k30_ha75_nomov_carry100
945,2122,2022-01-01,Crystal Palace,West Ham,1469.0650177983323,1574.290024155671,-105.22500635733877,k30_ha75_nomov_carry100
946,2122,2022-01-02,Brentford,Aston Villa,1467.175300861581,1495.1212359323335,-27.945935070752512,k30_ha75_nomov_carry100
947,2122,2022-01-02,Everton,Brighton,1486.7316961487852,1498.798892497693,-12.067196348907828,k30_ha75_nomov_carry100
948,2122,2022-01-02,Leeds,Burnley,1487.9271502593917,1423.1296001208598,64.79755013853196,k30_ha75_nomov_carry100
949,2122,2022-01-02,Chelsea,Liverpool,1656.5345563494395,1690.9986540395823,-34.46409769014281,k30_ha75_nomov_carry100
950,2122,2022-01-03,Man United,Wolves,1628.5463892637008,1506.9993192503612,121.54707001333963,k30_ha75_nomov_carry100
951,2122,2022-01-11,Southampton,Brentford,1468.5323798680033,1480.156143607805,-11.623763739801689,k30_ha75_nomov_carry100
952,2122,2022-01-12,West Ham,Norwich,1587.988387698223,1295.5532424990568,292.4351451991663,k30_ha75_nomov_carry100
953,2122,2022-01-14,Brighton,Crystal Palace,1516.4865897306258,1455.3666542557803,61.11993547484553,k30_ha75_nomov_carry100
954,2122,2022-01-15,Newcastle,Watford,1416.6739027174535,1364.8361358271427,51.83776689031083,k30_ha75_nomov_carry100
955,2122,2022-01-15,Man City,Chelsea,1784.0139249853,1654.7923786104525,129.22154637484755,k30_ha75_nomov_carry100
956,2122,2022-01-15,Norwich,Everton,1292.3241848685204,1469.0439989158524,-176.71981404733197,k30_ha75_nomov_carry100
957,2122,2022-01-15,Aston Villa,Man United,1482.1403931861096,1605.8633862409806,-123.72299305487104,k30_ha75_nomov_carry100
958,2122,2022-01-15,Wolves,Southampton,1529.6823222730814,1480.8261569997883,48.85616527329307,k30_ha75_nomov_carry100
959,2122,2022-01-16,Liverpool,Brentford,1692.7408317785694,1467.86236647602,224.87846530254933,k30_ha75_nomov_carry100
960,2122,2022-01-16,West Ham,Leeds,1591.2174453287594,1497.1975292133818,94.01991611537755,k30_ha75_nomov_carry100
961,2122,2022-01-18,Brighton,Chelsea,1510.8931234150173,1647.7170171607386,-136.8238937457213,k30_ha75_nomov_carry100
962,2122,2022-01-19,Leicester,Tottenham,1550.1452994284004,1590.6485253908902,-40.50322596248975,k30_ha75_nomov_carry100
963,2122,2022-01-19,Brentford,Man United,1463.3302887232853,1603.7735274348,-140.4432387115146,k30_ha75_nomov_carry100
964,2122,2022-01-21,Watford,Norwich,1370.0811950922548,1311.5944632645883,58.48673182766652,k30_ha75_nomov_carry100
965,2122,2022-01-22,Leeds,Newcastle,1518.9687832496468,1411.4288434523414,107.53993979730535,k30_ha75_nomov_carry100
966,2122,2022-01-22,Everton,Aston Villa,1449.7737205197845,1484.2302519922903,-34.45653147250573,k30_ha75_nomov_carry100
967,2122,2022-01-22,Man United,West Ham,1615.9810631898883,1569.4461912924944,46.53487189739394,k30_ha75_nomov_carry100
968,2122,2022-01-22,Southampton,Man City,1470.957892176374,1791.089286435014,-320.13139425864006,k30_ha75_nomov_carry100
969,2122,2022-01-22,Brentford,Wolves,1451.122752968197,1539.5505870964957,-88.42783412829885,k30_ha75_nomov_carry100
970,2122,2022-01-23,Arsenal,Burnley,1601.6271769682414,1413.8592211668697,187.76795580137173,k30_ha75_nomov_carry100
971,2122,2022-01-23,Crystal Palace,Liverpool,1460.9601205713889,1697.272909531304,-236.31278895991522,k30_ha75_nomov_carry100
972,2122,2022-01-23,Leicester,Brighton,1533.6608289589196,1513.534455862869,20.126373096050656,k30_ha75_nomov_carry100
973,2122,2022-01-23,Chelsea,Tottenham,1645.0756847128869,1607.132995860371,37.94268885251586,k30_ha75_nomov_carry100
974,2122,2022-02-05,Burnley,Watford,1423.4426692759123,1349.585880686104,73.85678858980827,k30_ha75_nomov_carry100
975,2122,2022-02-08,West Ham,Watford,1559.4892366381127,1355.6461859323326,203.84305070578012,k30_ha75_nomov_carry100
976,2122,2022-02-08,Burnley,Man United,1417.3823640296837,1625.93801784427,-208.55565381458632,k30_ha75_nomov_carry100
977,2122,2022-02-08,Newcastle,Everton,1433.656608137505,1433.0312205282837,0.6253876092212067,k30_ha75_nomov_carry100
978,2122,2022-02-09,Man City,Brentford,1781.971153435431,1436.702190695437,345.2689627399941,k30_ha75_nomov_carry100
979,2122,2022-02-09,Norwich,Crystal Palace,1332.089777670739,1452.4638011999882,-120.37402352924914,k30_ha75_nomov_carry100
980,2122,2022-02-09,Tottenham,Southampton,1596.8443263454249,1480.0760251759568,116.76830116946803,k30_ha75_nomov_carry100
981,2122,2022-02-09,Aston Villa,Leeds,1500.972751983791,1496.7410185644833,4.2317334193078295,k30_ha75_nomov_carry100
982,2122,2022-02-10,Liverpool,Leicester,1705.7692289027048,1529.6535308962832,176.11569800642155,k30_ha75_nomov_carry100
983,2122,2022-02-10,Wolves,Arsenal,1553.9711493692557,1592.0437288591988,-38.07257948994311,k30_ha75_nomov_carry100
984,2122,2022-02-12,Man United,Southampton,1620.4401273957299,1502.6057689300917,117.83435846563816,k30_ha75_nomov_carry100
985,2122,2022-02-12,Brentford,Crystal Palace,1434.2507235985543,1450.515908695277,-16.26518509672269,k30_ha75_nomov_carry100
986,2122,2022-02-12,Everton,Leeds,1421.2456254129563,1500.103636963062,-78.85801155010563,k30_ha75_nomov_carry100
987,2122,2022-02-12,Watford,Brighton,1350.6282925372996,1517.5417539255054,-166.91346138820586,k30_ha75_nomov_carry100
988,2122,2022-02-12,Norwich,Man City,1334.0376701754503,1784.4226205323137,-450.3849503568633,k30_ha75_nomov_carry100
989,2122,2022-02-13,Burnley,Liverpool,1422.8802544782238,1711.4899048407378,-288.609650362514,k30_ha75_nomov_carry100
990,2122,2022-02-13,Newcastle,Aston Villa,1445.4422032528323,1497.6101335852125,-52.16793033238014,k30_ha75_nomov_carry100
991,2122,2022-02-13,Tottenham,Wolves,1574.31458259129,1537.3828408208283,36.93174177046171,k30_ha75_nomov_carry100
992,2122,2022-02-13,Leicester,West Ham,1523.9328549582501,1564.5071300331458,-40.574275074895695,k30_ha75_nomov_carry100
993,2122,2022-02-15,Man United,Brighton,1612.876009095936,1528.663583710861,84.212425385075,k30_ha75_nomov_carry100
994,2122,2022-02-19,Arsenal,Brentford,1608.6320374076263,1431.7388213086888,176.8932160989375,k30_ha75_nomov_carry100
995,2122,2022-02-19,West Ham,Newcastle,1565.98856304695,1459.4578801215905,106.53068292535954,k30_ha75_nomov_carry100
996,2122,2022-02-19,Aston Villa,Watford,1483.5944567164543,1339.506462751944,144.08799396451036,k30_ha75_nomov_carry100
997,2122,2022-02-19,Brighton,Burnley,1520.093438723006,1416.0929002163566,104.00053850664949,k30_ha75_nomov_carry100
998,2122,2022-02-19,Crystal Palace,Chelsea,1453.0278109851424,1655.364354227833,-202.3365432426906,k30_ha75_nomov_carry100
999,2122,2022-02-19,Liverpool,Norwich,1718.277259102605,1330.9381296296388,387.3391294729663,k30_ha75_nomov_carry100
1000,2122,2022-02-19,Man City,Tottenham,1787.5221610781252,1554.6426283138392,232.87953276428607,k30_ha75_nomov_carry100
1001,2122,2022-02-19,Southampton,Everton,1510.1698872298855,1436.4121823151042,73.75770491478124,k30_ha75_nomov_carry100
1002,2122,2022-02-20,Leeds,Man United,1484.937080060914,1621.446154083791,-136.50907402287703,k30_ha75_nomov_carry100
1003,2122,2022-02-20,Wolves,Leicester,1557.054795098279,1522.4514219444459,34.60337315383322,k30_ha75_nomov_carry100
1004,2122,2022-02-23,Liverpool,Leeds,1720.235884895377,1472.5652399971268,247.6706448982502,k30_ha75_nomov_carry100
1005,2122,2022-02-23,Burnley,Tottenham,1438.2027610584585,1580.284921311635,-142.08216025317643,k30_ha75_nomov_carry100
1006,2122,2022-02-23,Watford,Crystal Palace,1362.8832959456,1443.29176171936,-80.4084657737601,k30_ha75_nomov_carry100
1007,2122,2022-02-24,Arsenal,Wolves,1614.3320201606887,1567.473801306959,46.85821885372957,k30_ha75_nomov_carry100
1008,2122,2022-02-25,Southampton,Norwich,1519.113161908683,1328.9795038368668,190.13365807181617,k30_ha75_nomov_carry100
1009,2122,2022-02-26,Brighton,Aston Villa,1497.9835778809042,1460.2176235227982,37.765954358106,k30_ha75_nomov_carry100
1010,2122,2022-02-26,Everton,Man City,1427.4689076363068,1761.8798680803295,-334.41096044402275,k30_ha75_nomov_carry100
1011,2122,2022-02-26,Leeds,Tottenham,1468.515193802105,1562.4242118407665,-93.90901803866154,k30_ha75_nomov_carry100
1012,2122,2022-02-26,Brentford,Newcastle,1426.0388385556264,1466.6521417077215,-40.61330315209511,k30_ha75_nomov_carry100
1013,2122,2022-02-26,Crystal Palace,Burnley,1458.0582783412347,1456.0634705293269,1.9948078119077763,k30_ha75_nomov_carry100
1014,2122,2022-02-26,Man United,Watford,1633.8179941475782,1348.1167793237253,285.701214823853,k30_ha75_nomov_carry100
1015,2122,2022-02-27,West Ham,Wolves,1558.794301460819,1557.5292248517476,1.265076609071457,k30_ha75_nomov_carry100
1016,2122,2022-03-01,Burnley,Leicester,1459.3342351255599,1512.0324157357659,-52.69818061020601,k30_ha75_nomov_carry100
1017,2122,2022-03-05,Leicester,Leeds,1527.9939424373447,1454.3307566530618,73.66318578428286,k30_ha75_nomov_carry100
1018,2122,2022-03-05,Aston Villa,Southampton,1479.922075404337,1524.4695315592267,-44.54745615488969,k30_ha75_nomov_carry100
1019,2122,2022-03-05,Burnley,Chelsea,1443.372708423981,1665.1004034936154,-221.72769506963436,k30_ha75_nomov_carry100
1020,2122,2022-03-05,Newcastle,Brighton,1483.1319061607064,1478.2791259993655,4.852780161340888,k30_ha75_nomov_carry100
1021,2122,2022-03-05,Norwich,Brentford,1323.623134186323,1409.5590741026415,-85.93593991631838,k30_ha75_nomov_carry100
1022,2122,2022-03-05,Wolves,Crystal Palace,1545.7699686598814,1454.7875137450017,90.98245491487978,k30_ha75_nomov_carry100
1023,2122,2022-03-05,Liverpool,West Ham,1724.285931090399,1570.5535576526852,153.7323734377137,k30_ha75_nomov_carry100
1024,2122,2022-03-06,Watford,Arsenal,1359.774313758136,1624.2765966159002,-264.50228285776416,k30_ha75_nomov_carry100
1025,2122,2022-03-06,Man City,Man United,1767.382723104988,1622.1604597131675,145.22226339182043,k30_ha75_nomov_carry100
1026,2122,2022-03-07,Tottenham,Everton,1576.6086489898096,1421.9660526116484,154.64259637816122,k30_ha75_nomov_carry100
1027,2122,2022-03-10,Norwich,Chelsea,1309.0951208024953,1674.1172041565462,-365.0220833540509,k30_ha75_nomov_carry100
1028,2122,2022-03-10,Southampton,Newcastle,1510.780917072351,1494.743832700141,16.037084372210074,k30_ha75_nomov_carry100
1029,2122,2022-03-10,Wolves,Watford,1524.103540503568,1352.2306386514083,171.87290185215966,k30_ha75_nomov_carry100
1030,2122,2022-03-10,Leeds,Aston Villa,1445.3840661992276,1493.6106898912126,-48.22662369198497,k30_ha75_nomov_carry100
1031,2122,2022-03-12,Brighton,Liverpool,1466.667199459931,1730.62701972421,-263.95982026427896,k30_ha75_nomov_carry100
1032,2122,2022-03-12,Brentford,Burnley,1424.0870874864693,1434.3559077610503,-10.268820274581003,k30_ha75_nomov_carry100
1033,2122,2022-03-12,Man United,Tottenham,1615.5709293001305,1582.9235748664983,32.647354433632245,k30_ha75_nomov_carry100
1034,2122,2022-03-13,Chelsea,Newcastle,1678.8719244936406,1513.5866728883423,165.2852516052983,k30_ha75_nomov_carry100
1035,2122,2022-03-13,Everton,Wolves,1415.6511267349597,1529.938147493688,-114.2870207587282,k30_ha75_nomov_carry100
1036,2122,2022-03-13,Leeds,Norwich,1429.2304492082446,1304.340400465401,124.89004874284365,k30_ha75_nomov_carry100
1037,2122,2022-03-13,Southampton,Watford,1491.9380768841497,1346.3960316612884,145.54204522286136,k30_ha75_nomov_carry100
1038,2122,2022-03-13,West Ham,Aston Villa,1564.2124690188741,1509.7643068821956,54.44816213667855,k30_ha75_nomov_carry100
1039,2122,2022-03-13,Arsenal,Leicester,1631.820271722628,1536.940632891179,94.87963883144903,k30_ha75_nomov_carry100
1040,2122,2022-03-14,Crystal Palace,Man City,1476.4539419013151,1773.972253518025,-297.51831161670975,k30_ha75_nomov_carry100
1041,2122,2022-03-16,Brighton,Tottenham,1459.1058776841958,1572.4278658554003,-113.32198817120457,k30_ha75_nomov_carry100
1042,2122,2022-03-16,Arsenal,Liverpool,1640.019497152056,1738.1883414999452,-98.16884434788926,k30_ha75_nomov_carry100
1043,2122,2022-03-17,Everton,Newcastle,1402.340091281515,1507.5717729652777,-105.23168168376264,k30_ha75_nomov_carry100
1044,2122,2022-03-18,Wolves,Leeds,1543.2491829471326,1436.4415078708194,106.80767507631322,k30_ha75_nomov_carry100
1045,2122,2022-03-19,Aston Villa,Arsenal,1500.108025161762,1626.0182964788835,-125.91027131712144,k30_ha75_nomov_carry100
1046,2122,2022-03-20,Leicester,Brentford,1528.741407461751,1436.3243111528866,92.4170963088643,k30_ha75_nomov_carry100
1047,2122,2022-03-20,Tottenham,West Ham,1585.7800496548828,1573.8687507393076,11.911298915575117,k30_ha75_nomov_carry100
1048,2122,2022-04-02,Liverpool,Watford,1752.1895421731176,1369.8159620649567,382.3735801081609,k30_ha75_nomov_carry100
1049,2122,2022-04-02,Brighton,Norwich,1445.7536938847134,1297.1293418028263,148.62435208188708,k30_ha75_nomov_carry100
1050,2122,2022-04-02,Burnley,Man City,1422.118684094633,1765.4940716447059,-343.3753875500729,k30_ha75_nomov_carry100
1051,2122,2022-04-02,Chelsea,Brentford,1684.8868244167052,1428.0403525477786,256.8464718689265,k30_ha75_nomov_carry100
1052,2122,2022-04-02,Leeds,Southampton,1458.6449737508142,1468.5181464804814,-9.873172729667203,k30_ha75_nomov_carry100
1053,2122,2022-04-02,Wolves,Aston Villa,1521.0457170671377,1487.2904009495808,33.75531611755696,k30_ha75_nomov_carry100
1054,2122,2022-04-02,Man United,Leicester,1626.0666383112284,1537.0253660668589,89.04127224436957,k30_ha75_nomov_carry100
1055,2122,2022-04-03,West Ham,Everton,1562.544657285721,1418.6420137653615,143.90264352035956,k30_ha75_nomov_carry100
1056,2122,2022-04-03,Tottenham,Newcastle,1597.1041431084693,1491.2698504814311,105.83429262703817,k30_ha75_nomov_carry100
1057,2122,2022-04-04,Crystal Palace,Arsenal,1484.9321237746342,1638.8359206910648,-153.90379691643057,k30_ha75_nomov_carry100
1058,2122,2022-04-06,Burnley,Everton,1416.8439306730381,1412.0133387703142,4.8305919027238815,k30_ha75_nomov_carry100
1059,2122,2022-04-08,Newcastle,Wolves,1483.440940310418,1531.4979466344246,-48.05700632400658,k30_ha75_nomov_carry100
1060,2122,2022-04-09,Everton,Man United,1400.4005031459974,1619.4676310571865,-219.06712791118912,k30_ha75_nomov_carry100
1061,2122,2022-04-09,Arsenal,Brighton,1620.4867517839227,1437.2430738367045,183.2436779472182,k30_ha75_nomov_carry100
1062,2122,2022-04-09,Southampton,Chelsea,1471.2974213495202,1658.755367548312,-187.4579461987919,k30_ha75_nomov_carry100
1063,2122,2022-04-09,Watford,Leeds,1367.80435128397,1455.8656988817754,-88.06134759780548,k30_ha75_nomov_carry100
1064,2122,2022-04-09,Aston Villa,Tottenham,1476.838171382294,1604.9330532794825,-128.09488189718854,k30_ha75_nomov_carry100
1065,2122,2022-04-10,Leicester,Crystal Palace,1543.6243733209008,1503.2812926817762,40.34308063912454,k30_ha75_nomov_carry100
1066,2122,2022-04-10,Brentford,West Ham,1454.1718094161718,1569.1733322807684,-115.00152286459661,k30_ha75_nomov_carry100
1067,2122,2022-04-10,Man City,Liverpool,1770.7688250663007,1754.2011529541044,16.567672112196306,k30_ha75_nomov_carry100
1068,2122,2022-04-10,Norwich,Burnley,1305.639961850835,1428.456766297355,-122.81680444651988,k30_ha75_nomov_carry100
1069,2122,2022-04-16,Tottenham,Brighton,1617.6584423576649,1461.7099610274347,155.94848133023015,k30_ha75_nomov_carry100
1070,2122,2022-04-16,Man United,Norwich,1598.58131591117,1322.691442919478,275.88987299169185,k30_ha75_nomov_carry100
1071,2122,2022-04-16,Southampton,Arsenal,1460.9898801395032,1596.0198645931926,-135.0299844536894,k30_ha75_nomov_carry100
1072,2122,2022-04-16,Watford,Brentford,1353.3679894884149,1470.8912233125366,-117.52323382412169,k30_ha75_nomov_carry100
1073,2122,2022-04-17,Newcastle,Leicester,1497.280043936871,1553.8198369286863,-56.539792991815375,k30_ha75_nomov_carry100
1074,2122,2022-04-17,West Ham,Burnley,1552.4539183844036,1411.405285228712,141.0486331556915,k30_ha75_nomov_carry100
1075,2122,2022-04-19,Liverpool,Man United,1758.0653885937268,1602.0952440127744,155.97014458095236,k30_ha75_nomov_carry100
1076,2122,2022-04-20,Chelsea,Arsenal,1669.062908758329,1578.4536475709272,90.6092611874019,k30_ha75_nomov_carry100
1077,2122,2022-04-20,Everton,Leicester,1421.286818292014,1539.616078984903,-118.32926069288897,k30_ha75_nomov_carry100
1078,2122,2022-04-20,Newcastle,Crystal Palace,1511.4838018806543,1493.0858290739907,18.397972806663574,k30_ha75_nomov_carry100
1079,2122,2022-04-20,Man City,Brighton,1766.9045894266783,1485.432432102971,281.4721573237073,k30_ha75_nomov_carry100
1080,2122,2022-04-21,Burnley,Southampton,1419.6913815460043,1478.5560971617685,-58.864715615764226,k30_ha75_nomov_carry100
1081,2122,2022-04-23,Arsenal,Man United,1600.107139891625,1595.8183340887686,4.288805802856359,k30_ha75_nomov_carry100
1082,2122,2022-04-23,Leicester,Aston Villa,1537.7550426656844,1464.1127823041115,73.64226036157288,k30_ha75_nomov_carry100
1083,2122,2022-04-23,Man City,Watford,1770.3200463129244,1340.1947526924705,430.12529362045393,k30_ha75_nomov_carry100
1084,2122,2022-04-23,Norwich,Newcastle,1319.1775148178735,1522.5458907350683,-203.36837591719473,k30_ha75_nomov_carry100
1085,2122,2022-04-23,Brentford,Tottenham,1484.064460108481,1593.9359712821285,-109.8715111736476,k30_ha75_nomov_carry100
1086,2122,2022-04-24,Liverpool,Everton,1764.3422985177326,1423.1478546112326,341.19444390650006,k30_ha75_nomov_carry100
1087,2122,2022-04-24,Chelsea,West Ham,1647.4094164376313,1544.1678220671113,103.24159437052003,k30_ha75_nomov_carry100
1088,2122,2022-04-24,Burnley,Wolves,1433.9952657046556,1517.6588430079717,-83.66357730331606,k30_ha75_nomov_carry100
1089,2122,2022-04-24,Brighton,Southampton,1482.0169752167249,1464.2522130031173,17.764762213607582,k30_ha75_nomov_carry100
1090,2122,2022-04-25,Crystal Palace,Leeds,1482.0237402195767,1470.3020606773305,11.721679542246193,k30_ha75_nomov_carry100
1091,2122,2022-04-28,Man United,Chelsea,1584.1832925869426,1655.3249866361514,-71.14169404920881,k30_ha75_nomov_carry100
1092,2122,2022-04-30,Wolves,Brighton,1502.2848838141028,1478.1045299807904,24.180353833312438,k30_ha75_nomov_carry100
1093,2122,2022-04-30,Leeds,Man City,1473.9702713075017,1771.8732219081305,-297.90295060062886,k30_ha75_nomov_carry100
1094,2122,2022-04-30,Newcastle,Liverpool,1532.2429191318863,1766.8470864589428,-234.60416732705653,k30_ha75_nomov_carry100
1095,2122,2022-04-30,Aston Villa,Norwich,1470.1653355364765,1309.4804864210555,160.684849115421,k30_ha75_nomov_carry100
1096,2122,2022-04-30,Southampton,Crystal Palace,1468.1646582390517,1478.3555295894055,-10.190871350353746,k30_ha75_nomov_carry100
1097,2122,2022-04-30,Watford,Burnley,1338.6415770972644,1449.3692248985244,-110.72764780125999,k30_ha75_nomov_carry100
1098,2122,2022-05-01,Everton,Chelsea,1420.6430666700223,1655.4915562470314,-234.8484895770091,k30_ha75_nomov_carry100
1099,2122,2022-05-01,Tottenham,Leicester,1592.4354822804087,1531.7024894333194,60.732992847089236,k30_ha75_nomov_carry100
1100,2122,2022-05-01,West Ham,Arsenal,1536.2522518685912,1611.742181393451,-75.48992952485969,k30_ha75_nomov_carry100
1101,2122,2022-05-02,Man United,Brentford,1584.0167229760625,1485.5649491102008,98.4517738658617,k30_ha75_nomov_carry100
1102,2122,2022-05-07,Brentford,Southampton,1477.4876709539465,1450.3986308800847,27.089040073861725,k30_ha75_nomov_carry100
1103,2122,2022-05-07,Burnley,Aston Villa,1462.8321524640282,1476.3085964185798,-13.476443954551542,k30_ha75_nomov_carry100
1104,2122,2022-05-07,Chelsea,Wolves,1634.039303627686,1483.115565378899,150.923738248787,k30_ha75_nomov_carry100
1105,2122,2022-05-07,Crystal Palace,Watford,1496.1215569483725,1325.1786495317606,170.9429074166119,k30_ha75_nomov_carry100
1106,2122,2022-05-07,Brighton,Man United,1497.2738484159943,1592.0940011323169,-94.82015271632258,k30_ha75_nomov_carry100
1107,2122,2022-05-07,Liverpool,Tottenham,1775.4034329467408,1601.8564046234073,173.5470283233335,k30_ha75_nomov_carry100
1108,2122,2022-05-08,Arsenal,Leeds,1626.7210294495853,1467.4597472135472,159.26128223603814,k30_ha75_nomov_carry100
1109,2122,2022-05-08,Leicester,Everton,1522.2815670903208,1442.0953192893678,80.18624780095297,k30_ha75_nomov_carry100
1110,2122,2022-05-08,Norwich,West Ham,1303.3372255389522,1521.2734038124568,-217.93617827350454,k30_ha75_nomov_carry100
1111,2122,2022-05-08,Man City,Newcastle,1778.383746002085,1523.6865726440883,254.6971733579967,k30_ha75_nomov_carry100
1112,2122,2022-05-10,Aston Villa,Liverpool,1493.937362395463,1766.1928805501655,-272.2555181547025,k30_ha75_nomov_carry100
1113,2122,2022-05-11,Watford,Everton,1319.3188408252686,1463.3825879612962,-144.0637471360276,k30_ha75_nomov_carry100
1114,2122,2022-05-11,Wolves,Man City,1491.69324790741,1782.294171866091,-290.6009239586808,k30_ha75_nomov_carry100
1115,2122,2022-05-11,Leeds,Chelsea,1461.2763560805752,1625.4616210991749,-164.1852650185997,k30_ha75_nomov_carry100
1116,2122,2022-05-11,Leicester,Norwich,1500.9942984183924,1294.1821800572625,206.81211836112993,k30_ha75_nomov_carry100
1117,2122,2022-05-12,Tottenham,Arsenal,1611.0669570199827,1632.9044205825573,-21.837463562574612,k30_ha75_nomov_carry100
1118,2122,2022-05-15,Watford,Leicester,1322.2619001305877,1505.9411798186031,-183.6792796880154,k30_ha75_nomov_carry100
1119,2122,2022-05-15,Tottenham,Burnley,1623.7894924665711,1445.203386487145,178.58610597942607,k30_ha75_nomov_carry100
1120,2122,2022-05-15,Leeds,Brighton,1450.0443926880264,1513.128626144521,-63.08423345649453,k30_ha75_nomov_carry100
1121,2122,2022-05-15,Wolves,Norwich,1484.9659038532668,1289.2352986570518,195.73060519621504,k30_ha75_nomov_carry100
1122,2122,2022-05-15,West Ham,Man City,1530.4284492941465,1789.0215159202342,-258.59306662608765,k30_ha75_nomov_carry100
1123,2122,2022-05-15,Everton,Brentford,1460.439528655977,1488.2027481553791,-27.763219499402112,k30_ha75_nomov_carry100
1124,2122,2022-05-15,Aston Villa,Crystal Palace,1486.6429037612652,1501.9813656548645,-15.338461893599288,k30_ha75_nomov_carry100
1125,2122,2022-05-16,Newcastle,Arsenal,1519.7761467800824,1620.181885135969,-100.40573835588657,k30_ha75_nomov_carry100
1126,2122,2022-05-17,Southampton,Liverpool,1439.683553678652,1773.4873391843632,-333.8037855057112,k30_ha75_nomov_carry100
1127,2122,2022-05-19,Everton,Crystal Palace,1443.412626424716,1504.5321383546254,-61.11951192990932,k30_ha75_nomov_carry100
1128,2122,2022-05-19,Aston Villa,Burnley,1484.0921310615042,1439.5482606937148,44.543870367789395,k30_ha75_nomov_carry100
1129,2122,2022-05-19,Chelsea,Leicester,1636.6935844917236,1516.3963905860667,120.29719390565697,k30_ha75_nomov_carry100
1130,2122,2022-05-22,Chelsea,Watford,1629.050459520507,1311.8066893631242,317.24377015738287,k30_ha75_nomov_carry100
1131,2122,2022-05-22,Arsenal,Everton,1604.0869820495054,1457.8136762107333,146.2733058387721,k30_ha75_nomov_carry100
1132,2122,2022-05-22,Brentford,Leeds,1505.22965038664,1449.5301493012253,55.699501085414795,k30_ha75_nomov_carry100
1133,2122,2022-05-22,Burnley,Newcastle,1444.5149173524667,1535.871049866546,-91.35613251407926,k30_ha75_nomov_carry100
1134,2122,2022-05-22,Brighton,West Ham,1513.642869531322,1537.6910735209772,-24.04820398965512,k30_ha75_nomov_carry100
1135,2122,2022-05-22,Liverpool,Wolves,1779.0059170920256,1475.181976331605,303.82394076042056,k30_ha75_nomov_carry100
1136,2122,2022-05-22,Leicester,Southampton,1524.0395155572833,1434.1649757709897,89.87453978629355,k30_ha75_nomov_carry100
1137,2122,2022-05-22,Man City,Aston Villa,1781.7588916934035,1479.1254744027524,302.6334172906511,k30_ha75_nomov_carry100
1138,2122,2022-05-22,Norwich,Tottenham,1299.0192261787136,1629.4446182600013,-330.4253920812878,k30_ha75_nomov_carry100
1139,2122,2022-05-22,Crystal Palace,Man United,1490.1310885686082,1576.2392234037902,-86.108134835182,k30_ha75_nomov_carry100
1140,2223,2022-08-05,Crystal Palace,Arsenal,1505.610501959985,1610.6454538575745,-105.03495189758951,k30_ha75_nomov_carry100
1141,2223,2022-08-06,Bournemouth,Aston Villa,1394.559584823493,1476.0617227136106,-81.50213789011764,k30_ha75_nomov_carry100
1142,2223,2022-08-06,Leeds,Wolves,1469.9209751737847,1472.1370255490876,-2.2160503753029843,k30_ha75_nomov_carry100
1143,2223,2022-08-06,Fulham,Liverpool,1393.077493209908,1782.050867874543,-388.973374664635,k30_ha75_nomov_carry100
1144,2223,2022-08-06,Tottenham,Southampton,1635.0513157198934,1425.7929647672606,209.25835095263278,k30_ha75_nomov_carry100
1145,2223,2022-08-06,Everton,Chelsea,1451.2552044026643,1631.8904713620916,-180.63526695942733,k30_ha75_nomov_carry100
1146,2223,2022-08-06,Newcastle,Nott'm Forest,1550.1654200617495,1500.0,50.1654200617495,k30_ha75_nomov_carry100
1147,2223,2022-08-07,Leicester,Brentford,1532.4115265610124,1484.8388245140807,47.57270204693168,k30_ha75_nomov_carry100
1148,2223,2022-08-07,Man United,Brighton,1560.7598100124135,1526.4587389578735,34.30107105453999,k30_ha75_nomov_carry100
1149,2223,2022-08-07,West Ham,Man City,1524.8752040944257,1784.8226433825453,-259.94743928811954,k30_ha75_nomov_carry100
1150,2223,2022-08-13,Brighton,Newcastle,1546.0278954686187,1559.9838401801799,-13.955944711561187,k30_ha75_nomov_carry100
1151,2223,2022-08-13,Aston Villa,Everton,1460.781035623633,1440.6803229030934,20.100712720539605,k30_ha75_nomov_carry100
1152,2223,2022-08-13,Arsenal,Leicester,1624.3519613102394,1527.3287790914892,97.02318221875021,k30_ha75_nomov_carry100
1153,2223,2022-08-13,Man City,Bournemouth,1792.5153382927947,1409.8402719134706,382.6750663793241,k30_ha75_nomov_carry100
1154,2223,2022-08-13,Wolves,Fulham,1460.2341862725716,1403.8488265494832,56.38535972308841,k30_ha75_nomov_carry100
1155,2223,2022-08-13,Brentford,Man United,1489.9215719836038,1541.1906535016683,-51.26908151806447,k30_ha75_nomov_carry100
1156,2223,2022-08-13,Southampton,Leeds,1420.9039827326694,1481.8238144503007,-60.91983171763127,k30_ha75_nomov_carry100
1157,2223,2022-08-14,Nott'm Forest,West Ham,1490.1815798815696,1517.1825091841763,-27.000929302606664,k30_ha75_nomov_carry100
1158,2223,2022-08-14,Chelsea,Tottenham,1642.4653528616625,1639.9402977544846,2.5250551071778773,k30_ha75_nomov_carry100
1159,2223,2022-08-15,Liverpool,Crystal Palace,1771.2795345349678,1491.90399450732,279.37554002764773,k30_ha75_nomov_carry100
1160,2223,2022-08-20,Tottenham,Wolves,1643.232859238588,1454.8175923610845,188.41526687750343,k30_ha75_nomov_carry100
1161,2223,2022-08-20,Crystal Palace,Aston Villa,1503.4518385493234,1471.7747663607609,31.677072188562533,k30_ha75_nomov_carry100
1162,2223,2022-08-20,Everton,Nott'm Forest,1429.6865921659655,1503.1223774901457,-73.43578532418019,k30_ha75_nomov_carry100
1163,2223,2022-08-20,Fulham,Brentford,1409.2654204609703,1503.8986161821297,-94.63319572115938,k30_ha75_nomov_carry100
1164,2223,2022-08-20,Leicester,Southampton,1519.2028686656765,1420.296425574596,98.90644309108052,k30_ha75_nomov_carry100
1165,2223,2022-08-20,Bournemouth,Arsenal,1407.831915731865,1632.477871736052,-224.64595600418716,k30_ha75_nomov_carry100
1166,2223,2022-08-21,Leeds,Chelsea,1482.431371608374,1639.1727913775592,-156.7414197691851,k30_ha75_nomov_carry100
1167,2223,2022-08-21,West Ham,Brighton,1504.2417115756002,1543.4192002348711,-39.17748865927092,k30_ha75_nomov_carry100
1168,2223,2022-08-21,Newcastle,Man City,1562.5925354139274,1794.5236944744004,-231.93115906047296,k30_ha75_nomov_carry100
1169,2223,2022-08-22,Man United,Liverpool,1527.2136093031424,1759.7316904929644,-232.51808118982194,k30_ha75_nomov_carry100
1170,2223,2022-08-27,Chelsea,Leicester,1620.7074344026125,1497.264707541688,123.4427268609245,k30_ha75_nomov_carry100
1171,2223,2022-08-27,Southampton,Man United,1442.2345866985845,1548.5836302033426,-106.34904350475813,k30_ha75_nomov_carry100
1172,2223,2022-08-27,Brighton,Leeds,1559.960325138761,1500.8967285833207,59.0635965554402,k30_ha75_nomov_carry100
1173,2223,2022-08-27,Man City,Crystal Palace,1788.17445813612,1513.9856925676831,274.1887655684368,k30_ha75_nomov_carry100
1174,2223,2022-08-27,Liverpool,Bournemouth,1738.3616695927642,1398.9207043778822,339.440965214882,k30_ha75_nomov_carry100
1175,2223,2022-08-27,Arsenal,Fulham,1641.3890830900348,1425.1121525721858,216.276930517849,k30_ha75_nomov_carry100
1176,2223,2022-08-27,Brentford,Everton,1488.0518840709142,1429.6190600460945,58.43282402481964,k30_ha75_nomov_carry100
1177,2223,2022-08-28,Wolves,Newcastle,1449.4175599373323,1568.9417717522078,-119.52421181487557,k30_ha75_nomov_carry100
1178,2223,2022-08-28,Nott'm Forest,Tottenham,1503.1899096100167,1648.6328916623402,-145.4429820523235,k30_ha75_nomov_carry100
1179,2223,2022-08-28,Aston Villa,West Ham,1461.240912342401,1487.7005866717104,-26.459674329309337,k30_ha75_nomov_carry100
1180,2223,2022-08-30,Fulham,Brighton,1420.3862631563775,1569.4434612782406,-149.05719812186317,k30_ha75_nomov_carry100
1181,2223,2022-08-30,Crystal Palace,Brentford,1510.4412711653215,1482.5585847949012,27.882686370420288,k30_ha75_nomov_carry100
1182,2223,2022-08-30,Leeds,Everton,1491.413592443841,1435.1123593221075,56.3012331217335,k30_ha75_nomov_carry100
1183,2223,2022-08-30,Southampton,Chelsea,1428.5843726333076,1627.9642293280522,-199.3798566947446,k30_ha75_nomov_carry100
1184,2223,2022-08-31,Arsenal,Aston Villa,1646.114972505843,1444.1587874031022,201.95618510274085,k30_ha75_nomov_carry100
1185,2223,2022-08-31,Bournemouth,Wolves,1396.3926468344546,1451.3293704422724,-54.93672360781784,k30_ha75_nomov_carry100
1186,2223,2022-08-31,Man City,Nott'm Forest,1791.7188795384816,1491.1901781174715,300.52870142101006,k30_ha75_nomov_carry100
1187,2223,2022-08-31,West Ham,Tottenham,1504.7827116110093,1660.6326231548853,-155.84991154387603,k30_ha75_nomov_carry100
1188,2223,2022-08-31,Liverpool,Newcastle,1740.8897271361918,1567.0299612472677,173.85976588892413,k30_ha75_nomov_carry100
1189,2223,2022-09-01,Leicester,Man United,1490.0079126162484,1562.2338442686196,-72.22593165237117,k30_ha75_nomov_carry100
1190,2223,2022-09-03,Wolves,Southampton,1452.1946101593758,1448.7360607859825,3.4585493733932253,k30_ha75_nomov_carry100
1191,2223,2022-09-03,Nott'm Forest,Bournemouth,1488.0929366828252,1395.5274071173512,92.56552956547398,k30_ha75_nomov_carry100
1192,2223,2022-09-03,Brentford,Leeds,1486.8749554167641,1486.0001572363901,0.8747981803740004,k30_ha75_nomov_carry100
1193,2223,2022-09-03,Newcastle,Crystal Palace,1561.2489201634223,1506.1249005434586,55.12401961996375,k30_ha75_nomov_carry100
1194,2223,2022-09-03,Chelsea,West Ham,1607.8125411753772,1508.211611811987,99.60092936339015,k30_ha75_nomov_carry100
1195,2223,2022-09-03,Tottenham,Fulham,1657.2037229539076,1438.536010854705,218.66771209920262,k30_ha75_nomov_carry100
1196,2223,2022-09-03,Aston Villa,Man City,1439.095343415575,1794.816120973128,-355.720777557553,k30_ha75_nomov_carry100
1197,2223,2022-09-03,Everton,Liverpool,1440.5257945295584,1746.6707682200372,-306.14497369047876,k30_ha75_nomov_carry100
1198,2223,2022-09-04,Brighton,Leicester,1551.2937135799132,1474.8881490032932,76.40556457662001,k30_ha75_nomov_carry100
1199,2223,2022-09-04,Man United,Arsenal,1577.3536078815748,1651.1784164933704,-73.82480861179556,k30_ha75_nomov_carry100
1200,2223,2022-09-16,Aston Villa,Southampton,1449.1224543156318,1437.0669599127655,12.055494402866316,k30_ha75_nomov_carry100
1201,2223,2022-09-16,Nott'm Forest,Fulham,1466.371772561697,1433.8646576343015,32.507114927395605,k30_ha75_nomov_carry100
1202,2223,2022-09-17,Wolves,Man City,1463.863711032593,1784.789010073071,-320.92529904047797,k30_ha75_nomov_carry100
1203,2223,2022-09-17,Newcastle,Bournemouth,1555.8797436412337,1417.2485712384794,138.63117240275437,k30_ha75_nomov_carry100
1204,2223,2022-09-17,Tottenham,Leicester,1661.875076174311,1466.0402579950528,195.83481817925826,k30_ha75_nomov_carry100
1205,2223,2022-09-18,Brentford,Arsenal,1498.6502786760404,1636.229153390598,-137.57887471455751,k30_ha75_nomov_carry100
1206,2223,2022-09-18,Everton,West Ham,1449.2538784871003,1500.1733196610785,-50.91944117397816,k30_ha75_nomov_carry100
1207,2223,2022-10-01,Arsenal,Tottenham,1648.556248611552,1667.0885641020113,-18.53231549045927,k30_ha75_nomov_carry100
1208,2223,2022-10-01,Bournemouth,Brentford,1425.461867597966,1486.3231834550863,-60.86131585712042,k30_ha75_nomov_carry100
1209,2223,2022-10-01,West Ham,Wolves,1486.2112994081979,1458.003424366371,28.20787504182681,k30_ha75_nomov_carry100
1210,2223,2022-10-01,Crystal Palace,Chelsea,1511.4940770656472,1615.8508333262857,-104.35675626063858,k30_ha75_nomov_carry100
1211,2223,2022-10-01,Liverpool,Brighton,1737.9426842624953,1560.1416045881535,177.80107967434174,k30_ha75_nomov_carry100
1212,2223,2022-10-01,Southampton,Everton,1425.748717418182,1463.215898739981,-37.46718132179899,k30_ha75_nomov_carry100
1213,2223,2022-10-01,Fulham,Newcastle,1453.363439285608,1547.6664472817472,-94.30300799613929,k30_ha75_nomov_carry100
1214,2223,2022-10-02,Man City,Man United,1790.649296739293,1592.3028709843472,198.3464257549458,k30_ha75_nomov_carry100
1215,2223,2022-10-02,Leeds,Aston Villa,1474.2248339771138,1460.4406968102153,13.784137166898518,k30_ha75_nomov_carry100
1216,2223,2022-10-03,Leicester,Nott'm Forest,1460.8267700673525,1446.8729909103906,13.9537791569619,k30_ha75_nomov_carry100
1217,2223,2022-10-08,Newcastle,Brentford,1561.8339258543958,1486.9332627841104,74.90066307028542,k30_ha75_nomov_carry100
1218,2223,2022-10-08,Brighton,Tottenham,1569.4657115214147,1654.505228623243,-85.03951710182832,k30_ha75_nomov_carry100
1219,2223,2022-10-08,Bournemouth,Leicester,1424.8517882689418,1472.0680984228584,-47.21631015391654,k30_ha75_nomov_carry100
1220,2223,2022-10-08,Chelsea,Wolves,1629.5864079646303,1447.3326685023324,182.25373946229797,k30_ha75_nomov_carry100
1221,2223,2022-10-08,Man City,Southampton,1795.800800755423,1409.1345695758666,386.66623117955646,k30_ha75_nomov_carry100
1222,2223,2022-10-09,West Ham,Fulham,1496.8820552722366,1439.1959607129593,57.68609455927731,k30_ha75_nomov_carry100
1223,2223,2022-10-09,Crystal Palace,Leeds,1497.7585024273026,1470.4730273338703,27.285475093432296,k30_ha75_nomov_carry100
1224,2223,2022-10-09,Everton,Man United,1479.8300465822963,1587.1513669682172,-107.3213203859209,k30_ha75_nomov_carry100
1225,2223,2022-10-09,Arsenal,Liverpool,1661.1395840903203,1728.618577329234,-67.47899323891374,k30_ha75_nomov_carry100
1226,2223,2022-10-10,Nott'm Forest,Aston Villa,1435.6316625548848,1464.1925034534588,-28.560840898574043,k30_ha75_nomov_carry100
1227,2223,2022-10-14,Brentford,Brighton,1478.0312333715526,1554.8990317186563,-76.86779834710364,k30_ha75_nomov_carry100
1228,2223,2022-10-15,Leicester,Crystal Palace,1458.265066341759,1508.4657921587966,-50.200725817037664,k30_ha75_nomov_carry100
1229,2223,2022-10-15,Fulham,Bournemouth,1429.6613229267286,1438.6548203500413,-8.993497423312647,k30_ha75_nomov_carry100
1230,2223,2022-10-15,Wolves,Nott'm Forest,1441.773794178608,1433.6385780616738,8.135216116934089,k30_ha75_nomov_carry100
1231,2223,2022-10-15,Tottenham,Everton,1669.0719084260015,1466.2214585909683,202.85044983503326,k30_ha75_nomov_carry100
1232,2223,2022-10-16,Southampton,West Ham,1407.1688403875664,1506.4166930584672,-99.24785267090078,k30_ha75_nomov_carry100
1233,2223,2022-10-16,Leeds,Arsenal,1459.7657376023762,1675.8149268368427,-216.04918923446644,k30_ha75_nomov_carry100
1234,2223,2022-10-16,Aston Villa,Chelsea,1466.1855879466698,1635.1452822883548,-168.959694341685,k30_ha75_nomov_carry100
1235,2223,2022-10-16,Man United,Newcastle,1600.7599549595452,1570.7359552669536,30.023999692591588,k30_ha75_nomov_carry100
1236,2223,2022-10-16,Liverpool,Man City,1713.9432345827117,1797.7665299437233,-83.82329536101156,k30_ha75_nomov_carry100
1237,2223,2022-10-18,Brighton,Nott'm Forest,1539.8183931586705,1422.1608453516758,117.65754780699467,k30_ha75_nomov_carry100
1238,2223,2022-10-18,Crystal Palace,Wolves,1509.5346482952864,1453.251526888606,56.28312140668049,k30_ha75_nomov_carry100
1239,2223,2022-10-19,Bournemouth,Southampton,1441.4707527530525,1408.2140079651592,33.25674478789324,k30_ha75_nomov_carry100
1240,2223,2022-10-19,Man United,Tottenham,1596.3589427165446,1674.113723126213,-77.75478040966846,k30_ha75_nomov_carry100
1241,2223,2022-10-19,Brentford,Chelsea,1493.1118719315384,1646.1848007009523,-153.07292876941392,k30_ha75_nomov_carry100
1242,2223,2022-10-19,Newcastle,Everton,1575.1369675099543,1461.1796438907568,113.9573236191975,k30_ha75_nomov_carry100
1243,2223,2022-10-19,Liverpool,West Ham,1729.3240849941185,1505.3715254808744,223.95255951324407,k30_ha75_nomov_carry100
1244,2223,2022-10-20,Fulham,Aston Villa,1426.8453905237175,1455.1460695340722,-28.30067901035477,k30_ha75_nomov_carry100
1245,2223,2022-10-20,Leicester,Leeds,1457.1962102052692,1450.5414482898632,6.65476191540597,k30_ha75_nomov_carry100
1246,2223,2022-10-22,Nott'm Forest,Liverpool,1429.7192698128652,1733.876707433611,-304.1574376207459,k30_ha75_nomov_carry100
1247,2223,2022-10-22,Everton,Crystal Palace,1453.6182408342554,1519.1218932011802,-65.50365236692483,k30_ha75_nomov_carry100
1248,2223,2022-10-22,Man City,Brighton,1782.3856795323165,1532.259968697481,250.12571083483544,k30_ha75_nomov_carry100
1249,2223,2022-10-22,Chelsea,Man United,1642.8697330976079,1611.477873654996,31.391859442611803,k30_ha75_nomov_carry100
1250,2223,2022-10-23,Aston Villa,Brentford,1442.1501867160057,1496.4269395348829,-54.276752818877185,k30_ha75_nomov_carry100
1251,2223,2022-10-23,Leeds,Fulham,1439.0032634222305,1439.841273341784,-0.8380099195535422,k30_ha75_nomov_carry100
1252,2223,2022-10-23,Southampton,Arsenal,1427.7422234525857,1685.0392161493558,-257.2969926967701,k30_ha75_nomov_carry100
1253,2223,2022-10-23,Wolves,Leicester,1443.664281982712,1468.7343950729019,-25.070113090189807,k30_ha75_nomov_carry100
1254,2223,2022-10-23,Tottenham,Newcastle,1658.9947921877615,1582.6983705664557,76.29642162130585,k30_ha75_nomov_carry100
1255,2223,2022-10-24,West Ham,Bournemouth,1500.8189030413819,1421.942537265626,78.87636577575586,k30_ha75_nomov_carry100
1256,2223,2022-10-29,Brighton,Chelsea,1528.2591777490793,1638.4148118668058,-110.15563411772655,k30_ha75_nomov_carry100
1257,2223,2022-10-29,Bournemouth,Tottenham,1413.1831157445638,1637.8466031370517,-224.66348739248792,k30_ha75_nomov_carry100
1258,2223,2022-10-29,Brentford,Wolves,1482.3205745307414,1426.5233537355787,55.79722079516273,k30_ha75_nomov_carry100
1259,2223,2022-10-29,Leicester,Man City,1485.8753233200352,1786.3864704807183,-300.5111471606831,k30_ha75_nomov_carry100
1260,2223,2022-10-29,Liverpool,Leeds,1710.2055684818451,1420.849191252084,289.35637722976116,k30_ha75_nomov_carry100
1261,2223,2022-10-29,Newcastle,Aston Villa,1603.8465596171654,1456.2565517201472,147.59000789701827,k30_ha75_nomov_carry100
1262,2223,2022-10-29,Fulham,Everton,1457.9953455119305,1468.2083526173474,-10.213007105416864,k30_ha75_nomov_carry100
1263,2223,2022-10-29,Crystal Palace,Southampton,1504.5317814180883,1434.961931864674,69.56984955341431,k30_ha75_nomov_carry100
1264,2223,2022-10-30,Arsenal,Nott'm Forest,1677.8195077372675,1453.390408764631,224.42909897263644,k30_ha75_nomov_carry100
1265,2223,2022-10-30,Man United,West Ham,1615.932794885798,1509.578324562444,106.35447032335401,k30_ha75_nomov_carry100
1266,2223,2022-11-05,Nott'm Forest,Brentford,1448.848369671809,1476.926075043671,-28.077705371862066,k30_ha75_nomov_carry100
1267,2223,2022-11-05,Leeds,Bournemouth,1447.5687091355119,1404.2725365552715,43.29617258024041,k30_ha75_nomov_carry100
1268,2223,2022-11-05,Wolves,Brighton,1431.917853222649,1544.7718095825783,-112.85395635992927,k30_ha75_nomov_carry100
1269,2223,2022-11-05,Everton,Leicester,1470.9734567849857,1479.4410096957095,-8.467552910723725,k30_ha75_nomov_carry100
1270,2223,2022-11-05,Man City,Fulham,1792.8207841050441,1455.2302413442922,337.590542760752,k30_ha75_nomov_carry100
1271,2223,2022-11-06,Chelsea,Arsenal,1621.9021800333069,1682.3615468300895,-60.45936679678266,k30_ha75_nomov_carry100
1272,2223,2022-11-06,Aston Villa,Man United,1449.7368398611065,1623.7443924105792,-174.00755254947262,k30_ha75_nomov_carry100
1273,2223,2022-11-06,Southampton,Newcastle,1425.8665984878319,1610.366271476206,-184.4996729883742,k30_ha75_nomov_carry100
1274,2223,2022-11-06,West Ham,Crystal Palace,1501.766727037663,1513.6271147949303,-11.86038775726729,k30_ha75_nomov_carry100
1275,2223,2022-11-06,Tottenham,Liverpool,1646.757182326344,1683.4860505984173,-36.728868272073214,k30_ha75_nomov_carry100
1276,2223,2022-11-12,Newcastle,Chelsea,1620.7893375770184,1606.2747766976272,14.514560879391183,k30_ha75_nomov_carry100
1277,2223,2022-11-12,Tottenham,Leeds,1630.1115353127682,1457.6500711014285,172.46146421133972,k30_ha75_nomov_carry100
1278,2223,2022-11-12,Man City,Brentford,1795.373610450322,1478.9396461155548,316.4339643347673,k30_ha75_nomov_carry100
1279,2223,2022-11-12,Nott'm Forest,Crystal Palace,1446.8347985999253,1531.3234530920909,-84.48865449216555,k30_ha75_nomov_carry100
1280,2223,2022-11-12,Wolves,Arsenal,1418.5457037756055,1697.9889501657692,-279.4432463901637,k30_ha75_nomov_carry100
1281,2223,2022-11-12,West Ham,Leicester,1484.0703887405025,1497.2788424708385,-13.208453730336032,k30_ha75_nomov_carry100
1282,2223,2022-11-12,Liverpool,Southampton,1700.131697611993,1415.4435323870196,284.68816522497355,k30_ha75_nomov_carry100
1283,2223,2022-11-12,Bournemouth,Everton,1394.191174589355,1453.1356240098567,-58.94444942050177,k30_ha75_nomov_carry100
1284,2223,2022-11-13,Brighton,Aston Villa,1558.1439590296218,1468.8992732974382,89.2446857321836,k30_ha75_nomov_carry100
1285,2223,2022-11-13,Fulham,Man United,1452.6774149990142,1604.5819589742475,-151.9045439752333,k30_ha75_nomov_carry100
1286,2223,2022-12-26,Leicester,Newcastle,1514.9188216470031,1632.0079844197548,-117.0891627727517,k30_ha75_nomov_carry100
1287,2223,2022-12-26,Crystal Palace,Fulham,1515.9138967669658,1440.9444676697549,74.96942909721088,k30_ha75_nomov_carry100
1288,2223,2022-12-26,Everton,Wolves,1438.8283048434007,1411.4772400346264,27.351064808774254,k30_ha75_nomov_carry100
1289,2223,2022-12-26,Aston Villa,Liverpool,1490.5053610965792,1703.4915226328803,-212.9861615363011,k30_ha75_nomov_carry100
1290,2223,2022-12-26,Southampton,Brighton,1412.0837073661323,1536.5378712304807,-124.4541638643484,k30_ha75_nomov_carry100
1291,2223,2022-12-26,Brentford,Tottenham,1506.0876258598753,1635.930235508009,-129.8426096481337,k30_ha75_nomov_carry100
1292,2223,2022-12-26,Arsenal,West Ham,1705.0574139067483,1466.4304095643379,238.62700434241037,k30_ha75_nomov_carry100
1293,2223,2022-12-27,Chelsea,Bournemouth,1595.0561298548907,1408.4984937558108,186.5576360990799,k30_ha75_nomov_carry100
1294,2223,2022-12-27,Man United,Nott'm Forest,1616.3149063035069,1462.2443549250504,154.07055137845646,k30_ha75_nomov_carry100
1295,2223,2022-12-28,Leeds,Man City,1451.8313709061877,1768.2256307060015,-316.3942597998139,k30_ha75_nomov_carry100
1296,2223,2022-12-30,West Ham,Brentford,1462.1944947679808,1508.435900349835,-46.241405581854224,k30_ha75_nomov_carry100
1297,2223,2022-12-30,Liverpool,Leicester,1712.8288278727618,1501.7271196430029,211.10170822975897,k30_ha75_nomov_carry100
1298,2223,2022-12-31,Newcastle,Leeds,1645.199686423755,1445.847112346145,199.35257407761014,k30_ha75_nomov_carry100
1299,2223,2022-12-31,Man City,Everton,1774.2098892660442,1419.5329948971407,354.6768943689035,k30_ha75_nomov_carry100
1300,2223,2022-12-31,Wolves,Man United,1430.7725499808864,1622.6462653547214,-191.873715373835,k30_ha75_nomov_carry100
1301,2223,2022-12-31,Brighton,Arsenal,1549.417067117354,1709.2933287031055,-159.87626158575154,k30_ha75_nomov_carry100
1302,2223,2022-12-31,Fulham,Southampton,1462.0449162676516,1399.204511479259,62.84040478839256,k30_ha75_nomov_carry100
1303,2223,2022-12-31,Bournemouth,Crystal Palace,1403.0509486837325,1494.813448169069,-91.76249948533655,k30_ha75_nomov_carry100
1304,2223,2023-01-01,Tottenham,Aston Villa,1633.5819610180492,1481.1680558566977,152.41390516135152,k30_ha75_nomov_carry100
1305,2223,2023-01-01,Nott'm Forest,Chelsea,1455.9129958738358,1600.503674926969,-144.59067905313327,k30_ha75_nomov_carry100
1306,2223,2023-01-02,Brentford,Liverpool,1524.6746807938857,1717.674541366877,-192.99986057299134,k30_ha75_nomov_carry100
1307,2223,2023-01-03,Everton,Brighton,1432.2007126787294,1538.0102726529653,-105.80955997423598,k30_ha75_nomov_carry100
1308,2223,2023-01-03,Arsenal,Newcastle,1720.7001231674942,1635.3265241166487,85.37359905084554,k30_ha75_nomov_carry100
1309,2223,2023-01-03,Man United,Bournemouth,1632.7825097728744,1388.7740829653014,244.00842680757296,k30_ha75_nomov_carry100
1310,2223,2023-01-03,Leicester,Fulham,1496.8814061488877,1471.3876183580644,25.493787790823262,k30_ha75_nomov_carry100
1311,2223,2023-01-04,Southampton,Nott'm Forest,1389.8618093888463,1458.8779223711906,-69.01611298234434,k30_ha75_nomov_carry100
1312,2223,2023-01-04,Leeds,West Ham,1455.7202746532514,1445.9557143239301,9.764560329321284,k30_ha75_nomov_carry100
1313,2223,2023-01-04,Aston Villa,Wolves,1504.7889296289811,1420.6363055627335,84.15262406624765,k30_ha75_nomov_carry100
1314,2223,2023-01-04,Crystal Palace,Tottenham,1509.0903138875,1609.9610872457658,-100.87077335826575,k30_ha75_nomov_carry100
1315,2223,2023-01-05,Chelsea,Man City,1597.5387484296143,1761.5421714844556,-164.00342305484128,k30_ha75_nomov_carry100
1316,2223,2023-01-12,Fulham,Chelsea,1490.6092061278425,1586.2994287250795,-95.69022259723693,k30_ha75_nomov_carry100
1317,2223,2023-01-13,Aston Villa,Leeds,1498.3611821996387,1452.1316152682625,46.22956693137621,k30_ha75_nomov_carry100
1318,2223,2023-01-14,Man United,Man City,1636.9069800842126,1772.7814911889905,-135.87451110477787,k30_ha75_nomov_carry100
1319,2223,2023-01-14,Brighton,Liverpool,1551.6835927041461,1697.767323800939,-146.08373109679292,k30_ha75_nomov_carry100
1320,2223,2023-01-14,Everton,Southampton,1418.5273926275486,1374.6034897607133,43.923902866835306,k30_ha75_nomov_carry100
1321,2223,2023-01-14,Nott'm Forest,Leicester,1474.1362419993236,1477.6598183791095,-3.5235763797859363,k30_ha75_nomov_carry100
1322,2223,2023-01-14,Wolves,West Ham,1427.0640529920759,1449.544373708919,-22.480320716843153,k30_ha75_nomov_carry100
1323,2223,2023-01-14,Brentford,Bournemouth,1544.5818983598238,1384.6496126539632,159.93228570586052,k30_ha75_nomov_carry100
1324,2223,2023-01-15,Chelsea,Crystal Palace,1570.407214462675,1495.205185213763,75.20202924891214,k30_ha75_nomov_carry100
1325,2223,2023-01-15,Newcastle,Fulham,1641.797240757353,1506.501420390247,135.295820367106,k30_ha75_nomov_carry100
1326,2223,2023-01-15,Tottenham,Arsenal,1623.846215919503,1714.22940652679,-90.3831906072869,k30_ha75_nomov_carry100
1327,2223,2023-01-18,Crystal Palace,Man United,1486.3140126911608,1654.5085762983106,-168.1945636071498,k30_ha75_nomov_carry100
1328,2223,2023-01-19,Man City,Tottenham,1755.1798949748925,1609.5099279886913,145.6699669862012,k30_ha75_nomov_carry100
1329,2223,2023-01-21,Liverpool,Chelsea,1679.7405084886254,1579.2983869852771,100.44212150334829,k30_ha75_nomov_carry100
1330,2223,2023-01-21,Bournemouth,Nott'm Forest,1378.485161199125,1486.0931668367402,-107.60800563761518,k30_ha75_nomov_carry100
1331,2223,2023-01-21,Leicester,Brighton,1465.702893541693,1569.7104080164597,-104.00751447476682,k30_ha75_nomov_carry100
1332,2223,2023-01-21,Southampton,Aston Villa,1394.5463006905427,1508.3298314914578,-113.78353080091506,k30_ha75_nomov_carry100
1333,2223,2023-01-21,West Ham,Everton,1436.7947161111308,1398.5845816977192,38.21013441341165,k30_ha75_nomov_carry100
1334,2223,2023-01-21,Crystal Palace,Newcastle,1490.2437459525468,1648.6852998896106,-158.44155393706387,k30_ha75_nomov_carry100
1335,2223,2023-01-22,Leeds,Brentford,1442.1629659764435,1550.746349814662,-108.58338383821842,k30_ha75_nomov_carry100
1336,2223,2023-01-22,Man City,Wolves,1761.7561827133884,1439.813710589864,321.94247212352434,k30_ha75_nomov_carry100
1337,2223,2023-01-22,Arsenal,Man United,1728.5656944576017,1650.5788430369246,77.98685142067711,k30_ha75_nomov_carry100
1338,2223,2023-01-23,Fulham,Tottenham,1499.6133612579893,1602.9336402501954,-103.32027899220611,k30_ha75_nomov_carry100
1339,2223,2023-02-03,Chelsea,Fulham,1586.2885571978343,1485.8333452209595,100.4552119768748,k30_ha75_nomov_carry100
1340,2223,2023-02-04,Brighton,Bournemouth,1568.4609547594694,1379.8888429627127,188.57211179675664,k30_ha75_nomov_carry100
1341,2223,2023-02-04,Everton,Arsenal,1388.3063171308709,1737.3569060174057,-349.0505888865348,k30_ha75_nomov_carry100
1342,2223,2023-02-04,Aston Villa,Leicester,1521.662332249432,1466.9523467986833,54.70998545074872,k30_ha75_nomov_carry100
1343,2223,2023-02-04,Man United,Crystal Palace,1641.7876314771206,1493.7785070639666,148.00912441315404,k30_ha75_nomov_carry100
1344,2223,2023-02-04,Wolves,Liverpool,1437.04248480989,1672.7503382760683,-235.70785346617822,k30_ha75_nomov_carry100
1345,2223,2023-02-04,Newcastle,West Ham,1645.1505387781908,1447.072980677979,198.07755810021172,k30_ha75_nomov_carry100
1346,2223,2023-02-04,Brentford,Southampton,1549.3009374226287,1381.2137999325685,168.0871374900603,k30_ha75_nomov_carry100
1347,2223,2023-02-05,Nott'm Forest,Leeds,1484.6894850731526,1443.6083783684767,41.0811067046759,k30_ha75_nomov_carry100
1348,2223,2023-02-05,Tottenham,Man City,1616.7136562872251,1764.5274084933624,-147.81375220613722,k30_ha75_nomov_carry100
1349,2223,2023-02-08,Man United,Leeds,1648.2950405139727,1433.4414894660244,214.85355104794826,k30_ha75_nomov_carry100
1350,2223,2023-02-11,Arsenal,Brentford,1712.4911371934154,1555.238648850772,157.25248834264335,k30_ha75_nomov_carry100
1351,2223,2023-02-11,West Ham,Chelsea,1456.9148693046973,1579.2979445659896,-122.38307526129233,k30_ha75_nomov_carry100
1352,2223,2023-02-11,Crystal Palace,Brighton,1487.2710980271145,1573.8569904025826,-86.58589237546812,k30_ha75_nomov_carry100
1353,2223,2023-02-11,Fulham,Nott'm Forest,1492.8239578528041,1494.8563739756048,-2.0324161228006687,k30_ha75_nomov_carry100
1354,2223,2023-02-11,Leicester,Tottenham,1487.305931651856,1634.812048814811,-147.50611716295498,k30_ha75_nomov_carry100
1355,2223,2023-02-11,Bournemouth,Newcastle,1374.4928073195995,1635.3086501514726,-260.81584283187317,k30_ha75_nomov_carry100
1356,2223,2023-02-11,Southampton,Wolves,1375.2760885044252,1458.52494205198,-83.24885354755475,k30_ha75_nomov_carry100
1357,2223,2023-02-12,Leeds,Man United,1443.6828861355684,1638.0536438444287,-194.3707577088603,k30_ha75_nomov_carry100
1358,2223,2023-02-12,Man City,Aston Villa,1746.4290159657764,1501.3087473962592,245.1202685695173,k30_ha75_nomov_carry100
1359,2223,2023-02-13,Liverpool,Everton,1651.2678810339785,1413.1720859548611,238.09579507911735,k30_ha75_nomov_carry100
1360,2223,2023-02-15,Arsenal,Man City,1703.7314857083722,1750.5307705371608,-46.799284828788586,k30_ha75_nomov_carry100
1361,2223,2023-02-18,Aston Villa,Arsenal,1497.2069928248748,1687.5166297276176,-190.3096369027428,k30_ha75_nomov_carry100
1362,2223,2023-02-18,Brentford,Crystal Palace,1563.9983003358152,1487.7711158811287,76.2271844546865,k30_ha75_nomov_carry100
1363,2223,2023-02-18,Brighton,Fulham,1573.3569725485684,1504.7192078294395,68.63776471912888,k30_ha75_nomov_carry100
1364,2223,2023-02-18,Chelsea,Southampton,1577.2648419617706,1360.6321532390723,216.63268872269828,k30_ha75_nomov_carry100
1365,2223,2023-02-18,Everton,Leeds,1408.9250349219838,1433.642887214245,-24.71785229226134,k30_ha75_nomov_carry100
1366,2223,2023-02-18,Nott'm Forest,Man City,1482.9611239989695,1766.7456265179155,-283.78450251894606,k30_ha75_nomov_carry100
1367,2223,2023-02-18,Wolves,Bournemouth,1473.1688773173328,1381.8286720182891,91.34020529904365,k30_ha75_nomov_carry100
1368,2223,2023-02-18,Newcastle,Liverpool,1627.972785452783,1655.5149320668559,-27.542146614072863,k30_ha75_nomov_carry100
1369,2223,2023-02-19,Man United,Leicester,1648.093642765752,1505.3916068711796,142.70203589457242,k30_ha75_nomov_carry100
1370,2223,2023-02-19,Tottenham,West Ham,1616.7263735954875,1458.9479719089163,157.77840168657121,k30_ha75_nomov_carry100
1371,2223,2023-02-24,Fulham,Wolves,1525.5898328819803,1451.4900602194314,74.09977266254896,k30_ha75_nomov_carry100
1372,2223,2023-02-25,Leicester,Arsenal,1498.727173133952,1697.7133891243836,-198.98621599043167,k30_ha75_nomov_carry100
1373,2223,2023-02-25,Leeds,Southampton,1420.798711806392,1385.9144116946975,34.88430011169453,k30_ha75_nomov_carry100
1374,2223,2023-02-25,Everton,Aston Villa,1421.7692103298368,1487.0102334281087,-65.24102309827185,k30_ha75_nomov_carry100
1375,2223,2023-02-25,Crystal Palace,Liverpool,1493.916817710053,1672.5512036997798,-178.63438598972675,k30_ha75_nomov_carry100
1376,2223,2023-02-25,Bournemouth,Man City,1403.5074891161905,1758.6799603531335,-355.172471236943,k30_ha75_nomov_carry100
1377,2223,2023-02-25,West Ham,Nott'm Forest,1452.7225724400428,1491.0267901637515,-38.30421772370869,k30_ha75_nomov_carry100
1378,2223,2023-02-26,Tottenham,Chelsea,1622.951773064361,1551.9825835061454,70.9691895582157,k30_ha75_nomov_carry100
1379,2223,2023-03-01,Arsenal,Everton,1707.576697008892,1406.347992198723,301.2287048101691,k30_ha75_nomov_carry100
1380,2223,2023-03-01,Liverpool,Wolves,1668.2050854638433,1457.5591410659692,210.64594439787402,k30_ha75_nomov_carry100
1381,2223,2023-03-04,Man City,Newcastle,1763.665957416738,1610.936513819859,152.7294435968788,k30_ha75_nomov_carry100
1382,2223,2023-03-04,Arsenal,Bournemouth,1710.662764355291,1398.5214920525862,312.1412723027049,k30_ha75_nomov_carry100
1383,2223,2023-03-04,Aston Villa,Crystal Palace,1502.4314515592225,1498.2629359459895,4.168515613233012,k30_ha75_nomov_carry100
1384,2223,2023-03-04,Wolves,Tottenham,1452.7027584267587,1631.9961347306187,-179.29337630386,k30_ha75_nomov_carry100
1385,2223,2023-03-04,Southampton,Leicester,1375.506400139856,1488.8638652494435,-113.35746510958757,k30_ha75_nomov_carry100
1386,2223,2023-03-04,Brighton,West Ham,1552.4863474960275,1466.144153086645,86.3421944093825,k30_ha75_nomov_carry100
1387,2223,2023-03-04,Chelsea,Leeds,1542.9382218398878,1431.2067233612336,111.7314984786542,k30_ha75_nomov_carry100
1388,2223,2023-03-05,Nott'm Forest,Everton,1477.6052095171492,1403.261924852324,74.3432846648252,k30_ha75_nomov_carry100
1389,2223,2023-03-05,Liverpool,Man United,1673.0614681030538,1654.7580765029797,18.303391600074065,k30_ha75_nomov_carry100
1390,2223,2023-03-06,Brentford,Fulham,1557.852598506891,1519.5207520354425,38.33184647144844,k30_ha75_nomov_carry100
1391,2223,2023-03-11,Bournemouth,Liverpool,1395.605054945836,1684.1273591975691,-288.5223042517332,k30_ha75_nomov_carry100
1392,2223,2023-03-11,Leeds,Brighton,1423.5726261385446,1560.981636030526,-137.40900989198144,k30_ha75_nomov_carry100
1393,2223,2023-03-11,Everton,Brentford,1409.3397953846534,1568.126129544508,-158.78633415985473,k30_ha75_nomov_carry100
1394,2223,2023-03-11,Crystal Palace,Man City,1486.6229620672646,1770.035965276354,-283.41300320908954,k30_ha75_nomov_carry100
1395,2223,2023-03-11,Tottenham,Nott'm Forest,1612.623968394194,1471.5273389848198,141.09662940937415,k30_ha75_nomov_carry100
1396,2223,2023-03-11,Leicester,Chelsea,1472.2145358874438,1550.5723190625768,-78.35778317513291,k30_ha75_nomov_carry100
1397,2223,2023-03-12,Fulham,Arsenal,1509.2472209978253,1713.5792014620413,-204.33198046421603,k30_ha75_nomov_carry100
1398,2223,2023-03-12,Man United,Southampton,1643.6921854084644,1392.1557295018556,251.5364559066088,k30_ha75_nomov_carry100
1399,2223,2023-03-12,West Ham,Aston Villa,1457.6488645521465,1514.0714254379475,-56.422560885800976,k30_ha75_nomov_carry100
1400,2223,2023-03-12,Newcastle,Wolves,1604.566505960243,1472.0749247631834,132.49158119705953,k30_ha75_nomov_carry100
1401,2223,2023-03-15,Brighton,Crystal Palace,1558.3158326581513,1479.6772201455033,78.63861251264802,k30_ha75_nomov_carry100
1402,2223,2023-03-15,Southampton,Brentford,1403.183011980432,1549.5773129686943,-146.39430098826233,k30_ha75_nomov_carry100
1403,2223,2023-03-17,Nott'm Forest,Newcastle,1464.8148750300609,1611.5405996853142,-146.72572465525332,k30_ha75_nomov_carry100
1404,2223,2023-03-18,Aston Villa,Bournemouth,1514.872714458747,1418.8150597171227,96.05765474162422,k30_ha75_nomov_carry100
1405,2223,2023-03-18,Brentford,Leicester,1561.5376375654673,1457.3594985270354,104.17813903843194,k30_ha75_nomov_carry100
1406,2223,2023-03-18,Southampton,Tottenham,1391.222687383659,1619.336432348953,-228.11374496529402,k30_ha75_nomov_carry100
1407,2223,2023-03-18,Wolves,Leeds,1465.1008310381121,1426.2384295109193,38.86240152719279,k30_ha75_nomov_carry100
1408,2223,2023-03-18,Chelsea,Everton,1565.4273564229852,1427.8886119604672,137.53874446251803,k30_ha75_nomov_carry100
1409,2223,2023-03-19,Arsenal,Crystal Palace,1723.2398630810244,1470.9093082608622,252.3305548201622,k30_ha75_nomov_carry100
1410,2223,2023-04-01,Man City,Liverpool,1776.9817071981154,1660.9173544262824,116.064352771833,k30_ha75_nomov_carry100
1411,2223,2023-04-01,Arsenal,Leeds,1727.1968517990554,1445.985520186034,281.21133161302146,k30_ha75_nomov_carry100
1412,2223,2023-04-01,Crystal Palace,Leicester,1466.9523195428312,1464.4753028945674,2.4770166482637705,k30_ha75_nomov_carry100
1413,2223,2023-04-01,Bournemouth,Fulham,1410.6561766738807,1499.5865593788421,-88.9303827049614,k30_ha75_nomov_carry100
1414,2223,2023-04-01,Brighton,Brentford,1567.0837445427924,1554.4218331979353,12.661911344857117,k30_ha75_nomov_carry100
1415,2223,2023-04-01,Nott'm Forest,Wolves,1452.8682688999022,1445.3537403629975,7.514528536904663,k30_ha75_nomov_carry100
1416,2223,2023-04-01,Chelsea,Aston Villa,1557.2471403952618,1523.031597501989,34.21554289327287,k30_ha75_nomov_carry100
1417,2223,2023-04-02,West Ham,Southampton,1456.847575531347,1397.4360149567096,59.411560574637406,k30_ha75_nomov_carry100
1418,2223,2023-04-02,Newcastle,Man United,1623.4872058154729,1632.664902929888,-9.177697114415196,k30_ha75_nomov_carry100
1419,2223,2023-04-03,Everton,Tottenham,1436.0688279881906,1613.1231047759022,-177.05427678771161,k30_ha75_nomov_carry100
1420,2223,2023-04-04,Bournemouth,Brighton,1426.2572775655133,1563.3773937810631,-137.12011621554984,k30_ha75_nomov_carry100
1421,2223,2023-04-04,Leeds,Nott'm Forest,1442.5655164078016,1449.3713318620757,-6.805815454274125,k30_ha75_nomov_carry100
1422,2223,2023-04-04,Leicester,Aston Villa,1452.7658902607243,1542.5974038363556,-89.83151357563133,k30_ha75_nomov_carry100
1423,2223,2023-04-04,Chelsea,Liverpool,1537.681334060895,1653.4243415287765,-115.7430074678814,k30_ha75_nomov_carry100
1424,2223,2023-04-05,Man United,Brentford,1620.4731622943132,1558.1281839596645,62.34497833464866,k30_ha75_nomov_carry100
1425,2223,2023-04-05,West Ham,Newcastle,1466.3177257827622,1635.6789464510478,-169.36122066828557,k30_ha75_nomov_carry100
1426,2223,2023-04-08,Man United,Everton,1629.8342210158762,1440.3523723689127,189.4818486469635,k30_ha75_nomov_carry100
1427,2223,2023-04-08,Aston Villa,Nott'm Forest,1556.9574645980458,1437.278276691455,119.67918790659087,k30_ha75_nomov_carry100
1428,2223,2023-04-08,Brentford,Newcastle,1548.7671252381015,1646.702342999112,-97.93521776101056,k30_ha75_nomov_carry100
1429,2223,2023-04-08,Fulham,West Ham,1483.9854584872096,1455.294329234698,28.6911292525117,k30_ha75_nomov_carry100
1430,2223,2023-04-08,Leicester,Bournemouth,1438.405829499034,1413.911000551631,24.494828947402993,k30_ha75_nomov_carry100
1431,2223,2023-04-08,Tottenham,Brighton,1608.8395603951801,1575.7236707949453,33.11588960023482,k30_ha75_nomov_carry100
1432,2223,2023-04-08,Wolves,Chelsea,1448.850677400824,1539.432332019122,-90.58165461829799,k30_ha75_nomov_carry100
1433,2223,2023-04-08,Southampton,Man City,1387.9658647052945,1784.4747200956213,-396.50885539032674,k30_ha75_nomov_carry100
1434,2223,2023-04-09,Leeds,Crystal Palace,1454.6585715784224,1478.6617321766744,-24.003160598251952,k30_ha75_nomov_carry100
1435,2223,2023-04-09,Liverpool,Arsenal,1651.6733435705496,1730.6168555772877,-78.94351200673805,k30_ha75_nomov_carry100
1436,2223,2023-04-15,Aston Villa,Newcastle,1564.3341116094734,1660.7135858697914,-96.37947426031792,k30_ha75_nomov_carry100
1437,2223,2023-04-15,Chelsea,Brighton,1523.7600685623854,1565.2463585924124,-41.48629003002702,k30_ha75_nomov_carry100
1438,2223,2023-04-15,Everton,Fulham,1434.979473438677,1464.637096214843,-29.657622776166136,k30_ha75_nomov_carry100
1439,2223,2023-04-15,Southampton,Crystal Palace,1383.892332012536,1495.8477661628192,-111.95543415028328,k30_ha75_nomov_carry100
1440,2223,2023-04-15,Tottenham,Bournemouth,1619.316872597713,1433.0928438738827,186.22402872383032,k30_ha75_nomov_carry100
1441,2223,2023-04-15,Wolves,Brentford,1464.5229408575606,1534.7558823674221,-70.23294150986158,k30_ha75_nomov_carry100
1442,2223,2023-04-15,Man City,Leicester,1788.5482527883798,1419.2239861767825,369.3242666115973,k30_ha75_nomov_carry100
1443,2223,2023-04-16,West Ham,Arsenal,1474.6426915070645,1730.4466077889804,-255.80391628191592,k30_ha75_nomov_carry100
1444,2223,2023-04-16,Nott'm Forest,Man United,1429.9016296800273,1635.207119946112,-205.3054902660847,k30_ha75_nomov_carry100
1445,2223,2023-04-17,Leeds,Liverpool,1437.4725375922776,1651.8435913588569,-214.37105376657928,k30_ha75_nomov_carry100
1446,2223,2023-04-21,Arsenal,Southampton,1723.2765297175683,1370.481836436382,352.79469328118626,k30_ha75_nomov_carry100
1447,2223,2023-04-22,Fulham,Leeds,1481.5836454630994,1428.1864245311763,53.39722093192313,k30_ha75_nomov_carry100
1448,2223,2023-04-22,Brentford,Aston Villa,1519.9616799123369,1580.2559744396535,-60.29429452731665,k30_ha75_nomov_carry100
1449,2223,2023-04-22,Crystal Palace,Everton,1509.258261738973,1418.0329241904205,91.22533754855249,k30_ha75_nomov_carry100
1450,2223,2023-04-22,Leicester,Wolves,1417.0667316419056,1479.3171433126458,-62.25041167074028,k30_ha75_nomov_carry100
1451,2223,2023-04-22,Liverpool,Nott'm Forest,1661.1297044199582,1420.2776358215092,240.85206859844902,k30_ha75_nomov_carry100
1452,2223,2023-04-23,Bournemouth,West Ham,1457.636731750802,1481.8127695784765,-24.176037827674463,k30_ha75_nomov_carry100
1453,2223,2023-04-23,Newcastle,Tottenham,1644.7917230396113,1594.7729847207936,50.01873831881767,k30_ha75_nomov_carry100
1454,2223,2023-04-25,Wolves,Crystal Palace,1464.867340342337,1502.5834212888738,-37.71608094653675,k30_ha75_nomov_carry100
1455,2223,2023-04-25,Aston Villa,Fulham,1580.890491908021,1491.2795842006058,89.61090770741521,k30_ha75_nomov_carry100
1456,2223,2023-04-25,Leeds,Leicester,1418.49048579367,1431.5165346122144,-13.026048818544496,k30_ha75_nomov_carry100
1457,2223,2023-04-26,Nott'm Forest,Brighton,1416.0881021958162,1581.6887907952935,-165.60068859947728,k30_ha75_nomov_carry100
1458,2223,2023-04-26,Chelsea,Brentford,1507.3176363595044,1519.3271624439694,-12.009526084465051,k30_ha75_nomov_carry100
1459,2223,2023-04-26,West Ham,Liverpool,1498.991497846212,1665.3192380456512,-166.32774019943918,k30_ha75_nomov_carry100
1460,2223,2023-04-26,Man City,Arsenal,1790.7055073232568,1710.6322241305475,80.07328319270937,k30_ha75_nomov_carry100
1461,2223,2023-04-27,Everton,Newcastle,1424.7077646405198,1654.615721056353,-229.90795641583327,k30_ha75_nomov_carry100
1462,2223,2023-04-27,Southampton,Bournemouth,1383.126142023403,1440.4580034830665,-57.331861459663514,k30_ha75_nomov_carry100
1463,2223,2023-04-27,Tottenham,Man United,1584.9489867040518,1644.8311138046301,-59.88212710057837,k30_ha75_nomov_carry100
1464,2223,2023-04-29,Crystal Palace,West Ham,1489.1869468893142,1487.846060536686,1.3408863526281039,k30_ha75_nomov_carry100
1465,2223,2023-04-29,Brentford,Nott'm Forest,1537.01726949381,1434.9133325792877,102.10393691452236,k30_ha75_nomov_carry100
1466,2223,2023-04-29,Brighton,Wolves,1562.863560411822,1478.2638147418966,84.59974566992537,k30_ha75_nomov_carry100
1467,2223,2023-04-30,Bournemouth,Leeds,1456.2201414845235,1415.8428762039746,40.377265280548954,k30_ha75_nomov_carry100
1468,2223,2023-04-30,Fulham,Man City,1482.8984104818214,1799.4222594310604,-316.523848949239,k30_ha75_nomov_carry100
1469,2223,2023-04-30,Man United,Aston Villa,1645.483393229935,1589.2716656268053,56.2117276031297,k30_ha75_nomov_carry100
1470,2223,2023-04-30,Newcastle,Southampton,1663.3383596591932,1367.364004021946,295.9743556372473,k30_ha75_nomov_carry100
1471,2223,2023-04-30,Liverpool,Tottenham,1676.4646753551772,1584.296707278747,92.16796807643027,k30_ha75_nomov_carry100
1472,2223,2023-05-01,Leicester,Everton,1434.1641442019097,1415.9851260376797,18.17901816423,k30_ha75_nomov_carry100
1473,2223,2023-05-02,Arsenal,Chelsea,1701.9154720227439,1489.6275293096637,212.28794271308016,k30_ha75_nomov_carry100
1474,2223,2023-05-03,Liverpool,Fulham,1684.7572362754097,1476.9177247493715,207.83951152603822,k30_ha75_nomov_carry100
1475,2223,2023-05-03,Man City,West Ham,1805.4029451635104,1476.089924393617,329.31302076989346,k30_ha75_nomov_carry100
1476,2223,2023-05-04,Brighton,Man United,1571.4200625710891,1655.073319295062,-83.65325672397285,k30_ha75_nomov_carry100
1477,2223,2023-05-06,Bournemouth,Chelsea,1466.4142806792859,1484.8094960916205,-18.395215412334665,k30_ha75_nomov_carry100
1478,2223,2023-05-06,Man City,Leeds,1808.069283530776,1405.6487370092123,402.42054652156367,k30_ha75_nomov_carry100
1479,2223,2023-05-06,Tottenham,Crystal Palace,1576.0041463585144,1500.9430830323834,75.06106332613103,k30_ha75_nomov_carry100
1480,2223,2023-05-06,Wolves,Aston Villa,1469.7073125826294,1579.6817395616783,-109.97442697904899,k30_ha75_nomov_carry100
1481,2223,2023-05-06,Liverpool,Brentford,1689.679733768964,1544.9710591885935,144.7086745803706,k30_ha75_nomov_carry100
1482,2223,2023-05-07,Newcastle,Arsenal,1666.5091791451314,1706.733505240787,-40.22432609565567,k30_ha75_nomov_carry100
1483,2223,2023-05-07,West Ham,Man United,1473.4235860263514,1639.69980539981,-166.27621937345862,k30_ha75_nomov_carry100
1484,2223,2023-05-08,Fulham,Leicester,1471.995227255817,1430.2350360343553,41.76019122146181,k30_ha75_nomov_carry100
1485,2223,2023-05-08,Brighton,Everton,1586.7935764663412,1419.9142342052342,166.879342261107,k30_ha75_nomov_carry100
1486,2223,2023-05-08,Nott'm Forest,Southampton,1426.9595428845043,1364.1931845360077,62.766358348496624,k30_ha75_nomov_carry100
1487,2223,2023-05-13,Leeds,Newcastle,1403.8431762988334,1650.0127864806,-246.16961018176653,k30_ha75_nomov_carry100
1488,2223,2023-05-13,Aston Villa,Tottenham,1563.1768519192358,1584.9003963055952,-21.723544386359436,k30_ha75_nomov_carry100
1489,2223,2023-05-13,Chelsea,Nott'm Forest,1502.231925692009,1436.3049873038287,65.92693838818036,k30_ha75_nomov_carry100
1490,2223,2023-05-13,Crystal Palace,Bournemouth,1492.0468330853025,1448.9918510788973,43.054982006405226,k30_ha75_nomov_carry100
1491,2223,2023-05-13,Man United,Wolves,1620.847320239716,1486.212200225072,134.63512001464414,k30_ha75_nomov_carry100
1492,2223,2023-05-13,Southampton,Fulham,1354.8477401166833,1482.1358580630063,-127.28811794632293,k30_ha75_nomov_carry100
1493,2223,2023-05-14,Arsenal,Brighton,1723.2298979053185,1562.7644693239895,160.46542858132898,k30_ha75_nomov_carry100
1494,2223,2023-05-14,Brentford,West Ham,1538.3663136906027,1492.2760711864453,46.09024250415746,k30_ha75_nomov_carry100
1495,2223,2023-05-14,Everton,Man City,1443.9433413475858,1809.8748442411547,-365.9315028935689,k30_ha75_nomov_carry100
1496,2223,2023-05-15,Leicester,Liverpool,1420.0944052271661,1696.2844792669548,-276.19007403978867,k30_ha75_nomov_carry100
1497,2223,2023-05-18,Newcastle,Brighton,1643.167841969538,1586.6150356210935,56.55280634844439,k30_ha75_nomov_carry100
1498,2223,2023-05-20,Tottenham,Brentford,1572.1826655263374,1548.3403020652377,23.842363461099694,k30_ha75_nomov_carry100
1499,2223,2023-05-20,Bournemouth,Man United,1438.9011936200827,1627.7555824993303,-188.8543888792476,k30_ha75_nomov_carry100
1500,2223,2023-05-20,Fulham,Crystal Palace,1494.895288935239,1502.137490544117,-7.2422016088780765,k30_ha75_nomov_carry100
1501,2223,2023-05-20,Liverpool,Aston Villa,1703.4546246397083,1575.8945826984937,127.56004194121465,k30_ha75_nomov_carry100
1502,2223,2023-05-20,Wolves,Everton,1479.3039379654576,1439.209529716328,40.09440824912963,k30_ha75_nomov_carry100
1503,2223,2023-05-20,Nott'm Forest,Arsenal,1442.0762019121653,1699.3793316082144,-257.30312969604915,k30_ha75_nomov_carry100
1504,2223,2023-05-21,West Ham,Leeds,1482.3020828118104,1410.6881208098955,71.61396200191484,k30_ha75_nomov_carry100
1505,2223,2023-05-21,Brighton,Southampton,1577.0379150120843,1342.0883092444506,234.94960576763378,k30_ha75_nomov_carry100
1506,2223,2023-05-21,Man City,Chelsea,1814.6086558724126,1496.4607110836725,318.14794478874,k30_ha75_nomov_carry100
1507,2223,2023-05-22,Newcastle,Leicester,1652.744962578547,1412.9242598544126,239.82070272413443,k30_ha75_nomov_carry100
1508,2223,2023-05-24,Brighton,Man City,1581.3514244963671,1817.4353134411608,-236.08388894479367,k30_ha75_nomov_carry100
1509,2223,2023-05-25,Man United,Chelsea,1638.0088031133134,1493.6340535149243,144.37474959838914,k30_ha75_nomov_carry100
1510,2223,2023-05-28,Arsenal,Wolves,1677.159419622716,1474.5090383804456,202.65038124227044,k30_ha75_nomov_carry100
1511,2223,2023-05-28,Aston Villa,Brighton,1583.7673791733503,1587.847078223963,-4.079699050612817,k30_ha75_nomov_carry100
1512,2223,2023-05-28,Brentford,Man City,1567.4961520217844,1810.9396597135649,-243.4435076917805,k30_ha75_nomov_carry100
1513,2223,2023-05-28,Chelsea,Newcastle,1487.0194019613655,1641.9559417734727,-154.93653981210718,k30_ha75_nomov_carry100
1514,2223,2023-05-28,Crystal Palace,Nott'm Forest,1505.026298249066,1464.2961138976636,40.730184351402386,k30_ha75_nomov_carry100
1515,2223,2023-05-28,Everton,Bournemouth,1444.00442930134,1428.6479730060996,15.356456295240378,k30_ha75_nomov_carry100
1516,2223,2023-05-28,Leeds,Tottenham,1401.6671906032605,1553.0268155697909,-151.35962496653042,k30_ha75_nomov_carry100
1517,2223,2023-05-28,Leicester,West Ham,1423.713280659487,1491.3230130184454,-67.60973235895835,k30_ha75_nomov_carry100
1518,2223,2023-05-28,Man United,Fulham,1644.6234546668722,1492.00648123029,152.61697343658216,k30_ha75_nomov_carry100
1519,2223,2023-05-28,Southampton,Liverpool,1337.7747997601678,1695.5818281648517,-357.80702840468393,k30_ha75_nomov_carry100
1520,2324,2023-08-11,Burnley,Man City,1430.2205471572631,1789.1882349523007,-358.9676877950376,k30_ha75_nomov_carry100
1521,2324,2023-08-12,Arsenal,Nott'm Forest,1682.206066905189,1469.115642936273,213.09042396891596,k30_ha75_nomov_carry100
1522,2324,2023-08-12,Bournemouth,West Ham,1417.4633429967505,1476.6420284088726,-59.17868541212215,k30_ha75_nomov_carry100
1523,2324,2023-08-12,Brighton,Luton,1575.8671243494803,1500.0,75.86712434948026,k30_ha75_nomov_carry100
1524,2324,2023-08-12,Everton,Fulham,1455.1890593106891,1485.6332243222869,-30.44416501159776,k30_ha75_nomov_carry100
1525,2324,2023-08-12,Sheffield United,Crystal Palace,1367.7281555134164,1500.2067692104567,-132.47861369704037,k30_ha75_nomov_carry100
1526,2324,2023-08-12,Newcastle,Aston Villa,1638.564436795914,1595.747333047833,42.817103748080854,k30_ha75_nomov_carry100
1527,2324,2023-08-13,Brentford,Tottenham,1589.2475767830485,1564.7821805461576,24.46539623689091,k30_ha75_nomov_carry100
1528,2324,2023-08-13,Chelsea,Liverpool,1490.4109069389242,1685.5050951241003,-195.0941881851761,k30_ha75_nomov_carry100
1529,2324,2023-08-14,Man United,Wolves,1650.9967115748755,1469.4623910979728,181.53432047690262,k30_ha75_nomov_carry100
1530,2324,2023-08-18,Nott'm Forest,Sheffield United,1464.3162626729222,1355.1873124260446,109.1289502468776,k30_ha75_nomov_carry100
1531,2324,2023-08-19,Wolves,Brighton,1463.8847370091785,1584.7343635843783,-120.84962657519986,k30_ha75_nomov_carry100
1532,2324,2023-08-19,Liverpool,Bournemouth,1680.5172952532023,1416.7807536912844,263.7365415619179,k30_ha75_nomov_carry100
1533,2324,2023-08-19,Man City,Newcastle,1794.0840679568958,1648.6642662291936,145.41980172770218,k30_ha75_nomov_carry100
1534,2324,2023-08-19,Tottenham,Man United,1568.9628518928257,1656.5743656636698,-87.61151377084411,k30_ha75_nomov_carry100
1535,2324,2023-08-19,Fulham,Brentford,1502.5463779154238,1585.0669054363805,-82.52052752095665,k30_ha75_nomov_carry100
1536,2324,2023-08-20,Aston Villa,Everton,1585.6475036145534,1438.2759057175522,147.37159789700127,k30_ha75_nomov_carry100
1537,2324,2023-08-20,West Ham,Chelsea,1477.3246177143387,1495.3987068098222,-18.074089095483487,k30_ha75_nomov_carry100
1538,2324,2023-08-21,Crystal Palace,Arsenal,1512.7476122978285,1687.0054471685396,-174.25783487071112,k30_ha75_nomov_carry100
1539,2324,2023-08-25,Chelsea,Luton,1482.8346369418734,1491.132760765102,-8.29812382322848,k30_ha75_nomov_carry100
1540,2324,2023-08-26,Arsenal,Fulham,1697.8330422395852,1487.8710144881338,209.9620277514514,k30_ha75_nomov_carry100
1541,2324,2023-08-26,Brentford,Crystal Palace,1599.7422688636705,1501.9200172267829,97.82225163688759,k30_ha75_nomov_carry100
1542,2324,2023-08-26,Bournemouth,Tottenham,1413.0439052360207,1584.5070956983654,-171.46319046234476,k30_ha75_nomov_carry100
1543,2324,2023-08-26,Man United,Nott'm Forest,1641.03012185813,1472.0359393771455,168.9941824809846,k30_ha75_nomov_carry100
1544,2324,2023-08-26,Brighton,West Ham,1597.7662875114736,1489.8886875822875,107.87759992918609,k30_ha75_nomov_carry100
1545,2324,2023-08-26,Everton,Wolves,1431.7497759561675,1450.8528130820832,-19.103037125915762,k30_ha75_nomov_carry100
1546,2324,2023-08-27,Burnley,Aston Villa,1425.324714152668,1592.1736333759382,-166.84891922327006,k30_ha75_nomov_carry100
1547,2324,2023-08-27,Sheffield United,Man City,1347.4676357218214,1800.6677530006698,-453.20011727884844,k30_ha75_nomov_carry100
1548,2324,2023-08-27,Newcastle,Liverpool,1642.0805811854195,1684.254143708466,-42.173562523046485,k30_ha75_nomov_carry100
1549,2324,2023-09-01,Luton,West Ham,1478.9776459148375,1512.1276402683723,-33.149994353534794,k30_ha75_nomov_carry100
1550,2324,2023-09-02,Brentford,Bournemouth,1592.8409546143678,1402.104743873346,190.73621074102175,k30_ha75_nomov_carry100
1551,2324,2023-09-02,Sheffield United,Everton,1344.4128462322058,1414.3571182254282,-69.9442719932224,k30_ha75_nomov_carry100
1552,2324,2023-09-02,Burnley,Tottenham,1414.2002839983875,1595.4462570610401,-181.24597306265264,k30_ha75_nomov_carry100
1553,2324,2023-09-02,Chelsea,Nott'm Forest,1494.989751792138,1466.1230554982776,28.866696293860286,k30_ha75_nomov_carry100
1554,2324,2023-09-02,Brighton,Newcastle,1575.5273348253888,1625.6675520948597,-50.140217269470895,k30_ha75_nomov_carry100
1555,2324,2023-09-02,Man City,Fulham,1803.7225424902854,1497.9985862396256,305.72395625065974,k30_ha75_nomov_carry100
1556,2324,2023-09-03,Crystal Palace,Wolves,1508.8213314760856,1468.2454708128225,40.57586066326303,k30_ha75_nomov_carry100
1557,2324,2023-09-03,Liverpool,Aston Villa,1700.6671727990258,1603.2980635302188,97.36910926880705,k30_ha75_nomov_carry100
1558,2324,2023-09-03,Arsenal,Man United,1687.7054704880934,1646.943005736998,40.76246475109542,k30_ha75_nomov_carry100
1559,2324,2023-09-16,Fulham,Luton,1494.9834287766846,1462.179523947278,32.80390482940652,k30_ha75_nomov_carry100
1560,2324,2023-09-16,Wolves,Liverpool,1458.0590241320792,1708.7812902676071,-250.7222661355279,k30_ha75_nomov_carry100
1561,2324,2023-09-16,Tottenham,Sheffield United,1605.997079409683,1344.1945883132717,261.80249109641136,k30_ha75_nomov_carry100
1562,2324,2023-09-16,Aston Villa,Crystal Palace,1595.1839460616375,1519.0077781568289,76.17616790480861,k30_ha75_nomov_carry100
1563,2324,2023-09-16,West Ham,Man City,1528.9257622359316,1806.7376999532264,-277.81193771729477,k30_ha75_nomov_carry100
1564,2324,2023-09-16,Newcastle,Brentford,1611.7390072985986,1583.1820795156514,28.55692778294724,k30_ha75_nomov_carry100
1565,2324,2023-09-16,Man United,Brighton,1636.7637845211032,1589.45587962165,47.307904899453206,k30_ha75_nomov_carry100
1566,2324,2023-09-17,Bournemouth,Chelsea,1411.7636189720624,1475.6344476832908,-63.87082871122834,k30_ha75_nomov_carry100
1567,2324,2023-09-17,Everton,Arsenal,1414.5753761443623,1697.8846917039882,-283.30931555962593,k30_ha75_nomov_carry100
1568,2324,2023-09-18,Nott'm Forest,Burnley,1485.4783596071247,1403.6494616497446,81.82889795738015,k30_ha75_nomov_carry100
1569,2324,2023-09-23,Luton,Wolves,1451.6899634729418,1450.058659012422,1.6313044605199138,k30_ha75_nomov_carry100
1570,2324,2023-09-23,Brentford,Everton,1572.5251341545652,1407.626447818505,164.8986863360601,k30_ha75_nomov_carry100
1571,2324,2023-09-23,Crystal Palace,Fulham,1510.1516470472259,1505.4729892510209,4.678657796205016,k30_ha75_nomov_carry100
1572,2324,2023-09-23,Burnley,Man United,1409.9950735906639,1616.6911592380336,-206.69608564736973,k30_ha75_nomov_carry100
1573,2324,2023-09-23,Man City,Nott'm Forest,1813.8570270659363,1479.1327476662054,334.7242793997309,k30_ha75_nomov_carry100
1574,2324,2023-09-24,Arsenal,Tottenham,1704.8336200298454,1609.7705015871431,95.06311844270226,k30_ha75_nomov_carry100
1575,2324,2023-09-24,Brighton,Bournemouth,1609.5285049047195,1411.2832982934763,198.24520661124325,k30_ha75_nomov_carry100
1576,2324,2023-09-24,Chelsea,Aston Villa,1476.114768361877,1604.0400771712405,-127.92530880936351,k30_ha75_nomov_carry100
1577,2324,2023-09-24,Liverpool,West Ham,1716.7816553872644,1521.8064351232217,194.97522026404272,k30_ha75_nomov_carry100
1578,2324,2023-09-24,Sheffield United,Newcastle,1340.4211661358115,1622.3959526596848,-281.97478652387326,k30_ha75_nomov_carry100
1579,2324,2023-09-30,Everton,Luton,1431.6008396929012,1448.434149807023,-16.833310114121787,k30_ha75_nomov_carry100
1580,2324,2023-09-30,Man United,Crystal Palace,1626.2629032801788,1506.7707083346554,119.49219494552335,k30_ha75_nomov_carry100
1581,2324,2023-09-30,Aston Villa,Brighton,1616.7726194898908,1614.682495568883,2.0901239210077165,k30_ha75_nomov_carry100
1582,2324,2023-09-30,Bournemouth,Arsenal,1406.1293076293127,1698.0265538318952,-291.89724620258244,k30_ha75_nomov_carry100
1583,2324,2023-09-30,Tottenham,Liverpool,1616.5775677850934,1722.0164921560126,-105.43892437091927,k30_ha75_nomov_carry100
1584,2324,2023-09-30,Wolves,Man City,1453.3144726783407,1816.4486544018757,-363.134181723535,k30_ha75_nomov_carry100
1585,2324,2023-09-30,West Ham,Sheffield United,1516.5715983544735,1333.4311355621758,183.14046279229774,k30_ha75_nomov_carry100
1586,2324,2023-09-30,Newcastle,Burnley,1629.3859832333205,1400.4233295485187,228.9626536848018,k30_ha75_nomov_carry100
1587,2324,2023-10-01,Nott'm Forest,Brentford,1476.541120330266,1548.550742280169,-72.00962194990302,k30_ha75_nomov_carry100
1588,2324,2023-10-02,Fulham,Chelsea,1508.8539279635913,1463.3822260432266,45.471701920364694,k30_ha75_nomov_carry100
1589,2324,2023-10-03,Luton,Burnley,1465.922205493869,1395.9809663743797,69.94123911948918,k30_ha75_nomov_carry100
1590,2324,2023-10-07,Luton,Tottenham,1445.003994989439,1632.888369790484,-187.88437480104494,k30_ha75_nomov_carry100
1591,2324,2023-10-07,Burnley,Chelsea,1416.8991768788096,1483.3845171243947,-66.48534024558512,k30_ha75_nomov_carry100
1592,2324,2023-10-07,Everton,Bournemouth,1414.1127840060553,1399.4408271049003,14.671956901155,k30_ha75_nomov_carry100
1593,2324,2023-10-07,Fulham,Sheffield United,1488.8516368824232,1327.8953410690485,160.9562958133747,k30_ha75_nomov_carry100
1594,2324,2023-10-07,Man United,Brentford,1603.6455398450216,1548.679844090722,54.96569575429953,k30_ha75_nomov_carry100
1595,2324,2023-10-07,Crystal Palace,Nott'm Forest,1529.3880717698125,1476.412018519713,52.97605325009954,k30_ha75_nomov_carry100
1596,2324,2023-10-08,Brighton,Liverpool,1602.9571793990185,1705.705690150622,-102.74851075160359,k30_ha75_nomov_carry100
1597,2324,2023-10-08,West Ham,Newcastle,1522.1073928476007,1633.8283464074595,-111.7209535598588,k30_ha75_nomov_carry100
1598,2324,2023-10-08,Wolves,Aston Villa,1478.5161078418719,1628.4979356597553,-149.9818278178834,k30_ha75_nomov_carry100
1599,2324,2023-10-08,Arsenal,Man City,1704.7150343563076,1791.2470192383446,-86.53198488203702,k30_ha75_nomov_carry100
1600,2324,2023-10-21,Liverpool,Everton,1704.5102313762238,1425.3250680831766,279.18516329304725,k30_ha75_nomov_carry100
1601,2324,2023-10-21,Bournemouth,Wolves,1388.228543027779,1481.7039934437805,-93.47545041600142,k30_ha75_nomov_carry100
1602,2324,2023-10-21,Brentford,Burnley,1539.0430600326913,1401.5316430445805,137.5114169881108,k30_ha75_nomov_carry100
1603,2324,2023-10-21,Man City,Brighton,1775.7493261837576,1604.1526381734168,171.5966880103408,k30_ha75_nomov_carry100
1604,2324,2023-10-21,Newcastle,Crystal Palace,1632.2488523638842,1524.0999270318987,108.14892533198554,k30_ha75_nomov_carry100
1605,2324,2023-10-21,Nott'm Forest,Luton,1481.7001632576269,1434.713056102417,46.98710715520974,k30_ha75_nomov_carry100
1606,2324,2023-10-21,Chelsea,Arsenal,1498.7520509586238,1720.2127274108946,-221.46067645227072,k30_ha75_nomov_carry100
1607,2324,2023-10-21,Sheffield United,Man United,1321.7597102593504,1613.2823239030522,-291.5226136437018,k30_ha75_nomov_carry100
1608,2324,2023-10-22,Aston Villa,West Ham,1625.3100500578466,1523.686886891176,101.62316316667057,k30_ha75_nomov_carry100
1609,2324,2023-10-23,Tottenham,Fulham,1643.1793086775058,1494.9872676921213,148.19204098538444,k30_ha75_nomov_carry100
1610,2324,2023-10-27,Crystal Palace,Tottenham,1516.3478621890627,1649.6813536121247,-133.33349142306201,k30_ha75_nomov_carry100
1611,2324,2023-10-28,Arsenal,Sheffield United,1714.2392249808345,1315.060014783429,399.1792101974054,k30_ha75_nomov_carry100
1612,2324,2023-10-28,Chelsea,Brentford,1504.725553388684,1545.8636729784994,-41.13811958981546,k30_ha75_nomov_carry100
1613,2324,2023-10-28,Wolves,Newcastle,1495.9070951326892,1640.0009172067203,-144.0938220740311,k30_ha75_nomov_carry100
1614,2324,2023-10-28,Bournemouth,Burnley,1374.0254413388705,1394.7110300987724,-20.685588759901975,k30_ha75_nomov_carry100
1615,2324,2023-10-29,West Ham,Everton,1515.7169102341056,1421.8695628473101,93.84734738679549,k30_ha75_nomov_carry100
1616,2324,2023-10-29,Aston Villa,Luton,1633.280026714917,1439.773411518757,193.50661519616006,k30_ha75_nomov_carry100
1617,2324,2023-10-29,Brighton,Fulham,1598.3105547187408,1488.4852227575025,109.82533196123836,k30_ha75_nomov_carry100
1618,2324,2023-10-29,Liverpool,Nott'm Forest,1707.9657366120903,1476.639807841287,231.32592877080333,k30_ha75_nomov_carry100
1619,2324,2023-10-29,Man United,Man City,1619.9820193789735,1781.5914096384336,-161.60939025946004,k30_ha75_nomov_carry100
1620,2324,2023-11-04,Brentford,West Ham,1562.3209964668613,1493.9515896984767,68.36940676838458,k30_ha75_nomov_carry100
1621,2324,2023-11-04,Burnley,Crystal Palace,1382.0370540455665,1503.842920586938,-121.80586654137142,k30_ha75_nomov_carry100
1622,2324,2023-11-04,Fulham,Man United,1495.788506457868,1608.645671653063,-112.85716519519497,k30_ha75_nomov_carry100
1623,2324,2023-11-04,Everton,Brighton,1443.634883382939,1591.0072710183754,-147.37238763543633,k30_ha75_nomov_carry100
1624,2324,2023-11-04,Sheffield United,Wolves,1313.2225313400927,1498.8514028715365,-185.6288715314438,k30_ha75_nomov_carry100
1625,2324,2023-11-04,Newcastle,Arsenal,1637.056609467873,1716.0767084241709,-79.02009895629794,k30_ha75_nomov_carry100
1626,2324,2023-11-04,Man City,Bournemouth,1792.9277573643442,1386.6994173920764,406.2283399722678,k30_ha75_nomov_carry100
1627,2324,2023-11-05,Nott'm Forest,Aston Villa,1472.2486838921989,1638.5514969450035,-166.3028130528046,k30_ha75_nomov_carry100
1628,2324,2023-11-05,Luton,Liverpool,1434.5019412886707,1712.3568605611783,-277.8549192725077,k30_ha75_nomov_carry100
1629,2324,2023-11-06,Tottenham,Chelsea,1662.1862952142494,1488.268229900322,173.9180653139274,k30_ha75_nomov_carry100
1630,2324,2023-11-11,Arsenal,Burnley,1700.9031545457253,1369.0456888697233,331.857465676002,k30_ha75_nomov_carry100
1631,2324,2023-11-11,Man United,Luton,1622.0176841952787,1442.3839575473057,179.63372664797294,k30_ha75_nomov_carry100
1632,2324,2023-11-11,Wolves,Tottenham,1479.2303004454432,1637.9657702126608,-158.73546976721764,k30_ha75_nomov_carry100
1633,2324,2023-11-11,Bournemouth,Newcastle,1384.9306949668653,1652.2301633463185,-267.2994683794532,k30_ha75_nomov_carry100
1634,2324,2023-11-11,Crystal Palace,Everton,1516.834285762781,1446.7150289186652,70.11925684411585,k30_ha75_nomov_carry100
1635,2324,2023-11-12,Aston Villa,Fulham,1619.6979393992472,1482.4164939156522,137.281445483595,k30_ha75_nomov_carry100
1636,2324,2023-11-12,Brighton,Sheffield United,1587.9271254826492,1332.843633766186,255.0834917164632,k30_ha75_nomov_carry100
1637,2324,2023-11-12,Liverpool,Brentford,1704.4748443025433,1571.4601856532936,133.01465864924967,k30_ha75_nomov_carry100
1638,2324,2023-11-12,West Ham,Nott'm Forest,1484.8124005120444,1491.1022414379552,-6.289840925910767,k30_ha75_nomov_carry100
1639,2324,2023-11-12,Chelsea,Man City,1512.4887549019106,1794.6964797895553,-282.20772488764464,k30_ha75_nomov_carry100
1640,2324,2023-11-25,Burnley,West Ham,1366.4147197240163,1496.8840220915495,-130.46930236753315,k30_ha75_nomov_carry100
1641,2324,2023-11-25,Man City,Liverpool,1786.6793239024548,1711.4328332430377,75.24649065941708,k30_ha75_nomov_carry100
1642,2324,2023-11-25,Luton,Crystal Palace,1436.7564548232008,1495.9095873333026,-59.15313251010184,k30_ha75_nomov_carry100
1643,2324,2023-11-25,Newcastle,Chelsea,1629.683279074079,1520.505910789011,109.17736828506804,k30_ha75_nomov_carry100
1644,2324,2023-11-25,Sheffield United,Bournemouth,1343.940764282277,1407.4775792391047,-63.536814956827584,k30_ha75_nomov_carry100
1645,2324,2023-11-25,Nott'm Forest,Brighton,1479.03061985845,1576.8299949665582,-97.79937510810805,k30_ha75_nomov_carry100
1646,2324,2023-11-25,Brentford,Arsenal,1564.502196712799,1703.5341236914323,-139.03192697863324,k30_ha75_nomov_carry100
1647,2324,2023-11-26,Tottenham,Aston Villa,1619.4190267830138,1626.5255313023147,-7.10650451930087,k30_ha75_nomov_carry100
1648,2324,2023-11-26,Everton,Man United,1467.6397273481437,1627.6451869193836,-160.00545957123995,k30_ha75_nomov_carry100
1649,2324,2023-11-27,Fulham,Wolves,1475.5889020125846,1497.7770438750902,-22.188141862505518,k30_ha75_nomov_carry100
1650,2324,2023-12-02,Brentford,Luton,1552.2357972444458,1451.0727645984728,101.16303264597309,k30_ha75_nomov_carry100
1651,2324,2023-12-02,Nott'm Forest,Everton,1465.0135375217612,1456.2381902637283,8.77534725803298,k30_ha75_nomov_carry100
1652,2324,2023-12-02,Arsenal,Wolves,1715.8005231597856,1485.0397151842599,230.76080797552572,k30_ha75_nomov_carry100
1653,2324,2023-12-02,Newcastle,Man United,1637.4013579398968,1639.046724003799,-1.6453660639022019,k30_ha75_nomov_carry100
1654,2324,2023-12-02,Burnley,Sheffield United,1353.7893801221817,1328.4460383049795,25.343341817202145,k30_ha75_nomov_carry100
1655,2324,2023-12-03,Bournemouth,Aston Villa,1422.9723052164022,1644.419979805726,-221.4476745893237,k30_ha75_nomov_carry100
1656,2324,2023-12-03,Chelsea,Brighton,1512.7878319231934,1590.847077303247,-78.05924538005365,k30_ha75_nomov_carry100
1657,2324,2023-12-03,Liverpool,Fulham,1717.5432618194527,1488.326230703415,229.2170311160378,k30_ha75_nomov_carry100
1658,2324,2023-12-03,West Ham,Crystal Palace,1509.509361693384,1481.5932775580306,27.916084135353458,k30_ha75_nomov_carry100
1659,2324,2023-12-03,Man City,Tottenham,1780.5688953260399,1601.5245782796026,179.0443170464373,k30_ha75_nomov_carry100
1660,2324,2023-12-05,Wolves,Burnley,1480.6363833212647,1364.5737738779692,116.06260944329551,k30_ha75_nomov_carry100
1661,2324,2023-12-05,Luton,Arsenal,1443.0872763312618,1720.2038550227808,-277.11657869151895,k30_ha75_nomov_carry100
1662,2324,2023-12-06,Brighton,Brentford,1575.715002476415,1560.2212855116568,15.493716964758278,k30_ha75_nomov_carry100
1663,2324,2023-12-06,Crystal Palace,Bournemouth,1485.910970644858,1428.9453353260349,56.96563531882316,k30_ha75_nomov_carry100
1664,2324,2023-12-06,Fulham,Nott'm Forest,1483.889406434741,1446.4651687412293,37.424237693511714,k30_ha75_nomov_carry100
1665,2324,2023-12-06,Sheffield United,Liverpool,1317.661644549192,1721.9800860881267,-404.3184415389346,k30_ha75_nomov_carry100
1666,2324,2023-12-06,Aston Villa,Man City,1638.4469496960933,1771.2119264810422,-132.76497678494889,k30_ha75_nomov_carry100
1667,2324,2023-12-06,Man United,Chelsea,1627.1674647235407,1527.9199067500253,99.24755797351531,k30_ha75_nomov_carry100
1668,2324,2023-12-07,Everton,Newcastle,1474.7865590442602,1649.2806172201551,-174.4940581758949,k30_ha75_nomov_carry100
1669,2324,2023-12-07,Tottenham,West Ham,1610.8815471246003,1505.1916686065567,105.68987851804354,k30_ha75_nomov_carry100
1670,2324,2023-12-09,Crystal Palace,Liverpool,1465.4726041641586,1725.8979320092797,-260.42532784512105,k30_ha75_nomov_carry100
1671,2324,2023-12-09,Brighton,Burnley,1586.8940904250608,1357.08070456624,229.81338585882077,k30_ha75_nomov_carry100
1672,2324,2023-12-09,Man United,Bournemouth,1635.2177325667276,1449.3837018067343,185.8340307599933,k30_ha75_nomov_carry100
1673,2324,2023-12-09,Sheffield United,Brentford,1313.743798628039,1549.042197563011,-235.29839893497206,k30_ha75_nomov_carry100
1674,2324,2023-12-09,Wolves,Nott'm Forest,1488.129452632994,1436.1563145994853,51.973138033508576,k30_ha75_nomov_carry100
1675,2324,2023-12-09,Aston Villa,Arsenal,1655.91813597373,1727.3449395655912,-71.42680359186124,k30_ha75_nomov_carry100
1676,2324,2023-12-10,Everton,Chelsea,1493.9683716760114,1519.8696389068384,-25.90126723082699,k30_ha75_nomov_carry100
1677,2324,2023-12-10,Fulham,West Ham,1494.198260576485,1527.3579476200232,-33.15968704353827,k30_ha75_nomov_carry100
1678,2324,2023-12-10,Luton,Man City,1435.9461917884514,1753.7407402034055,-317.7945484149541,k30_ha75_nomov_carry100
1679,2324,2023-12-10,Tottenham,Newcastle,1588.7152681111338,1630.098804588404,-41.38353647727013,k30_ha75_nomov_carry100
1680,2324,2023-12-15,Nott'm Forest,Tottenham,1441.4065030103427,1602.2684408283967,-160.861937818054,k30_ha75_nomov_carry100
1681,2324,2023-12-16,Chelsea,Sheffield United,1506.975402410352,1335.211872540047,171.7635298703051,k30_ha75_nomov_carry100
1682,2324,2023-12-16,Man City,Crystal Palace,1759.6864770831648,1457.795634429634,301.89084265353085,k30_ha75_nomov_carry100
1683,2324,2023-12-16,Newcastle,Fulham,1616.545631871141,1507.4005510640127,109.14508080712835,k30_ha75_nomov_carry100
1684,2324,2023-12-16,Burnley,Everton,1367.656843165442,1506.8626081724979,-139.2057650070558,k30_ha75_nomov_carry100
1685,2324,2023-12-17,Brentford,Aston Villa,1527.5741236510032,1670.763874122789,-143.18975047178583,k30_ha75_nomov_carry100
1686,2324,2023-12-17,Arsenal,Brighton,1712.499201416532,1576.3179518258587,136.18124959067336,k30_ha75_nomov_carry100
1687,2324,2023-12-17,Liverpool,Man United,1733.5749017438043,1610.6838731332623,122.89102861054198,k30_ha75_nomov_carry100
1688,2324,2023-12-17,West Ham,Wolves,1514.1556571324954,1482.8792642221365,31.276392910358936,k30_ha75_nomov_carry100
1689,2324,2023-12-21,Crystal Palace,Brighton,1469.7201038652756,1569.4569025643684,-99.73679869909279,k30_ha75_nomov_carry100
1690,2324,2023-12-22,Aston Villa,Sheffield United,1682.8571135385228,1329.3743059737344,353.48280756478835,k30_ha75_nomov_carry100
1691,2324,2023-12-23,Tottenham,Everton,1613.6351495066951,1519.1217523701528,94.51339713654238,k30_ha75_nomov_carry100
1692,2324,2023-12-23,Liverpool,Arsenal,1725.8491825833344,1719.3602506780223,6.488931905312029,k30_ha75_nomov_carry100
1693,2324,2023-12-23,West Ham,Man United,1524.7052817268004,1618.4095922937322,-93.70431056693178,k30_ha75_nomov_carry100
1694,2324,2023-12-23,Fulham,Burnley,1499.6814067066643,1355.3976989677872,144.28370773887718,k30_ha75_nomov_carry100
1695,2324,2023-12-23,Luton,Newcastle,1430.000454908692,1624.2647762284894,-194.26432131979732,k30_ha75_nomov_carry100
1696,2324,2023-12-23,Nott'm Forest,Bournemouth,1430.0397943320443,1473.9175612401996,-43.87776690815531,k30_ha75_nomov_carry100
1697,2324,2023-12-24,Wolves,Chelsea,1472.3296396278315,1512.8129689766645,-40.48332934883297,k30_ha75_nomov_carry100
1698,2324,2023-12-26,Newcastle,Nott'm Forest,1604.308868348102,1413.6997218676088,190.6091464804931,k30_ha75_nomov_carry100
1699,2324,2023-12-26,Bournemouth,Fulham,1490.257633704635,1476.2987609113725,13.958872793262572,k30_ha75_nomov_carry100
1700,2324,2023-12-26,Sheffield United,Luton,1342.0271956580143,1449.9563627890795,-107.92916713106524,k30_ha75_nomov_carry100
1701,2324,2023-12-26,Burnley,Liverpool,1378.780344763079,1722.3941463204105,-343.6138015573315,k30_ha75_nomov_carry100
1702,2324,2023-12-26,Man United,Aston Villa,1602.6028415294352,1670.2042238542429,-67.60138232480767,k30_ha75_nomov_carry100
1703,2324,2023-12-27,Brentford,Wolves,1515.4808842352695,1485.8443185704227,29.636565664846785,k30_ha75_nomov_carry100
1704,2324,2023-12-27,Chelsea,Crystal Palace,1499.2982900340733,1470.7862763795965,28.512013654476732,k30_ha75_nomov_carry100
1705,2324,2023-12-27,Everton,Man City,1510.90995928057,1747.7620076475232,-236.8520483669531,k30_ha75_nomov_carry100
1706,2324,2023-12-28,Brighton,Tottenham,1568.3907300500475,1621.8469425962778,-53.45621254623029,k30_ha75_nomov_carry100
1707,2324,2023-12-28,Arsenal,West Ham,1722.8152869409462,1540.5120324910974,182.30325444984874,k30_ha75_nomov_carry100
1708,2324,2023-12-30,Luton,Chelsea,1463.5389379833443,1509.957012002575,-46.418074019230744,k30_ha75_nomov_carry100
1709,2324,2023-12-30,Aston Villa,Burnley,1655.5235995813794,1373.511555041083,282.0120445402963,k30_ha75_nomov_carry100
1710,2324,2023-12-30,Crystal Palace,Brentford,1460.1275544110947,1496.0951639440302,-35.96760953293551,k30_ha75_nomov_carry100
1711,2324,2023-12-30,Man City,Sheffield United,1756.2394347861373,1328.4446204637495,427.79481432238777,k30_ha75_nomov_carry100
1712,2324,2023-12-30,Wolves,Everton,1505.230038861662,1502.432532141956,2.797506719706007,k30_ha75_nomov_carry100
1713,2324,2023-12-30,Nott'm Forest,Man United,1438.3553850359813,1617.2834658022987,-178.9280807663174,k30_ha75_nomov_carry100
1714,2324,2023-12-31,Fulham,Arsenal,1465.0576386570542,1698.3728705203616,-233.31523186330742,k30_ha75_nomov_carry100
1715,2324,2023-12-31,Tottenham,Bournemouth,1607.7758723972179,1501.4987559589533,106.27711643826456,k30_ha75_nomov_carry100
1716,2324,2024-01-01,Liverpool,Newcastle,1727.6629360424065,1579.6532051797294,148.0097308626771,k30_ha75_nomov_carry100
1717,2324,2024-01-02,West Ham,Brighton,1564.954448911682,1582.4618002491075,-17.50735133742546,k30_ha75_nomov_carry100
1718,2324,2024-01-12,Burnley,Luton,1370.1054931002966,1447.3077332249359,-77.20224012463927,k30_ha75_nomov_carry100
1719,2324,2024-01-13,Chelsea,Fulham,1526.1882167609836,1486.4558411698188,39.73237559116478,k30_ha75_nomov_carry100
1720,2324,2024-01-13,Newcastle,Man City,1573.1458139325393,1757.8124871981252,-184.6666732655858,k30_ha75_nomov_carry100
1721,2324,2024-01-14,Everton,Aston Villa,1490.7362876284813,1658.9296615221658,-168.19337389368457,k30_ha75_nomov_carry100
1722,2324,2024-01-14,Man United,Tottenham,1597.9257350613116,1615.5900428569148,-17.664307795603236,k30_ha75_nomov_carry100
1723,2324,2024-01-20,Arsenal,Crystal Palace,1676.974668007597,1473.4494446565056,203.52522335109143,k30_ha75_nomov_carry100
1724,2324,2024-01-20,Brentford,Nott'm Forest,1482.7732736986193,1457.7131157769684,25.060157921650898,k30_ha75_nomov_carry100
1725,2324,2024-01-21,Sheffield United,West Ham,1326.8715680517616,1562.4947023509328,-235.62313429917117,k30_ha75_nomov_carry100
1726,2324,2024-01-21,Bournemouth,Liverpool,1493.6845854992564,1734.1703272895966,-240.48574179034017,k30_ha75_nomov_carry100
1727,2324,2024-01-22,Brighton,Wolves,1584.9215468098566,1516.9262833751368,67.99526343471985,k30_ha75_nomov_carry100
1728,2324,2024-01-30,Luton,Brighton,1447.2126561492048,1579.074428848119,-131.86177269891414,k30_ha75_nomov_carry100
1729,2324,2024-01-30,Fulham,Everton,1476.236703011322,1494.665973051121,-18.429270039798894,k30_ha75_nomov_carry100
1730,2324,2024-01-30,Aston Villa,Newcastle,1654.999976099526,1562.7292855782227,92.27069052130332,k30_ha75_nomov_carry100
1731,2324,2024-01-30,Crystal Palace,Sheffield United,1468.4239016294362,1333.3510504775165,135.07285115191962,k30_ha75_nomov_carry100
1732,2324,2024-01-30,Nott'm Forest,Arsenal,1446.9174590695418,1682.0002110346666,-235.08275196512477,k30_ha75_nomov_carry100
1733,2324,2024-01-31,Man City,Burnley,1768.2290155524418,1370.2005701760277,398.0284453764141,k30_ha75_nomov_carry100
1734,2324,2024-01-31,Tottenham,Brentford,1618.0431947938562,1493.5689304060459,124.47426438781031,k30_ha75_nomov_carry100
1735,2324,2024-01-31,Liverpool,Chelsea,1742.521119179649,1536.4073549194802,206.11376426016886,k30_ha75_nomov_carry100
1736,2324,2024-02-01,West Ham,Bournemouth,1556.015219925178,1485.333793609204,70.68142631597402,k30_ha75_nomov_carry100
1737,2324,2024-02-01,Wolves,Man United,1522.7734013368745,1595.4725831243702,-72.69918178749572,k30_ha75_nomov_carry100
1738,2324,2024-02-03,Burnley,Fulham,1368.351626896597,1473.8157053446819,-105.46407844808482,k30_ha75_nomov_carry100
1739,2324,2024-02-03,Everton,Tottenham,1497.0869707177612,1625.2673722989468,-128.1804015811856,k30_ha75_nomov_carry100
1740,2324,2024-02-03,Newcastle,Luton,1584.4402722986663,1464.6458901581027,119.79438214056358,k30_ha75_nomov_carry100
1741,2324,2024-02-03,Sheffield United,Aston Villa,1326.4561779540638,1633.2889893790825,-306.8328114250187,k30_ha75_nomov_carry100
1742,2324,2024-02-03,Brighton,Crystal Palace,1561.641194839221,1475.3187741528889,86.32242068633218,k30_ha75_nomov_carry100
1743,2324,2024-02-04,Man United,West Ham,1610.5719159795128,1550.0700502568038,60.501865722709,k30_ha75_nomov_carry100
1744,2324,2024-02-04,Arsenal,Liverpool,1690.5397182564982,1747.4846304280636,-56.94491217156542,k30_ha75_nomov_carry100
1745,2324,2024-02-04,Bournemouth,Nott'm Forest,1491.278963277578,1438.3779518477102,52.90101142986782,k30_ha75_nomov_carry100
1746,2324,2024-02-04,Chelsea,Wolves,1531.4438436710657,1507.6740684817319,23.769775189333814,k30_ha75_nomov_carry100
1747,2324,2024-02-05,Brentford,Man City,1486.3447529009552,1770.0779588318724,-283.73320593091717,k30_ha75_nomov_carry100
1748,2324,2024-02-10,Fulham,Bournemouth,1472.5038256504056,1485.993655905938,-13.489830255532524,k30_ha75_nomov_carry100
1749,2324,2024-02-10,Man City,Everton,1777.013867114455,1499.3651887850365,277.64867832941854,k30_ha75_nomov_carry100
1750,2324,2024-02-10,Luton,Sheffield United,1472.2729312915071,1320.203881178517,152.06905011299023,k30_ha75_nomov_carry100
1751,2324,2024-02-10,Tottenham,Brighton,1622.9891542316716,1570.1371765526628,52.85197767900877,k30_ha75_nomov_carry100
1752,2324,2024-02-10,Liverpool,Burnley,1733.2634302958036,1369.6635065908733,363.59992370493023,k30_ha75_nomov_carry100
1753,2324,2024-02-10,Nott'm Forest,Newcastle,1443.66325921935,1576.8132311652619,-133.14997194591183,k30_ha75_nomov_carry100
1754,2324,2024-02-10,Wolves,Brentford,1526.827024941674,1479.4088446183725,47.418180323301385,k30_ha75_nomov_carry100
1755,2324,2024-02-11,West Ham,Arsenal,1540.640527643642,1704.7609183887582,-164.1203907451163,k30_ha75_nomov_carry100
1756,2324,2024-02-11,Aston Villa,Man United,1639.5412861546295,1620.0014385926747,19.53984756195473,k30_ha75_nomov_carry100
1757,2324,2024-02-12,Crystal Palace,Chelsea,1466.822792439447,1512.2908872111236,-45.46809477167653,k30_ha75_nomov_carry100
1758,2324,2024-02-17,Fulham,Aston Villa,1484.8756198603537,1620.5575137457283,-135.68189388537462,k30_ha75_nomov_carry100
1759,2324,2024-02-17,Brentford,Liverpool,1499.485685945523,1735.4875967754253,-236.00191082990227,k30_ha75_nomov_carry100
1760,2324,2024-02-17,Nott'm Forest,West Ham,1431.1506129871927,1529.405940021448,-98.25532703425529,k30_ha75_nomov_carry100
1761,2324,2024-02-17,Burnley,Arsenal,1367.4393401112516,1715.995506010952,-348.55616589970055,k30_ha75_nomov_carry100
1762,2324,2024-02-17,Tottenham,Wolves,1632.705701082374,1506.7501836145234,125.95551746785054,k30_ha75_nomov_carry100
1763,2324,2024-02-17,Man City,Chelsea,1780.4965071499144,1528.5628203104593,251.93368683945505,k30_ha75_nomov_carry100
1764,2324,2024-02-17,Newcastle,Bournemouth,1589.3258773974192,1473.62186169599,115.70401570142917,k30_ha75_nomov_carry100
1765,2324,2024-02-18,Sheffield United,Brighton,1343.8147785047272,1560.4206297019605,-216.60585119723328,k30_ha75_nomov_carry100
1766,2324,2024-02-18,Luton,Man United,1448.6620339652968,1638.9852110015759,-190.32317703627905,k30_ha75_nomov_carry100
1767,2324,2024-02-19,Everton,Crystal Palace,1495.8825487495772,1450.5508593401114,45.33168940946575,k30_ha75_nomov_carry100
1768,2324,2024-02-20,Man City,Brentford,1769.4613500632788,1490.9784638092015,278.48288625407736,k30_ha75_nomov_carry100
1769,2324,2024-02-21,Liverpool,Luton,1743.994818911747,1438.4657991952508,305.5290197164961,k30_ha75_nomov_carry100
1770,2324,2024-02-24,Brighton,Everton,1569.624461796219,1490.8856309532528,78.73883084296631,k30_ha75_nomov_carry100
1771,2324,2024-02-24,Crystal Palace,Burnley,1455.5477771364358,1362.292985748548,93.25479138788774,k30_ha75_nomov_carry100
1772,2324,2024-02-24,Aston Villa,Nott'm Forest,1632.9639841051944,1447.1531294553881,185.8108546498063,k30_ha75_nomov_carry100
1773,2324,2024-02-24,Bournemouth,Man City,1481.1171822456706,1772.9292348384797,-291.8120525928091,k30_ha75_nomov_carry100
1774,2324,2024-02-24,Arsenal,Newcastle,1721.1418603736556,1581.8305568477385,139.31130352591708,k30_ha75_nomov_carry100
1775,2324,2024-02-24,Man United,Fulham,1649.1814457716218,1472.4691495008876,176.7122962707342,k30_ha75_nomov_carry100
1776,2324,2024-02-25,Wolves,Sheffield United,1529.5726682642744,1334.6109464104686,194.96172185380578,k30_ha75_nomov_carry100
1777,2324,2024-02-26,West Ham,Brentford,1513.4034235532527,1487.5105790340006,25.892844519252094,k30_ha75_nomov_carry100
1778,2324,2024-03-02,Brentford,Chelsea,1476.7480256859742,1539.5979773970948,-62.84995171112064,k30_ha75_nomov_carry100
1779,2324,2024-03-02,Everton,West Ham,1497.1212985361954,1524.165976901279,-27.044678365083655,k30_ha75_nomov_carry100
1780,2324,2024-03-02,Fulham,Brighton,1496.764356793756,1563.3887942132765,-66.62443741952052,k30_ha75_nomov_carry100
1781,2324,2024-03-02,Newcastle,Wolves,1575.0643911518112,1534.8078408266028,40.25655032520831,k30_ha75_nomov_carry100
1782,2324,2024-03-02,Nott'm Forest,Liverpool,1441.686392485508,1747.0130211290204,-305.32662864351255,k30_ha75_nomov_carry100
1783,2324,2024-03-02,Tottenham,Crystal Palace,1609.883216432623,1463.8028509280905,146.08036550453244,k30_ha75_nomov_carry100
1784,2324,2024-03-02,Luton,Aston Villa,1435.4475969779774,1638.4307210750746,-202.9831240970973,k30_ha75_nomov_carry100
1785,2324,2024-03-03,Burnley,Bournemouth,1354.0379119568934,1474.4261525529257,-120.38824059603235,k30_ha75_nomov_carry100
1786,2324,2024-03-03,Man City,Man United,1779.6202645312246,1624.8862384787535,154.7340260524711,k30_ha75_nomov_carry100
1787,2324,2024-03-04,Sheffield United,Arsenal,1329.3757738481402,1727.908026069583,-398.53225222144283,k30_ha75_nomov_carry100
1788,2324,2024-03-09,Man United,Everton,1618.5739362070235,1480.06394937965,138.5099868273735,k30_ha75_nomov_carry100
1789,2324,2024-03-09,Arsenal,Brentford,1731.9407280755463,1476.223679666273,255.71704840927327,k30_ha75_nomov_carry100
1790,2324,2024-03-09,Bournemouth,Sheffield United,1487.47765660212,1325.3430718421769,162.1345847599432,k30_ha75_nomov_carry100
1791,2324,2024-03-09,Wolves,Fulham,1524.6090244082368,1511.4028247204658,13.206199687771004,k30_ha75_nomov_carry100
1792,2324,2024-03-09,Crystal Palace,Luton,1457.2386855882514,1425.7360090456475,31.502676542603922,k30_ha75_nomov_carry100
1793,2324,2024-03-10,Brighton,Nott'm Forest,1548.7503262865666,1435.3910757550234,113.35925053154324,k30_ha75_nomov_carry100
1794,2324,2024-03-10,Aston Villa,Tottenham,1648.1423090074045,1616.447381772462,31.694927234942497,k30_ha75_nomov_carry100
1795,2324,2024-03-10,Liverpool,Man City,1753.308337859505,1785.9325668029546,-32.62422894344968,k30_ha75_nomov_carry100
1796,2324,2024-03-10,West Ham,Burnley,1541.2233260578244,1340.986407907699,200.23691815012535,k30_ha75_nomov_carry100
1797,2324,2024-03-11,Chelsea,Newcastle,1540.122323416796,1585.2632075701772,-45.140884153381194,k30_ha75_nomov_carry100
1798,2324,2024-03-13,Bournemouth,Luton,1478.5802486140758,1430.1952922133164,48.38495640075939,k30_ha75_nomov_carry100
1799,2324,2024-03-16,Burnley,Brentford,1350.8811729305335,1472.3331756554703,-121.45200272493685,k30_ha75_nomov_carry100
1800,2324,2024-03-16,Luton,Nott'm Forest,1420.3090564332458,1427.8101851480326,-7.501128714786773,k30_ha75_nomov_carry100
1801,2324,2024-03-16,Fulham,Tottenham,1500.131231058564,1635.9142302698292,-135.78299921126518,k30_ha75_nomov_carry100
1802,2324,2024-03-17,West Ham,Aston Villa,1531.32856103499,1628.6754605100373,-97.3468994750474,k30_ha75_nomov_carry100
1803,2324,2024-03-30,Nott'm Forest,Crystal Palace,1430.6882271470752,1452.7794024205825,-22.09117527350736,k30_ha75_nomov_carry100
1804,2324,2024-03-30,Newcastle,West Ham,1571.5491647875554,1532.2920259868954,39.25713880065996,k30_ha75_nomov_carry100
1805,2324,2024-03-30,Bournemouth,Everton,1488.4664843941464,1473.2735816670652,15.192902727081218,k30_ha75_nomov_carry100
1806,2324,2024-03-30,Chelsea,Burnley,1553.8363661994179,1367.8748021350782,185.96156406433965,k30_ha75_nomov_carry100
1807,2324,2024-03-30,Tottenham,Luton,1618.316466268773,1417.4310144342032,200.88545183456972,k30_ha75_nomov_carry100
1808,2324,2024-03-30,Aston Villa,Wolves,1627.7119955581318,1535.8806180701386,91.83137748799322,k30_ha75_nomov_carry100
1809,2324,2024-03-30,Brentford,Man United,1455.3395464509256,1625.3643039196083,-170.02475746868276,k30_ha75_nomov_carry100
1810,2324,2024-03-30,Sheffield United,Fulham,1334.2404798302211,1517.7289950596203,-183.48851522939913,k30_ha75_nomov_carry100
1811,2324,2024-03-31,Liverpool,Brighton,1751.4878470349618,1556.3312168935574,195.15663014140432,k30_ha75_nomov_carry100
1812,2324,2024-03-31,Man City,Arsenal,1787.7530576274978,1735.831232086349,51.92182554114879,k30_ha75_nomov_carry100
1813,2324,2024-04-02,Newcastle,Everton,1581.7867443119276,1462.0823465360245,119.70439777590309,k30_ha75_nomov_carry100
1814,2324,2024-04-02,Bournemouth,Crystal Palace,1499.657719525187,1455.0461646840167,44.611554841170346,k30_ha75_nomov_carry100
1815,2324,2024-04-02,West Ham,Tottenham,1522.0544464625232,1623.405904929836,-101.3514584673128,k30_ha75_nomov_carry100
1816,2324,2024-04-02,Burnley,Wolves,1377.4119425470997,1527.576426025103,-150.16448347800338,k30_ha75_nomov_carry100
1817,2324,2024-04-02,Nott'm Forest,Fulham,1428.421464883641,1513.1916869691447,-84.77022208550375,k30_ha75_nomov_carry100
1818,2324,2024-04-03,Arsenal,Luton,1741.0794764567818,1412.3415757731402,328.73790068364156,k30_ha75_nomov_carry100
1819,2324,2024-04-03,Brentford,Brighton,1459.342770206979,1551.1008913247126,-91.75812111773371,k30_ha75_nomov_carry100
1820,2324,2024-04-03,Man City,Aston Villa,1782.504813257065,1636.0161876031673,146.48862565389777,k30_ha75_nomov_carry100
1821,2324,2024-04-04,Liverpool,Sheffield United,1756.7181726038066,1338.7777879206967,417.94038468310987,k30_ha75_nomov_carry100
1822,2324,2024-04-04,Chelsea,Man United,1544.2992257873964,1621.361080163555,-77.06185437615864,k30_ha75_nomov_carry100
1823,2324,2024-04-06,Luton,Bournemouth,1409.6671836739229,1509.6884612306205,-100.02127755669767,k30_ha75_nomov_carry100
1824,2324,2024-04-06,Wolves,West Ham,1524.381011569209,1523.1899538557605,1.191057713448572,k30_ha75_nomov_carry100
1825,2324,2024-04-06,Crystal Palace,Man City,1445.0154229785833,1789.0569353313244,-344.04151235274117,k30_ha75_nomov_carry100
1826,2324,2024-04-06,Aston Villa,Brentford,1629.464065528908,1460.0657158984325,169.39834963047542,k30_ha75_nomov_carry100
1827,2324,2024-04-06,Everton,Burnley,1469.7065067689116,1380.6073570029937,89.0991497659179,k30_ha75_nomov_carry100
1828,2324,2024-04-06,Fulham,Newcastle,1497.7699837277,1574.1625840790405,-76.39260035134043,k30_ha75_nomov_carry100
1829,2324,2024-04-06,Brighton,Arsenal,1550.377945633259,1743.7538685559991,-193.37592292274007,k30_ha75_nomov_carry100
1830,2324,2024-04-07,Man United,Liverpool,1606.2720637994805,1758.3779588440768,-152.1058950445963,k30_ha75_nomov_carry100
1831,2324,2024-04-07,Sheffield United,Chelsea,1337.1180016804265,1559.3882421514709,-222.27024047104442,k30_ha75_nomov_carry100
1832,2324,2024-04-07,Tottenham,Nott'm Forest,1622.2703975365987,1443.8431681250856,178.42722941151305,k30_ha75_nomov_carry100
1833,2324,2024-04-13,Brentford,Sheffield United,1469.1638695893646,1343.1208854964168,126.04298409294779,k30_ha75_nomov_carry100
1834,2324,2024-04-13,Burnley,Brighton,1372.20837926579,1540.2996563177592,-168.0912770519692,k30_ha75_nomov_carry100
1835,2324,2024-04-13,Newcastle,Tottenham,1589.1024610108386,1627.9297215753022,-38.827260564463586,k30_ha75_nomov_carry100
1836,2324,2024-04-13,Nott'm Forest,Wolves,1438.1838440863821,1506.1433143890333,-67.9594703026512,k30_ha75_nomov_carry100
1837,2324,2024-04-13,Bournemouth,Man United,1493.6100695402629,1609.5473960657498,-115.93732652548692,k30_ha75_nomov_carry100
1838,2324,2024-04-13,Man City,Luton,1794.3150395750672,1425.7455753642805,368.5694642107867,k30_ha75_nomov_carry100
1839,2324,2024-04-14,Liverpool,Crystal Palace,1755.1026265778075,1439.7573187348405,315.34530784296703,k30_ha75_nomov_carry100
1840,2324,2024-04-14,West Ham,Fulham,1541.4276510359362,1482.8301067959019,58.59754424003427,k30_ha75_nomov_carry100
1841,2324,2024-04-14,Arsenal,Aston Villa,1753.832157871499,1620.3659118379758,133.46624603352325,k30_ha75_nomov_carry100
1842,2324,2024-04-15,Chelsea,Everton,1553.3853583354805,1478.1054845061153,75.27987382936521,k30_ha75_nomov_carry100
1843,2324,2024-04-20,Luton,Brentford,1423.579605394926,1476.3386360528934,-52.759030657967514,k30_ha75_nomov_carry100
1844,2324,2024-04-20,Sheffield United,Burnley,1335.946119032888,1376.1339590232242,-40.187839990336215,k30_ha75_nomov_carry100
1845,2324,2024-04-20,Wolves,Arsenal,1506.4472368903296,1730.7762639955963,-224.32902710526673,k30_ha75_nomov_carry100
1846,2324,2024-04-21,Everton,Nott'm Forest,1469.2171151335194,1437.8799215850859,31.33719354843356,k30_ha75_nomov_carry100
1847,2324,2024-04-21,Aston Villa,Bournemouth,1643.4218057138785,1495.3693420657833,148.05246364809523,k30_ha75_nomov_carry100
1848,2324,2024-04-21,Crystal Palace,West Ham,1466.8890834591627,1520.9281950652319,-54.03911160606913,k30_ha75_nomov_carry100
1849,2324,2024-04-21,Fulham,Liverpool,1503.3295627666062,1727.9708618534853,-224.64129908687914,k30_ha75_nomov_carry100
1850,2324,2024-04-23,Arsenal,Chelsea,1739.6989079593961,1562.2737277080764,177.42518025131972,k30_ha75_nomov_carry100
1851,2324,2024-04-24,Wolves,Bournemouth,1497.5245929265297,1488.8632042586387,8.66138866789106,k30_ha75_nomov_carry100
1852,2324,2024-04-24,Crystal Palace,Newcastle,1480.9852255002675,1602.546376709374,-121.56115120910658,k30_ha75_nomov_carry100
1853,2324,2024-04-24,Everton,Liverpool,1479.7643459434896,1736.882241135698,-257.1178951922084,k30_ha75_nomov_carry100
1854,2324,2024-04-24,Man United,Sheffield United,1607.7881235402294,1319.448166829553,288.33995671067646,k30_ha75_nomov_carry100
1855,2324,2024-04-25,Brighton,Man City,1536.374076560325,1796.4810095444218,-260.10693298409683,k30_ha75_nomov_carry100
1856,2324,2024-04-27,Newcastle,Sheffield United,1585.5481186210916,1316.1505503991848,269.3975682219068,k30_ha75_nomov_carry100
1857,2324,2024-04-27,West Ham,Liverpool,1506.8320530241272,1714.668475179052,-207.83642215492478,k30_ha75_nomov_carry100
1858,2324,2024-04-27,Fulham,Crystal Palace,1494.4181834843935,1497.98348358855,-3.5653001041564494,k30_ha75_nomov_carry100
1859,2324,2024-04-27,Wolves,Luton,1478.98086917328,1407.620695035549,71.36017413773106,k30_ha75_nomov_carry100
1860,2324,2024-04-27,Everton,Brentford,1501.9781119001357,1492.2975464122703,9.680565487865351,k30_ha75_nomov_carry100
1861,2324,2024-04-27,Aston Villa,Chelsea,1649.927943521023,1556.5878698268853,93.3400736941378,k30_ha75_nomov_carry100
1862,2324,2024-04-27,Man United,Burnley,1611.0857399705976,1392.6319112265592,218.45382874403845,k30_ha75_nomov_carry100
1863,2324,2024-04-28,Bournemouth,Brighton,1507.4069280118883,1528.6866322199032,-21.27970420801489,k30_ha75_nomov_carry100
1864,2324,2024-04-28,Tottenham,Arsenal,1614.4858058767668,1745.3847658405873,-130.89895996382052,k30_ha75_nomov_carry100
1865,2324,2024-04-28,Nott'm Forest,Man City,1427.3326907751157,1804.1684538848435,-376.83576310972785,k30_ha75_nomov_carry100
1866,2324,2024-05-02,Chelsea,Tottenham,1563.3357331731188,1601.8785476349433,-38.54281446182449,k30_ha75_nomov_carry100
1867,2324,2024-05-03,Luton,Everton,1398.5905461383745,1513.3928714978758,-114.80232535950131,k30_ha75_nomov_carry100
1868,2324,2024-05-04,Sheffield United,Nott'm Forest,1312.5190102983206,1422.8437921225147,-110.32478182419413,k30_ha75_nomov_carry100
1869,2324,2024-05-04,Brentford,Fulham,1480.8827868145302,1491.376835583524,-10.494048768993935,k30_ha75_nomov_carry100
1870,2324,2024-05-04,Arsenal,Bournemouth,1757.9920240824108,1520.1059439214168,237.88608016099397,k30_ha75_nomov_carry100
1871,2324,2024-05-04,Burnley,Newcastle,1402.9557000878879,1589.1796587219558,-186.2239586340679,k30_ha75_nomov_carry100
1872,2324,2024-05-04,Man City,Wolves,1808.6573525374445,1488.0110180704546,320.64633446698986,k30_ha75_nomov_carry100
1873,2324,2024-05-05,Brighton,Aston Villa,1515.9876163103747,1643.1800801747895,-127.19246386441478,k30_ha75_nomov_carry100
1874,2324,2024-05-05,Chelsea,West Ham,1576.7675015408327,1512.303042903722,64.46445863711074,k30_ha75_nomov_carry100
1875,2324,2024-05-05,Liverpool,Tottenham,1709.1974852994572,1588.4467792672294,120.75070603222775,k30_ha75_nomov_carry100
1876,2324,2024-05-06,Crystal Palace,Man United,1501.0248314894193,1600.761951109269,-99.73711961984964,k30_ha75_nomov_carry100
1877,2324,2024-05-11,Bournemouth,Brentford,1515.8544897117424,1478.1294056222982,37.72508408944418,k30_ha75_nomov_carry100
1878,2324,2024-05-11,Everton,Sheffield United,1511.6819452057991,1299.0388702078371,212.643074997962,k30_ha75_nomov_carry100
1879,2324,2024-05-11,Newcastle,Brighton,1599.5353150136507,1533.2241476948784,66.31116731877228,k30_ha75_nomov_carry100
1880,2324,2024-05-11,Fulham,Man City,1494.130216775756,1811.4474020789316,-317.3171853031756,k30_ha75_nomov_carry100
1881,2324,2024-05-11,Wolves,Crystal Palace,1485.2209685289674,1517.091017789004,-31.870049260036467,k30_ha75_nomov_carry100
1882,2324,2024-05-11,Nott'm Forest,Chelsea,1436.3239322129982,1586.050167492664,-149.72623527966584,k30_ha75_nomov_carry100
1883,2324,2024-05-11,West Ham,Luton,1503.0203769518905,1400.3014724304512,102.7189045214393,k30_ha75_nomov_carry100
1884,2324,2024-05-11,Tottenham,Burnley,1581.1043907589199,1392.600043796193,188.5043469627269,k30_ha75_nomov_carry100
1885,2324,2024-05-12,Man United,Arsenal,1584.6957648096843,1762.2434782920852,-177.54771348240092,k30_ha75_nomov_carry100
1886,2324,2024-05-13,Aston Villa,Liverpool,1625.9435487902858,1716.5398738077668,-90.59632501748092,k30_ha75_nomov_carry100
1887,2324,2024-05-14,Tottenham,Man City,1586.5021529273567,1817.4062501181343,-230.90409719077752,k30_ha75_nomov_carry100
1888,2324,2024-05-15,Brighton,Chelsea,1539.009489175466,1597.8728199418201,-58.86333076635424,k30_ha75_nomov_carry100
1889,2324,2024-05-15,Man United,Newcastle,1573.99886732915,1593.7499735330632,-19.751106203913196,k30_ha75_nomov_carry100
1890,2324,2024-05-19,Arsenal,Everton,1772.9403757726195,1516.4917164719957,256.44865930062383,k30_ha75_nomov_carry100
1891,2324,2024-05-19,Brentford,Newcastle,1497.8322664979466,1581.1153556853772,-83.2830891874305,k30_ha75_nomov_carry100
1892,2324,2024-05-19,Brighton,Man United,1523.3133136741387,1586.633485176836,-63.32017150269735,k30_ha75_nomov_carry100
1893,2324,2024-05-19,Burnley,Nott'm Forest,1387.202281627756,1424.5012797638421,-37.298998136086084,k30_ha75_nomov_carry100
1894,2324,2024-05-19,Chelsea,Bournemouth,1613.5689954431473,1496.151628836094,117.41736660705328,k30_ha75_nomov_carry100
1895,2324,2024-05-19,Crystal Palace,Aston Villa,1533.9435810601785,1626.616444345672,-92.67286328549358,k30_ha75_nomov_carry100
1896,2324,2024-05-19,Liverpool,Wolves,1715.8669782523805,1468.3684052577928,247.49857299458768,k30_ha75_nomov_carry100
1897,2324,2024-05-19,Luton,Fulham,1392.3683571554463,1488.1713687365534,-95.80301158110706,k30_ha75_nomov_carry100
1898,2324,2024-05-19,Man City,West Ham,1826.093456462251,1510.9534922268954,315.1399642353556,k30_ha75_nomov_carry100
1899,2324,2024-05-19,Sheffield United,Tottenham,1294.2290989416406,1577.81494658324,-283.58584764159946,k30_ha75_nomov_carry100
1900,2425,2024-08-16,Man United,Fulham,1602.137554036139,1502.274302304327,99.86325173181194,k30_ha75_nomov_carry100
1901,2425,2024-08-17,Ipswich,Liverpool,1500.0,1719.9204957940133,-219.92049579401328,k30_ha75_nomov_carry100
1902,2425,2024-08-17,Arsenal,Wolves,1776.8166420280027,1464.31488771616,312.50175431184266,k30_ha75_nomov_carry100
1903,2425,2024-08-17,Everton,Brighton,1512.6154502166125,1507.809244814836,4.806205401776651,k30_ha75_nomov_carry100
1904,2425,2024-08-17,Newcastle,Southampton,1595.75781371566,1347.8515328009191,247.90628091474082,k30_ha75_nomov_carry100
1905,2425,2024-08-17,Nott'm Forest,Bournemouth,1441.1226042014518,1488.7023140566298,-47.57970985517795,k30_ha75_nomov_carry100
1906,2425,2024-08-17,West Ham,Aston Villa,1508.0821892289205,1610.854102887309,-102.77191365838848,k30_ha75_nomov_carry100
1907,2425,2024-08-18,Brentford,Crystal Palace,1483.1898084676639,1549.7059225185417,-66.51611405087783,k30_ha75_nomov_carry100
1908,2425,2024-08-18,Chelsea,Man City,1621.0183102226115,1828.9647594602259,-207.9464492376144,k30_ha75_nomov_carry100
1909,2425,2024-08-19,Leicester,Tottenham,1438.3942652690598,1584.7553791275725,-146.36111385851268,k30_ha75_nomov_carry100
1910,2425,2024-08-24,Tottenham,Everton,1581.7170777164158,1494.2292850212082,87.48779269520765,k30_ha75_nomov_carry100
1911,2425,2024-08-24,Aston Villa,Arsenal,1624.6576401512082,1779.7276201302504,-155.06997997904227,k30_ha75_nomov_carry100
1912,2425,2024-08-24,Brighton,Man United,1526.1954100102403,1610.1669634373654,-83.97155342712517,k30_ha75_nomov_carry100
1913,2425,2024-08-24,Crystal Palace,West Ham,1535.072128535564,1494.2786519650213,40.79347657054268,k30_ha75_nomov_carry100
1914,2425,2024-08-24,Fulham,Leicester,1494.2448929031004,1441.4325666802165,52.81232622288394,k30_ha75_nomov_carry100
1915,2425,2024-08-24,Man City,Ipswich,1838.489651730867,1490.9174543351762,347.57219739569086,k30_ha75_nomov_carry100
1916,2425,2024-08-24,Southampton,Nott'm Forest,1343.8062362126184,1439.9412269001427,-96.13499068752435,k30_ha75_nomov_carry100
1917,2425,2024-08-25,Liverpool,Brentford,1729.003041458837,1497.8236024506416,231.17943900819546,k30_ha75_nomov_carry100
1918,2425,2024-08-25,Bournemouth,Newcastle,1489.883691357939,1599.8031103039607,-109.91941894602178,k30_ha75_nomov_carry100
1919,2425,2024-08-25,Wolves,Chelsea,1461.4039096139122,1611.4934179519703,-150.08950833805807,k30_ha75_nomov_carry100
1920,2425,2024-08-31,Arsenal,Brighton,1791.3306490665136,1541.5826570408897,249.74799202562394,k30_ha75_nomov_carry100
1921,2425,2024-08-31,Brentford,Southampton,1493.4293166794341,1329.7175832527391,163.711733426695,k30_ha75_nomov_carry100
1922,2425,2024-08-31,Everton,Bournemouth,1485.774097601062,1491.3862279792634,-5.6121303782013,k30_ha75_nomov_carry100
1923,2425,2024-08-31,Ipswich,Fulham,1488.4956689527294,1503.9629393173757,-15.46727036464631,k30_ha75_nomov_carry100
1924,2425,2024-08-31,Leicester,Aston Villa,1431.7145202659412,1613.054611214945,-181.34009094900375,k30_ha75_nomov_carry100
1925,2425,2024-08-31,Nott'm Forest,Wolves,1454.029879860022,1449.5962338855022,4.433645974519777,k30_ha75_nomov_carry100
1926,2425,2024-08-31,West Ham,Man City,1514.1006313108614,1840.911437113314,-326.8108058024525,k30_ha75_nomov_carry100
1927,2425,2024-09-01,Chelsea,Crystal Palace,1623.3010936803803,1515.2501491897237,108.05094449065655,k30_ha75_nomov_carry100
1928,2425,2024-09-01,Newcastle,Tottenham,1598.3005736826362,1590.172265136562,8.128308546074322,k30_ha75_nomov_carry100
1929,2425,2024-09-01,Man United,Liverpool,1594.779716406716,1733.3973272300445,-138.6176108233285,k30_ha75_nomov_carry100
1930,2425,2024-09-14,Bournemouth,Chelsea,1509.3427396175896,1616.0564014854133,-106.7136618678237,k30_ha75_nomov_carry100
1931,2425,2024-09-14,Southampton,Man United,1323.6590063140097,1582.4960197895693,-258.8370134755596,k30_ha75_nomov_carry100
1932,2425,2024-09-14,Crystal Palace,Leicester,1522.4948413846907,1421.1674035234369,101.32743786125388,k30_ha75_nomov_carry100
1933,2425,2024-09-14,Man City,Brentford,1846.6136104503564,1499.4878936181635,347.1257168321929,k30_ha75_nomov_carry100
1934,2425,2024-09-14,Liverpool,Nott'm Forest,1745.6810238471912,1450.658983354603,295.0220404925883,k30_ha75_nomov_carry100
1935,2425,2024-09-14,Aston Villa,Everton,1623.6017279574494,1467.8175859627358,155.78414199471354,k30_ha75_nomov_carry100
1936,2425,2024-09-14,Fulham,West Ham,1506.508311381634,1508.398457973819,-1.8901465921849194,k30_ha75_nomov_carry100
1937,2425,2024-09-14,Brighton,Ipswich,1552.57432116216,1485.950296888471,66.62402427368897,k30_ha75_nomov_carry100
1938,2425,2024-09-15,Tottenham,Arsenal,1578.6942506453258,1780.3389849452433,-201.64473429991745,k30_ha75_nomov_carry100
1939,2425,2024-09-15,Wolves,Newcastle,1452.9671303909213,1609.7785881738723,-156.81145778295104,k30_ha75_nomov_carry100
1940,2425,2024-09-21,Fulham,Newcastle,1503.397682735192,1621.3103689335346,-117.91268619834273,k30_ha75_nomov_carry100
1941,2425,2024-09-21,Aston Villa,Wolves,1629.8839541360255,1441.435349631259,188.44860450476654,k30_ha75_nomov_carry100
1942,2425,2024-09-21,Leicester,Everton,1428.1874597824594,1461.5353597841597,-33.34790000170028,k30_ha75_nomov_carry100
1943,2425,2024-09-21,West Ham,Chelsea,1511.509086620261,1629.6910026591738,-118.18191603891273,k30_ha75_nomov_carry100
1944,2425,2024-09-21,Southampton,Ipswich,1315.9296908558313,1491.7471322248225,-175.81744136899124,k30_ha75_nomov_carry100
1945,2425,2024-09-21,Crystal Palace,Man United,1515.4747851256682,1590.2253352477478,-74.75055012207963,k30_ha75_nomov_carry100
1946,2425,2024-09-21,Tottenham,Brentford,1568.9319935834887,1497.0603801856164,71.87161339787235,k30_ha75_nomov_carry100
1947,2425,2024-09-21,Liverpool,Bournemouth,1718.8674220880305,1495.708138443829,223.15928364420142,k30_ha75_nomov_carry100
1948,2425,2024-09-22,Brighton,Nott'm Forest,1546.7774858258085,1477.4725851137637,69.30490071204486,k30_ha75_nomov_carry100
1949,2425,2024-09-22,Man City,Arsenal,1849.0411238829035,1790.1012420070804,58.939881875823176,k30_ha75_nomov_carry100
1950,2425,2024-09-28,Newcastle,Man City,1604.467043362019,1843.5288793152874,-239.06183595326843,k30_ha75_nomov_carry100
1951,2425,2024-09-28,Arsenal,Leicester,1795.6134865746965,1426.3977598818017,369.2157266928948,k30_ha75_nomov_carry100
1952,2425,2024-09-28,Brentford,West Ham,1488.048803520021,1498.3638591518095,-10.315055631788482,k30_ha75_nomov_carry100
1953,2425,2024-09-28,Chelsea,Brighton,1642.8362301276254,1540.882488360283,101.95374176734231,k30_ha75_nomov_carry100
1954,2425,2024-09-28,Everton,Crystal Palace,1463.3250596848175,1515.4640155105747,-52.13895582575719,k30_ha75_nomov_carry100
1955,2425,2024-09-28,Nott'm Forest,Fulham,1483.367582579289,1520.2410083067075,-36.87342572741841,k30_ha75_nomov_carry100
1956,2425,2024-09-28,Wolves,Liverpool,1436.0361669226554,1723.4377070930407,-287.40154017038526,k30_ha75_nomov_carry100
1957,2425,2024-09-29,Ipswich,Aston Villa,1487.5126813761797,1635.283136844629,-147.77045546844943,k30_ha75_nomov_carry100
1958,2425,2024-09-29,Man United,Tottenham,1590.2361048628413,1577.9435702490841,12.292534613757198,k30_ha75_nomov_carry100
1959,2425,2024-09-30,Bournemouth,Southampton,1491.1378534388189,1320.164141704474,170.97371173434476,k30_ha75_nomov_carry100
1960,2425,2024-10-05,Arsenal,Southampton,1797.771992386817,1314.3051690758348,483.46682331098214,k30_ha75_nomov_carry100
1961,2425,2024-10-05,Leicester,Bournemouth,1424.2392540696812,1496.9968260674582,-72.75757199777695,k30_ha75_nomov_carry100
1962,2425,2024-10-05,Brentford,Wolves,1485.2879556571502,1429.212220167548,56.075735489602266,k30_ha75_nomov_carry100
1963,2425,2024-10-05,West Ham,Ipswich,1501.1247070146803,1490.6092843431222,10.515422671558099,k30_ha75_nomov_carry100
1964,2425,2024-10-05,Man City,Fulham,1836.9291561008797,1536.88048911088,300.0486669899997,k30_ha75_nomov_carry100
1965,2425,2024-10-05,Everton,Newcastle,1477.3394910171262,1611.0667665764267,-133.72727555930055,k30_ha75_nomov_carry100
1966,2425,2024-10-05,Crystal Palace,Liverpool,1501.449584178266,1730.2616538481482,-228.81206966988225,k30_ha75_nomov_carry100
1967,2425,2024-10-06,Aston Villa,Man United,1632.1865338776865,1571.5447316685204,60.641802209166144,k30_ha75_nomov_carry100
1968,2425,2024-10-06,Chelsea,Nott'm Forest,1650.7950744197803,1466.7281017751166,184.0669726446638,k30_ha75_nomov_carry100
1969,2425,2024-10-06,Brighton,Tottenham,1532.9236440681282,1596.634943443405,-63.711299375276894,k30_ha75_nomov_carry100
1970,2425,2024-10-19,Ipswich,Everton,1479.2284897274442,1479.8510769341522,-0.6225872067079763,k30_ha75_nomov_carry100
1971,2425,2024-10-19,Tottenham,West Ham,1582.1221443932652,1512.5055016303584,69.61664276290685,k30_ha75_nomov_carry100
1972,2425,2024-10-19,Fulham,Aston Villa,1533.7755642516086,1626.6108489281562,-92.83528467654764,k30_ha75_nomov_carry100
1973,2425,2024-10-19,Man United,Brentford,1577.1204166180507,1494.882989938779,82.23742667927172,k30_ha75_nomov_carry100
1974,2425,2024-10-19,Southampton,Leicester,1313.1467851225907,1439.1424420147907,-125.99565689220003,k30_ha75_nomov_carry100
1975,2425,2024-10-19,Bournemouth,Arsenal,1482.0936381223487,1798.930376340061,-316.8367382177123,k30_ha75_nomov_carry100
1976,2425,2024-10-19,Newcastle,Brighton,1608.5551806594008,1547.436443118268,61.11873754113276,k30_ha75_nomov_carry100
1977,2425,2024-10-20,Wolves,Man City,1419.617185885919,1840.0340809601512,-420.4168950742321,k30_ha75_nomov_carry100
1978,2425,2024-10-20,Liverpool,Chelsea,1739.0233709591505,1641.3068327896087,97.71653816954176,k30_ha75_nomov_carry100
1979,2425,2024-10-21,Nott'm Forest,Crystal Palace,1476.2163434052882,1492.6878670672636,-16.471523661975425,k30_ha75_nomov_carry100
1980,2425,2024-10-25,Leicester,Nott'm Forest,1451.9564579974033,1488.7131005115182,-36.7566425141149,k30_ha75_nomov_carry100
1981,2425,2024-10-26,Brighton,Wolves,1568.0298649065257,1416.0043335629553,152.0255313435705,k30_ha75_nomov_carry100
1982,2425,2024-10-26,Brentford,Ipswich,1486.2430757886339,1461.0655293863294,25.177546402304415,k30_ha75_nomov_carry100
1983,2425,2024-10-26,Everton,Fulham,1498.014037275267,1519.5448997259948,-21.53086245072791,k30_ha75_nomov_carry100
1984,2425,2024-10-26,Man City,Southampton,1843.646933283115,1300.3327691399782,543.3141641431368,k30_ha75_nomov_carry100
1985,2425,2024-10-26,Aston Villa,Bournemouth,1640.84151345377,1506.1215722749196,134.71994117885038,k30_ha75_nomov_carry100
1986,2425,2024-10-27,Chelsea,Newcastle,1633.2045486319998,1587.961758871143,45.242789760856795,k30_ha75_nomov_carry100
1987,2425,2024-10-27,Crystal Palace,Tottenham,1480.1911099610336,1591.215770681288,-111.02466072025436,k30_ha75_nomov_carry100
1988,2425,2024-10-27,West Ham,Man United,1503.4118753423356,1585.760330768196,-82.34845542586027,k30_ha75_nomov_carry100
1989,2425,2024-10-27,Arsenal,Liverpool,1774.9024421874901,1747.1256551167594,27.776787070730734,k30_ha75_nomov_carry100
1990,2425,2024-11-02,Newcastle,Arsenal,1577.9552642009655,1770.5902653872447,-192.63500118627917,k30_ha75_nomov_carry100
1991,2425,2024-11-02,Bournemouth,Man City,1514.2159060285496,1844.4770688108263,-330.26116278227664,k30_ha75_nomov_carry100
1992,2425,2024-11-02,Ipswich,Leicester,1450.2745421458746,1435.3119956718529,14.962546474021792,k30_ha75_nomov_carry100
1993,2425,2024-11-02,Liverpool,Brighton,1751.4378319170048,1559.4202273601022,192.0176045569026,k30_ha75_nomov_carry100
1994,2425,2024-11-02,Nott'm Forest,West Ham,1505.3575628370686,1518.7290863662238,-13.371523529155183,k30_ha75_nomov_carry100
1995,2425,2024-11-02,Southampton,Everton,1299.502633612267,1495.723642572244,-196.2210089599771,k30_ha75_nomov_carry100
1996,2425,2024-11-02,Wolves,Crystal Palace,1424.6139711093788,1496.740869711976,-72.1268986025973,k30_ha75_nomov_carry100
1997,2425,2024-11-03,Tottenham,Aston Villa,1574.6660109303455,1632.74717970014,-58.08116876979443,k30_ha75_nomov_carry100
1998,2425,2024-11-03,Man United,Chelsea,1570.4431197443078,1643.2110433021774,-72.76792355786961,k30_ha75_nomov_carry100
1999,2425,2024-11-04,Fulham,Brentford,1521.8352944290177,1497.0340630290887,24.801231399929065,k30_ha75_nomov_carry100
2000,2425,2024-11-09,Crystal Palace,Fulham,1496.8649086429766,1532.6412538150857,-35.77634517210913,k30_ha75_nomov_carry100
2001,2425,2024-11-09,West Ham,Everton,1506.3622427666996,1475.6926197746309,30.669622992068753,k30_ha75_nomov_carry100
2002,2425,2024-11-09,Brentford,Bournemouth,1486.2281036430206,1538.6048974363912,-52.37679379337055,k30_ha75_nomov_carry100
2003,2425,2024-11-09,Brighton,Man City,1554.1114090337542,1820.0880774029847,-265.97666836923054,k30_ha75_nomov_carry100
2004,2425,2024-11-09,Liverpool,Aston Villa,1756.7466502433529,1618.4770475329,138.26960271045277,k30_ha75_nomov_carry100
2005,2425,2024-11-09,Wolves,Southampton,1424.4899321783782,1319.53365640988,104.95627576849824,k30_ha75_nomov_carry100
2006,2425,2024-11-10,Man United,Leicester,1570.3467545836606,1439.1114549103304,131.23529967333025,k30_ha75_nomov_carry100
2007,2425,2024-11-10,Nott'm Forest,Newcastle,1517.7244064365927,1597.8484105871696,-80.12400415057687,k30_ha75_nomov_carry100
2008,2425,2024-11-10,Tottenham,Ipswich,1588.9361430975853,1446.475082907397,142.46106019018816,k30_ha75_nomov_carry100
2009,2425,2024-11-10,Chelsea,Arsenal,1643.3074084628245,1750.6971190010406,-107.38971053821615,k30_ha75_nomov_carry100
2010,2425,2024-11-23,Leicester,Chelsea,1432.0985760707485,1644.7017476520446,-212.603171581296,k30_ha75_nomov_carry100
2011,2425,2024-11-23,Arsenal,Nott'm Forest,1749.3027798118205,1502.9456114410573,246.35716837076325,k30_ha75_nomov_carry100
2012,2425,2024-11-23,Aston Villa,Crystal Palace,1611.6794076141668,1480.178645194834,131.5007624193329,k30_ha75_nomov_carry100
2013,2425,2024-11-23,Bournemouth,Brighton,1524.580241684476,1576.6155583120976,-52.03531662762157,k30_ha75_nomov_carry100
2014,2425,2024-11-23,Everton,Brentford,1480.119092416302,1500.2527593949358,-20.133666978633755,k30_ha75_nomov_carry100
2015,2425,2024-11-23,Fulham,Wolves,1549.3275172632284,1432.348120910889,116.97939635233934,k30_ha75_nomov_carry100
2016,2425,2024-11-23,Man City,Tottenham,1797.5839281246413,1565.6077706065118,231.9761575181294,k30_ha75_nomov_carry100
2017,2425,2024-11-24,Southampton,Liverpool,1311.6754676773692,1763.544290162086,-451.86882248471693,k30_ha75_nomov_carry100
2018,2425,2024-11-24,Ipswich,Man United,1469.8034553984705,1577.3596334232425,-107.55617802477195,k30_ha75_nomov_carry100
2019,2425,2024-11-25,Newcastle,West Ham,1612.627205582705,1501.9357701250285,110.69143545767656,k30_ha75_nomov_carry100
2020,2425,2024-11-29,Brighton,Southampton,1592.6055820395322,1308.5995872128278,284.0059948267044,k30_ha75_nomov_carry100
2021,2425,2024-11-30,Crystal Palace,Newcastle,1488.1739744470901,1590.2954280524982,-102.12145360540808,k30_ha75_nomov_carry100
2022,2425,2024-11-30,Wolves,Bournemouth,1454.8846797617825,1508.5902179570414,-53.705538195258896,k30_ha75_nomov_carry100
2023,2425,2024-11-30,Brentford,Leicester,1502.602032992552,1422.7470864320449,79.85494656050719,k30_ha75_nomov_carry100
2024,2425,2024-11-30,West Ham,Arsenal,1524.2675476552354,1753.3793874366272,-229.11183978139184,k30_ha75_nomov_carry100
2025,2425,2024-11-30,Nott'm Forest,Ipswich,1498.8690038162506,1471.2049191476437,27.664084668606847,k30_ha75_nomov_carry100
2026,2425,2024-12-01,Chelsea,Aston Villa,1654.0532372907483,1603.6840783619107,50.36915892883758,k30_ha75_nomov_carry100
2027,2425,2024-12-01,Man United,Everton,1575.9581696740693,1477.7698188186857,98.18835085538353,k30_ha75_nomov_carry100
2028,2425,2024-12-01,Tottenham,Fulham,1591.2306583902364,1526.790958412335,64.43969997790145,k30_ha75_nomov_carry100
2029,2425,2024-12-01,Liverpool,Man City,1766.6201706266274,1771.9610403409167,-5.340869714289283,k30_ha75_nomov_carry100
2030,2425,2024-12-03,Ipswich,Crystal Palace,1460.5126319026103,1489.3425291010458,-28.829897198435447,k30_ha75_nomov_carry100
2031,2425,2024-12-03,Leicester,West Ham,1414.022559905504,1515.5165303398737,-101.49397043436966,k30_ha75_nomov_carry100
2032,2425,2024-12-04,Arsenal,Man United,1762.1304047519889,1584.0444014691996,178.0860032827893,k30_ha75_nomov_carry100
2033,2425,2024-12-04,Southampton,Chelsea,1320.2280282831903,1663.8639124864894,-343.63588420329916,k30_ha75_nomov_carry100
2034,2425,2024-12-04,Everton,Wolves,1469.6835870235554,1438.9664734065002,30.717113617055247,k30_ha75_nomov_carry100
2035,2425,2024-12-04,Aston Villa,Brentford,1593.8734031661695,1511.3265595190928,82.54684364707668,k30_ha75_nomov_carry100
2036,2425,2024-12-04,Newcastle,Liverpool,1589.1268733985426,1778.652404425823,-189.52553102728052,k30_ha75_nomov_carry100
2037,2425,2024-12-04,Man City,Nott'm Forest,1759.928806541721,1509.561291061284,250.36751548043708,k30_ha75_nomov_carry100
2038,2425,2024-12-05,Fulham,Brighton,1532.507378810309,1580.9771409691698,-48.4697621588607,k30_ha75_nomov_carry100
2039,2425,2024-12-05,Bournemouth,Tottenham,1524.5084243123238,1585.5142379922622,-61.005813679938456,k30_ha75_nomov_carry100
2040,2425,2024-12-07,Brentford,Newcastle,1502.69759821321,1593.8997106953746,-91.20211248216447,k30_ha75_nomov_carry100
2041,2425,2024-12-07,Crystal Palace,Man City,1506.3242014107348,1763.9247737552885,-257.6005723445537,k30_ha75_nomov_carry100
2042,2425,2024-12-07,Aston Villa,Southampton,1602.5023644720522,1314.9597906689921,287.5425738030601,k30_ha75_nomov_carry100
2043,2425,2024-12-07,Man United,Nott'm Forest,1578.3760525914304,1505.5653238477166,72.81072874371375,k30_ha75_nomov_carry100
2044,2425,2024-12-08,Ipswich,Bournemouth,1443.5309595929214,1538.9045732410532,-95.37361364813182,k30_ha75_nomov_carry100
2045,2425,2024-12-08,Fulham,Arsenal,1546.3641974221662,1767.798753629758,-221.43455620759187,k30_ha75_nomov_carry100
2046,2425,2024-12-08,Tottenham,Chelsea,1571.1180890635328,1669.1321501006876,-98.01406103715476,k30_ha75_nomov_carry100
2047,2425,2024-12-08,Leicester,Brighton,1430.1641845860026,1567.1203223573127,-136.95613777131007,k30_ha75_nomov_carry100
2048,2425,2024-12-09,West Ham,Wolves,1499.3749056593751,1428.3948177585626,70.98008790081258,k30_ha75_nomov_carry100
2049,2425,2024-12-14,Arsenal,Everton,1761.826200087613,1480.255242671493,281.5709574161199,k30_ha75_nomov_carry100
2050,2425,2024-12-14,Liverpool,Fulham,1773.879567128991,1552.3367509643112,221.54281616467983,k30_ha75_nomov_carry100
2051,2425,2024-12-14,Newcastle,Leicester,1578.200715892636,1432.811049062361,145.38966683027502,k30_ha75_nomov_carry100
2052,2425,2024-12-14,Wolves,Ipswich,1419.3508524326699,1429.4095523747187,-10.058699942048861,k30_ha75_nomov_carry100
2053,2425,2024-12-14,Nott'm Forest,Aston Villa,1526.5877930587835,1605.8134776483619,-79.22568458957835,k30_ha75_nomov_carry100
2054,2425,2024-12-15,Man City,Man United,1756.6949993042617,1557.3535833803635,199.34141592389824,k30_ha75_nomov_carry100
2055,2425,2024-12-15,Brighton,Crystal Palace,1564.4734578809544,1513.5539758617615,50.919482019192856,k30_ha75_nomov_carry100
2056,2425,2024-12-15,Southampton,Tottenham,1311.6486774926825,1557.1102352896087,-245.46155779692617,k30_ha75_nomov_carry100
2057,2425,2024-12-15,Chelsea,Brentford,1683.1400038746117,1518.3965930159486,164.74341085866308,k30_ha75_nomov_carry100
2058,2425,2024-12-16,Bournemouth,West Ham,1553.0259804592558,1508.4188709852679,44.607109473987975,k30_ha75_nomov_carry100
2059,2425,2024-12-21,Aston Villa,Man City,1590.631049174656,1731.822110031032,-141.191060856376,k30_ha75_nomov_carry100
2060,2425,2024-12-21,Brentford,Nott'm Forest,1512.3666796052908,1541.7702215324894,-29.403541927198603,k30_ha75_nomov_carry100
2061,2425,2024-12-21,Ipswich,Newcastle,1447.1810916080005,1584.785292419054,-137.6042008110535,k30_ha75_nomov_carry100
2062,2425,2024-12-21,West Ham,Brighton,1513.3879584204235,1544.263228826775,-30.875270406351547,k30_ha75_nomov_carry100
2063,2425,2024-12-21,Crystal Palace,Arsenal,1533.7642049159408,1750.2399359994156,-216.47573108347478,k30_ha75_nomov_carry100
2064,2425,2024-12-22,Everton,Chelsea,1491.8415067596904,1689.1699172852695,-197.3284105255791,k30_ha75_nomov_carry100
2065,2425,2024-12-22,Fulham,Southampton,1562.7303008097074,1303.469396034218,259.2609047754893,k30_ha75_nomov_carry100
2066,2425,2024-12-22,Leicester,Wolves,1426.226472535943,1401.579313199388,24.647159336554978,k30_ha75_nomov_carry100
2067,2425,2024-12-22,Man United,Bournemouth,1582.2264726535932,1548.0568930241002,34.169579629493,k30_ha75_nomov_carry100
2068,2425,2024-12-22,Tottenham,Liverpool,1565.289516748073,1763.486017283595,-198.19650053552186,k30_ha75_nomov_carry100
2069,2425,2024-12-26,Man City,Everton,1713.998491183715,1496.9149160812817,217.08357510243331,k30_ha75_nomov_carry100
2070,2425,2024-12-26,Bournemouth,Crystal Palace,1567.6208987494022,1524.5555931978993,43.06530555150289,k30_ha75_nomov_carry100
2071,2425,2024-12-26,Chelsea,Fulham,1684.0965079636785,1551.5522510382411,132.54425692543737,k30_ha75_nomov_carry100
2072,2425,2024-12-26,Newcastle,Aston Villa,1597.1113289574791,1608.454668021973,-11.343339064493875,k30_ha75_nomov_carry100
2073,2425,2024-12-26,Nott'm Forest,Tottenham,1558.727554577576,1555.396088984301,3.33146559327497,k30_ha75_nomov_carry100
2074,2425,2024-12-26,Southampton,West Ham,1314.6474458056844,1511.49311725873,-196.84567145304572,k30_ha75_nomov_carry100
2075,2425,2024-12-26,Wolves,Man United,1420.7672212519165,1562.6624669282912,-141.89524567637477,k30_ha75_nomov_carry100
2076,2425,2024-12-26,Liverpool,Leicester,1773.379445047367,1407.0385644834146,366.3408805639524,k30_ha75_nomov_carry100
2077,2425,2024-12-27,Brighton,Brentford,1546.1580699884685,1495.409346560204,50.748723428264384,k30_ha75_nomov_carry100
2078,2425,2024-12-27,Arsenal,Ipswich,1759.4485477174571,1434.8550550695754,324.5934926478817,k30_ha75_nomov_carry100
2079,2425,2024-12-29,Leicester,Man City,1404.8466720694212,1703.7059225740322,-298.85925050461105,k30_ha75_nomov_carry100
2080,2425,2024-12-29,Crystal Palace,Southampton,1529.4653336954548,1304.702389162117,224.76294453333776,k30_ha75_nomov_carry100
2081,2425,2024-12-29,Everton,Nott'm Forest,1507.2074846909645,1570.4018719721062,-63.194387281141644,k30_ha75_nomov_carry100
2082,2425,2024-12-29,Fulham,Bournemouth,1574.5797802972938,1562.7111582518467,11.868622045447182,k30_ha75_nomov_carry100
2083,2425,2024-12-29,Tottenham,Wolves,1543.721771589771,1438.6201536861377,105.10161790363327,k30_ha75_nomov_carry100
2084,2425,2024-12-29,West Ham,Liverpool,1521.4381739022974,1775.5713374613604,-254.13316355906295,k30_ha75_nomov_carry100
2085,2425,2024-12-30,Ipswich,Chelsea,1432.1219750226262,1661.0689787046258,-228.9470036819996,k30_ha75_nomov_carry100
2086,2425,2024-12-30,Man United,Newcastle,1544.80953449407,1609.3933949647142,-64.58386047064414,k30_ha75_nomov_carry100
2087,2425,2024-12-30,Aston Villa,Brighton,1596.172602014738,1540.9543248130212,55.218277201716774,k30_ha75_nomov_carry100
2088,2425,2025-01-01,Brentford,Arsenal,1500.6130917356513,1762.1816277644064,-261.56853602875503,k30_ha75_nomov_carry100
2089,2425,2025-01-04,Tottenham,Newcastle,1536.5751088331695,1624.8429611747813,-88.26785234161184,k30_ha75_nomov_carry100
2090,2425,2025-01-04,Aston Villa,Leicester,1590.7998778043095,1398.3641662072184,192.43571159709109,k30_ha75_nomov_carry100
2091,2425,2025-01-04,Brighton,Arsenal,1546.3270490234497,1769.821065292778,-223.4940162693283,k30_ha75_nomov_carry100
2092,2425,2025-01-04,Bournemouth,Everton,1566.385332888691,1491.6979914890533,74.68734139963772,k30_ha75_nomov_carry100
2093,2425,2025-01-04,Man City,West Ham,1710.188428436235,1513.552473406556,196.63595502967905,k30_ha75_nomov_carry100
2094,2425,2025-01-04,Southampton,Brentford,1300.1677523159065,1492.9736542072797,-192.8059018913732,k30_ha75_nomov_carry100
2095,2425,2025-01-04,Crystal Palace,Chelsea,1533.9999705416653,1639.8258786193496,-105.82590807768429,k30_ha75_nomov_carry100
2096,2425,2025-01-05,Fulham,Ipswich,1570.9056056604495,1453.3650751079024,117.54053055254712,k30_ha75_nomov_carry100
2097,2425,2025-01-05,Liverpool,Man United,1783.4570379571019,1529.359968284003,254.09706967309899,k30_ha75_nomov_carry100
2098,2425,2025-01-06,Wolves,Nott'm Forest,1445.7668164427391,1585.9113651740174,-140.1445487312783,k30_ha75_nomov_carry100
2099,2425,2025-01-14,West Ham,Fulham,1508.3588204376417,1563.3509511154973,-54.992130677855585,k30_ha75_nomov_carry100
2100,2425,2025-01-14,Nott'm Forest,Liverpool,1598.1313514811736,1772.3792265010302,-174.24787501985656,k30_ha75_nomov_carry100
2101,2425,2025-01-14,Brentford,Man City,1503.0739156565958,1715.3820814051492,-212.3081657485534,k30_ha75_nomov_carry100
2102,2425,2025-01-14,Chelsea,Bournemouth,1638.498498390292,1575.2950519674441,63.20344642284795,k30_ha75_nomov_carry100
2103,2425,2025-01-15,Everton,Aston Villa,1482.7882724103001,1596.0981880373465,-113.3099156270464,k30_ha75_nomov_carry100
2104,2425,2025-01-15,Leicester,Crystal Palace,1393.0658559741814,1535.327350770723,-142.26149479654146,k30_ha75_nomov_carry100
2105,2425,2025-01-15,Newcastle,Wolves,1639.270420232003,1433.546830135583,205.72359009642014,k30_ha75_nomov_carry100
2106,2425,2025-01-15,Arsenal,Tottenham,1763.773871143452,1522.1476497759477,241.6262213675043,k30_ha75_nomov_carry100
2107,2425,2025-01-16,Ipswich,Brighton,1460.9197296528546,1552.3742431727758,-91.45451351992119,k30_ha75_nomov_carry100
2108,2425,2025-01-16,Man United,Southampton,1540.4377797400746,1290.0674908665903,250.37028887348424,k30_ha75_nomov_carry100
2109,2425,2025-01-18,Newcastle,Bournemouth,1644.2432421658484,1580.9657888355302,63.27745333031817,k30_ha75_nomov_carry100
2110,2425,2025-01-18,Brentford,Liverpool,1508.7114921619361,1768.207218306001,-259.495726144065,k30_ha75_nomov_carry100
2111,2425,2025-01-18,Leicester,Fulham,1380.9340255960335,1549.2138066544426,-168.27978105840907,k30_ha75_nomov_carry100
2112,2425,2025-01-18,West Ham,Crystal Palace,1522.4959648986965,1547.4591811488708,-24.963216250174355,k30_ha75_nomov_carry100
2113,2425,2025-01-18,Arsenal,Aston Villa,1767.9473676972664,1609.4508867624213,158.49648093484507,k30_ha75_nomov_carry100
2114,2425,2025-01-19,Everton,Tottenham,1469.4355736852253,1517.9741532221333,-48.538579536907946,k30_ha75_nomov_carry100
2115,2425,2025-01-19,Man United,Brighton,1544.433691656085,1566.6643753744793,-22.230683718394175,k30_ha75_nomov_carry100
2116,2425,2025-01-19,Nott'm Forest,Southampton,1602.3033596762027,1286.0715789505798,316.2317807256229,k30_ha75_nomov_carry100
2117,2425,2025-01-19,Ipswich,Man City,1446.629597451151,1709.7445048998088,-263.11490744865773,k30_ha75_nomov_carry100
2118,2425,2025-01-20,Chelsea,Wolves,1632.827761522206,1428.5740082017376,204.25375332046838,k30_ha75_nomov_carry100
2119,2425,2025-01-25,Bournemouth,Nott'm Forest,1601.6392639657608,1605.1583851443756,-3.519121178614796,k30_ha75_nomov_carry100
2120,2425,2025-01-25,Brighton,Everton,1583.9252517630089,1483.2953461697716,100.62990559323725,k30_ha75_nomov_carry100
2121,2425,2025-01-25,Liverpool,Ipswich,1775.9147964634753,1439.0407356369333,336.87406082654206,k30_ha75_nomov_carry100
2122,2425,2025-01-25,Southampton,Newcastle,1283.2165534824069,1623.5697670356178,-340.35321355321094,k30_ha75_nomov_carry100
2123,2425,2025-01-25,Wolves,Arsenal,1423.5659860235094,1759.1523985323656,-335.58641250885626,k30_ha75_nomov_carry100
2124,2425,2025-01-25,Man City,Chelsea,1717.3333667140266,1637.8357837004341,79.49758301359248,k30_ha75_nomov_carry100
2125,2425,2025-01-26,Aston Villa,West Ham,1618.245855927322,1505.3505157590494,112.8953401682727,k30_ha75_nomov_carry100
2126,2425,2025-01-26,Tottenham,Leicester,1504.114380737587,1369.8671852541631,134.24719548342387,k30_ha75_nomov_carry100
2127,2425,2025-01-26,Fulham,Man United,1560.280646996313,1527.1728152675555,33.107831728757446,k30_ha75_nomov_carry100
2128,2425,2025-01-26,Crystal Palace,Brentford,1564.604630288518,1501.0039140044619,63.600716284056034,k30_ha75_nomov_carry100
2129,2425,2025-02-01,Nott'm Forest,Brighton,1593.2016447365866,1561.92873649095,31.272908245636472,k30_ha75_nomov_carry100
2130,2425,2025-02-01,Bournemouth,Liverpool,1613.59600437355,1778.4772722416724,-164.88126786812245,k30_ha75_nomov_carry100
2131,2425,2025-02-01,Everton,Leicester,1505.2918614418304,1392.9470415676676,112.3448198741628,k30_ha75_nomov_carry100
2132,2425,2025-02-01,Ipswich,Southampton,1436.4782598587362,1277.865742586294,158.61251727244235,k30_ha75_nomov_carry100
2133,2425,2025-02-01,Newcastle,Fulham,1628.9205779317308,1540.758275461062,88.16230247066869,k30_ha75_nomov_carry100
2134,2425,2025-02-01,Wolves,Aston Villa,1418.0934707465149,1610.8418854146482,-192.74841466813336,k30_ha75_nomov_carry100
2135,2425,2025-02-02,Brentford,Tottenham,1521.689344718396,1481.0345244240825,40.65482029431337,k30_ha75_nomov_carry100
2136,2425,2025-02-02,Man United,Crystal Palace,1546.6951868028063,1543.919199574584,2.775987228222448,k30_ha75_nomov_carry100
2137,2425,2025-02-02,Arsenal,Man City,1764.6249138093601,1726.070626880533,38.554286928827196,k30_ha75_nomov_carry100
2138,2425,2025-02-03,Chelsea,West Ham,1629.0985235339278,1512.7544862717232,116.34403726220467,k30_ha75_nomov_carry100
2139,2425,2025-02-12,Everton,Liverpool,1512.9058820760326,1789.6810971364005,-276.7752150603678,k30_ha75_nomov_carry100
2140,2425,2025-02-14,Brighton,Chelsea,1551.378974694239,1636.5824894928028,-85.20351479856367,k30_ha75_nomov_carry100
2141,2425,2025-02-15,Aston Villa,Ipswich,1590.9443640862246,1412.6800038997753,178.26436018644927,k30_ha75_nomov_carry100
2142,2425,2025-02-15,Leicester,Arsenal,1385.3330209334654,1774.889796568826,-389.5567756353605,k30_ha75_nomov_carry100
2143,2425,2025-02-15,Fulham,Nott'm Forest,1562.3266450626293,1603.7514065332975,-41.42476147066827,k30_ha75_nomov_carry100
2144,2425,2025-02-15,Man City,Newcastle,1715.8057441210672,1607.3522083301636,108.45353579090352,k30_ha75_nomov_carry100
2145,2425,2025-02-15,Southampton,Bournemouth,1301.6639985452548,1602.3921794788218,-300.72818093356705,k30_ha75_nomov_carry100
2146,2425,2025-02-15,Crystal Palace,Everton,1562.2220710473684,1520.7540997210522,41.467971326316274,k30_ha75_nomov_carry100
2147,2425,2025-02-15,West Ham,Brentford,1505.2705203128482,1501.8727337126243,3.3977866002239807,k30_ha75_nomov_carry100
2148,2425,2025-02-16,Liverpool,Wolves,1781.832879491381,1437.9909920749385,343.84188741644243,k30_ha75_nomov_carry100
2149,2425,2025-02-16,Tottenham,Man United,1500.8511354298541,1528.3923153300218,-27.541179900167663,k30_ha75_nomov_carry100
2150,2425,2025-02-19,Aston Villa,Liverpool,1581.6079943569994,1784.30290318418,-202.6949088271806,k30_ha75_nomov_carry100
2151,2425,2025-02-21,Leicester,Brentford,1381.116539066464,1520.201138761284,-139.0845996948201,k30_ha75_nomov_carry100
2152,2425,2025-02-22,Fulham,Crystal Palace,1575.8815810673175,1542.3739970276781,33.50758403963937,k30_ha75_nomov_carry100
2153,2425,2025-02-22,Everton,Man United,1540.6021737407425,1515.428627930187,25.173545810555424,k30_ha75_nomov_carry100
2154,2425,2025-02-22,Bournemouth,Wolves,1608.8201807813184,1435.5209683821395,173.29921239917894,k30_ha75_nomov_carry100
2155,2425,2025-02-22,Southampton,Brighton,1295.2359972427582,1566.8193692355374,-271.5833719927791,k30_ha75_nomov_carry100
2156,2425,2025-02-22,Ipswich,Tottenham,1422.0163736290006,1513.8148228296889,-91.79844920068831,k30_ha75_nomov_carry100
2157,2425,2025-02-22,Aston Villa,Chelsea,1586.885506671366,1621.1420949515045,-34.25658828013843,k30_ha75_nomov_carry100
2158,2425,2025-02-22,Arsenal,West Ham,1779.1062784358273,1486.9421152641885,292.16416317163885,k30_ha75_nomov_carry100
2159,2425,2025-02-23,Newcastle,Nott'm Forest,1599.610219815538,1590.1964705286093,9.413749286928578,k30_ha75_nomov_carry100
2160,2425,2025-02-23,Man City,Liverpool,1723.547732635693,1779.0253908698132,-55.47765823412033,k30_ha75_nomov_carry100
2161,2425,2025-02-25,Wolves,Fulham,1459.724852777705,1556.3435250502212,-96.61867227251605,k30_ha75_nomov_carry100
2162,2425,2025-02-25,Brighton,Bournemouth,1574.1352101673049,1584.6162963857528,-10.4810862184479,k30_ha75_nomov_carry100
2163,2425,2025-02-25,Crystal Palace,Aston Villa,1561.9120530447744,1600.134491498006,-38.22243845323146,k30_ha75_nomov_carry100
2164,2425,2025-02-25,Chelsea,Southampton,1607.8931101248647,1287.9201563109907,319.972953813874,k30_ha75_nomov_carry100
2165,2425,2025-02-26,Brentford,Everton,1532.4653397513534,1536.3933201017596,-3.9279803504061874,k30_ha75_nomov_carry100
2166,2425,2025-02-26,Tottenham,Man City,1528.0901400890546,1707.7057713099325,-179.61563122087796,k30_ha75_nomov_carry100
2167,2425,2025-02-26,Man United,Ipswich,1519.63748156917,1407.7410563696349,111.89642519953509,k30_ha75_nomov_carry100
2168,2425,2025-02-26,Nott'm Forest,Arsenal,1578.7708476444564,1752.3398336597393,-173.56898601528292,k30_ha75_nomov_carry100
2169,2425,2025-02-26,Liverpool,Newcastle,1794.8673521955736,1611.0358426996909,183.83150949588276,k30_ha75_nomov_carry100
2170,2425,2025-02-27,West Ham,Leicester,1513.7085600402766,1368.8523380763945,144.85622196388204,k30_ha75_nomov_carry100
2171,2425,2025-03-08,Nott'm Forest,Man City,1582.9157985504785,1718.320877581756,-135.4050790312774,k30_ha75_nomov_carry100
2172,2425,2025-03-08,Brighton,Fulham,1586.3812881968313,1570.4113746540163,15.969913542814993,k30_ha75_nomov_carry100
2173,2425,2025-03-08,Crystal Palace,Ipswich,1575.3301421781125,1400.1123613179707,175.21778086014183,k30_ha75_nomov_carry100
2174,2425,2025-03-08,Liverpool,Southampton,1800.3852114289718,1285.1202820558487,515.2649293731231,k30_ha75_nomov_carry100
2175,2425,2025-03-08,Brentford,Aston Villa,1529.4390094780313,1586.7164023646678,-57.27739288663656,k30_ha75_nomov_carry100
2176,2425,2025-03-08,Wolves,Everton,1445.65700317391,1539.4196503750818,-93.76264720117183,k30_ha75_nomov_carry100
2177,2425,2025-03-09,Chelsea,Leicester,1610.6929843800067,1362.2519662541058,248.44101812590088,k30_ha75_nomov_carry100
2178,2425,2025-03-09,Tottenham,Bournemouth,1517.4750338172312,1572.3702183562264,-54.89518453899518,k30_ha75_nomov_carry100
2179,2425,2025-03-09,Man United,Arsenal,1527.2661766208341,1748.1948827537171,-220.928706132883,k30_ha75_nomov_carry100
2180,2425,2025-03-10,West Ham,Newcastle,1520.3089318625653,1605.5179834662927,-85.2090516037274,k30_ha75_nomov_carry100
2181,2425,2025-03-15,Everton,West Ham,1538.6103883239493,1505.7495652407938,32.86082308315554,k30_ha75_nomov_carry100
2182,2425,2025-03-15,Ipswich,Nott'm Forest,1394.3677164540907,1600.4977328161735,-206.13001636208287,k30_ha75_nomov_carry100
2183,2425,2025-03-15,Man City,Brighton,1700.7389433160608,1597.5411578051314,103.1977855109294,k30_ha75_nomov_carry100
2184,2425,2025-03-15,Southampton,Wolves,1284.1493890929673,1446.4662652250424,-162.3168761320751,k30_ha75_nomov_carry100
2185,2425,2025-03-15,Bournemouth,Brentford,1573.237245479646,1513.6745259687707,59.56271951087524,k30_ha75_nomov_carry100
2186,2425,2025-03-16,Leicester,Man United,1358.2174306764844,1533.2203426061394,-175.00291192965506,k30_ha75_nomov_carry100
2187,2425,2025-03-16,Arsenal,Chelsea,1742.2407167684119,1614.7275199576281,127.51319681078371,k30_ha75_nomov_carry100
2188,2425,2025-03-16,Fulham,Tottenham,1559.2515050457162,1516.6080066938116,42.643498351904555,k30_ha75_nomov_carry100
2189,2425,2025-04-01,Wolves,West Ham,1457.7739047840018,1510.2622398252786,-52.48833504127674,k30_ha75_nomov_carry100
2190,2425,2025-04-01,Nott'm Forest,Man United,1610.0907279945807,1544.01827675967,66.07245123491066,k30_ha75_nomov_carry100
2191,2425,2025-04-01,Arsenal,Fulham,1749.3693857335948,1569.3580308477628,180.0113548858319,k30_ha75_nomov_carry100
2192,2425,2025-04-02,Bournemouth,Ipswich,1552.701757521275,1384.7747212756835,167.92703624559158,k30_ha75_nomov_carry100
2193,2425,2025-04-02,Brighton,Aston Villa,1604.6241180353584,1602.4808858739284,2.143232161429978,k30_ha75_nomov_carry100
2194,2425,2025-04-02,Man City,Leicester,1693.655983085834,1347.4194965229538,346.23648656288015,k30_ha75_nomov_carry100
2195,2425,2025-04-02,Newcastle,Brentford,1620.0773500880641,1534.2100139271415,85.8673361609226,k30_ha75_nomov_carry100
2196,2425,2025-04-02,Southampton,Crystal Palace,1272.841749534008,1581.0747870419925,-308.2330375079846,k30_ha75_nomov_carry100
2197,2425,2025-04-02,Liverpool,Everton,1801.3561043918533,1534.0977137394646,267.2583906523887,k30_ha75_nomov_carry100
2198,2425,2025-04-03,Chelsea,Tottenham,1607.5988509924453,1506.501480891765,101.09737010068034,k30_ha75_nomov_carry100
2199,2425,2025-04-05,West Ham,Bournemouth,1496.2327887110255,1528.643859369351,-32.41107065832557,k30_ha75_nomov_carry100
2200,2425,2025-04-05,Aston Villa,Nott'm Forest,1620.7577532196362,1619.3141619270568,1.4435912925794128,k30_ha75_nomov_carry100
2201,2425,2025-04-05,Everton,Arsenal,1530.426684040527,1754.986956848205,-224.56027280767785,k30_ha75_nomov_carry100
2202,2425,2025-04-05,Crystal Palace,Brighton,1572.2872848390905,1586.3472506896505,-14.059965850560047,k30_ha75_nomov_carry100
2203,2425,2025-04-05,Ipswich,Wolves,1408.8326194276076,1471.803355898255,-62.97073647064735,k30_ha75_nomov_carry100
2204,2425,2025-04-06,Fulham,Liverpool,1563.7404597331526,1805.0271340907907,-241.28667435763805,k30_ha75_nomov_carry100
2205,2425,2025-04-06,Brentford,Chelsea,1525.6980695200652,1615.5865543990906,-89.88848487902533,k30_ha75_nomov_carry100
2206,2425,2025-04-06,Man United,Man City,1534.7948428271939,1696.0949415753612,-161.30009874816733,k30_ha75_nomov_carry100
2207,2425,2025-04-06,Tottenham,Southampton,1498.5137774851196,1281.62925173691,216.88452574820963,k30_ha75_nomov_carry100
2208,2425,2025-04-07,Leicester,Newcastle,1344.9805380334265,1628.5892944951404,-283.60875646171394,k30_ha75_nomov_carry100
2209,2425,2025-04-12,Nott'm Forest,Everton,1607.5622522699416,1536.51238266185,71.04986960809151,k30_ha75_nomov_carry100
2210,2425,2025-04-12,Brighton,Leicester,1573.951590575375,1338.040808981595,235.9107815937798,k30_ha75_nomov_carry100
2211,2425,2025-04-12,Arsenal,Brentford,1748.901258226882,1526.3404639132598,222.56079431362218,k30_ha75_nomov_carry100
2212,2425,2025-04-12,Southampton,Aston Villa,1276.917271064528,1632.5096628767515,-355.59239181222347,k30_ha75_nomov_carry100
2213,2425,2025-04-12,Man City,Crystal Palace,1692.443848633826,1584.6829449533661,107.76090368045993,k30_ha75_nomov_carry100
2214,2425,2025-04-13,Chelsea,Ipswich,1614.944160005896,1393.3134817961438,221.6306782097522,k30_ha75_nomov_carry100
2215,2425,2025-04-13,Liverpool,West Ham,1783.3501700540955,1494.4032313341947,288.9469387199008,k30_ha75_nomov_carry100
2216,2425,2025-04-13,Wolves,Tottenham,1487.3224935297187,1503.2257581575016,-15.903264627782846,k30_ha75_nomov_carry100
2217,2425,2025-04-13,Newcastle,Man United,1635.5290235469718,1538.445935768729,97.08308777824277,k30_ha75_nomov_carry100
2218,2425,2025-04-14,Bournemouth,Fulham,1530.4734167461818,1585.4174237698478,-54.94400702366602,k30_ha75_nomov_carry100
2219,2425,2025-04-16,Newcastle,Crystal Palace,1643.65289096854,1576.9180322221505,66.73485874638959,k30_ha75_nomov_carry100
2220,2425,2025-04-19,Brentford,Brighton,1536.756816163087,1563.2447053943995,-26.487889231312465,k30_ha75_nomov_carry100
2221,2425,2025-04-19,Crystal Palace,Bournemouth,1567.7189375190144,1544.6084904335296,23.110447085484793,k30_ha75_nomov_carry100
2222,2425,2025-04-19,Everton,Man City,1557.470954855471,1700.2087613650417,-142.73780650957065,k30_ha75_nomov_carry100
2223,2425,2025-04-19,West Ham,Southampton,1491.1158565192459,1271.9413152171321,219.17454130211377,k30_ha75_nomov_carry100
2224,2425,2025-04-19,Aston Villa,Newcastle,1637.4856187241473,1652.8519856716762,-15.366366947528832,k30_ha75_nomov_carry100
2225,2425,2025-04-20,Fulham,Chelsea,1571.2823500825,1604.548638421437,-33.2662883389371,k30_ha75_nomov_carry100
2226,2425,2025-04-20,Ipswich,Arsenal,1403.7090033806028,1738.4849059770547,-334.77590259645194,k30_ha75_nomov_carry100
2227,2425,2025-04-20,Man United,Wolves,1530.3220683471607,1499.7954067119997,30.526661635160963,k30_ha75_nomov_carry100
2228,2425,2025-04-20,Leicester,Liverpool,1348.7476941625705,1786.6375448690444,-437.8898507064739,k30_ha75_nomov_carry100
2229,2425,2025-04-21,Tottenham,Nott'm Forest,1490.7528449752206,1586.6036800763206,-95.85083510110007,k30_ha75_nomov_carry100
2230,2425,2025-04-22,Man City,Aston Villa,1712.3207847752835,1649.9360159597745,62.384768815509005,k30_ha75_nomov_carry100
2231,2425,2025-04-23,Arsenal,Crystal Palace,1743.9783274957967,1563.5922783465376,180.38604914925918,k30_ha75_nomov_carry100
2232,2425,2025-04-26,Chelsea,Everton,1621.3418115246086,1545.3589314452292,75.98288007937936,k30_ha75_nomov_carry100
2233,2425,2025-04-26,Wolves,Leicester,1519.2162440196664,1345.4424650388053,173.77377898086115,k30_ha75_nomov_carry100
2234,2425,2025-04-26,Brighton,West Ham,1550.3256356557229,1480.775714594991,69.54992106073178,k30_ha75_nomov_carry100
2235,2425,2025-04-26,Southampton,Fulham,1282.281457141387,1554.4891769793285,-272.20771983794157,k30_ha75_nomov_carry100
2236,2425,2025-04-26,Newcastle,Ipswich,1640.401588436049,1398.2155818618608,242.18600657418824,k30_ha75_nomov_carry100
2237,2425,2025-04-27,Bournemouth,Man United,1548.7351496060064,1510.901231039494,37.833918566512466,k30_ha75_nomov_carry100
2238,2425,2025-04-27,Liverpool,Tottenham,1789.9427739928096,1476.6519687132582,313.2908052795515,k30_ha75_nomov_carry100
2239,2425,2025-05-01,Nott'm Forest,Brentford,1600.704556338283,1549.6758859017636,51.028670436519405,k30_ha75_nomov_carry100
2240,2425,2025-05-02,Man City,Wolves,1721.6803684448978,1524.9995955417146,196.6807729031832,k30_ha75_nomov_carry100
2241,2425,2025-05-03,Leicester,Southampton,1339.659113516757,1274.9854793501731,64.67363416658395,k30_ha75_nomov_carry100
2242,2425,2025-05-03,Arsenal,Bournemouth,1734.5860575023466,1544.0280522602745,190.5580052420721,k30_ha75_nomov_carry100
2243,2425,2025-05-03,Aston Villa,Fulham,1640.5764322901603,1561.7851547705422,78.791277519618,k30_ha75_nomov_carry100
2244,2425,2025-05-03,Everton,Ipswich,1536.4958538304288,1394.0536495296878,142.44220430074097,k30_ha75_nomov_carry100
2245,2425,2025-05-04,Brentford,Man United,1569.8902597920267,1515.6083283852258,54.28193140680082,k30_ha75_nomov_carry100
2246,2425,2025-05-04,Brighton,Newcastle,1559.421696109835,1644.563520768222,-85.1418246583869,k30_ha75_nomov_carry100
2247,2425,2025-05-04,West Ham,Tottenham,1471.679654140879,1473.7529078826576,-2.0732537417786716,k30_ha75_nomov_carry100
2248,2425,2025-05-04,Chelsea,Liverpool,1630.204889139409,1792.8418348234102,-162.63694568400115,k30_ha75_nomov_carry100
2249,2425,2025-05-05,Crystal Palace,Nott'm Forest,1572.9845483399877,1580.49018244802,-7.505634108032382,k30_ha75_nomov_carry100
2250,2425,2025-05-10,Southampton,Man City,1265.7105304642407,1726.8729135540068,-461.1623830897661,k30_ha75_nomov_carry100
2251,2425,2025-05-10,Ipswich,Brentford,1402.3814588880127,1579.5528085170474,-177.1713496290347,k30_ha75_nomov_carry100
2252,2425,2025-05-10,Bournemouth,Aston Villa,1568.6824222535201,1649.338891827354,-80.65646957383387,k30_ha75_nomov_carry100
2253,2425,2025-05-10,Wolves,Brighton,1519.8070504326056,1559.8594295556422,-40.052379123036644,k30_ha75_nomov_carry100
2254,2425,2025-05-10,Fulham,Everton,1553.0226952333485,1528.168044472104,24.854650761244557,k30_ha75_nomov_carry100
2255,2425,2025-05-11,Newcastle,Chelsea,1644.1257873224147,1648.9102278357136,-4.784440513298932,k30_ha75_nomov_carry100
2256,2425,2025-05-11,Man United,West Ham,1505.945779660205,1468.5765917253193,37.36918793488576,k30_ha75_nomov_carry100
2257,2425,2025-05-11,Nott'm Forest,Leicester,1583.368037093932,1348.9340624026895,234.43397469124238,k30_ha75_nomov_carry100
2258,2425,2025-05-11,Tottenham,Crystal Palace,1476.8559702982172,1570.1066936940758,-93.25072339585859,k30_ha75_nomov_carry100
2259,2425,2025-05-11,Liverpool,Arsenal,1774.1364961271056,1709.931687509101,64.20480861800456,k30_ha75_nomov_carry100
2260,2425,2025-05-16,Aston Villa,Tottenham,1664.0947039794457,1462.6431934167304,201.45151056271538,k30_ha75_nomov_carry100
2261,2425,2025-05-16,Chelsea,Man United,1636.901069304001,1486.256778137586,150.6442911664151,k30_ha75_nomov_carry100
2262,2425,2025-05-18,Brentford,Fulham,1590.2646223320116,1533.826528712715,56.43809361929675,k30_ha75_nomov_carry100
2263,2425,2025-05-18,Everton,Southampton,1547.3642109927375,1277.7792233197424,269.5849876729951,k30_ha75_nomov_carry100
2264,2425,2025-05-18,Leicester,Ipswich,1359.6095788371968,1391.6696450730485,-32.060066235851764,k30_ha75_nomov_carry100
2265,2425,2025-05-18,Arsenal,Newcastle,1715.6394374197216,1656.1349458541272,59.504491565594435,k30_ha75_nomov_carry100
2266,2425,2025-05-18,West Ham,Nott'm Forest,1488.2655932479383,1572.6925206594246,-84.4269274114863,k30_ha75_nomov_carry100
2267,2425,2025-05-19,Brighton,Liverpool,1576.3631715254292,1768.428746216485,-192.06557469105587,k30_ha75_nomov_carry100
2268,2425,2025-05-20,Crystal Palace,Wolves,1584.3194705755627,1503.3033084628187,81.01616211274404,k30_ha75_nomov_carry100
2269,2425,2025-05-20,Man City,Bournemouth,1714.804220698505,1553.9266101014284,160.87761059707668,k30_ha75_nomov_carry100
2270,2425,2025-05-25,Liverpool,Crystal Palace,1748.5575796148312,1593.0026961624856,155.55488345234562,k30_ha75_nomov_carry100
2271,2425,2025-05-25,Bournemouth,Leicester,1547.7887682604571,1372.7650946699137,175.02367359054347,k30_ha75_nomov_carry100
2272,2425,2025-05-25,Fulham,Man City,1554.2451023437843,1720.9420625394764,-166.6969601956921,k30_ha75_nomov_carry100
2273,2425,2025-05-25,Man United,Aston Villa,1479.8263374761061,1669.1703869719352,-189.34404949582904,k30_ha75_nomov_carry100
2274,2425,2025-05-25,Ipswich,West Ham,1378.5141292403316,1473.6724865746007,-95.15835733426911,k30_ha75_nomov_carry100
2275,2425,2025-05-25,Southampton,Arsenal,1274.1511255064704,1725.1061211422905,-450.95499563582007,k30_ha75_nomov_carry100
2276,2425,2025-05-25,Wolves,Brentford,1494.6200828758958,1569.8460487009422,-75.22596582504639,k30_ha75_nomov_carry100
2277,2425,2025-05-25,Tottenham,Brighton,1457.567510424241,1596.234338127083,-138.66682770284206,k30_ha75_nomov_carry100
2278,2425,2025-05-25,Nott'm Forest,Chelsea,1587.2856273327623,1643.331509965481,-56.04588263271876,k30_ha75_nomov_carry100
2279,2425,2025-05-25,Newcastle,Everton,1646.6682621315583,1550.9923088060095,95.67595332554879,k30_ha75_nomov_carry100
2280,2526,2025-08-15,Liverpool,Bournemouth,1739.8463629262433,1553.5386046709561,186.30775825528713,k30_ha75_nomov_carry100
2281,2526,2025-08-16,Brighton,Fulham,1608.5159796129733,1543.1145488569532,65.40143075602009,k30_ha75_nomov_carry100
2282,2526,2025-08-16,Tottenham,Burnley,1445.2858689383506,1370.5809571901464,74.70491174820427,k30_ha75_nomov_carry100
2283,2526,2025-08-16,Aston Villa,Newcastle,1649.4045927642314,1624.8402033127086,24.564389451522857,k30_ha75_nomov_carry100
2284,2526,2025-08-16,Wolves,Man City,1494.6298386034005,1732.0726160263075,-237.44277742290706,k30_ha75_nomov_carry100
2285,2526,2025-08-16,Sunderland,West Ham,1500.0,1487.803155606366,12.19684439363391,k30_ha75_nomov_carry100
2286,2526,2025-08-17,Chelsea,Crystal Palace,1659.1490141412778,1601.7139128510735,57.43510129020433,k30_ha75_nomov_carry100
2287,2526,2025-08-17,Nott'm Forest,Brentford,1571.4681231569655,1569.8362929734376,1.6318301835278817,k30_ha75_nomov_carry100
2288,2526,2025-08-17,Man United,Arsenal,1499.5921316838098,1728.1965534268884,-228.60442174307855,k30_ha75_nomov_carry100
2289,2526,2025-08-18,Leeds,Everton,1389.9118256268937,1572.8203676248593,-182.90854199796559,k30_ha75_nomov_carry100
2290,2526,2025-08-22,West Ham,Chelsea,1476.4906474534039,1653.693052069333,-177.20240461592903,k30_ha75_nomov_carry100
2291,2526,2025-08-23,Brentford,Aston Villa,1558.0921282673091,1645.2199798453396,-87.12785157803046,k30_ha75_nomov_carry100
2292,2526,2025-08-23,Bournemouth,Wolves,1548.084643710051,1486.173077617726,61.911566092325074,k30_ha75_nomov_carry100
2293,2526,2025-08-23,Arsenal,Leeds,1736.9656866891519,1409.4263738619502,327.5393128272017,k30_ha75_nomov_carry100
2294,2526,2025-08-23,Burnley,Sunderland,1361.6718716196476,1511.3125081529622,-149.6406365333146,k30_ha75_nomov_carry100
2295,2526,2025-08-23,Man City,Tottenham,1740.529377011982,1454.1949545088494,286.3344225031326,k30_ha75_nomov_carry100
2296,2526,2025-08-24,Crystal Palace,Nott'm Forest,1607.1698749230184,1583.212287863094,23.957587059924435,k30_ha75_nomov_carry100
2297,2526,2025-08-24,Everton,Brighton,1553.3058193898028,1602.7641057134888,-49.458286323686025,k30_ha75_nomov_carry100
2298,2526,2025-08-24,Fulham,Man United,1548.8664227564377,1490.8229984215463,58.04342433489137,k30_ha75_nomov_carry100
2299,2526,2025-08-25,Newcastle,Liverpool,1629.0248162316004,1745.3003238871484,-116.27550765554793,k30_ha75_nomov_carry100
2300,2526,2025-08-30,Sunderland,Brentford,1493.1386905633624,1573.6155171468388,-80.4768265834764,k30_ha75_nomov_carry100
2301,2526,2025-08-30,Chelsea,Fulham,1664.4036347395981,1543.3876864472697,121.0159482923284,k30_ha75_nomov_carry100
2302,2526,2025-08-30,Man United,Burnley,1496.3017347307143,1379.8456892092474,116.45604552146688,k30_ha75_nomov_carry100
2303,2526,2025-08-30,Wolves,Everton,1476.7959438773478,1567.2050772224584,-90.4091333451106,k30_ha75_nomov_carry100
2304,2526,2025-08-30,Leeds,Newcastle,1406.7351267005292,1615.7984867220043,-209.0633600214751,k30_ha75_nomov_carry100
2305,2526,2025-08-30,Tottenham,Bournemouth,1480.863299606896,1557.4617774504293,-76.59847784353337,k30_ha75_nomov_carry100
2306,2526,2025-08-31,Brighton,Man City,1588.8648478808332,1713.8610319139354,-124.99618403310228,k30_ha75_nomov_carry100
2307,2526,2025-08-31,Nott'm Forest,West Ham,1587.3727301476952,1465.7800647831386,121.59266536455652,k30_ha75_nomov_carry100
2308,2526,2025-08-31,Liverpool,Arsenal,1758.5266533967445,1739.6569338505728,18.86971954617161,k30_ha75_nomov_carry100
2309,2526,2025-08-31,Aston Villa,Crystal Palace,1629.69659096581,1603.0094326384171,26.687158327392808,k30_ha75_nomov_carry100
2310,2526,2025-09-13,Crystal Palace,Sunderland,1622.2784154021808,1508.3751245907358,113.903290811445,k30_ha75_nomov_carry100
2311,2526,2025-09-13,Arsenal,Nott'm Forest,1728.6138014684195,1564.6882751496353,163.92552631878425,k30_ha75_nomov_carry100
2312,2526,2025-09-13,Everton,Aston Villa,1581.5402473117933,1610.4276082020463,-28.88736089025292,k30_ha75_nomov_carry100
2313,2526,2025-09-13,Bournemouth,Brighton,1572.392766101343,1606.008580019765,-33.61581391842196,k30_ha75_nomov_carry100
2314,2526,2025-09-13,West Ham,Tottenham,1488.4645197811985,1465.932310955982,22.532208825216458,k30_ha75_nomov_carry100
2315,2526,2025-09-13,Brentford,Chelsea,1558.3790831194653,1671.7375595659132,-113.35847644644787,k30_ha75_nomov_carry100
2316,2526,2025-09-13,Newcastle,Wolves,1610.2816316921007,1462.4607737880128,147.82085790408792,k30_ha75_nomov_carry100
2317,2526,2025-09-13,Fulham,Leeds,1536.0537616209547,1412.2519817304328,123.80177989052186,k30_ha75_nomov_carry100
2318,2526,2025-09-14,Burnley,Liverpool,1372.3653443295937,1769.5697857788978,-397.2044414493041,k30_ha75_nomov_carry100
2319,2526,2025-09-14,Man City,Man United,1696.7172997750035,1503.782079610368,192.93522016463544,k30_ha75_nomov_carry100
2320,2526,2025-09-20,Liverpool,Everton,1773.6292428888373,1579.5610126619752,194.06823022686217,k30_ha75_nomov_carry100
2321,2526,2025-09-20,Brighton,Tottenham,1592.7868767607313,1485.0358844904788,107.75099227025248,k30_ha75_nomov_carry100
2322,2526,2025-09-20,Burnley,Nott'm Forest,1368.305887219654,1558.6356464575285,-190.32975923787444,k30_ha75_nomov_carry100
2323,2526,2025-09-20,West Ham,Crystal Palace,1469.3609462467018,1614.8415776924653,-145.4806314457635,k30_ha75_nomov_carry100
2324,2526,2025-09-20,Wolves,Leeds,1455.9478404193906,1405.0065514998137,50.94128891957689,k30_ha75_nomov_carry100
2325,2526,2025-09-20,Man United,Chelsea,1498.4963018706073,1670.0881870688972,-171.5918851982899,k30_ha75_nomov_carry100
2326,2526,2025-09-20,Fulham,Brentford,1543.2991918515738,1560.0284556164813,-16.7292637649075,k30_ha75_nomov_carry100
2327,2526,2025-09-21,Bournemouth,Newcastle,1585.614469360377,1616.794565060723,-31.1800957003461,k30_ha75_nomov_carry100
2328,2526,2025-09-21,Sunderland,Aston Villa,1515.8119623004513,1612.4068428518644,-96.5948805514131,k30_ha75_nomov_carry100
2329,2526,2025-09-21,Arsenal,Man City,1734.6664301605263,1702.0030775147643,32.66335264576196,k30_ha75_nomov_carry100
2330,2526,2025-09-27,Chelsea,Brighton,1651.0221999674477,1585.552117852733,65.47008211471461,k30_ha75_nomov_carry100
2331,2526,2025-09-27,Crystal Palace,Liverpool,1626.8397487936988,1778.8866802078585,-152.04693141415964,k30_ha75_nomov_carry100
2332,2526,2025-09-27,Tottenham,Wolves,1492.270643398477,1435.736783494192,56.53385990428501,k30_ha75_nomov_carry100
2333,2526,2025-09-27,Brentford,Man United,1547.5208795387273,1517.5622889720569,29.95859056667041,k30_ha75_nomov_carry100
2334,2526,2025-09-27,Nott'm Forest,Sunderland,1553.8316261979785,1516.7430894878612,37.088536710117296,k30_ha75_nomov_carry100
2335,2526,2025-09-27,Leeds,Bournemouth,1425.2176084250123,1583.732579990955,-158.5149715659427,k30_ha75_nomov_carry100
2336,2526,2025-09-27,Man City,Burnley,1706.507996911858,1373.1099074792041,333.39808943265393,k30_ha75_nomov_carry100
2337,2526,2025-09-28,Aston Villa,Fulham,1611.4757156644546,1555.8067679293279,55.66894773512672,k30_ha75_nomov_carry100
2338,2526,2025-09-28,Newcastle,Arsenal,1618.676454430145,1730.1615107634325,-111.4850563332875,k30_ha75_nomov_carry100
2339,2526,2025-09-29,Everton,West Ham,1574.303575342954,1457.3627751454683,116.94080019748571,k30_ha75_nomov_carry100
2340,2526,2025-10-03,Bournemouth,Fulham,1580.1948253519406,1546.1964450456408,33.99838030629985,k30_ha75_nomov_carry100
2341,2526,2025-10-04,Leeds,Tottenham,1428.7553630640266,1486.848475094337,-58.093112030310294,k30_ha75_nomov_carry100
2342,2526,2025-10-04,Arsenal,West Ham,1743.5920890145558,1464.8980882505432,278.69400076401257,k30_ha75_nomov_carry100
2343,2526,2025-10-04,Man United,Sunderland,1506.960720229628,1536.421155592599,-29.46043536297111,k30_ha75_nomov_carry100
2344,2526,2025-10-04,Chelsea,Liverpool,1630.2677981572438,1760.613772320926,-130.34597416368229,k30_ha75_nomov_carry100
2345,2526,2025-10-05,Aston Villa,Burnley,1621.0860385481417,1370.5001472394113,250.58589130873042,k30_ha75_nomov_carry100
2346,2526,2025-10-05,Everton,Crystal Palace,1566.768262237879,1645.1126566806313,-78.34439444275222,k30_ha75_nomov_carry100
2347,2526,2025-10-05,Newcastle,Nott'm Forest,1605.2458761790217,1534.1535600932407,71.09231608578102,k30_ha75_nomov_carry100
2348,2526,2025-10-05,Wolves,Brighton,1441.158951798332,1606.306519662937,-165.14756786460498,k30_ha75_nomov_carry100
2349,2526,2025-10-05,Brentford,Man City,1558.1224482811563,1709.117757151651,-150.99530887049468,k30_ha75_nomov_carry100
2350,2526,2025-10-18,Nott'm Forest,Chelsea,1525.113675598863,1647.6372672015796,-122.52359160271658,k30_ha75_nomov_carry100
2351,2526,2025-10-18,Crystal Palace,Bournemouth,1629.9682720253106,1590.6375276286187,39.3307443966919,k30_ha75_nomov_carry100
2352,2526,2025-10-18,Brighton,Newcastle,1602.4995859250407,1614.2857606733994,-11.78617474835869,k30_ha75_nomov_carry100
2353,2526,2025-10-18,Man City,Everton,1720.888118370617,1581.9126468931997,138.97547147741716,k30_ha75_nomov_carry100
2354,2526,2025-10-18,Fulham,Arsenal,1535.7537427689626,1747.0562482760054,-211.30250550704272,k30_ha75_nomov_carry100
2355,2526,2025-10-18,Sunderland,Wolves,1523.376074123091,1444.9658855362284,78.41018858686266,k30_ha75_nomov_carry100
2356,2526,2025-10-18,Burnley,Leeds,1366.5085321509073,1413.0260096433285,-46.51747749242122,k30_ha75_nomov_carry100
2357,2526,2025-10-19,Tottenham,Aston Villa,1502.577828515035,1625.0776536366457,-122.49982512161068,k30_ha75_nomov_carry100
2358,2526,2025-10-19,Liverpool,Man United,1743.2443032765902,1520.0058016991359,223.23850157745437,k30_ha75_nomov_carry100
2359,2526,2025-10-20,West Ham,Brentford,1461.4339289890936,1546.3520870621903,-84.91815807309672,k30_ha75_nomov_carry100
2360,2526,2025-10-24,Leeds,West Ham,1399.2529516220582,1446.8620140157216,-47.60906239366341,k30_ha75_nomov_carry100
2361,2526,2025-10-25,Chelsea,Sunderland,1660.598209795941,1532.1521477617523,128.4460620341888,k30_ha75_nomov_carry100
2362,2526,2025-10-25,Newcastle,Fulham,1601.9851993553282,1526.3539938974093,75.6312054579189,k30_ha75_nomov_carry100
2363,2526,2025-10-25,Man United,Brighton,1545.4372830323737,1614.800147243112,-69.36286421073828,k30_ha75_nomov_carry100
2364,2526,2025-10-25,Brentford,Liverpool,1560.9240020355624,1717.8128219433524,-156.8888199077901,k30_ha75_nomov_carry100
2365,2526,2025-10-26,Bournemouth,Nott'm Forest,1595.402805388731,1512.1527330045014,83.2500723842295,k30_ha75_nomov_carry100
2366,2526,2025-10-26,Wolves,Burnley,1436.189811897567,1380.2815901721776,55.90822172538947,k30_ha75_nomov_carry100
2367,2526,2025-10-26,Arsenal,Crystal Palace,1756.4559971475587,1625.2029942651984,131.2530028823603,k30_ha75_nomov_carry100
2368,2526,2025-10-26,Aston Villa,Man City,1638.0396033609727,1727.664419689721,-89.62481632874824,k30_ha75_nomov_carry100
2369,2526,2025-10-26,Everton,Tottenham,1575.1363455740957,1489.615878790708,85.52046678338775,k30_ha75_nomov_carry100
2370,2526,2025-11-01,Burnley,Arsenal,1400.6802616582954,1763.468328397054,-362.7880667387585,k30_ha75_nomov_carry100
2371,2526,2025-11-01,Brighton,Leeds,1600.0435006048947,1413.07283371945,186.97066688544464,k30_ha75_nomov_carry100
2372,2526,2025-11-01,Nott'm Forest,Man United,1503.5486340050115,1560.193929670591,-56.6452956655794,k30_ha75_nomov_carry100
2373,2526,2025-11-01,Crystal Palace,Brentford,1618.1906630157032,1579.3953825479034,38.795280467799785,k30_ha75_nomov_carry100
2374,2526,2025-11-01,Fulham,Wolves,1517.4782694574267,1415.7911404114493,101.68712904597737,k30_ha75_nomov_carry100
2375,2526,2025-11-01,Liverpool,Aston Villa,1699.3414414310114,1653.670634779021,45.67080665199046,k30_ha75_nomov_carry100
2376,2526,2025-11-01,Tottenham,Chelsea,1511.0917553244872,1637.6977353277575,-126.60598000327036,k30_ha75_nomov_carry100
2377,2526,2025-11-02,West Ham,Newcastle,1433.0421319183297,1610.8609237953108,-177.8187918769811,k30_ha75_nomov_carry100
2378,2526,2025-11-02,Man City,Bournemouth,1712.0333882716727,1604.0069043882208,108.02648388345187,k30_ha75_nomov_carry100
2379,2526,2025-11-03,Sunderland,Everton,1555.0526222299359,1553.6604690403165,1.392153189619421,k30_ha75_nomov_carry100
2380,2526,2025-11-08,Everton,Fulham,1556.9064426838697,1525.4460912629947,31.460351420874986,k30_ha75_nomov_carry100
2381,2526,2025-11-08,Sunderland,Arsenal,1551.8066485863826,1768.2747298090696,-216.46808122268703,k30_ha75_nomov_carry100
2382,2526,2025-11-08,Tottenham,Man United,1498.3035228680271,1560.9856295719298,-62.68210670390272,k30_ha75_nomov_carry100
2383,2526,2025-11-08,Chelsea,Wolves,1650.4859677842176,1407.8233186058812,242.66264917833632,k30_ha75_nomov_carry100
2384,2526,2025-11-08,West Ham,Burnley,1452.3559722799262,1395.8738602462797,56.482112033646445,k30_ha75_nomov_carry100
2385,2526,2025-11-09,Aston Villa,Bournemouth,1643.6805644504868,1596.2507868501048,47.42977760038207,k30_ha75_nomov_carry100
2386,2526,2025-11-09,Brentford,Newcastle,1569.139865448544,1591.5470834337143,-22.40721798517029,k30_ha75_nomov_carry100
2387,2526,2025-11-09,Crystal Palace,Brighton,1628.4461801150626,1605.4804535359747,22.965726579087914,k30_ha75_nomov_carry100
2388,2526,2025-11-09,Nott'm Forest,Leeds,1502.7569341036726,1407.63588078837,95.12105331530256,k30_ha75_nomov_carry100
2389,2526,2025-11-09,Man City,Liverpool,1719.7895058097888,1709.3315117595455,10.457994050243315,k30_ha75_nomov_carry100
2390,2526,2025-11-22,Bournemouth,West Ham,1586.3280715111048,1461.9357462894181,124.39232522168663,k30_ha75_nomov_carry100
2391,2526,2025-11-22,Brighton,Brentford,1609.601336852122,1581.886438078962,27.714898773159803,k30_ha75_nomov_carry100
2392,2526,2025-11-22,Burnley,Chelsea,1386.2940862367877,1654.6380746811385,-268.34398844435077,k30_ha75_nomov_carry100
2393,2526,2025-11-22,Fulham,Sunderland,1514.903708544315,1557.5977558275774,-42.694047283262535,k30_ha75_nomov_carry100
2394,2526,2025-11-22,Newcastle,Man City,1578.8005108032962,1731.1726355706026,-152.37212476730633,k30_ha75_nomov_carry100
2395,2526,2025-11-22,Liverpool,Nott'm Forest,1697.9483819987317,1510.9478819099484,187.00050008878338,k30_ha75_nomov_carry100
2396,2526,2025-11-22,Wolves,Crystal Palace,1403.6712117089603,1624.3252967989154,-220.65408508995506,k30_ha75_nomov_carry100
2397,2526,2025-11-23,Leeds,Aston Villa,1399.4449329820943,1653.6032797894868,-254.1583468073925,k30_ha75_nomov_carry100
2398,2526,2025-11-23,Arsenal,Tottenham,1762.4836225678748,1497.7719393744453,264.7116831934295,k30_ha75_nomov_carry100
2399,2526,2025-11-24,Man United,Everton,1561.5172130655117,1567.4488254025496,-5.931612337037905,k30_ha75_nomov_carry100
2400,2526,2025-11-29,Brentford,Burnley,1571.1961636399467,1378.8745998157292,192.3215638242175,k30_ha75_nomov_carry100
2401,2526,2025-11-29,Man City,Leeds,1712.8863591032643,1391.5600751315028,321.32628397176154,k30_ha75_nomov_carry100
2402,2526,2025-11-29,Sunderland,Bournemouth,1543.9885100668587,1578.5548362849936,-34.56632621813492,k30_ha75_nomov_carry100
2403,2526,2025-11-29,Everton,Newcastle,1585.392077342435,1597.0867872706344,-11.694709928199472,k30_ha75_nomov_carry100
2404,2526,2025-11-29,Tottenham,Fulham,1494.053415710063,1528.5129543050336,-34.45953859497058,k30_ha75_nomov_carry100
2405,2526,2025-11-30,Nott'm Forest,Brighton,1535.5116934276089,1620.2916112911373,-84.77991786352845,k30_ha75_nomov_carry100
2406,2526,2025-11-30,West Ham,Liverpool,1469.7089815155293,1673.3845704810713,-203.67558896554192,k30_ha75_nomov_carry100
2407,2526,2025-11-30,Crystal Palace,Man United,1633.3811221467888,1543.5739611256263,89.80716102116253,k30_ha75_nomov_carry100
2408,2526,2025-11-30,Aston Villa,Wolves,1661.4881376400783,1394.6153863610868,266.8727512789915,k30_ha75_nomov_carry100
2409,2526,2025-11-30,Chelsea,Arsenal,1662.057561102197,1766.202146232257,-104.14458513006002,k30_ha75_nomov_carry100
2410,2526,2025-12-02,Bournemouth,Everton,1565.292659852589,1567.6888178775632,-2.3961580249742838,k30_ha75_nomov_carry100
2411,2526,2025-12-02,Fulham,Man City,1545.2553262204808,1715.6665194957282,-170.41119327524734,k30_ha75_nomov_carry100
2412,2526,2025-12-02,Newcastle,Tottenham,1614.7900467355062,1477.311043794616,137.47900294089027,k30_ha75_nomov_carry100
2413,2526,2025-12-03,Burnley,Crystal Palace,1373.5734223812144,1611.755474361928,-238.1820519807136,k30_ha75_nomov_carry100
2414,2526,2025-12-03,Brighton,Aston Villa,1634.8694897804844,1665.166325502826,-30.29683572234171,k30_ha75_nomov_carry100
2415,2526,2025-12-03,Arsenal,Brentford,1764.9468164127989,1576.4973410744615,188.44947533833738,k30_ha75_nomov_carry100
2416,2526,2025-12-03,Wolves,Nott'm Forest,1390.937198498339,1520.9338149382618,-129.99661643992272,k30_ha75_nomov_carry100
2417,2526,2025-12-03,Liverpool,Sunderland,1683.0699967801133,1557.2506864992633,125.81931028085,k30_ha75_nomov_carry100
2418,2526,2025-12-03,Leeds,Chelsea,1388.779914739039,1663.3128909216553,-274.53297618261627,k30_ha75_nomov_carry100
2419,2526,2025-12-04,Man United,West Ham,1565.199608910487,1460.0235552164872,105.17605369399985,k30_ha75_nomov_carry100
2420,2526,2025-12-06,Aston Villa,Arsenal,1682.0857360018208,1770.345976926846,-88.2602409250253,k30_ha75_nomov_carry100
2421,2526,2025-12-06,Bournemouth,Chelsea,1547.202944289581,1640.5352149624239,-93.33227067284292,k30_ha75_nomov_carry100
2422,2526,2025-12-06,Everton,Nott'm Forest,1585.7785334405712,1533.5790548477398,52.19947859283138,k30_ha75_nomov_carry100
2423,2526,2025-12-06,Man City,Sunderland,1726.6478048843435,1565.068889014587,161.57891586975643,k30_ha75_nomov_carry100
2424,2526,2025-12-06,Newcastle,Burnley,1606.6116430472246,1365.1424811249674,241.46916192225717,k30_ha75_nomov_carry100
2425,2526,2025-12-06,Tottenham,Brentford,1485.4894474828975,1571.0981805604142,-85.60873307751672,k30_ha75_nomov_carry100
2426,2526,2025-12-06,Leeds,Liverpool,1411.5575906982704,1675.2517942647896,-263.69420356651926,k30_ha75_nomov_carry100
2427,2526,2025-12-07,Brighton,West Ham,1617.9500792814897,1467.1727018750578,150.77737740643192,k30_ha75_nomov_carry100
2428,2526,2025-12-07,Fulham,Crystal Palace,1534.2740408318655,1620.186415618175,-85.91237478630956,k30_ha75_nomov_carry100
2429,2526,2025-12-08,Wolves,Man United,1378.291958588861,1558.0504622519165,-179.75850366305554,k30_ha75_nomov_carry100
2430,2526,2025-12-13,Chelsea,Everton,1639.7444809053154,1595.5197722228181,44.224708682497294,k30_ha75_nomov_carry100
2431,2526,2025-12-13,Liverpool,Brighton,1667.8217667037736,1609.3766503548202,58.445116348953434,k30_ha75_nomov_carry100
2432,2526,2025-12-13,Burnley,Fulham,1360.9657351510155,1519.745011064736,-158.77927591372054,k30_ha75_nomov_carry100
2433,2526,2025-12-13,Arsenal,Wolves,1754.773764116857,1367.6824928280807,387.09127128877617,k30_ha75_nomov_carry100
2434,2526,2025-12-14,Crystal Palace,Man City,1634.7154453853045,1732.7659611207787,-98.05051573547416,k30_ha75_nomov_carry100
2435,2526,2025-12-14,West Ham,Aston Villa,1475.7461308017273,1697.65794881181,-221.9118180100827,k30_ha75_nomov_carry100
2436,2526,2025-12-14,Sunderland,Newcastle,1558.9507327781516,1610.7883890211765,-51.83765624302487,k30_ha75_nomov_carry100
2437,2526,2025-12-14,Brentford,Leeds,1555.6403070263636,1418.9876182592864,136.65268876707728,k30_ha75_nomov_carry100
2438,2526,2025-12-14,Nott'm Forest,Tottenham,1523.837816065493,1500.947321016948,22.890495048544835,k30_ha75_nomov_carry100
2439,2526,2025-12-15,Man United,Bournemouth,1568.6599280126968,1547.9936783466894,20.66624966600739,k30_ha75_nomov_carry100
2440,2526,2025-12-20,Newcastle,Chelsea,1596.7869089389394,1649.7900966100954,-53.003187671155956,k30_ha75_nomov_carry100
2441,2526,2025-12-20,Bournemouth,Burnley,1552.0226122194297,1349.5142640532965,202.50834816613315,k30_ha75_nomov_carry100
2442,2526,2025-12-20,Brighton,Sunderland,1599.8704091509446,1572.9522128603887,26.918196290555898,k30_ha75_nomov_carry100
2443,2526,2025-12-20,Man City,West Ham,1746.7722479153022,1466.7360131884075,280.0362347268947,k30_ha75_nomov_carry100
2444,2526,2025-12-20,Wolves,Brentford,1365.7212533226202,1547.4870055440704,-181.76575222145016,k30_ha75_nomov_carry100
2445,2526,2025-12-20,Tottenham,Liverpool,1490.0652012886828,1677.3280079076492,-187.26280661896635,k30_ha75_nomov_carry100
2446,2526,2025-12-20,Everton,Arsenal,1585.4741565180382,1756.7350036223174,-171.26084710427926,k30_ha75_nomov_carry100
2447,2526,2025-12-20,Leeds,Crystal Palace,1427.1409197415796,1620.709158590781,-193.5682388492014,k30_ha75_nomov_carry100
2448,2526,2025-12-21,Aston Villa,Man United,1706.6680664251298,1564.6309941399566,142.03707228517328,k30_ha75_nomov_carry100
2449,2526,2025-12-22,Fulham,Nott'm Forest,1531.196482162455,1534.7199357937582,-3.523453631303255,k30_ha75_nomov_carry100
2450,2526,2025-12-26,Man United,Newcastle,1557.9466959987537,1595.838497076667,-37.891801077913215,k30_ha75_nomov_carry100
2451,2526,2025-12-27,West Ham,Fulham,1463.2954588620637,1543.1534019185042,-79.85794305644049,k30_ha75_nomov_carry100
2452,2526,2025-12-27,Chelsea,Aston Villa,1650.7385084723678,1713.3523645663327,-62.61385609396484,k30_ha75_nomov_carry100
2453,2526,2025-12-27,Nott'm Forest,Man City,1522.763016037709,1750.212802241646,-227.44978620393704,k30_ha75_nomov_carry100
2454,2526,2025-12-27,Arsenal,Brighton,1767.682261867907,1595.592261329072,172.09000053883506,k30_ha75_nomov_carry100
2455,2526,2025-12-27,Brentford,Bournemouth,1558.0173706140295,1542.072692500247,15.944678113782402,k30_ha75_nomov_carry100
2456,2526,2025-12-27,Burnley,Everton,1359.4641837724791,1574.5268982724485,-215.0627144999694,k30_ha75_nomov_carry100
2457,2526,2025-12-27,Liverpool,Wolves,1687.6431508242322,1355.1908882526611,332.45226257157105,k30_ha75_nomov_carry100
2458,2526,2025-12-28,Sunderland,Leeds,1577.2303606822613,1447.07003814048,130.1603225417814,k30_ha75_nomov_carry100
2459,2526,2025-12-28,Crystal Palace,Tottenham,1600.7800401918807,1479.7500583720998,121.02998181978091,k30_ha75_nomov_carry100
2460,2526,2025-12-30,Burnley,Newcastle,1365.2035797061155,1582.4345225220654,-217.2309428159499,k30_ha75_nomov_carry100
2461,2526,2025-12-30,Chelsea,Bournemouth,1635.2039820843177,1530.9118047783563,104.29217730596133,k30_ha75_nomov_carry100
2462,2526,2025-12-30,Nott'm Forest,Everton,1513.9525778252748,1568.7875023388121,-54.83492451353732,k30_ha75_nomov_carry100
2463,2526,2025-12-30,West Ham,Brighton,1448.5051794563583,1589.7635255983503,-141.25834614199198,k30_ha75_nomov_carry100
2464,2526,2025-12-30,Arsenal,Aston Villa,1773.5109975986288,1728.8868909543828,44.62410664424601,k30_ha75_nomov_carry100
2465,2526,2025-12-30,Man United,Wolves,1571.3506705533553,1352.5681257440724,218.78254480928285,k30_ha75_nomov_carry100
2466,2526,2026-01-01,Crystal Palace,Fulham,1578.1135174027083,1557.9436813242096,20.169836078498747,k30_ha75_nomov_carry100
2467,2526,2026-01-01,Liverpool,Leeds,1690.265913332821,1455.0238527785884,235.24206055423247,k30_ha75_nomov_carry100
2468,2526,2026-01-01,Brentford,Tottenham,1569.1782583359202,1502.4165811612722,66.76167717464796,k30_ha75_nomov_carry100
2469,2526,2026-01-01,Sunderland,Man City,1569.2765460441528,1759.02324045408,-189.74669440992716,k30_ha75_nomov_carry100
2470,2526,2026-01-03,Aston Villa,Nott'm Forest,1718.8566316745469,1498.0829577856332,220.77367388891366,k30_ha75_nomov_carry100
2471,2526,2026-01-03,Brighton,Burnley,1586.937104849777,1356.0226894298291,230.91441541994777,k30_ha75_nomov_carry100
2472,2526,2026-01-03,Wolves,West Ham,1362.8993790127415,1451.3316002049316,-88.43222119219013,k30_ha75_nomov_carry100
2473,2526,2026-01-03,Bournemouth,Arsenal,1538.031423996642,1783.5412568784648,-245.50983288182283,k30_ha75_nomov_carry100
2474,2526,2026-01-04,Tottenham,Sunderland,1508.218471108682,1574.0579632722727,-65.83949216359065,k30_ha75_nomov_carry100
2475,2526,2026-01-04,Fulham,Liverpool,1561.9527218527494,1679.5732088601835,-117.62048700743412,k30_ha75_nomov_carry100
2476,2526,2026-01-04,Leeds,Man United,1465.7165572512258,1561.0194172846861,-95.30286003346032,k30_ha75_nomov_carry100
2477,2526,2026-01-04,Everton,Brentford,1584.6571223784538,1563.3763683885104,21.280753989943378,k30_ha75_nomov_carry100
2478,2526,2026-01-04,Newcastle,Crystal Palace,1591.6154127983518,1574.1044768741685,17.510935924183286,k30_ha75_nomov_carry100
2479,2526,2026-01-04,Man City,Chelsea,1754.2418232259602,1628.084362866032,126.15746035992811,k30_ha75_nomov_carry100
2480,2526,2026-01-06,West Ham,Nott'm Forest,1435.7519733556428,1493.4592175552912,-57.70724419964836,k30_ha75_nomov_carry100
2481,2526,2026-01-07,Bournemouth,Tottenham,1529.8537956957402,1507.8230718127877,22.030723882952543,k30_ha75_nomov_carry100
2482,2526,2026-01-07,Brentford,Sunderland,1582.4299068412115,1574.453362568167,7.97654427304451,k30_ha75_nomov_carry100
2483,2526,2026-01-07,Crystal Palace,Aston Villa,1563.0067071378219,1723.480371904889,-160.47366476706702,k30_ha75_nomov_carry100
2484,2526,2026-01-07,Everton,Wolves,1565.6035839257527,1378.4790058620304,187.1245780637223,k30_ha75_nomov_carry100
2485,2526,2026-01-07,Fulham,Chelsea,1563.7836213997025,1635.9131930530302,-72.12957165332773,k30_ha75_nomov_carry100
2486,2526,2026-01-07,Man City,Brighton,1746.412993038962,1591.3371156589717,155.0758773799903,k30_ha75_nomov_carry100
2487,2526,2026-01-07,Burnley,Man United,1351.6226786206344,1560.143868738325,-208.5211901176906,k30_ha75_nomov_carry100
2488,2526,2026-01-07,Newcastle,Leeds,1602.7131825346985,1466.592105797587,136.12107673711148,k30_ha75_nomov_carry100
2489,2526,2026-01-08,Arsenal,Liverpool,1791.7188851793665,1677.7423093132304,113.97657586613605,k30_ha75_nomov_carry100
2490,2526,2026-01-17,Liverpool,Burnley,1685.1815330178054,1357.11928099375,328.0622520240554,k30_ha75_nomov_carry100
2491,2526,2026-01-17,Man United,Man City,1554.6472663652094,1737.7154928571658,-183.06822649195647,k30_ha75_nomov_carry100
2492,2526,2026-01-17,Leeds,Fulham,1459.7292233352098,1578.6596978656946,-118.93047453048484,k30_ha75_nomov_carry100
2493,2526,2026-01-17,Tottenham,West Ham,1496.906606982936,1420.0060009724878,76.9006060104482,k30_ha75_nomov_carry100
2494,2526,2026-01-17,Sunderland,Crystal Palace,1562.9691564780273,1566.6242145934016,-3.6550581153742314,k30_ha75_nomov_carry100
2495,2526,2026-01-17,Nott'm Forest,Arsenal,1509.2051899384462,1784.2796614747915,-275.0744715363453,k30_ha75_nomov_carry100
2496,2526,2026-01-17,Chelsea,Brentford,1621.037116587038,1593.9141129313512,27.123003655686944,k30_ha75_nomov_carry100
2497,2526,2026-01-18,Wolves,Newcastle,1388.0459958671809,1609.5760649970757,-221.53006912989485,k30_ha75_nomov_carry100
2498,2526,2026-01-18,Aston Villa,Everton,1719.8628644493092,1556.0365939206022,163.82627052870703,k30_ha75_nomov_carry100
2499,2526,2026-01-19,Brighton,Bournemouth,1600.0346158407679,1540.770260525592,59.26435531517586,k30_ha75_nomov_carry100
2500,2526,2026-01-24,West Ham,Sunderland,1441.1758770180313,1574.9315246277372,-133.75564760970587,k30_ha75_nomov_carry100
2501,2526,2026-01-24,Fulham,Brighton,1561.7731101216339,1594.5102585689012,-32.73714844726737,k30_ha75_nomov_carry100
2502,2526,2026-01-24,Bournemouth,Liverpool,1546.2946177974586,1672.8654146374163,-126.57079683995767,k30_ha75_nomov_carry100
2503,2526,2026-01-24,Man City,Wolves,1718.1946758463364,1394.0220188963078,324.17265695002857,k30_ha75_nomov_carry100
2504,2526,2026-01-24,Burnley,Tottenham,1369.435399374139,1475.7367309373924,-106.30133156325337,k30_ha75_nomov_carry100
2505,2526,2026-01-25,Brentford,Nott'm Forest,1583.200382362159,1516.9999449741479,66.2004373880111,k30_ha75_nomov_carry100
2506,2526,2026-01-25,Crystal Palace,Chelsea,1554.6618464436917,1631.7508471562303,-77.08900071253856,k30_ha75_nomov_carry100
2507,2526,2026-01-25,Newcastle,Aston Villa,1603.6000419679488,1695.9182541399414,-92.31821217199263,k30_ha75_nomov_carry100
2508,2526,2026-01-25,Arsenal,Man United,1776.4849064390899,1574.1680833760388,202.31682306305106,k30_ha75_nomov_carry100
2509,2526,2026-01-26,Everton,Leeds,1579.98120422997,1476.6158110792705,103.36539315069945,k30_ha75_nomov_carry100
2510,2526,2026-01-31,Brighton,Everton,1581.3259458865234,1572.8926225359512,8.43332335057221,k30_ha75_nomov_carry100
2511,2526,2026-01-31,Liverpool,Newcastle,1655.6551330699072,1589.3471106688482,66.3080224010589,k30_ha75_nomov_carry100
2512,2526,2026-01-31,Leeds,Arsenal,1483.7043927732893,1751.539618909986,-267.83522613669675,k30_ha75_nomov_carry100
2513,2526,2026-01-31,Chelsea,West Ham,1646.6606588324237,1458.688653497,187.97200533542377,k30_ha75_nomov_carry100
2514,2526,2026-01-31,Wolves,Bournemouth,1391.282915117287,1563.5048993649677,-172.22198424768067,k30_ha75_nomov_carry100
2515,2526,2026-02-01,Aston Villa,Brentford,1710.171185439042,1562.4191108332525,147.7520746057894,k30_ha75_nomov_carry100
2516,2526,2026-02-01,Man United,Fulham,1599.1133709051426,1574.9574228040117,24.15594810113089,k30_ha75_nomov_carry100
2517,2526,2026-02-01,Nott'm Forest,Crystal Palace,1537.7812165030543,1539.7520347674983,-1.9708182644440058,k30_ha75_nomov_carry100
2518,2526,2026-02-01,Tottenham,Man City,1474.3889882381854,1720.9337796253571,-246.5447913871717,k30_ha75_nomov_carry100
2519,2526,2026-02-02,Sunderland,Burnley,1557.4187481487686,1370.783142073346,186.63560607542263,k30_ha75_nomov_carry100
2520,2526,2026-02-06,Leeds,Nott'm Forest,1476.2685390075153,1534.6739211137995,-58.40538210628415,k30_ha75_nomov_carry100
2521,2526,2026-02-07,Man United,Tottenham,1609.9450247630793,1481.2467513098063,128.69827345327303,k30_ha75_nomov_carry100
2522,2526,2026-02-07,Burnley,West Ham,1365.337597763726,1453.277313226476,-87.93971546274997,k30_ha75_nomov_carry100
2523,2526,2026-02-07,Arsenal,Sunderland,1758.97547267576,1562.8642924583885,196.1111802173716,k30_ha75_nomov_carry100
2524,2526,2026-02-07,Fulham,Everton,1564.125768946075,1576.4270480351622,-12.301279089087302,k30_ha75_nomov_carry100
2525,2526,2026-02-07,Newcastle,Brentford,1580.1323365697112,1585.904158301073,-5.771821731361797,k30_ha75_nomov_carry100
2526,2526,2026-02-07,Wolves,Chelsea,1380.3740945421182,1652.0719991029475,-271.69790456082933,k30_ha75_nomov_carry100
2527,2526,2026-02-07,Bournemouth,Aston Villa,1574.4137199401366,1686.6861379712213,-112.27241803108473,k30_ha75_nomov_carry100
2528,2526,2026-02-08,Brighton,Crystal Palace,1577.7915203873124,1542.8593301567532,34.93219023055917,k30_ha75_nomov_carry100
2529,2526,2026-02-08,Liverpool,Man City,1664.8699071690442,1714.0760165537363,-49.20610938469213,k30_ha75_nomov_carry100
2530,2526,2026-02-10,Tottenham,Newcastle,1474.1550909260131,1562.1824521214712,-88.02736119545807,k30_ha75_nomov_carry100
2531,2526,2026-02-10,West Ham,Man United,1467.7189189576636,1617.0366851468725,-149.3177661892089,k30_ha75_nomov_carry100
2532,2526,2026-02-10,Chelsea,Leeds,1659.3841935279029,1490.5526360796068,168.83155744829605,k30_ha75_nomov_carry100
2533,2526,2026-02-10,Everton,Bournemouth,1594.1049623868064,1576.0167546742257,18.088207712580697,k30_ha75_nomov_carry100
2534,2526,2026-02-11,Aston Villa,Brighton,1685.0831032371323,1558.197658206542,126.88544503059029,k30_ha75_nomov_carry100
2535,2526,2026-02-11,Crystal Palace,Burnley,1562.4531923375237,1350.8959920325385,211.55720030498514,k30_ha75_nomov_carry100
2536,2526,2026-02-11,Man City,Fulham,1730.1875868672728,1546.4478545944307,183.73973227284205,k30_ha75_nomov_carry100
2537,2526,2026-02-11,Nott'm Forest,Wolves,1520.389824041708,1373.0619001171628,147.32792392454508,k30_ha75_nomov_carry100
2538,2526,2026-02-11,Sunderland,Liverpool,1557.6576535943234,1648.7583368555077,-91.10068326118426,k30_ha75_nomov_carry100
2539,2526,2026-02-12,Brentford,Arsenal,1603.854042749313,1764.1821115398252,-160.32806879051213,k30_ha75_nomov_carry100
2540,2526,2026-02-18,Wolves,Arsenal,1381.5344864641047,1760.5705249688276,-379.0360385047229,k30_ha75_nomov_carry100
2541,2526,2026-02-21,Aston Villa,Leeds,1692.2314299508728,1499.635306613562,192.5961233373107,k30_ha75_nomov_carry100
2542,2526,2026-02-21,West Ham,Bournemouth,1470.8794185593938,1594.9422109931838,-124.06279243379004,k30_ha75_nomov_carry100
2543,2526,2026-02-21,Chelsea,Burnley,1650.3015229939476,1376.060922406745,274.2406005872026,k30_ha75_nomov_carry100
2544,2526,2026-02-21,Man City,Newcastle,1735.7078254701119,1576.6202791615813,159.0875463085306,k30_ha75_nomov_carry100
2545,2526,2026-02-21,Brentford,Brighton,1607.4656293203107,1551.0493314928015,56.4162978275092,k30_ha75_nomov_carry100
2546,2526,2026-02-22,Crystal Palace,Wolves,1537.2882619633172,1392.0937217834285,145.1945401798887,k30_ha75_nomov_carry100
2547,2526,2026-02-22,Nott'm Forest,Liverpool,1511.917237694766,1663.063711654337,-151.14647395957104,k30_ha75_nomov_carry100
2548,2526,2026-02-22,Sunderland,Fulham,1543.352278795494,1540.9276159915917,2.4246628039022653,k30_ha75_nomov_carry100
2549,2526,2026-02-22,Tottenham,Arsenal,1459.717263885903,1750.0112896495039,-290.29402576360076,k30_ha75_nomov_carry100
2550,2526,2026-02-23,Everton,Man United,1575.1795060678483,1613.8761855451423,-38.69667947729408,k30_ha75_nomov_carry100
2551,2526,2026-02-27,Wolves,Aston Villa,1385.5033707127654,1682.5257129677602,-297.0223422549948,k30_ha75_nomov_carry100
2552,2526,2026-02-28,Bournemouth,Sunderland,1592.8379686008848,1525.0638430224044,67.77412557848038,k30_ha75_nomov_carry100
2553,2526,2026-02-28,Burnley,Brentford,1387.5174335516072,1587.047873913783,-199.5304403621758,k30_ha75_nomov_carry100
2554,2526,2026-02-28,Liverpool,West Ham,1674.8278496828577,1472.9836609516929,201.84418873116488,k30_ha75_nomov_carry100
2555,2526,2026-02-28,Newcastle,Everton,1570.4319771595733,1558.6178450163409,11.814132143232428,k30_ha75_nomov_carry100
2556,2526,2026-02-28,Leeds,Man City,1509.3410235966746,1741.8961274721198,-232.55510387544518,k30_ha75_nomov_carry100
2557,2526,2026-03-01,Brighton,Nott'm Forest,1571.4670868993292,1500.1530996662455,71.31398723308371,k30_ha75_nomov_carry100
2558,2526,2026-03-01,Fulham,Tottenham,1559.2160517646812,1452.9806956070172,106.235356157664,k30_ha75_nomov_carry100
2559,2526,2026-03-01,Man United,Crystal Palace,1630.4378465966497,1543.8786130339802,86.55923356266953,k30_ha75_nomov_carry100
2560,2526,2026-03-01,Arsenal,Chelsea,1756.7478579283897,1638.8450118490855,117.90284607930425,k30_ha75_nomov_carry100
2561,2526,2026-03-03,Bournemouth,Brentford,1586.9989492239306,1596.8904522472094,-9.891503023278801,k30_ha75_nomov_carry100
2562,2526,2026-03-03,Everton,Burnley,1577.289808196546,1377.6748552181807,199.61495297836518,k30_ha75_nomov_carry100
2563,2526,2026-03-03,Leeds,Sunderland,1500.712354575614,1530.9028623993586,-30.19050782374461,k30_ha75_nomov_carry100
2564,2526,2026-03-03,Wolves,Liverpool,1408.9669687191279,1679.894007693933,-270.9270389748051,k30_ha75_nomov_carry100
2565,2526,2026-03-04,Fulham,West Ham,1567.031611477588,1467.9175029406176,99.11410853697043,k30_ha75_nomov_carry100
2566,2526,2026-03-04,Aston Villa,Chelsea,1659.0621149613978,1631.4113348724366,27.650780088961255,k30_ha75_nomov_carry100
2567,2526,2026-03-04,Man City,Nott'm Forest,1750.5247964931805,1491.1212724808986,259.4035240122819,k30_ha75_nomov_carry100
2568,2526,2026-03-04,Newcastle,Man United,1551.7600139793683,1638.925528951227,-87.16551497185878,k30_ha75_nomov_carry100
2569,2526,2026-03-04,Brighton,Arsenal,1580.498914084676,1764.1815349050387,-183.68262082036267,k30_ha75_nomov_carry100
2570,2526,2026-03-05,Tottenham,Crystal Palace,1445.1651358941103,1535.3909306794028,-90.22579478529246,k30_ha75_nomov_carry100
2571,2526,2026-03-14,Arsenal,Everton,1774.6366146666671,1582.410228948847,192.22638571782022,k30_ha75_nomov_carry100
2572,2526,2026-03-14,Chelsea,Newcastle,1650.7185205895325,1567.2850269324547,83.43349365707786,k30_ha75_nomov_carry100
2573,2526,2026-03-14,Burnley,Bournemouth,1372.5544344658797,1584.2204385761768,-211.66600411029708,k30_ha75_nomov_carry100
2574,2526,2026-03-14,Sunderland,Brighton,1547.8267881004851,1570.0438343230476,-22.21704622256243,k30_ha75_nomov_carry100
2575,2526,2026-03-14,West Ham,Man City,1489.862709582372,1739.3440095501949,-249.4812999678229,k30_ha75_nomov_carry100
2576,2526,2026-03-15,Crystal Palace,Leeds,1549.7340007654277,1483.7884288744874,65.9455718909403,k30_ha75_nomov_carry100
2577,2526,2026-03-15,Man United,Aston Villa,1623.4005159981407,1639.7549292443018,-16.35441324616113,k30_ha75_nomov_carry100
2578,2526,2026-03-15,Nott'm Forest,Fulham,1502.3020594238842,1545.0864048358337,-42.784345411949516,k30_ha75_nomov_carry100
2579,2526,2026-03-15,Liverpool,Tottenham,1657.230768814541,1430.8220658080854,226.40870300645565,k30_ha75_nomov_carry100
2580,2526,2026-03-16,Brentford,Wolves,1599.6689628949632,1431.6302075985197,168.03875529644347,k30_ha75_nomov_carry100
2581,2526,2026-03-20,Bournemouth,Man United,1578.606686750769,1635.8923581287438,-57.28567137797472,k30_ha75_nomov_carry100
2582,2526,2026-03-21,Everton,Chelsea,1577.1066598676823,1629.3161418666207,-52.20948199893837,k30_ha75_nomov_carry100
2583,2526,2026-03-21,Leeds,Brentford,1489.5603288549262,1590.6080008392885,-101.0476719843623,k30_ha75_nomov_carry100
2584,2526,2026-03-21,Brighton,Liverpool,1587.3052861103058,1646.7290596484295,-59.42377353812367,k30_ha75_nomov_carry100
2585,2526,2026-03-21,Fulham,Burnley,1546.4732940115227,1378.1681862912874,168.30510772023536,k30_ha75_nomov_carry100
2586,2526,2026-03-22,Aston Villa,West Ham,1627.2630871136987,1496.8203644778052,130.44272263589346,k30_ha75_nomov_carry100
2587,2526,2026-03-22,Tottenham,Nott'm Forest,1441.323774974197,1500.9151702481952,-59.59139527399816,k30_ha75_nomov_carry100
2588,2526,2026-03-22,Newcastle,Sunderland,1588.6874056553665,1530.565336313227,58.12206934213964,k30_ha75_nomov_carry100
2589,2526,2026-04-10,West Ham,Wolves,1489.7829394562505,1440.6911696541945,49.09176980205598,k30_ha75_nomov_carry100
2590,2526,2026-04-11,Arsenal,Bournemouth,1779.9401837478317,1577.842559724771,202.0976240230607,k30_ha75_nomov_carry100
2591,2526,2026-04-11,Brentford,Everton,1589.4855346633685,1591.1241229551042,-1.6385882917356867,k30_ha75_nomov_carry100
2592,2526,2026-04-11,Burnley,Brighton,1372.2364482825508,1601.6332565353605,-229.3968082528097,k30_ha75_nomov_carry100
2593,2526,2026-04-11,Liverpool,Fulham,1632.4010892233748,1552.4050320202593,79.99605720311547,k30_ha75_nomov_carry100
2594,2526,2026-04-12,Nott'm Forest,Aston Villa,1516.5799773813703,1634.3005121352535,-117.72053475388316,k30_ha75_nomov_carry100
2595,2526,2026-04-12,Crystal Palace,Newcastle,1543.962100784989,1568.205727178425,-24.24362639343599,k30_ha75_nomov_carry100
2596,2526,2026-04-12,Chelsea,Man City,1615.2986787791988,1732.3863546547616,-117.08767587556281,k30_ha75_nomov_carry100
2597,2526,2026-04-12,Sunderland,Tottenham,1551.0470147901685,1425.6589678410219,125.38804694914666,k30_ha75_nomov_carry100
2598,2526,2026-04-13,Man United,Leeds,1636.6564851547419,1490.6827950308461,145.97369012389572,k30_ha75_nomov_carry100
2599,2526,2026-04-18,Tottenham,Brighton,1418.463600588922,1610.374109503971,-191.91050891504915,k30_ha75_nomov_carry100
2600,2526,2026-04-18,Chelsea,Man United,1602.1069135135976,1613.2237999362198,-11.116886422622201,k30_ha75_nomov_carry100
2601,2526,2026-04-18,Brentford,Fulham,1586.3645139907376,1543.6855305566064,42.67898343413117,k30_ha75_nomov_carry100
2602,2526,2026-04-18,Leeds,Wolves,1514.1154802493681,1430.8318840644063,83.28359618496188,k30_ha75_nomov_carry100
2603,2526,2026-04-18,Newcastle,Bournemouth,1555.3815988946867,1602.7825415903073,-47.40094269562064,k30_ha75_nomov_carry100
2604,2526,2026-04-19,Aston Villa,Sunderland,1632.465357682837,1558.2423820422684,74.22297564056862,k30_ha75_nomov_carry100
2605,2526,2026-04-19,Everton,Liverpool,1594.2451436277352,1641.1205906870277,-46.87544705929258,k30_ha75_nomov_carry100
2606,2526,2026-04-19,Nott'm Forest,Burnley,1518.4151318337867,1363.4955953139402,154.9195365198466,k30_ha75_nomov_carry100
2607,2526,2026-04-19,Man City,Arsenal,1745.5781199203627,1755.0002018822954,-9.42208196193269,k30_ha75_nomov_carry100
2608,2526,2026-04-20,Crystal Palace,West Ham,1556.7862290687272,1499.6422250460387,57.14400402268848,k30_ha75_nomov_carry100
2609,2526,2026-04-21,Brighton,Chelsea,1605.5089324787805,1584.3795248809415,21.129407597838963,k30_ha75_nomov_carry100
2610,2526,2026-04-22,Bournemouth,Leeds,1618.9715887048494,1522.7183951013571,96.25319360349226,k30_ha75_nomov_carry100
2611,2526,2026-04-22,Burnley,Man City,1357.188613869677,1757.7800430233392,-400.59142915366215,k30_ha75_nomov_carry100
2612,2526,2026-04-24,Sunderland,Nott'm Forest,1549.3159105845582,1524.7221132780498,24.59379730650835,k30_ha75_nomov_carry100
2613,2526,2026-04-25,Liverpool,Crystal Palace,1657.3321799907126,1551.3411752926181,105.99100469809446,k30_ha75_nomov_carry100
2614,2526,2026-04-25,Wolves,Tottenham,1422.2289692124173,1423.3287776141126,-1.0998084016953271,k30_ha75_nomov_carry100
2615,2526,2026-04-25,Fulham,Aston Villa,1548.5803736753235,1641.3918291405473,-92.81145546522384,k30_ha75_nomov_carry100
2616,2526,2026-04-25,Arsenal,Newcastle,1742.798278779319,1539.1925517801446,203.6057269991743,k30_ha75_nomov_carry100
2617,2526,2026-04-25,West Ham,Everton,1505.0872788221477,1578.0335543240503,-72.94627550190262,k30_ha75_nomov_carry100
2618,2526,2026-04-27,Man United,Brentford,1630.951188568876,1581.4696708720205,49.48151769685546,k30_ha75_nomov_carry100
2619,2526,2026-05-01,Leeds,Burnley,1529.5661964448839,1353.1971090955694,176.36908734931444,k30_ha75_nomov_carry100
2620,2526,2026-05-02,Brentford,West Ham,1571.625229982176,1519.9986134408114,51.62661654136468,k30_ha75_nomov_carry100
2621,2526,2026-05-02,Newcastle,Brighton,1534.168947236696,1616.4614517156126,-82.2925044789165,k30_ha75_nomov_carry100
2622,2526,2026-05-02,Wolves,Sunderland,1404.0857017603885,1530.1301268658565,-126.04442510546801,k30_ha75_nomov_carry100
2623,2526,2026-05-02,Arsenal,Fulham,1747.8218833227675,1564.348683062648,183.47320026011948,k30_ha75_nomov_carry100
2624,2526,2026-05-03,Man United,Liverpool,1640.7956294587204,1665.1558718312992,-24.360242372578796,k30_ha75_nomov_carry100
2625,2526,2026-05-03,Aston Villa,Tottenham,1625.6235197532228,1441.4720450661414,184.15147468708142,k30_ha75_nomov_carry100
2626,2526,2026-05-03,Bournemouth,Crystal Palace,1612.1237873613227,1543.5174834520315,68.60630390929123,k30_ha75_nomov_carry100
2627,2526,2026-05-04,Chelsea,Nott'm Forest,1573.4270056441094,1543.9078969967516,29.519108647357825,k30_ha75_nomov_carry100
2628,2526,2026-05-04,Everton,Man City,1563.1222197053867,1761.7715477974468,-198.64932809206016,k30_ha75_nomov_carry100
2629,2526,2026-05-09,Liverpool,Chelsea,1652.3268145310085,1554.0459233320541,98.28089119895435,k30_ha75_nomov_carry100
2630,2526,2026-05-09,Brighton,Wolves,1601.1466552161983,1406.2737465123876,194.8729087038107,k30_ha75_nomov_carry100
2631,2526,2026-05-09,Fulham,Bournemouth,1558.821529982232,1621.2543125693462,-62.43278258711416,k30_ha75_nomov_carry100
2632,2526,2026-05-09,Sunderland,Man United,1527.9420821138574,1653.6246867590112,-125.68260464515379,k30_ha75_nomov_carry100
2633,2526,2026-05-09,Man City,Brentford,1756.6476989240266,1581.3881738896325,175.25952503439407,k30_ha75_nomov_carry100
2634,2526,2026-05-10,Burnley,Aston Villa,1347.4831832660348,1601.133089945276,-253.6499066792412,k30_ha75_nomov_carry100
2635,2526,2026-05-10,Crystal Palace,Everton,1534.386958244008,1568.246068578807,-33.85911033479897,k30_ha75_nomov_carry100
2636,2526,2026-05-10,Nott'm Forest,Newcastle,1563.2889793088068,1549.4837437361105,13.805235572696347,k30_ha75_nomov_carry100
2637,2526,2026-05-10,West Ham,Arsenal,1510.235669533355,1753.3490364031834,-243.1133668698285,k30_ha75_nomov_carry100
2638,2526,2026-05-11,Tottenham,Leeds,1465.9624748740882,1535.2801222744185,-69.31764740033032,k30_ha75_nomov_carry100
2639,2526,2026-05-13,Man City,Crystal Palace,1762.3912277757038,1532.619018680479,229.77220909522475,k30_ha75_nomov_carry100
2640,2526,2026-05-15,Aston Villa,Liverpool,1594.0349716985784,1645.4099002047426,-51.374928506164224,k30_ha75_nomov_carry100
2641,2526,2026-05-17,Leeds,Brighton,1535.5254272848817,1606.3840375648992,-70.8586102800175,k30_ha75_nomov_carry100
2642,2526,2026-05-17,Wolves,Fulham,1401.0363641636866,1543.2791960954046,-142.242831931718,k30_ha75_nomov_carry100
2643,2526,2026-05-17,Man United,Nott'm Forest,1651.451932985401,1559.5363187727148,91.91561421268625,k30_ha75_nomov_carry100
2644,2526,2026-05-17,Brentford,Crystal Palace,1575.6446450379553,1528.1942632345736,47.45038180338179,k30_ha75_nomov_carry100
2645,2526,2026-05-17,Everton,Sunderland,1570.0140081423358,1530.1148358874675,39.89917225486829,k30_ha75_nomov_carry100
2646,2526,2026-05-17,Newcastle,West Ham,1553.2364042722024,1501.9757236267883,51.26068064541414,k30_ha75_nomov_carry100
2647,2526,2026-05-18,Arsenal,Burnley,1761.60898230975,1354.5813015127324,407.02768079701764,k30_ha75_nomov_carry100
2648,2526,2026-05-19,Bournemouth,Man City,1636.7966464561737,1766.8159832216093,-130.01933676543558,k30_ha75_nomov_carry100
2649,2526,2026-05-19,Chelsea,Tottenham,1560.96283765832,1465.717169863625,95.24566779469501,k30_ha75_nomov_carry100
2650,2526,2026-05-24,Liverpool,Brentford,1631.4283073833512,1570.5665727563787,60.86173462697252,k30_ha75_nomov_carry100
2651,2526,2026-05-24,Brighton,Man United,1591.5628272641698,1659.7532132265706,-68.1903859624008,k30_ha75_nomov_carry100
2652,2526,2026-05-24,Crystal Palace,Arsenal,1533.2723355161502,1763.370061531489,-230.09772601533882,k30_ha75_nomov_carry100
2653,2526,2026-05-24,Fulham,Newcastle,1540.4118027628695,1563.0132261883848,-22.60142342551535,k30_ha75_nomov_carry100
2654,2526,2026-05-24,Burnley,Wolves,1352.8202222909933,1403.9037574962217,-51.08353520522837,k30_ha75_nomov_carry100
2655,2526,2026-05-24,Man City,Aston Villa,1764.4602663992623,1608.0165645199697,156.44370187929258,k30_ha75_nomov_carry100
2656,2526,2026-05-24,Nott'm Forest,Bournemouth,1551.2350385315453,1639.1523632785206,-87.91732474697528,k30_ha75_nomov_carry100
2657,2526,2026-05-24,Tottenham,Everton,1457.530492797803,1550.2266776337299,-92.69618483592694,k30_ha75_nomov_carry100
2658,2526,2026-05-24,West Ham,Leeds,1492.198901710606,1550.3466375856112,-58.14773587500531,k30_ha75_nomov_carry100
2659,2526,2026-05-24,Sunderland,Chelsea,1549.9021663960734,1569.1495147241421,-19.24734832806871,k30_ha75_nomov_carry100
2660,2627,2026-08-21,Arsenal,Coventry,1772.0859435464445,1500.0,272.08594354644447,k30_ha75_nomov_carry100
2661,2627,2026-08-22,Nott'm Forest,Leeds,1551.7924674527646,1536.0736382630105,15.71882918975416,k30_ha75_nomov_carry100
2662,2627,2026-08-22,Brentford,Tottenham,1576.1504390668533,1473.293838524304,102.85660054254936,k30_ha75_nomov_carry100
2663,2627,2026-08-22,Hull,Man United,1500.0,1675.0471702574469,-175.04717025744685,k30_ha75_nomov_carry100
2664,2627,2026-08-22,Everton,Crystal Palace,1534.4633319072288,1524.5564535011947,9.906878406034139,k30_ha75_nomov_carry100
2665,2627,2026-08-22,Ipswich,Sunderland,1364.3834602085662,1562.5155809585033,-198.13212074993703,k30_ha75_nomov_carry100
2666,2627,2026-08-23,Newcastle,Liverpool,1550.25845757467,1625.8444410728766,-75.58598349820659,k30_ha75_nomov_carry100
2667,2627,2026-08-23,Brighton,Aston Villa,1576.2688702332935,1631.7531746914406,-55.48430445814711,k30_ha75_nomov_carry100
2668,2627,2026-08-23,Man City,Bournemouth,1740.7236562277915,1638.5949343573013,102.12872187049015,k30_ha75_nomov_carry100
2669,2627,2026-08-24,Fulham,Chelsea,1553.1665713765842,1556.5361001617123,-3.369528785128068,k30_ha75_nomov_carry100
