league,season,game,week,day,date,time,home_team,score,away_team,attendance,venue,referee,match_report,notes,game_id
ENG-Premier League,1920,2019-08-09 Liverpool-Norwich City,1,Fri,2019-08-09,20:00 (21:00),Liverpool,4–1,Norwich City,53333,Anfield,Michael Oliver,/en/matches/928467bd/Liverpool-Norwich-City-August-9-2019-Premier-League,,928467bd
ENG-Premier League,1920,2019-08-10 Bournemouth-Sheffield United,1,Sat,2019-08-10,15:00 (16:00),Bournemouth,1–1,Sheffield United,10714,Vitality Stadium,Kevin Friend,/en/matches/d402cacd/Bournemouth-Sheffield-United-August-10-2019-Premier-League,,d402cacd
ENG-Premier League,1920,2019-08-10 Burnley-Southampton,1,Sat,2019-08-10,15:00 (16:00),Burnley,3–0,Southampton,19784,Turf Moor,Graham Scott,/en/matches/34b99058/Burnley-Southampton-August-10-2019-Premier-League,,34b99058
ENG-Premier League,1920,2019-08-10 Crystal Palace-Everton,1,Sat,2019-08-10,15:00 (16:00),Crystal Palace,0–0,Everton,25151,Selhurst Park,Jonathan Moss,/en/matches/a802f51e/Crystal-Palace-Everton-August-10-2019-Premier-League,,a802f51e
ENG-Premier League,1920,2019-08-10 Tottenham Hotspur-Aston Villa,1,Sat,2019-08-10,17:30 (18:30),Tottenham Hotspur,3–1,Aston Villa,60407,Tottenham Hotspur Stadium,Chris Kavanagh,/en/matches/404ee5d3/Tottenham-Hotspur-Aston-Villa-August-10-2019-Premier-League,,404ee5d3
ENG-Premier League,1920,2019-08-10 Watford-Brighton,1,Sat,2019-08-10,15:00 (16:00),Watford,0–3,Brighton,20245,Vicarage Road Stadium,Craig Pawson,/en/matches/38111659/Watford-Brighton-and-Hove-Albion-August-10-2019-Premier-League,,38111659
ENG-Premier League,1920,2019-08-10 West Ham United-Manchester City,1,Sat,2019-08-10,12:30 (13:30),West Ham United,0–5,Manchester City,59870,London Stadium,Mike Dean,/en/matches/71c8a43e/West-Ham-United-Manchester-City-August-10-2019-Premier-League,,71c8a43e
ENG-Premier League,1920,2019-08-11 Leicester City-Wolves,1,Sun,2019-08-11,14:00 (15:00),Leicester City,0–0,Wolves,32015,King Power Stadium,Andre Marriner,/en/matches/bf4afd61/Leicester-City-Wolverhampton-Wanderers-August-11-2019-Premier-League,,bf4afd61
ENG-Premier League,1920,2019-08-11 Manchester Utd-Chelsea,1,Sun,2019-08-11,16:30 (17:30),Manchester Utd,4–0,Chelsea,73620,Old Trafford,Anthony Taylor,/en/matches/d0583d0d/Manchester-United-Chelsea-August-11-2019-Premier-League,,d0583d0d
ENG-Premier League,1920,2019-08-11 Newcastle United-Arsenal,1,Sun,2019-08-11,14:00 (15:00),Newcastle United,0–1,Arsenal,47635,St. James' Park,Martin Atkinson,/en/matches/1405a610/Newcastle-United-Arsenal-August-11-2019-Premier-League,,1405a610
ENG-Premier League,1920,2019-08-17 Arsenal-Burnley,2,Sat,2019-08-17,12:30 (13:30),Arsenal,2–1,Burnley,60214,Emirates Stadium,Mike Dean,/en/matches/ff7eda21/Arsenal-Burnley-August-17-2019-Premier-League,,ff7eda21
ENG-Premier League,1920,2019-08-17 Aston Villa-Bournemouth,2,Sat,2019-08-17,15:00 (16:00),Aston Villa,1–2,Bournemouth,40996,Villa Park,Martin Atkinson,/en/matches/7ad0ed82/Aston-Villa-Bournemouth-August-17-2019-Premier-League,,7ad0ed82
ENG-Premier League,1920,2019-08-17 Brighton-West Ham United,2,Sat,2019-08-17,15:00 (16:00),Brighton,1–1,West Ham United,30459,The American Express Community Stadium,Anthony Taylor,/en/matches/894d0ca5/Brighton-and-Hove-Albion-West-Ham-United-August-17-2019-Premier-League,,894d0ca5
ENG-Premier League,1920,2019-08-17 Everton-Watford,2,Sat,2019-08-17,15:00 (16:00),Everton,1–0,Watford,39066,Goodison Park,Lee Mason,/en/matches/f35c8c3a/Everton-Watford-August-17-2019-Premier-League,,f35c8c3a
ENG-Premier League,1920,2019-08-17 Manchester City-Tottenham Hotspur,2,Sat,2019-08-17,17:30 (18:30),Manchester City,2–2,Tottenham Hotspur,54503,Etihad Stadium,Michael Oliver,/en/matches/a4ba771e/Manchester-City-Tottenham-Hotspur-August-17-2019-Premier-League,,a4ba771e
ENG-Premier League,1920,2019-08-17 Norwich City-Newcastle United,2,Sat,2019-08-17,15:00 (16:00),Norwich City,3–1,Newcastle United,27059,Carrow Road,Stuart Attwell,/en/matches/3ea63f4b/Norwich-City-Newcastle-United-August-17-2019-Premier-League,,3ea63f4b
ENG-Premier League,1920,2019-08-17 Southampton-Liverpool,2,Sat,2019-08-17,15:00 (16:00),Southampton,1–2,Liverpool,31712,St. Mary's Stadium,Andre Marriner,/en/matches/b2a48847/Southampton-Liverpool-August-17-2019-Premier-League,,b2a48847
ENG-Premier League,1920,2019-08-18 Chelsea-Leicester City,2,Sun,2019-08-18,16:30 (17:30),Chelsea,1–1,Leicester City,40629,Stamford Bridge,Oliver Langford,/en/matches/aebf58b9/Chelsea-Leicester-City-August-18-2019-Premier-League,,aebf58b9
ENG-Premier League,1920,2019-08-18 Sheffield United-Crystal Palace,2,Sun,2019-08-18,14:00 (15:00),Sheffield United,1–0,Crystal Palace,30197,Bramall Lane,David Coote,/en/matches/7ca12d31/Sheffield-United-Crystal-Palace-August-18-2019-Premier-League,,7ca12d31
ENG-Premier League,1920,2019-08-19 Wolves-Manchester Utd,2,Mon,2019-08-19,20:00 (21:00),Wolves,1–1,Manchester Utd,31314,Molineux Stadium,Jonathan Moss,/en/matches/d8a7f871/Wolverhampton-Wanderers-Manchester-United-August-19-2019-Premier-League,,d8a7f871
ENG-Premier League,1920,2019-08-23 Aston Villa-Everton,3,Fri,2019-08-23,20:00 (21:00),Aston Villa,2–0,Everton,41922,Villa Park,Michael Oliver,/en/matches/3e805eff/Aston-Villa-Everton-August-23-2019-Premier-League,,3e805eff
ENG-Premier League,1920,2019-08-24 Brighton-Southampton,3,Sat,2019-08-24,15:00 (16:00),Brighton,0–2,Southampton,30019,The American Express Community Stadium,Kevin Friend,/en/matches/baece203/Brighton-and-Hove-Albion-Southampton-August-24-2019-Premier-League,,baece203
ENG-Premier League,1920,2019-08-24 Liverpool-Arsenal,3,Sat,2019-08-24,17:30 (18:30),Liverpool,3–1,Arsenal,53298,Anfield,Anthony Taylor,/en/matches/102b241e/Liverpool-Arsenal-August-24-2019-Premier-League,,102b241e
ENG-Premier League,1920,2019-08-24 Manchester Utd-Crystal Palace,3,Sat,2019-08-24,15:00 (16:00),Manchester Utd,1–2,Crystal Palace,73454,Old Trafford,Paul Tierney,/en/matches/7c1c4078/Manchester-United-Crystal-Palace-August-24-2019-Premier-League,,7c1c4078
ENG-Premier League,1920,2019-08-24 Norwich City-Chelsea,3,Sat,2019-08-24,12:30 (13:30),Norwich City,2–3,Chelsea,27032,Carrow Road,Martin Atkinson,/en/matches/4f4fd2d8/Norwich-City-Chelsea-August-24-2019-Premier-League,,4f4fd2d8
ENG-Premier League,1920,2019-08-24 Sheffield United-Leicester City,3,Sat,2019-08-24,15:00 (16:00),Sheffield United,1–2,Leicester City,30079,Bramall Lane,Andy Madley,/en/matches/48fcf75b/Sheffield-United-Leicester-City-August-24-2019-Premier-League,,48fcf75b
ENG-Premier League,1920,2019-08-24 Watford-West Ham United,3,Sat,2019-08-24,15:00 (16:00),Watford,1–3,West Ham United,20035,Vicarage Road Stadium,Chris Kavanagh,/en/matches/89fbf2a3/Watford-West-Ham-United-August-24-2019-Premier-League,,89fbf2a3
ENG-Premier League,1920,2019-08-25 Bournemouth-Manchester City,3,Sun,2019-08-25,14:00 (15:00),Bournemouth,1–3,Manchester City,10486,Vitality Stadium,Andre Marriner,/en/matches/7728bd7e/Bournemouth-Manchester-City-August-25-2019-Premier-League,,7728bd7e
ENG-Premier League,1920,2019-08-25 Tottenham Hotspur-Newcastle United,3,Sun,2019-08-25,16:30 (17:30),Tottenham Hotspur,0–1,Newcastle United,59245,Tottenham Hotspur Stadium,Mike Dean,/en/matches/c224d1e8/Tottenham-Hotspur-Newcastle-United-August-25-2019-Premier-League,,c224d1e8
ENG-Premier League,1920,2019-08-25 Wolves-Burnley,3,Sun,2019-08-25,16:30 (17:30),Wolves,1–1,Burnley,30522,Molineux Stadium,Craig Pawson,/en/matches/16119ef2/Wolverhampton-Wanderers-Burnley-August-25-2019-Premier-League,,16119ef2
ENG-Premier League,1920,2019-08-31 Burnley-Liverpool,4,Sat,2019-08-31,17:30 (18:30),Burnley,0–3,Liverpool,21762,Turf Moor,Chris Kavanagh,/en/matches/af072d61/Burnley-Liverpool-August-31-2019-Premier-League,,af072d61
ENG-Premier League,1920,2019-08-31 Chelsea-Sheffield United,4,Sat,2019-08-31,15:00 (16:00),Chelsea,2–2,Sheffield United,40560,Stamford Bridge,Stuart Attwell,/en/matches/495db223/Chelsea-Sheffield-United-August-31-2019-Premier-League,,495db223
ENG-Premier League,1920,2019-08-31 Crystal Palace-Aston Villa,4,Sat,2019-08-31,15:00 (16:00),Crystal Palace,1–0,Aston Villa,25248,Selhurst Park,Kevin Friend,/en/matches/230f4fac/Crystal-Palace-Aston-Villa-August-31-2019-Premier-League,,230f4fac
ENG-Premier League,1920,2019-08-31 Leicester City-Bournemouth,4,Sat,2019-08-31,15:00 (16:00),Leicester City,3–1,Bournemouth,31613,King Power Stadium,Peter Bankes,/en/matches/3d899563/Leicester-City-Bournemouth-August-31-2019-Premier-League,,3d899563
ENG-Premier League,1920,2019-08-31 Manchester City-Brighton,4,Sat,2019-08-31,15:00 (16:00),Manchester City,4–0,Brighton,54386,Etihad Stadium,Jonathan Moss,/en/matches/5b9865ad/Manchester-City-Brighton-and-Hove-Albion-August-31-2019-Premier-League,,5b9865ad
ENG-Premier League,1920,2019-08-31 Newcastle United-Watford,4,Sat,2019-08-31,15:00 (16:00),Newcastle United,1–1,Watford,44157,St. James' Park,Graham Scott,/en/matches/533c240c/Newcastle-United-Watford-August-31-2019-Premier-League,,533c240c
ENG-Premier League,1920,2019-08-31 Southampton-Manchester Utd,4,Sat,2019-08-31,12:30 (13:30),Southampton,1–1,Manchester Utd,30499,St. Mary's Stadium,Mike Dean,/en/matches/bfd4d929/Southampton-Manchester-United-August-31-2019-Premier-League,,bfd4d929
ENG-Premier League,1920,2019-08-31 West Ham United-Norwich City,4,Sat,2019-08-31,15:00 (16:00),West Ham United,2–0,Norwich City,59950,London Stadium,Paul Tierney,/en/matches/164148a8/West-Ham-United-Norwich-City-August-31-2019-Premier-League,,164148a8
ENG-Premier League,1920,2019-09-01 Arsenal-Tottenham Hotspur,4,Sun,2019-09-01,16:30 (17:30),Arsenal,2–2,Tottenham Hotspur,60333,Emirates Stadium,Martin Atkinson,/en/matches/0b6b8aaf/North-London-Derby-Arsenal-Tottenham-Hotspur-September-1-2019-Premier-League,,0b6b8aaf
ENG-Premier League,1920,2019-09-01 Everton-Wolves,4,Sun,2019-09-01,14:00 (15:00),Everton,3–2,Wolves,39374,Goodison Park,Anthony Taylor,/en/matches/70303b7b/Everton-Wolverhampton-Wanderers-September-1-2019-Premier-League,,70303b7b
ENG-Premier League,1920,2019-09-14 Brighton-Burnley,5,Sat,2019-09-14,15:00 (16:00),Brighton,1–1,Burnley,29398,The American Express Community Stadium,Michael Oliver,/en/matches/1d3bbc27/Brighton-and-Hove-Albion-Burnley-September-14-2019-Premier-League,,1d3bbc27
ENG-Premier League,1920,2019-09-14 Liverpool-Newcastle United,5,Sat,2019-09-14,12:30 (13:30),Liverpool,3–1,Newcastle United,51430,Anfield,Andre Marriner,/en/matches/cde24fee/Liverpool-Newcastle-United-September-14-2019-Premier-League,,cde24fee
ENG-Premier League,1920,2019-09-14 Manchester Utd-Leicester City,5,Sat,2019-09-14,15:00 (16:00),Manchester Utd,1–0,Leicester City,73689,Old Trafford,Martin Atkinson,/en/matches/6d0266a1/Manchester-United-Leicester-City-September-14-2019-Premier-League,,6d0266a1
ENG-Premier League,1920,2019-09-14 Norwich City-Manchester City,5,Sat,2019-09-14,17:30 (18:30),Norwich City,3–2,Manchester City,27035,Carrow Road,Kevin Friend,/en/matches/1c7bccd4/Norwich-City-Manchester-City-September-14-2019-Premier-League,,1c7bccd4
ENG-Premier League,1920,2019-09-14 Sheffield United-Southampton,5,Sat,2019-09-14,15:00 (16:00),Sheffield United,0–1,Southampton,30985,Bramall Lane,Lee Mason,/en/matches/e5f9905d/Sheffield-United-Southampton-September-14-2019-Premier-League,,e5f9905d
ENG-Premier League,1920,2019-09-14 Tottenham Hotspur-Crystal Palace,5,Sat,2019-09-14,15:00 (16:00),Tottenham Hotspur,4–0,Crystal Palace,59812,Tottenham Hotspur Stadium,Craig Pawson,/en/matches/1d812c17/Tottenham-Hotspur-Crystal-Palace-September-14-2019-Premier-League,,1d812c17
ENG-Premier League,1920,2019-09-14 Wolves-Chelsea,5,Sat,2019-09-14,15:00 (16:00),Wolves,2–5,Chelsea,31534,Molineux Stadium,Graham Scott,/en/matches/0fa0a658/Wolverhampton-Wanderers-Chelsea-September-14-2019-Premier-League,,0fa0a658
ENG-Premier League,1920,2019-09-15 Bournemouth-Everton,5,Sun,2019-09-15,14:00 (15:00),Bournemouth,3–1,Everton,10416,Vitality Stadium,Paul Tierney,/en/matches/886c59ae/Bournemouth-Everton-September-15-2019-Premier-League,,886c59ae
ENG-Premier League,1920,2019-09-15 Watford-Arsenal,5,Sun,2019-09-15,16:30 (17:30),Watford,2–2,Arsenal,21360,Vicarage Road Stadium,Anthony Taylor,/en/matches/8257eda8/Watford-Arsenal-September-15-2019-Premier-League,,8257eda8
ENG-Premier League,1920,2019-09-16 Aston Villa-West Ham United,5,Mon,2019-09-16,20:00 (21:00),Aston Villa,0–0,West Ham United,42010,Villa Park,Mike Dean,/en/matches/b26df467/Aston-Villa-West-Ham-United-September-16-2019-Premier-League,,b26df467
ENG-Premier League,1920,2019-09-20 Southampton-Bournemouth,6,Fri,2019-09-20,20:00 (21:00),Southampton,1–3,Bournemouth,30168,St. Mary's Stadium,Chris Kavanagh,/en/matches/ebbb65f5/Southampton-Bournemouth-September-20-2019-Premier-League,,ebbb65f5
ENG-Premier League,1920,2019-09-21 Burnley-Norwich City,6,Sat,2019-09-21,15:00 (16:00),Burnley,2–0,Norwich City,19712,Turf Moor,David Coote,/en/matches/f97b0ce8/Burnley-Norwich-City-September-21-2019-Premier-League,,f97b0ce8
ENG-Premier League,1920,2019-09-21 Everton-Sheffield United,6,Sat,2019-09-21,15:00 (16:00),Everton,0–2,Sheffield United,39354,Goodison Park,Simon Hooper,/en/matches/707ee0eb/Everton-Sheffield-United-September-21-2019-Premier-League,,707ee0eb
ENG-Premier League,1920,2019-09-21 Leicester City-Tottenham Hotspur,6,Sat,2019-09-21,12:30 (13:30),Leicester City,2–1,Tottenham Hotspur,32129,King Power Stadium,Paul Tierney,/en/matches/e30adc4b/Leicester-City-Tottenham-Hotspur-September-21-2019-Premier-League,,e30adc4b
ENG-Premier League,1920,2019-09-21 Manchester City-Watford,6,Sat,2019-09-21,15:00 (16:00),Manchester City,8–0,Watford,54273,Etihad Stadium,Mike Dean,/en/matches/4672d0d7/Manchester-City-Watford-September-21-2019-Premier-League,,4672d0d7
ENG-Premier League,1920,2019-09-21 Newcastle United-Brighton,6,Sat,2019-09-21,17:30 (18:30),Newcastle United,0–0,Brighton,43316,St. James' Park,Martin Atkinson,/en/matches/966fb8b0/Newcastle-United-Brighton-and-Hove-Albion-September-21-2019-Premier-League,,966fb8b0
ENG-Premier League,1920,2019-09-22 Arsenal-Aston Villa,6,Sun,2019-09-22,16:30 (17:30),Arsenal,3–2,Aston Villa,60331,Emirates Stadium,Jonathan Moss,/en/matches/d5fa0563/Arsenal-Aston-Villa-September-22-2019-Premier-League,,d5fa0563
ENG-Premier League,1920,2019-09-22 Chelsea-Liverpool,6,Sun,2019-09-22,16:30 (17:30),Chelsea,1–2,Liverpool,40638,Stamford Bridge,Michael Oliver,/en/matches/02e3ae79/Chelsea-Liverpool-September-22-2019-Premier-League,,02e3ae79
ENG-Premier League,1920,2019-09-22 Crystal Palace-Wolves,6,Sun,2019-09-22,14:00 (15:00),Crystal Palace,1–1,Wolves,25122,Selhurst Park,Stuart Attwell,/en/matches/d76eb681/Crystal-Palace-Wolverhampton-Wanderers-September-22-2019-Premier-League,,d76eb681
ENG-Premier League,1920,2019-09-22 West Ham United-Manchester Utd,6,Sun,2019-09-22,14:00 (15:00),West Ham United,2–0,Manchester Utd,59936,London Stadium,Anthony Taylor,/en/matches/fe3e2bec/West-Ham-United-Manchester-United-September-22-2019-Premier-League,,fe3e2bec
ENG-Premier League,1920,2019-09-28 Aston Villa-Burnley,7,Sat,2019-09-28,15:00 (16:00),Aston Villa,2–2,Burnley,41546,Villa Park,Lee Mason,/en/matches/37a51188/Aston-Villa-Burnley-September-28-2019-Premier-League,,37a51188
ENG-Premier League,1920,2019-09-28 Bournemouth-West Ham United,7,Sat,2019-09-28,15:00 (16:00),Bournemouth,2–2,West Ham United,10729,Vitality Stadium,Stuart Attwell,/en/matches/704e536e/Bournemouth-West-Ham-United-September-28-2019-Premier-League,,704e536e
ENG-Premier League,1920,2019-09-28 Chelsea-Brighton,7,Sat,2019-09-28,15:00 (16:00),Chelsea,2–0,Brighton,40683,Stamford Bridge,Chris Kavanagh,/en/matches/1d4b5564/Chelsea-Brighton-and-Hove-Albion-September-28-2019-Premier-League,,1d4b5564
ENG-Premier League,1920,2019-09-28 Crystal Palace-Norwich City,7,Sat,2019-09-28,15:00 (16:00),Crystal Palace,2–0,Norwich City,25477,Selhurst Park,Jonathan Moss,/en/matches/3b180c0d/Crystal-Palace-Norwich-City-September-28-2019-Premier-League,,3b180c0d
ENG-Premier League,1920,2019-09-28 Everton-Manchester City,7,Sat,2019-09-28,17:30 (18:30),Everton,1–3,Manchester City,39222,Goodison Park,Michael Oliver,/en/matches/1b9f4fc3/Everton-Manchester-City-September-28-2019-Premier-League,,1b9f4fc3
ENG-Premier League,1920,2019-09-28 Sheffield United-Liverpool,7,Sat,2019-09-28,12:30 (13:30),Sheffield United,0–1,Liverpool,31774,Bramall Lane,Anthony Taylor,/en/matches/1224c8ae/Sheffield-United-Liverpool-September-28-2019-Premier-League,,1224c8ae
ENG-Premier League,1920,2019-09-28 Tottenham Hotspur-Southampton,7,Sat,2019-09-28,15:00 (16:00),Tottenham Hotspur,2–1,Southampton,59645,Tottenham Hotspur Stadium,Graham Scott,/en/matches/23ec5db0/Tottenham-Hotspur-Southampton-September-28-2019-Premier-League,,23ec5db0
ENG-Premier League,1920,2019-09-28 Wolves-Watford,7,Sat,2019-09-28,15:00 (16:00),Wolves,2–0,Watford,30711,Molineux Stadium,Paul Tierney,/en/matches/4c088365/Wolverhampton-Wanderers-Watford-September-28-2019-Premier-League,,4c088365
ENG-Premier League,1920,2019-09-29 Leicester City-Newcastle United,7,Sun,2019-09-29,16:30 (17:30),Leicester City,5–0,Newcastle United,32168,King Power Stadium,Craig Pawson,/en/matches/40d77688/Leicester-City-Newcastle-United-September-29-2019-Premier-League,,40d77688
ENG-Premier League,1920,2019-09-30 Manchester Utd-Arsenal,7,Mon,2019-09-30,20:00 (21:00),Manchester Utd,1–1,Arsenal,73201,Old Trafford,Kevin Friend,/en/matches/ce7501cd/Manchester-United-Arsenal-September-30-2019-Premier-League,,ce7501cd
ENG-Premier League,1920,2019-10-05 Brighton-Tottenham Hotspur,8,Sat,2019-10-05,12:30 (13:30),Brighton,3–0,Tottenham Hotspur,30610,The American Express Community Stadium,Jonathan Moss,/en/matches/aafb2d3a/Brighton-and-Hove-Albion-Tottenham-Hotspur-October-5-2019-Premier-League,,aafb2d3a
ENG-Premier League,1920,2019-10-05 Burnley-Everton,8,Sat,2019-10-05,15:00 (16:00),Burnley,1–0,Everton,20650,Turf Moor,Graham Scott,/en/matches/2f9439d0/Burnley-Everton-October-5-2019-Premier-League,,2f9439d0
ENG-Premier League,1920,2019-10-05 Liverpool-Leicester City,8,Sat,2019-10-05,15:00 (16:00),Liverpool,2–1,Leicester City,53322,Anfield,Chris Kavanagh,/en/matches/aaed1c4e/Liverpool-Leicester-City-October-5-2019-Premier-League,,aaed1c4e
ENG-Premier League,1920,2019-10-05 Norwich City-Aston Villa,8,Sat,2019-10-05,15:00 (16:00),Norwich City,1–5,Aston Villa,27045,Carrow Road,Andy Madley,/en/matches/e50b8e5b/Norwich-City-Aston-Villa-October-5-2019-Premier-League,,e50b8e5b
ENG-Premier League,1920,2019-10-05 Watford-Sheffield United,8,Sat,2019-10-05,15:00 (16:00),Watford,0–0,Sheffield United,20811,Vicarage Road Stadium,Andre Marriner,/en/matches/2b83068d/Watford-Sheffield-United-October-5-2019-Premier-League,,2b83068d
ENG-Premier League,1920,2019-10-05 West Ham United-Crystal Palace,8,Sat,2019-10-05,17:30 (18:30),West Ham United,1–2,Crystal Palace,59912,London Stadium,Michael Oliver,/en/matches/23fe51bc/West-Ham-United-Crystal-Palace-October-5-2019-Premier-League,,23fe51bc
ENG-Premier League,1920,2019-10-06 Arsenal-Bournemouth,8,Sun,2019-10-06,14:00 (15:00),Arsenal,1–0,Bournemouth,60326,Emirates Stadium,Martin Atkinson,/en/matches/9575566f/Arsenal-Bournemouth-October-6-2019-Premier-League,,9575566f
ENG-Premier League,1920,2019-10-06 Manchester City-Wolves,8,Sun,2019-10-06,14:00 (15:00),Manchester City,0–2,Wolves,54435,Etihad Stadium,Craig Pawson,/en/matches/0481092b/Manchester-City-Wolverhampton-Wanderers-October-6-2019-Premier-League,,0481092b
ENG-Premier League,1920,2019-10-06 Newcastle United-Manchester Utd,8,Sun,2019-10-06,16:30 (17:30),Newcastle United,1–0,Manchester Utd,51198,St. James' Park,Mike Dean,/en/matches/e4a80056/Newcastle-United-Manchester-United-October-6-2019-Premier-League,,e4a80056
ENG-Premier League,1920,2019-10-06 Southampton-Chelsea,8,Sun,2019-10-06,14:00 (15:00),Southampton,1–4,Chelsea,31473,St. Mary's Stadium,Paul Tierney,/en/matches/078b24d4/Southampton-Chelsea-October-6-2019-Premier-League,,078b24d4
ENG-Premier League,1920,2019-10-19 Aston Villa-Brighton,9,Sat,2019-10-19,15:00 (16:00),Aston Villa,2–1,Brighton,41826,Villa Park,David Coote,/en/matches/34685c72/Aston-Villa-Brighton-and-Hove-Albion-October-19-2019-Premier-League,,34685c72
ENG-Premier League,1920,2019-10-19 Bournemouth-Norwich City,9,Sat,2019-10-19,15:00 (16:00),Bournemouth,0–0,Norwich City,10669,Vitality Stadium,Lee Mason,/en/matches/d71c01eb/Bournemouth-Norwich-City-October-19-2019-Premier-League,,d71c01eb
ENG-Premier League,1920,2019-10-19 Chelsea-Newcastle United,9,Sat,2019-10-19,15:00 (16:00),Chelsea,1–0,Newcastle United,40513,Stamford Bridge,Andre Marriner,/en/matches/c17538b0/Chelsea-Newcastle-United-October-19-2019-Premier-League,,c17538b0
ENG-Premier League,1920,2019-10-19 Crystal Palace-Manchester City,9,Sat,2019-10-19,17:30 (18:30),Crystal Palace,0–2,Manchester City,25480,Selhurst Park,Anthony Taylor,/en/matches/f334b1dc/Crystal-Palace-Manchester-City-October-19-2019-Premier-League,,f334b1dc
ENG-Premier League,1920,2019-10-19 Everton-West Ham United,9,Sat,2019-10-19,12:30 (13:30),Everton,2–0,West Ham United,39263,Goodison Park,Paul Tierney,/en/matches/0fa45675/Everton-West-Ham-United-October-19-2019-Premier-League,,0fa45675
ENG-Premier League,1920,2019-10-19 Leicester City-Burnley,9,Sat,2019-10-19,15:00 (16:00),Leicester City,2–1,Burnley,32105,King Power Stadium,Jonathan Moss,/en/matches/3529c097/Leicester-City-Burnley-October-19-2019-Premier-League,,3529c097
ENG-Premier League,1920,2019-10-19 Tottenham Hotspur-Watford,9,Sat,2019-10-19,15:00 (16:00),Tottenham Hotspur,1–1,Watford,58754,Tottenham Hotspur Stadium,Chris Kavanagh,/en/matches/4df24be7/Tottenham-Hotspur-Watford-October-19-2019-Premier-League,,4df24be7
ENG-Premier League,1920,2019-10-19 Wolves-Southampton,9,Sat,2019-10-19,15:00 (16:00),Wolves,1–1,Southampton,30915,Molineux Stadium,Peter Bankes,/en/matches/644a3723/Wolverhampton-Wanderers-Southampton-October-19-2019-Premier-League,,644a3723
ENG-Premier League,1920,2019-10-20 Manchester Utd-Liverpool,9,Sun,2019-10-20,16:30 (17:30),Manchester Utd,1–1,Liverpool,73737,Old Trafford,Martin Atkinson,/en/matches/95c3f0c8/North-West-Derby-Manchester-United-Liverpool-October-20-2019-Premier-League,,95c3f0c8
ENG-Premier League,1920,2019-10-21 Sheffield United-Arsenal,9,Mon,2019-10-21,20:00 (21:00),Sheffield United,1–0,Arsenal,30775,Bramall Lane,Mike Dean,/en/matches/f63044fd/Sheffield-United-Arsenal-October-21-2019-Premier-League,,f63044fd
ENG-Premier League,1920,2019-10-25 Southampton-Leicester City,10,Fri,2019-10-25,20:00 (21:00),Southampton,0–9,Leicester City,28762,St. Mary's Stadium,Andre Marriner,/en/matches/3e9712d7/Southampton-Leicester-City-October-25-2019-Premier-League,,3e9712d7
ENG-Premier League,1920,2019-10-26 Brighton-Everton,10,Sat,2019-10-26,15:00 (16:00),Brighton,3–2,Everton,30529,The American Express Community Stadium,Andy Madley,/en/matches/f728ceea/Brighton-and-Hove-Albion-Everton-October-26-2019-Premier-League,,f728ceea
ENG-Premier League,1920,2019-10-26 Burnley-Chelsea,10,Sat,2019-10-26,17:30 (18:30),Burnley,2–4,Chelsea,20975,Turf Moor,Michael Oliver,/en/matches/082dc9ef/Burnley-Chelsea-October-26-2019-Premier-League,,082dc9ef
ENG-Premier League,1920,2019-10-26 Manchester City-Aston Villa,10,Sat,2019-10-26,12:30 (13:30),Manchester City,3–0,Aston Villa,54506,Etihad Stadium,Graham Scott,/en/matches/e0a4db2d/Manchester-City-Aston-Villa-October-26-2019-Premier-League,,e0a4db2d
ENG-Premier League,1920,2019-10-26 Watford-Bournemouth,10,Sat,2019-10-26,15:00 (16:00),Watford,0–0,Bournemouth,20821,Vicarage Road Stadium,Mike Dean,/en/matches/1ef8e186/Watford-Bournemouth-October-26-2019-Premier-League,,1ef8e186
ENG-Premier League,1920,2019-10-26 West Ham United-Sheffield United,10,Sat,2019-10-26,15:00 (16:00),West Ham United,1–1,Sheffield United,59878,London Stadium,David Coote,/en/matches/43aa7711/West-Ham-United-Sheffield-United-October-26-2019-Premier-League,,43aa7711
ENG-Premier League,1920,2019-10-27 Arsenal-Crystal Palace,10,Sun,2019-10-27,16:30 (17:30),Arsenal,2–2,Crystal Palace,60345,Emirates Stadium,Martin Atkinson,/en/matches/077b30ff/Arsenal-Crystal-Palace-October-27-2019-Premier-League,,077b30ff
ENG-Premier League,1920,2019-10-27 Liverpool-Tottenham Hotspur,10,Sun,2019-10-27,16:30 (17:30),Liverpool,2–1,Tottenham Hotspur,53222,Anfield,Anthony Taylor,/en/matches/16f28685/Liverpool-Tottenham-Hotspur-October-27-2019-Premier-League,,16f28685
ENG-Premier League,1920,2019-10-27 Newcastle United-Wolves,10,Sun,2019-10-27,14:00 (15:00),Newcastle United,1–1,Wolves,46019,St. James' Park,Kevin Friend,/en/matches/efe2b576/Newcastle-United-Wolverhampton-Wanderers-October-27-2019-Premier-League,,efe2b576
ENG-Premier League,1920,2019-10-27 Norwich City-Manchester Utd,10,Sun,2019-10-27,16:30 (17:30),Norwich City,1–3,Manchester Utd,27108,Carrow Road,Stuart Attwell,/en/matches/a31a1d67/Norwich-City-Manchester-United-October-27-2019-Premier-League,,a31a1d67
ENG-Premier League,1920,2019-11-02 Arsenal-Wolves,11,Sat,2019-11-02,15:00 (16:00),Arsenal,1–1,Wolves,60383,Emirates Stadium,Michael Oliver,/en/matches/a3427b2c/Arsenal-Wolverhampton-Wanderers-November-2-2019-Premier-League,,a3427b2c
ENG-Premier League,1920,2019-11-02 Aston Villa-Liverpool,11,Sat,2019-11-02,15:00 (16:00),Aston Villa,1–2,Liverpool,41878,Villa Park,Jonathan Moss,/en/matches/2206646c/Aston-Villa-Liverpool-November-2-2019-Premier-League,,2206646c
ENG-Premier League,1920,2019-11-02 Bournemouth-Manchester Utd,11,Sat,2019-11-02,12:30 (13:30),Bournemouth,1–0,Manchester Utd,10669,Vitality Stadium,Chris Kavanagh,/en/matches/9e35d172/Bournemouth-Manchester-United-November-2-2019-Premier-League,,9e35d172
ENG-Premier League,1920,2019-11-02 Brighton-Norwich City,11,Sat,2019-11-02,15:00 (16:00),Brighton,2–0,Norwich City,30539,The American Express Community Stadium,Kevin Friend,/en/matches/21f39009/Brighton-and-Hove-Albion-Norwich-City-November-2-2019-Premier-League,,21f39009
ENG-Premier League,1920,2019-11-02 Manchester City-Southampton,11,Sat,2019-11-02,15:00 (16:00),Manchester City,2–1,Southampton,53922,Etihad Stadium,Lee Mason,/en/matches/afbdd3aa/Manchester-City-Southampton-November-2-2019-Premier-League,,afbdd3aa
ENG-Premier League,1920,2019-11-02 Sheffield United-Burnley,11,Sat,2019-11-02,15:00 (16:00),Sheffield United,3–0,Burnley,31131,Bramall Lane,Simon Hooper,/en/matches/21606115/Sheffield-United-Burnley-November-2-2019-Premier-League,,21606115
ENG-Premier League,1920,2019-11-02 Watford-Chelsea,11,Sat,2019-11-02,17:30 (18:30),Watford,1–2,Chelsea,21011,Vicarage Road Stadium,Anthony Taylor,/en/matches/0b8b7f66/Watford-Chelsea-November-2-2019-Premier-League,,0b8b7f66
ENG-Premier League,1920,2019-11-02 West Ham United-Newcastle United,11,Sat,2019-11-02,15:00 (16:00),West Ham United,2–3,Newcastle United,59907,London Stadium,Stuart Attwell,/en/matches/ac4523c2/West-Ham-United-Newcastle-United-November-2-2019-Premier-League,,ac4523c2
ENG-Premier League,1920,2019-11-03 Crystal Palace-Leicester City,11,Sun,2019-11-03,14:00 (15:00),Crystal Palace,0–2,Leicester City,25480,Selhurst Park,Paul Tierney,/en/matches/25d28387/Crystal-Palace-Leicester-City-November-3-2019-Premier-League,,25d28387
ENG-Premier League,1920,2019-11-03 Everton-Tottenham Hotspur,11,Sun,2019-11-03,16:30 (17:30),Everton,1–1,Tottenham Hotspur,39001,Goodison Park,Martin Atkinson,/en/matches/efe9c8f4/Everton-Tottenham-Hotspur-November-3-2019-Premier-League,,efe9c8f4
ENG-Premier League,1920,2019-11-08 Norwich City-Watford,12,Fri,2019-11-08,20:00 (21:00),Norwich City,0–2,Watford,27074,Carrow Road,Andre Marriner,/en/matches/e92f4d2c/Norwich-City-Watford-November-8-2019-Premier-League,,e92f4d2c
ENG-Premier League,1920,2019-11-09 Burnley-West Ham United,12,Sat,2019-11-09,15:00 (16:00),Burnley,3–0,West Ham United,20255,Turf Moor,Kevin Friend,/en/matches/559f666e/Burnley-West-Ham-United-November-9-2019-Premier-League,,559f666e
ENG-Premier League,1920,2019-11-09 Chelsea-Crystal Palace,12,Sat,2019-11-09,12:30 (13:30),Chelsea,2–0,Crystal Palace,40525,Stamford Bridge,Mike Dean,/en/matches/99680077/Chelsea-Crystal-Palace-November-9-2019-Premier-League,,99680077
ENG-Premier League,1920,2019-11-09 Leicester City-Arsenal,12,Sat,2019-11-09,17:30 (18:30),Leicester City,2–0,Arsenal,32209,King Power Stadium,Chris Kavanagh,/en/matches/8e13e609/Leicester-City-Arsenal-November-9-2019-Premier-League,,8e13e609
ENG-Premier League,1920,2019-11-09 Newcastle United-Bournemouth,12,Sat,2019-11-09,15:00 (16:00),Newcastle United,2–1,Bournemouth,44424,St. James' Park,Martin Atkinson,/en/matches/698f846d/Newcastle-United-Bournemouth-November-9-2019-Premier-League,,698f846d
ENG-Premier League,1920,2019-11-09 Southampton-Everton,12,Sat,2019-11-09,15:00 (16:00),Southampton,1–2,Everton,29754,St. Mary's Stadium,Paul Tierney,/en/matches/553c5b11/Southampton-Everton-November-9-2019-Premier-League,,553c5b11
ENG-Premier League,1920,2019-11-09 Tottenham Hotspur-Sheffield United,12,Sat,2019-11-09,15:00 (16:00),Tottenham Hotspur,1–1,Sheffield United,59781,Tottenham Hotspur Stadium,Graham Scott,/en/matches/ec70bb2c/Tottenham-Hotspur-Sheffield-United-November-9-2019-Premier-League,,ec70bb2c
ENG-Premier League,1920,2019-11-10 Liverpool-Manchester City,12,Sun,2019-11-10,16:30 (17:30),Liverpool,3–1,Manchester City,53324,Anfield,Michael Oliver,/en/matches/47880eb7/Liverpool-Manchester-City-November-10-2019-Premier-League,,47880eb7
ENG-Premier League,1920,2019-11-10 Manchester Utd-Brighton,12,Sun,2019-11-10,14:00 (15:00),Manchester Utd,3–1,Brighton,73556,Old Trafford,Jonathan Moss,/en/matches/014bbabe/Manchester-United-Brighton-and-Hove-Albion-November-10-2019-Premier-League,,014bbabe
ENG-Premier League,1920,2019-11-10 Wolves-Aston Villa,12,Sun,2019-11-10,14:00 (15:00),Wolves,2–1,Aston Villa,31607,Molineux Stadium,Anthony Taylor,/en/matches/2794f89d/Wolverhampton-Wanderers-Aston-Villa-November-10-2019-Premier-League,,2794f89d
ENG-Premier League,1920,2019-11-23 Arsenal-Southampton,13,Sat,2019-11-23,15:00 (16:00),Arsenal,2–2,Southampton,60295,Emirates Stadium,Stuart Attwell,/en/matches/19a8b14e/Arsenal-Southampton-November-23-2019-Premier-League,,19a8b14e
ENG-Premier League,1920,2019-11-23 Bournemouth-Wolves,13,Sat,2019-11-23,15:00 (16:00),Bournemouth,1–2,Wolves,10539,Vitality Stadium,Simon Hooper,/en/matches/219643bc/Bournemouth-Wolverhampton-Wanderers-November-23-2019-Premier-League,,219643bc
ENG-Premier League,1920,2019-11-23 Brighton-Leicester City,13,Sat,2019-11-23,15:00 (16:00),Brighton,0–2,Leicester City,30640,The American Express Community Stadium,Mike Dean,/en/matches/d0f6bac9/Brighton-and-Hove-Albion-Leicester-City-November-23-2019-Premier-League,,d0f6bac9
ENG-Premier League,1920,2019-11-23 Crystal Palace-Liverpool,13,Sat,2019-11-23,15:00 (16:00),Crystal Palace,1–2,Liverpool,25486,Selhurst Park,Kevin Friend,/en/matches/0b1da656/Crystal-Palace-Liverpool-November-23-2019-Premier-League,,0b1da656
ENG-Premier League,1920,2019-11-23 Everton-Norwich City,13,Sat,2019-11-23,15:00 (16:00),Everton,0–2,Norwich City,39241,Goodison Park,Anthony Taylor,/en/matches/464461f5/Everton-Norwich-City-November-23-2019-Premier-League,,464461f5
ENG-Premier League,1920,2019-11-23 Manchester City-Chelsea,13,Sat,2019-11-23,17:30 (18:30),Manchester City,2–1,Chelsea,54486,Etihad Stadium,Martin Atkinson,/en/matches/d16305c7/Manchester-City-Chelsea-November-23-2019-Premier-League,,d16305c7
ENG-Premier League,1920,2019-11-23 Watford-Burnley,13,Sat,2019-11-23,15:00 (16:00),Watford,0–3,Burnley,19711,Vicarage Road Stadium,Paul Tierney,/en/matches/d4aea4c0/Watford-Burnley-November-23-2019-Premier-League,,d4aea4c0
ENG-Premier League,1920,2019-11-23 West Ham United-Tottenham Hotspur,13,Sat,2019-11-23,12:30 (13:30),West Ham United,2–3,Tottenham Hotspur,59930,London Stadium,Michael Oliver,/en/matches/a7dc884b/West-Ham-United-Tottenham-Hotspur-November-23-2019-Premier-League,,a7dc884b
ENG-Premier League,1920,2019-11-24 Sheffield United-Manchester Utd,13,Sun,2019-11-24,16:30 (17:30),Sheffield United,3–3,Manchester Utd,32024,Bramall Lane,Andre Marriner,/en/matches/a1d9d65f/Sheffield-United-Manchester-United-November-24-2019-Premier-League,,a1d9d65f
ENG-Premier League,1920,2019-11-25 Aston Villa-Newcastle United,13,Mon,2019-11-25,20:00 (21:00),Aston Villa,2–0,Newcastle United,41821,Villa Park,Lee Mason,/en/matches/f6f8808e/Aston-Villa-Newcastle-United-November-25-2019-Premier-League,,f6f8808e
ENG-Premier League,1920,2019-11-30 Burnley-Crystal Palace,14,Sat,2019-11-30,15:00 (16:00),Burnley,0–2,Crystal Palace,19818,Turf Moor,Peter Bankes,/en/matches/86428aca/Burnley-Crystal-Palace-November-30-2019-Premier-League,,86428aca
ENG-Premier League,1920,2019-11-30 Chelsea-West Ham United,14,Sat,2019-11-30,15:00 (16:00),Chelsea,0–1,West Ham United,40595,Stamford Bridge,Jonathan Moss,/en/matches/aa1ff9cd/Chelsea-West-Ham-United-November-30-2019-Premier-League,,aa1ff9cd
ENG-Premier League,1920,2019-11-30 Liverpool-Brighton,14,Sat,2019-11-30,15:00 (16:00),Liverpool,2–1,Brighton,53319,Anfield,Martin Atkinson,/en/matches/2c240ae6/Liverpool-Brighton-and-Hove-Albion-November-30-2019-Premier-League,,2c240ae6
ENG-Premier League,1920,2019-11-30 Newcastle United-Manchester City,14,Sat,2019-11-30,12:30 (13:30),Newcastle United,2–2,Manchester City,49937,St. James' Park,Chris Kavanagh,/en/matches/f43fa290/Newcastle-United-Manchester-City-November-30-2019-Premier-League,,f43fa290
ENG-Premier League,1920,2019-11-30 Southampton-Watford,14,Sat,2019-11-30,17:30 (18:30),Southampton,2–1,Watford,26929,St. Mary's Stadium,Michael Oliver,/en/matches/3f1fdbad/Southampton-Watford-November-30-2019-Premier-League,,3f1fdbad
ENG-Premier League,1920,2019-11-30 Tottenham Hotspur-Bournemouth,14,Sat,2019-11-30,15:00 (16:00),Tottenham Hotspur,3–2,Bournemouth,59626,Tottenham Hotspur Stadium,Lee Mason,/en/matches/1722ba52/Tottenham-Hotspur-Bournemouth-November-30-2019-Premier-League,,1722ba52
ENG-Premier League,1920,2019-12-01 Leicester City-Everton,14,Sun,2019-12-01,16:30 (17:30),Leicester City,2–1,Everton,32144,King Power Stadium,Graham Scott,/en/matches/aa2284c2/Leicester-City-Everton-December-1-2019-Premier-League,,aa2284c2
ENG-Premier League,1920,2019-12-01 Manchester Utd-Aston Villa,14,Sun,2019-12-01,16:30 (17:30),Manchester Utd,2–2,Aston Villa,73381,Old Trafford,Craig Pawson,/en/matches/e88d9028/Manchester-United-Aston-Villa-December-1-2019-Premier-League,,e88d9028
ENG-Premier League,1920,2019-12-01 Norwich City-Arsenal,14,Sun,2019-12-01,14:00 (15:00),Norwich City,2–2,Arsenal,27067,Carrow Road,Paul Tierney,/en/matches/39fce32e/Norwich-City-Arsenal-December-1-2019-Premier-League,,39fce32e
ENG-Premier League,1920,2019-12-01 Wolves-Sheffield United,14,Sun,2019-12-01,14:00 (15:00),Wolves,1–1,Sheffield United,31642,Molineux Stadium,David Coote,/en/matches/53a77072/Wolverhampton-Wanderers-Sheffield-United-December-1-2019-Premier-League,,53a77072
ENG-Premier League,1920,2019-12-03 Burnley-Manchester City,15,Tue,2019-12-03,20:15 (21:15),Burnley,1–4,Manchester City,20101,Turf Moor,Jonathan Moss,/en/matches/4d718594/Burnley-Manchester-City-December-3-2019-Premier-League,,4d718594
ENG-Premier League,1920,2019-12-03 Crystal Palace-Bournemouth,15,Tue,2019-12-03,19:30 (20:30),Crystal Palace,1–0,Bournemouth,23497,Selhurst Park,Anthony Taylor,/en/matches/fd541a1f/Crystal-Palace-Bournemouth-December-3-2019-Premier-League,,fd541a1f
ENG-Premier League,1920,2019-12-04 Chelsea-Aston Villa,15,Wed,2019-12-04,19:30 (20:30),Chelsea,2–1,Aston Villa,40628,Stamford Bridge,Chris Kavanagh,/en/matches/3f316110/Chelsea-Aston-Villa-December-4-2019-Premier-League,,3f316110
ENG-Premier League,1920,2019-12-04 Leicester City-Watford,15,Wed,2019-12-04,19:30 (20:30),Leicester City,2–0,Watford,31763,King Power Stadium,Craig Pawson,/en/matches/8b04b0d5/Leicester-City-Watford-December-4-2019-Premier-League,,8b04b0d5
ENG-Premier League,1920,2019-12-04 Liverpool-Everton,15,Wed,2019-12-04,20:15 (21:15),Liverpool,5–2,Everton,53094,Anfield,Mike Dean,/en/matches/de0ec650/Merseyside-Derby-Liverpool-Everton-December-4-2019-Premier-League,,de0ec650
ENG-Premier League,1920,2019-12-04 Manchester Utd-Tottenham Hotspur,15,Wed,2019-12-04,19:30 (20:30),Manchester Utd,2–1,Tottenham Hotspur,73252,Old Trafford,Paul Tierney,/en/matches/614c7c1f/Manchester-United-Tottenham-Hotspur-December-4-2019-Premier-League,,614c7c1f
ENG-Premier League,1920,2019-12-04 Southampton-Norwich City,15,Wed,2019-12-04,19:30 (20:30),Southampton,2–1,Norwich City,27019,St. Mary's Stadium,Kevin Friend,/en/matches/367829b6/Southampton-Norwich-City-December-4-2019-Premier-League,,367829b6
ENG-Premier League,1920,2019-12-04 Wolves-West Ham United,15,Wed,2019-12-04,19:30 (20:30),Wolves,2–0,West Ham United,31217,Molineux Stadium,Andre Marriner,/en/matches/292d0f46/Wolverhampton-Wanderers-West-Ham-United-December-4-2019-Premier-League,,292d0f46
ENG-Premier League,1920,2019-12-05 Arsenal-Brighton,15,Thu,2019-12-05,20:15 (21:15),Arsenal,1–2,Brighton,60164,Emirates Stadium,Graham Scott,/en/matches/372828cb/Arsenal-Brighton-and-Hove-Albion-December-5-2019-Premier-League,,372828cb
ENG-Premier League,1920,2019-12-05 Sheffield United-Newcastle United,15,Thu,2019-12-05,19:30 (20:30),Sheffield United,0–2,Newcastle United,30409,Bramall Lane,Stuart Attwell,/en/matches/8a9fa2d9/Sheffield-United-Newcastle-United-December-5-2019-Premier-League,,8a9fa2d9
ENG-Premier League,1920,2019-12-07 Bournemouth-Liverpool,16,Sat,2019-12-07,15:00 (16:00),Bournemouth,0–3,Liverpool,10832,Vitality Stadium,Chris Kavanagh,/en/matches/b7f0ca17/Bournemouth-Liverpool-December-7-2019-Premier-League,,b7f0ca17
ENG-Premier League,1920,2019-12-07 Everton-Chelsea,16,Sat,2019-12-07,12:30 (13:30),Everton,3–1,Chelsea,39114,Goodison Park,Craig Pawson,/en/matches/1b69dd66/Everton-Chelsea-December-7-2019-Premier-League,,1b69dd66
ENG-Premier League,1920,2019-12-07 Manchester City-Manchester Utd,16,Sat,2019-12-07,17:30 (18:30),Manchester City,1–2,Manchester Utd,54403,Etihad Stadium,Anthony Taylor,/en/matches/bf9c0d50/Manchester-Derby-Manchester-City-Manchester-United-December-7-2019-Premier-League,,bf9c0d50
ENG-Premier League,1920,2019-12-07 Tottenham Hotspur-Burnley,16,Sat,2019-12-07,15:00 (16:00),Tottenham Hotspur,5–0,Burnley,58401,Tottenham Hotspur Stadium,Kevin Friend,/en/matches/56da163b/Tottenham-Hotspur-Burnley-December-7-2019-Premier-League,,56da163b
ENG-Premier League,1920,2019-12-07 Watford-Crystal Palace,16,Sat,2019-12-07,15:00 (16:00),Watford,0–0,Crystal Palace,20070,Vicarage Road Stadium,Martin Atkinson,/en/matches/90976b40/Watford-Crystal-Palace-December-7-2019-Premier-League,,90976b40
ENG-Premier League,1920,2019-12-08 Aston Villa-Leicester City,16,Sun,2019-12-08,14:00 (15:00),Aston Villa,1–4,Leicester City,41908,Villa Park,Michael Oliver,/en/matches/559e812a/Aston-Villa-Leicester-City-December-8-2019-Premier-League,,559e812a
ENG-Premier League,1920,2019-12-08 Brighton-Wolves,16,Sun,2019-12-08,16:30 (17:30),Brighton,2–2,Wolves,30189,The American Express Community Stadium,Jonathan Moss,/en/matches/daad5806/Brighton-and-Hove-Albion-Wolverhampton-Wanderers-December-8-2019-Premier-League,,daad5806
ENG-Premier League,1920,2019-12-08 Newcastle United-Southampton,16,Sun,2019-12-08,14:00 (15:00),Newcastle United,2–1,Southampton,42303,St. James' Park,David Coote,/en/matches/5d9f7fe3/Newcastle-United-Southampton-December-8-2019-Premier-League,,5d9f7fe3
ENG-Premier League,1920,2019-12-08 Norwich City-Sheffield United,16,Sun,2019-12-08,14:00 (15:00),Norwich City,1–2,Sheffield United,26881,Carrow Road,Simon Hooper,/en/matches/529b20fa/Norwich-City-Sheffield-United-December-8-2019-Premier-League,,529b20fa
ENG-Premier League,1920,2019-12-09 West Ham United-Arsenal,16,Mon,2019-12-09,20:00 (21:00),West Ham United,1–3,Arsenal,59936,London Stadium,Mike Dean,/en/matches/a48c4638/West-Ham-United-Arsenal-December-9-2019-Premier-League,,a48c4638
ENG-Premier League,1920,2019-12-14 Burnley-Newcastle United,17,Sat,2019-12-14,15:00 (16:00),Burnley,1–0,Newcastle United,19798,Turf Moor,Tim Robinson,/en/matches/4c3c57fa/Burnley-Newcastle-United-December-14-2019-Premier-League,,4c3c57fa
ENG-Premier League,1920,2019-12-14 Chelsea-Bournemouth,17,Sat,2019-12-14,15:00 (16:00),Chelsea,0–1,Bournemouth,40243,Stamford Bridge,Graham Scott,/en/matches/b75094e0/Chelsea-Bournemouth-December-14-2019-Premier-League,,b75094e0
ENG-Premier League,1920,2019-12-14 Leicester City-Norwich City,17,Sat,2019-12-14,15:00 (16:00),Leicester City,1–1,Norwich City,32101,King Power Stadium,Andy Madley,/en/matches/3b2eb152/Leicester-City-Norwich-City-December-14-2019-Premier-League,,3b2eb152
ENG-Premier League,1920,2019-12-14 Liverpool-Watford,17,Sat,2019-12-14,12:30 (13:30),Liverpool,2–0,Watford,53311,Anfield,Andre Marriner,/en/matches/f33bb4b3/Liverpool-Watford-December-14-2019-Premier-League,,f33bb4b3
ENG-Premier League,1920,2019-12-14 Sheffield United-Aston Villa,17,Sat,2019-12-14,15:00 (16:00),Sheffield United,2–0,Aston Villa,30396,Bramall Lane,Peter Bankes,/en/matches/b1b5e590/Sheffield-United-Aston-Villa-December-14-2019-Premier-League,,b1b5e590
ENG-Premier League,1920,2019-12-14 Southampton-West Ham United,17,Sat,2019-12-14,17:30 (18:30),Southampton,0–1,West Ham United,27701,St. Mary's Stadium,Martin Atkinson,/en/matches/a47901a8/Southampton-West-Ham-United-December-14-2019-Premier-League,,a47901a8
ENG-Premier League,1920,2019-12-15 Arsenal-Manchester City,17,Sun,2019-12-15,16:30 (17:30),Arsenal,0–3,Manchester City,60031,Emirates Stadium,Paul Tierney,/en/matches/bed05936/Arsenal-Manchester-City-December-15-2019-Premier-League,,bed05936
ENG-Premier League,1920,2019-12-15 Manchester Utd-Everton,17,Sun,2019-12-15,14:00 (15:00),Manchester Utd,1–1,Everton,63328,Old Trafford,Michael Oliver,/en/matches/240ac5ad/Manchester-United-Everton-December-15-2019-Premier-League,,240ac5ad
ENG-Premier League,1920,2019-12-15 Wolves-Tottenham Hotspur,17,Sun,2019-12-15,14:00 (15:00),Wolves,1–2,Tottenham Hotspur,31674,Molineux Stadium,Stuart Attwell,/en/matches/e9e002fb/Wolverhampton-Wanderers-Tottenham-Hotspur-December-15-2019-Premier-League,,e9e002fb
ENG-Premier League,1920,2019-12-16 Crystal Palace-Brighton,17,Mon,2019-12-16,19:45 (20:45),Crystal Palace,1–1,Brighton,24175,Selhurst Park,Craig Pawson,/en/matches/1163ec4a/Crystal-Palace-Brighton-and-Hove-Albion-December-16-2019-Premier-League,,1163ec4a
ENG-Premier League,1920,2019-12-21 Aston Villa-Southampton,18,Sat,2019-12-21,15:00 (16:00),Aston Villa,1–3,Southampton,41834,Villa Park,Craig Pawson,/en/matches/d50390a8/Aston-Villa-Southampton-December-21-2019-Premier-League,,d50390a8
ENG-Premier League,1920,2019-12-21 Bournemouth-Burnley,18,Sat,2019-12-21,15:00 (16:00),Bournemouth,0–1,Burnley,10020,Vitality Stadium,Martin Atkinson,/en/matches/e8b74ca0/Bournemouth-Burnley-December-21-2019-Premier-League,,e8b74ca0
ENG-Premier League,1920,2019-12-21 Brighton-Sheffield United,18,Sat,2019-12-21,15:00 (16:00),Brighton,0–1,Sheffield United,30505,The American Express Community Stadium,Robert Jones,/en/matches/473db5a3/Brighton-and-Hove-Albion-Sheffield-United-December-21-2019-Premier-League,,473db5a3
ENG-Premier League,1920,2019-12-21 Everton-Arsenal,18,Sat,2019-12-21,12:30 (13:30),Everton,0–0,Arsenal,39336,Goodison Park,Kevin Friend,/en/matches/b9d1d1a7/Everton-Arsenal-December-21-2019-Premier-League,,b9d1d1a7
ENG-Premier League,1920,2019-12-21 Manchester City-Leicester City,18,Sat,2019-12-21,17:30 (18:30),Manchester City,3–1,Leicester City,54415,Etihad Stadium,Mike Dean,/en/matches/733c0243/Manchester-City-Leicester-City-December-21-2019-Premier-League,,733c0243
ENG-Premier League,1920,2019-12-21 Newcastle United-Crystal Palace,18,Sat,2019-12-21,15:00 (16:00),Newcastle United,1–0,Crystal Palace,45453,St. James' Park,Simon Hooper,/en/matches/5e599d06/Newcastle-United-Crystal-Palace-December-21-2019-Premier-League,,5e599d06
ENG-Premier League,1920,2019-12-21 Norwich City-Wolves,18,Sat,2019-12-21,15:00 (16:00),Norwich City,1–2,Wolves,27053,Carrow Road,Peter Bankes,/en/matches/223124ce/Norwich-City-Wolverhampton-Wanderers-December-21-2019-Premier-League,,223124ce
ENG-Premier League,1920,2019-12-22 Tottenham Hotspur-Chelsea,18,Sun,2019-12-22,16:30 (17:30),Tottenham Hotspur,0–2,Chelsea,61104,Tottenham Hotspur Stadium,Anthony Taylor,/en/matches/a1a20337/Tottenham-Hotspur-Chelsea-December-22-2019-Premier-League,,a1a20337
ENG-Premier League,1920,2019-12-22 Watford-Manchester Utd,18,Sun,2019-12-22,14:00 (15:00),Watford,2–0,Manchester Utd,21488,Vicarage Road Stadium,Lee Mason,/en/matches/a58df282/Watford-Manchester-United-December-22-2019-Premier-League,,a58df282
ENG-Premier League,1920,2019-12-26 Aston Villa-Norwich City,19,Thu,2019-12-26,15:00 (16:00),Aston Villa,1–0,Norwich City,41289,Villa Park,Chris Kavanagh,/en/matches/010301bf/Aston-Villa-Norwich-City-December-26-2019-Premier-League,,010301bf
ENG-Premier League,1920,2019-12-26 Bournemouth-Arsenal,19,Thu,2019-12-26,15:00 (16:00),Bournemouth,1–1,Arsenal,10234,Vitality Stadium,Stuart Attwell,/en/matches/5b1ecf02/Bournemouth-Arsenal-December-26-2019-Premier-League,,5b1ecf02
ENG-Premier League,1920,2019-12-26 Chelsea-Southampton,19,Thu,2019-12-26,15:00 (16:00),Chelsea,0–2,Southampton,40651,Stamford Bridge,Jonathan Moss,/en/matches/d9a73d72/Chelsea-Southampton-December-26-2019-Premier-League,,d9a73d72
ENG-Premier League,1920,2019-12-26 Crystal Palace-West Ham United,19,Thu,2019-12-26,15:00 (16:00),Crystal Palace,2–1,West Ham United,25462,Selhurst Park,Andre Marriner,/en/matches/048fa915/Crystal-Palace-West-Ham-United-December-26-2019-Premier-League,,048fa915
ENG-Premier League,1920,2019-12-26 Everton-Burnley,19,Thu,2019-12-26,15:00 (16:00),Everton,1–0,Burnley,39177,Goodison Park,Anthony Taylor,/en/matches/b23c6c90/Everton-Burnley-December-26-2019-Premier-League,,b23c6c90
ENG-Premier League,1920,2019-12-26 Leicester City-Liverpool,19,Thu,2019-12-26,20:00 (21:00),Leicester City,0–4,Liverpool,32211,King Power Stadium,Michael Oliver,/en/matches/4b8063da/Leicester-City-Liverpool-December-26-2019-Premier-League,,4b8063da
ENG-Premier League,1920,2019-12-26 Manchester Utd-Newcastle United,19,Thu,2019-12-26,17:30 (18:30),Manchester Utd,4–1,Newcastle United,73206,Old Trafford,Kevin Friend,/en/matches/b3d5292f/Manchester-United-Newcastle-United-December-26-2019-Premier-League,,b3d5292f
ENG-Premier League,1920,2019-12-26 Sheffield United-Watford,19,Thu,2019-12-26,15:00 (16:00),Sheffield United,1–1,Watford,30222,Bramall Lane,David Coote,/en/matches/960ce979/Sheffield-United-Watford-December-26-2019-Premier-League,,960ce979
ENG-Premier League,1920,2019-12-26 Tottenham Hotspur-Brighton,19,Thu,2019-12-26,12:30 (13:30),Tottenham Hotspur,2–1,Brighton,56308,Tottenham Hotspur Stadium,Graham Scott,/en/matches/eebe09b9/Tottenham-Hotspur-Brighton-and-Hove-Albion-December-26-2019-Premier-League,,eebe09b9
ENG-Premier League,1920,2019-12-27 Wolves-Manchester City,19,Fri,2019-12-27,19:45 (20:45),Wolves,3–2,Manchester City,31737,Molineux Stadium,Martin Atkinson,/en/matches/6defd3a2/Wolverhampton-Wanderers-Manchester-City-December-27-2019-Premier-League,,6defd3a2
ENG-Premier League,1920,2019-12-28 Brighton-Bournemouth,20,Sat,2019-12-28,12:30 (13:30),Brighton,2–0,Bournemouth,30441,The American Express Community Stadium,Paul Tierney,/en/matches/d7b72d7f/Brighton-and-Hove-Albion-Bournemouth-December-28-2019-Premier-League,,d7b72d7f
ENG-Premier League,1920,2019-12-28 Burnley-Manchester Utd,20,Sat,2019-12-28,19:45 (20:45),Burnley,0–2,Manchester Utd,21924,Turf Moor,Mike Dean,/en/matches/f66bbb03/Burnley-Manchester-United-December-28-2019-Premier-League,,f66bbb03
ENG-Premier League,1920,2019-12-28 Newcastle United-Everton,20,Sat,2019-12-28,15:00 (16:00),Newcastle United,1–2,Everton,52211,St. James' Park,Lee Mason,/en/matches/6edbd555/Newcastle-United-Everton-December-28-2019-Premier-League,,6edbd555
ENG-Premier League,1920,2019-12-28 Norwich City-Tottenham Hotspur,20,Sat,2019-12-28,17:30 (18:30),Norwich City,2–2,Tottenham Hotspur,27072,Carrow Road,Kevin Friend,/en/matches/a6e8ab71/Norwich-City-Tottenham-Hotspur-December-28-2019-Premier-League,,a6e8ab71
ENG-Premier League,1920,2019-12-28 Southampton-Crystal Palace,20,Sat,2019-12-28,15:00 (16:00),Southampton,1–1,Crystal Palace,31108,St. Mary's Stadium,Andy Madley,/en/matches/a8ab1213/Southampton-Crystal-Palace-December-28-2019-Premier-League,,a8ab1213
ENG-Premier League,1920,2019-12-28 Watford-Aston Villa,20,Sat,2019-12-28,15:00 (16:00),Watford,3–0,Aston Villa,21348,Vicarage Road Stadium,Simon Hooper,/en/matches/36dc1eb8/Watford-Aston-Villa-December-28-2019-Premier-League,,36dc1eb8
ENG-Premier League,1920,2019-12-28 West Ham United-Leicester City,20,Sat,2019-12-28,17:30 (18:30),West Ham United,1–2,Leicester City,59919,London Stadium,David Coote,/en/matches/1f2bd890/West-Ham-United-Leicester-City-December-28-2019-Premier-League,,1f2bd890
ENG-Premier League,1920,2019-12-29 Arsenal-Chelsea,20,Sun,2019-12-29,14:00 (15:00),Arsenal,1–2,Chelsea,60309,Emirates Stadium,Craig Pawson,/en/matches/850e18c6/North-West-London-Derby-Arsenal-Chelsea-December-29-2019-Premier-League,,850e18c6
ENG-Premier League,1920,2019-12-29 Liverpool-Wolves,20,Sun,2019-12-29,16:30 (17:30),Liverpool,1–0,Wolves,53326,Anfield,Anthony Taylor,/en/matches/9892a4f1/Liverpool-Wolverhampton-Wanderers-December-29-2019-Premier-League,,9892a4f1
ENG-Premier League,1920,2019-12-29 Manchester City-Sheffield United,20,Sun,2019-12-29,18:00 (19:00),Manchester City,2–0,Sheffield United,54512,Etihad Stadium,Chris Kavanagh,/en/matches/aaada016/Manchester-City-Sheffield-United-December-29-2019-Premier-League,,aaada016
ENG-Premier League,1920,2020-01-01 Arsenal-Manchester Utd,21,Wed,2020-01-01,20:00 (21:00),Arsenal,2–0,Manchester Utd,60328,Emirates Stadium,Chris Kavanagh,/en/matches/f6b7d570/Arsenal-Manchester-United-January-1-2020-Premier-League,,f6b7d570
ENG-Premier League,1920,2020-01-01 Brighton-Chelsea,21,Wed,2020-01-01,12:30 (13:30),Brighton,1–1,Chelsea,30559,The American Express Community Stadium,Stuart Attwell,/en/matches/9b72407a/Brighton-and-Hove-Albion-Chelsea-January-1-2020-Premier-League,,9b72407a
ENG-Premier League,1920,2020-01-01 Burnley-Aston Villa,21,Wed,2020-01-01,12:30 (13:30),Burnley,1–2,Aston Villa,19561,Turf Moor,Michael Oliver,/en/matches/ac409026/Burnley-Aston-Villa-January-1-2020-Premier-League,,ac409026
ENG-Premier League,1920,2020-01-01 Manchester City-Everton,21,Wed,2020-01-01,17:30 (18:30),Manchester City,2–1,Everton,54407,Etihad Stadium,Andre Marriner,/en/matches/ed58271e/Manchester-City-Everton-January-1-2020-Premier-League,,ed58271e
ENG-Premier League,1920,2020-01-01 Newcastle United-Leicester City,21,Wed,2020-01-01,15:00 (16:00),Newcastle United,0–3,Leicester City,52178,St. James' Park,Martin Atkinson,/en/matches/a7902bb1/Newcastle-United-Leicester-City-January-1-2020-Premier-League,,a7902bb1
ENG-Premier League,1920,2020-01-01 Norwich City-Crystal Palace,21,Wed,2020-01-01,17:30 (18:30),Norwich City,1–1,Crystal Palace,27021,Carrow Road,Jonathan Moss,/en/matches/5bbec2c4/Norwich-City-Crystal-Palace-January-1-2020-Premier-League,,5bbec2c4
ENG-Premier League,1920,2020-01-01 Southampton-Tottenham Hotspur,21,Wed,2020-01-01,15:00 (16:00),Southampton,1–0,Tottenham Hotspur,30976,St. Mary's Stadium,Mike Dean,/en/matches/ce2fad1e/Southampton-Tottenham-Hotspur-January-1-2020-Premier-League,,ce2fad1e
ENG-Premier League,1920,2020-01-01 Watford-Wolves,21,Wed,2020-01-01,15:00 (16:00),Watford,2–1,Wolves,20584,Vicarage Road Stadium,Andy Madley,/en/matches/dc2a86e8/Watford-Wolverhampton-Wanderers-January-1-2020-Premier-League,,dc2a86e8
ENG-Premier League,1920,2020-01-01 West Ham United-Bournemouth,21,Wed,2020-01-01,17:30 (18:30),West Ham United,4–0,Bournemouth,59917,London Stadium,Graham Scott,/en/matches/9ae01aab/West-Ham-United-Bournemouth-January-1-2020-Premier-League,,9ae01aab
ENG-Premier League,1920,2020-01-02 Liverpool-Sheffield United,21,Thu,2020-01-02,20:00 (21:00),Liverpool,2–0,Sheffield United,53321,Anfield,Paul Tierney,/en/matches/7fe3382b/Liverpool-Sheffield-United-January-2-2020-Premier-League,,7fe3382b
ENG-Premier League,1920,2020-01-10 Sheffield United-West Ham United,22,Fri,2020-01-10,20:00 (21:00),Sheffield United,1–0,West Ham United,30124,Bramall Lane,Michael Oliver,/en/matches/c5f47ccb/Sheffield-United-West-Ham-United-January-10-2020-Premier-League,,c5f47ccb
ENG-Premier League,1920,2020-01-11 Chelsea-Burnley,22,Sat,2020-01-11,15:00 (16:00),Chelsea,3–0,Burnley,40396,Stamford Bridge,Kevin Friend,/en/matches/17a5a8ef/Chelsea-Burnley-January-11-2020-Premier-League,,17a5a8ef
ENG-Premier League,1920,2020-01-11 Crystal Palace-Arsenal,22,Sat,2020-01-11,12:30 (13:30),Crystal Palace,1–1,Arsenal,25468,Selhurst Park,Paul Tierney,/en/matches/e1fdc1f9/Crystal-Palace-Arsenal-January-11-2020-Premier-League,,e1fdc1f9
ENG-Premier League,1920,2020-01-11 Everton-Brighton,22,Sat,2020-01-11,15:00 (16:00),Everton,1–0,Brighton,38772,Goodison Park,David Coote,/en/matches/61cc2ca5/Everton-Brighton-and-Hove-Albion-January-11-2020-Premier-League,,61cc2ca5
ENG-Premier League,1920,2020-01-11 Leicester City-Southampton,22,Sat,2020-01-11,15:00 (16:00),Leicester City,1–2,Southampton,32115,King Power Stadium,Lee Mason,/en/matches/bf752bf7/Leicester-City-Southampton-January-11-2020-Premier-League,,bf752bf7
ENG-Premier League,1920,2020-01-11 Manchester Utd-Norwich City,22,Sat,2020-01-11,15:00 (16:00),Manchester Utd,4–0,Norwich City,73271,Old Trafford,Anthony Taylor,/en/matches/db192bf5/Manchester-United-Norwich-City-January-11-2020-Premier-League,,db192bf5
ENG-Premier League,1920,2020-01-11 Tottenham Hotspur-Liverpool,22,Sat,2020-01-11,17:30 (18:30),Tottenham Hotspur,0–1,Liverpool,61023,Tottenham Hotspur Stadium,Martin Atkinson,/en/matches/39432697/Tottenham-Hotspur-Liverpool-January-11-2020-Premier-League,,39432697
ENG-Premier League,1920,2020-01-11 Wolves-Newcastle United,22,Sat,2020-01-11,15:00 (16:00),Wolves,1–1,Newcastle United,31570,Molineux Stadium,Peter Bankes,/en/matches/d5b1eda9/Wolverhampton-Wanderers-Newcastle-United-January-11-2020-Premier-League,,d5b1eda9
ENG-Premier League,1920,2020-01-12 Aston Villa-Manchester City,22,Sun,2020-01-12,16:30 (17:30),Aston Villa,1–6,Manchester City,41823,Villa Park,Jonathan Moss,/en/matches/ffb4946c/Aston-Villa-Manchester-City-January-12-2020-Premier-League,,ffb4946c
ENG-Premier League,1920,2020-01-12 Bournemouth-Watford,22,Sun,2020-01-12,14:00 (15:00),Bournemouth,0–3,Watford,10384,Vitality Stadium,Mike Dean,/en/matches/76ce7bd8/Bournemouth-Watford-January-12-2020-Premier-League,,76ce7bd8
ENG-Premier League,1920,2020-01-18 Arsenal-Sheffield United,23,Sat,2020-01-18,15:00 (16:00),Arsenal,1–1,Sheffield United,60310,Emirates Stadium,Mike Dean,/en/matches/0333a4b6/Arsenal-Sheffield-United-January-18-2020-Premier-League,,0333a4b6
ENG-Premier League,1920,2020-01-18 Brighton-Aston Villa,23,Sat,2020-01-18,15:00 (16:00),Brighton,1–1,Aston Villa,30551,The American Express Community Stadium,Andy Madley,/en/matches/bd044bad/Brighton-and-Hove-Albion-Aston-Villa-January-18-2020-Premier-League,,bd044bad
ENG-Premier League,1920,2020-01-18 Manchester City-Crystal Palace,23,Sat,2020-01-18,15:00 (16:00),Manchester City,2–2,Crystal Palace,54439,Etihad Stadium,Graham Scott,/en/matches/4572cd0e/Manchester-City-Crystal-Palace-January-18-2020-Premier-League,,4572cd0e
ENG-Premier League,1920,2020-01-18 Newcastle United-Chelsea,23,Sat,2020-01-18,17:30 (18:30),Newcastle United,1–0,Chelsea,52217,St. James' Park,Chris Kavanagh,/en/matches/e5a20f1e/Newcastle-United-Chelsea-January-18-2020-Premier-League,,e5a20f1e
ENG-Premier League,1920,2020-01-18 Norwich City-Bournemouth,23,Sat,2020-01-18,15:00 (16:00),Norwich City,1–0,Bournemouth,26781,Carrow Road,Paul Tierney,/en/matches/2550abdc/Norwich-City-Bournemouth-January-18-2020-Premier-League,,2550abdc
ENG-Premier League,1920,2020-01-18 Southampton-Wolves,23,Sat,2020-01-18,15:00 (16:00),Southampton,2–3,Wolves,31152,St. Mary's Stadium,Darren England,/en/matches/9d6674f8/Southampton-Wolverhampton-Wanderers-January-18-2020-Premier-League,,9d6674f8
ENG-Premier League,1920,2020-01-18 Watford-Tottenham Hotspur,23,Sat,2020-01-18,12:30 (13:30),Watford,0–0,Tottenham Hotspur,21366,Vicarage Road Stadium,Michael Oliver,/en/matches/46697bf6/Watford-Tottenham-Hotspur-January-18-2020-Premier-League,,46697bf6
ENG-Premier League,1920,2020-01-18 West Ham United-Everton,23,Sat,2020-01-18,15:00 (16:00),West Ham United,1–1,Everton,59915,London Stadium,Andre Marriner,/en/matches/d4898eac/West-Ham-United-Everton-January-18-2020-Premier-League,,d4898eac
ENG-Premier League,1920,2020-01-19 Burnley-Leicester City,23,Sun,2020-01-19,14:00 (15:00),Burnley,2–1,Leicester City,19788,Turf Moor,Anthony Taylor,/en/matches/bd102a2b/Burnley-Leicester-City-January-19-2020-Premier-League,,bd102a2b
ENG-Premier League,1920,2020-01-19 Liverpool-Manchester Utd,23,Sun,2020-01-19,16:30 (17:30),Liverpool,2–0,Manchester Utd,52916,Anfield,Craig Pawson,/en/matches/d2a888b6/North-West-Derby-Liverpool-Manchester-United-January-19-2020-Premier-League,,d2a888b6
ENG-Premier League,1920,2020-01-21 Aston Villa-Watford,24,Tue,2020-01-21,19:30 (20:30),Aston Villa,2–1,Watford,40867,Villa Park,Martin Atkinson,/en/matches/3deb145e/Aston-Villa-Watford-January-21-2020-Premier-League,,3deb145e
ENG-Premier League,1920,2020-01-21 Bournemouth-Brighton,24,Tue,2020-01-21,19:30 (20:30),Bournemouth,3–1,Brighton,10065,Vitality Stadium,Kevin Friend,/en/matches/ba03a070/Bournemouth-Brighton-and-Hove-Albion-January-21-2020-Premier-League,,ba03a070
ENG-Premier League,1920,2020-01-21 Chelsea-Arsenal,24,Tue,2020-01-21,20:15 (21:15),Chelsea,2–2,Arsenal,40577,Stamford Bridge,Stuart Attwell,/en/matches/38d058ad/North-West-London-Derby-Chelsea-Arsenal-January-21-2020-Premier-League,,38d058ad
ENG-Premier League,1920,2020-01-21 Crystal Palace-Southampton,24,Tue,2020-01-21,19:30 (20:30),Crystal Palace,0–2,Southampton,23739,Selhurst Park,Andre Marriner,/en/matches/003ce1e3/Crystal-Palace-Southampton-January-21-2020-Premier-League,,003ce1e3
ENG-Premier League,1920,2020-01-21 Everton-Newcastle United,24,Tue,2020-01-21,19:30 (20:30),Everton,2–2,Newcastle United,38822,Goodison Park,Simon Hooper,/en/matches/33b8c50a/Everton-Newcastle-United-January-21-2020-Premier-League,,33b8c50a
ENG-Premier League,1920,2020-01-21 Sheffield United-Manchester City,24,Tue,2020-01-21,19:30 (20:30),Sheffield United,0–1,Manchester City,31285,Bramall Lane,Lee Mason,/en/matches/ae7cb0c2/Sheffield-United-Manchester-City-January-21-2020-Premier-League,,ae7cb0c2
ENG-Premier League,1920,2020-01-22 Leicester City-West Ham United,24,Wed,2020-01-22,19:30 (20:30),Leicester City,4–1,West Ham United,31968,King Power Stadium,David Coote,/en/matches/354b03ac/Leicester-City-West-Ham-United-January-22-2020-Premier-League,,354b03ac
ENG-Premier League,1920,2020-01-22 Manchester Utd-Burnley,24,Wed,2020-01-22,20:15 (21:15),Manchester Utd,0–2,Burnley,73198,Old Trafford,Jonathan Moss,/en/matches/709e2aa4/Manchester-United-Burnley-January-22-2020-Premier-League,,709e2aa4
ENG-Premier League,1920,2020-01-22 Tottenham Hotspur-Norwich City,24,Wed,2020-01-22,19:30 (20:30),Tottenham Hotspur,2–1,Norwich City,58182,Tottenham Hotspur Stadium,Chris Kavanagh,/en/matches/b36a7b4d/Tottenham-Hotspur-Norwich-City-January-22-2020-Premier-League,,b36a7b4d
ENG-Premier League,1920,2020-01-23 Wolves-Liverpool,24,Thu,2020-01-23,20:00 (21:00),Wolves,1–2,Liverpool,31746,Molineux Stadium,Michael Oliver,/en/matches/efd768f0/Wolverhampton-Wanderers-Liverpool-January-23-2020-Premier-League,,efd768f0
ENG-Premier League,1920,2020-01-29 West Ham United-Liverpool,18,Wed,2020-01-29,19:45 (20:45),West Ham United,0–2,Liverpool,59959,London Stadium,Jonathan Moss,/en/matches/7b057bc1/West-Ham-United-Liverpool-January-29-2020-Premier-League,,7b057bc1
ENG-Premier League,1920,2020-02-01 Bournemouth-Aston Villa,25,Sat,2020-02-01,15:00 (16:00),Bournemouth,2–1,Aston Villa,10722,Vitality Stadium,Anthony Taylor,/en/matches/db21a88a/Bournemouth-Aston-Villa-February-1-2020-Premier-League,,db21a88a
ENG-Premier League,1920,2020-02-01 Crystal Palace-Sheffield United,25,Sat,2020-02-01,15:00 (16:00),Crystal Palace,0–1,Sheffield United,25170,Selhurst Park,Andy Madley,/en/matches/6b34e6af/Crystal-Palace-Sheffield-United-February-1-2020-Premier-League,,6b34e6af
ENG-Premier League,1920,2020-02-01 Leicester City-Chelsea,25,Sat,2020-02-01,12:30 (13:30),Leicester City,2–2,Chelsea,32186,King Power Stadium,Lee Mason,/en/matches/270dc7ba/Leicester-City-Chelsea-February-1-2020-Premier-League,,270dc7ba
ENG-Premier League,1920,2020-02-01 Liverpool-Southampton,25,Sat,2020-02-01,15:00 (16:00),Liverpool,4–0,Southampton,53291,Anfield,Kevin Friend,/en/matches/ab9e9e23/Liverpool-Southampton-February-1-2020-Premier-League,,ab9e9e23
ENG-Premier League,1920,2020-02-01 Manchester Utd-Wolves,25,Sat,2020-02-01,17:30 (18:30),Manchester Utd,0–0,Wolves,73363,Old Trafford,Paul Tierney,/en/matches/88328013/Manchester-United-Wolverhampton-Wanderers-February-1-2020-Premier-League,,88328013
ENG-Premier League,1920,2020-02-01 Newcastle United-Norwich City,25,Sat,2020-02-01,15:00 (16:00),Newcastle United,0–0,Norwich City,52204,St. James' Park,Martin Atkinson,/en/matches/eef415ec/Newcastle-United-Norwich-City-February-1-2020-Premier-League,,eef415ec
ENG-Premier League,1920,2020-02-01 Watford-Everton,25,Sat,2020-02-01,15:00 (16:00),Watford,2–3,Everton,21229,Vicarage Road Stadium,Craig Pawson,/en/matches/476d12a9/Watford-Everton-February-1-2020-Premier-League,,476d12a9
ENG-Premier League,1920,2020-02-01 West Ham United-Brighton,25,Sat,2020-02-01,15:00 (16:00),West Ham United,3–3,Brighton,59952,London Stadium,Michael Oliver,/en/matches/14d877cc/West-Ham-United-Brighton-and-Hove-Albion-February-1-2020-Premier-League,,14d877cc
ENG-Premier League,1920,2020-02-02 Burnley-Arsenal,25,Sun,2020-02-02,14:00 (15:00),Burnley,0–0,Arsenal,21048,Turf Moor,Chris Kavanagh,/en/matches/a6b40849/Burnley-Arsenal-February-2-2020-Premier-League,,a6b40849
ENG-Premier League,1920,2020-02-02 Tottenham Hotspur-Manchester City,25,Sun,2020-02-02,16:30 (17:30),Tottenham Hotspur,2–0,Manchester City,61022,Tottenham Hotspur Stadium,Mike Dean,/en/matches/e98d8736/Tottenham-Hotspur-Manchester-City-February-2-2020-Premier-League,,e98d8736
ENG-Premier League,1920,2020-02-08 Brighton-Watford,26,Sat,2020-02-08,17:30 (18:30),Brighton,1–1,Watford,30443,The American Express Community Stadium,Kevin Friend,/en/matches/111b8b45/Brighton-and-Hove-Albion-Watford-February-8-2020-Premier-League,,111b8b45
ENG-Premier League,1920,2020-02-08 Everton-Crystal Palace,26,Sat,2020-02-08,12:30 (13:30),Everton,3–1,Crystal Palace,38987,Goodison Park,David Coote,/en/matches/4e620966/Everton-Crystal-Palace-February-8-2020-Premier-League,,4e620966
ENG-Premier League,1920,2020-02-09 Sheffield United-Bournemouth,26,Sun,2020-02-09,14:00 (15:00),Sheffield United,2–1,Bournemouth,30361,Bramall Lane,Jonathan Moss,/en/matches/9dbc60d4/Sheffield-United-Bournemouth-February-9-2020-Premier-League,,9dbc60d4
ENG-Premier League,1920,2020-02-14 Wolves-Leicester City,26,Fri,2020-02-14,20:00 (21:00),Wolves,0–0,Leicester City,31682,Molineux Stadium,Mike Dean,/en/matches/a11273b7/Wolverhampton-Wanderers-Leicester-City-February-14-2020-Premier-League,,a11273b7
ENG-Premier League,1920,2020-02-15 Norwich City-Liverpool,26,Sat,2020-02-15,17:30 (18:30),Norwich City,0–1,Liverpool,27110,Carrow Road,Stuart Attwell,/en/matches/9c238122/Norwich-City-Liverpool-February-15-2020-Premier-League,,9c238122
ENG-Premier League,1920,2020-02-15 Southampton-Burnley,26,Sat,2020-02-15,12:30 (13:30),Southampton,1–2,Burnley,26302,St. Mary's Stadium,Simon Hooper,/en/matches/738ade70/Southampton-Burnley-February-15-2020-Premier-League,,738ade70
ENG-Premier League,1920,2020-02-16 Arsenal-Newcastle United,26,Sun,2020-02-16,16:30 (17:30),Arsenal,4–0,Newcastle United,60188,Emirates Stadium,Lee Mason,/en/matches/6ce374b0/Arsenal-Newcastle-United-February-16-2020-Premier-League,,6ce374b0
ENG-Premier League,1920,2020-02-16 Aston Villa-Tottenham Hotspur,26,Sun,2020-02-16,14:00 (15:00),Aston Villa,2–3,Tottenham Hotspur,41874,Villa Park,Martin Atkinson,/en/matches/ebfe971d/Aston-Villa-Tottenham-Hotspur-February-16-2020-Premier-League,,ebfe971d
ENG-Premier League,1920,2020-02-17 Chelsea-Manchester Utd,26,Mon,2020-02-17,20:00 (21:00),Chelsea,0–2,Manchester Utd,40504,Stamford Bridge,Anthony Taylor,/en/matches/2619bcb9/Chelsea-Manchester-United-February-17-2020-Premier-League,,2619bcb9
ENG-Premier League,1920,2020-02-19 Manchester City-West Ham United,26,Wed,2020-02-19,19:30 (20:30),Manchester City,2–0,West Ham United,52159,Etihad Stadium,Kevin Friend,/en/matches/bc091e86/Manchester-City-West-Ham-United-February-19-2020-Premier-League,,bc091e86
ENG-Premier League,1920,2020-02-22 Burnley-Bournemouth,27,Sat,2020-02-22,15:00 (16:00),Burnley,3–0,Bournemouth,18227,Turf Moor,Mike Dean,/en/matches/bcdc3fb0/Burnley-Bournemouth-February-22-2020-Premier-League,,bcdc3fb0
ENG-Premier League,1920,2020-02-22 Chelsea-Tottenham Hotspur,27,Sat,2020-02-22,12:30 (13:30),Chelsea,2–1,Tottenham Hotspur,40608,Stamford Bridge,Michael Oliver,/en/matches/fdd364a6/Chelsea-Tottenham-Hotspur-February-22-2020-Premier-League,,fdd364a6
ENG-Premier League,1920,2020-02-22 Crystal Palace-Newcastle United,27,Sat,2020-02-22,15:00 (16:00),Crystal Palace,1–0,Newcastle United,25486,Selhurst Park,Peter Bankes,/en/matches/5947b8fb/Crystal-Palace-Newcastle-United-February-22-2020-Premier-League,,5947b8fb
ENG-Premier League,1920,2020-02-22 Leicester City-Manchester City,27,Sat,2020-02-22,17:30 (18:30),Leicester City,0–1,Manchester City,32068,King Power Stadium,Paul Tierney,/en/matches/4f00e03a/Leicester-City-Manchester-City-February-22-2020-Premier-League,,4f00e03a
ENG-Premier League,1920,2020-02-22 Sheffield United-Brighton,27,Sat,2020-02-22,15:00 (16:00),Sheffield United,1–1,Brighton,31888,Bramall Lane,Graham Scott,/en/matches/c24b02bd/Sheffield-United-Brighton-and-Hove-Albion-February-22-2020-Premier-League,,c24b02bd
ENG-Premier League,1920,2020-02-22 Southampton-Aston Villa,27,Sat,2020-02-22,15:00 (16:00),Southampton,2–0,Aston Villa,31478,St. Mary's Stadium,Craig Pawson,/en/matches/66823ac4/Southampton-Aston-Villa-February-22-2020-Premier-League,,66823ac4
ENG-Premier League,1920,2020-02-23 Arsenal-Everton,27,Sun,2020-02-23,16:30 (17:30),Arsenal,3–2,Everton,60296,Emirates Stadium,Stuart Attwell,/en/matches/485003ed/Arsenal-Everton-February-23-2020-Premier-League,,485003ed
ENG-Premier League,1920,2020-02-23 Manchester Utd-Watford,27,Sun,2020-02-23,14:00 (15:00),Manchester Utd,3–0,Watford,73347,Old Trafford,Martin Atkinson,/en/matches/835d0c36/Manchester-United-Watford-February-23-2020-Premier-League,,835d0c36
ENG-Premier League,1920,2020-02-23 Wolves-Norwich City,27,Sun,2020-02-23,14:00 (15:00),Wolves,3–0,Norwich City,31046,Molineux Stadium,Chris Kavanagh,/en/matches/09ec6552/Wolverhampton-Wanderers-Norwich-City-February-23-2020-Premier-League,,09ec6552
ENG-Premier League,1920,2020-02-24 Liverpool-West Ham United,27,Mon,2020-02-24,20:00 (21:00),Liverpool,3–2,West Ham United,53313,Anfield,Jonathan Moss,/en/matches/3aee1ba7/Liverpool-West-Ham-United-February-24-2020-Premier-League,,3aee1ba7
ENG-Premier League,1920,2020-02-28 Norwich City-Leicester City,28,Fri,2020-02-28,20:00 (21:00),Norwich City,1–0,Leicester City,27010,Carrow Road,Craig Pawson,/en/matches/8edf3e12/Norwich-City-Leicester-City-February-28-2020-Premier-League,,8edf3e12
ENG-Premier League,1920,2020-02-29 Bournemouth-Chelsea,28,Sat,2020-02-29,15:00 (16:00),Bournemouth,2–2,Chelsea,10667,Vitality Stadium,Andre Marriner,/en/matches/57d79762/Bournemouth-Chelsea-February-29-2020-Premier-League,,57d79762
ENG-Premier League,1920,2020-02-29 Brighton-Crystal Palace,28,Sat,2020-02-29,12:30 (13:30),Brighton,0–1,Crystal Palace,30124,The American Express Community Stadium,Martin Atkinson,/en/matches/aeb979e2/Brighton-and-Hove-Albion-Crystal-Palace-February-29-2020-Premier-League,,aeb979e2
ENG-Premier League,1920,2020-02-29 Newcastle United-Burnley,28,Sat,2020-02-29,15:00 (16:00),Newcastle United,0–0,Burnley,52219,St. James' Park,Andy Madley,/en/matches/5d623dc0/Newcastle-United-Burnley-February-29-2020-Premier-League,,5d623dc0
ENG-Premier League,1920,2020-02-29 Watford-Liverpool,28,Sat,2020-02-29,17:30 (18:30),Watford,3–0,Liverpool,21634,Vicarage Road Stadium,Michael Oliver,/en/matches/4df69c15/Watford-Liverpool-February-29-2020-Premier-League,,4df69c15
ENG-Premier League,1920,2020-02-29 West Ham United-Southampton,28,Sat,2020-02-29,15:00 (16:00),West Ham United,3–1,Southampton,59962,London Stadium,Anthony Taylor,/en/matches/2cb790f2/West-Ham-United-Southampton-February-29-2020-Premier-League,,2cb790f2
ENG-Premier League,1920,2020-03-01 Everton-Manchester Utd,28,Sun,2020-03-01,14:00 (15:00),Everton,1–1,Manchester Utd,39374,Goodison Park,Chris Kavanagh,/en/matches/ea2c2272/Everton-Manchester-United-March-1-2020-Premier-League,,ea2c2272
ENG-Premier League,1920,2020-03-01 Tottenham Hotspur-Wolves,28,Sun,2020-03-01,14:00 (15:00),Tottenham Hotspur,2–3,Wolves,58064,Tottenham Hotspur Stadium,Stuart Attwell,/en/matches/2475762d/Tottenham-Hotspur-Wolverhampton-Wanderers-March-1-2020-Premier-League,,2475762d
ENG-Premier League,1920,2020-03-07 Arsenal-West Ham United,29,Sat,2020-03-07,15:00 (16:00),Arsenal,1–0,West Ham United,60335,Emirates Stadium,Martin Atkinson,/en/matches/bf382825/Arsenal-West-Ham-United-March-7-2020-Premier-League,,bf382825
ENG-Premier League,1920,2020-03-07 Burnley-Tottenham Hotspur,29,Sat,2020-03-07,17:30 (18:30),Burnley,1–1,Tottenham Hotspur,20496,Turf Moor,Jonathan Moss,/en/matches/1b4c17ec/Burnley-Tottenham-Hotspur-March-7-2020-Premier-League,,1b4c17ec
ENG-Premier League,1920,2020-03-07 Crystal Palace-Watford,29,Sat,2020-03-07,15:00 (16:00),Crystal Palace,1–0,Watford,25461,Selhurst Park,Anthony Taylor,/en/matches/7535d777/Crystal-Palace-Watford-March-7-2020-Premier-League,,7535d777
ENG-Premier League,1920,2020-03-07 Liverpool-Bournemouth,29,Sat,2020-03-07,12:30 (13:30),Liverpool,2–1,Bournemouth,53323,Anfield,Paul Tierney,/en/matches/a24ed8fc/Liverpool-Bournemouth-March-7-2020-Premier-League,,a24ed8fc
ENG-Premier League,1920,2020-03-07 Sheffield United-Norwich City,29,Sat,2020-03-07,15:00 (16:00),Sheffield United,1–0,Norwich City,31379,Bramall Lane,Simon Hooper,/en/matches/fcdf913d/Sheffield-United-Norwich-City-March-7-2020-Premier-League,,fcdf913d
ENG-Premier League,1920,2020-03-07 Southampton-Newcastle United,29,Sat,2020-03-07,15:00 (16:00),Southampton,0–1,Newcastle United,30096,St. Mary's Stadium,Graham Scott,/en/matches/947a04e9/Southampton-Newcastle-United-March-7-2020-Premier-League,,947a04e9
ENG-Premier League,1920,2020-03-07 Wolves-Brighton,29,Sat,2020-03-07,15:00 (16:00),Wolves,0–0,Brighton,31490,Molineux Stadium,Andre Marriner,/en/matches/6a08610e/Wolverhampton-Wanderers-Brighton-and-Hove-Albion-March-7-2020-Premier-League,,6a08610e
ENG-Premier League,1920,2020-03-08 Chelsea-Everton,29,Sun,2020-03-08,14:00 (15:00),Chelsea,4–0,Everton,40694,Stamford Bridge,Kevin Friend,/en/matches/c062bff0/Chelsea-Everton-March-8-2020-Premier-League,,c062bff0
ENG-Premier League,1920,2020-03-08 Manchester Utd-Manchester City,29,Sun,2020-03-08,16:30 (17:30),Manchester Utd,2–0,Manchester City,73288,Old Trafford,Mike Dean,/en/matches/04416d35/Manchester-Derby-Manchester-United-Manchester-City-March-8-2020-Premier-League,,04416d35
ENG-Premier League,1920,2020-03-09 Leicester City-Aston Villa,29,Mon,2020-03-09,20:00 (21:00),Leicester City,4–0,Aston Villa,32125,King Power Stadium,Michael Oliver,/en/matches/76f492dc/Leicester-City-Aston-Villa-March-9-2020-Premier-League,,76f492dc
ENG-Premier League,1920,2020-06-17 Aston Villa-Sheffield United,28,Wed,2020-06-17,18:00 (19:00),Aston Villa,0–0,Sheffield United,,Villa Park,Michael Oliver,/en/matches/18961bf7/Aston-Villa-Sheffield-United-June-17-2020-Premier-League,,18961bf7
ENG-Premier League,1920,2020-06-17 Manchester City-Arsenal,28,Wed,2020-06-17,20:15 (21:15),Manchester City,3–0,Arsenal,,Etihad Stadium,Anthony Taylor,/en/matches/5825b217/Manchester-City-Arsenal-June-17-2020-Premier-League,,5825b217
ENG-Premier League,1920,2020-06-19 Norwich City-Southampton,30,Fri,2020-06-19,18:00 (19:00),Norwich City,0–3,Southampton,,Carrow Road,Kevin Friend,/en/matches/d659cbdf/Norwich-City-Southampton-June-19-2020-Premier-League,,d659cbdf
ENG-Premier League,1920,2020-06-19 Tottenham Hotspur-Manchester Utd,30,Fri,2020-06-19,20:15 (21:15),Tottenham Hotspur,1–1,Manchester Utd,,Tottenham Hotspur Stadium,Jonathan Moss,/en/matches/973a441a/Tottenham-Hotspur-Manchester-United-June-19-2020-Premier-League,,973a441a
ENG-Premier League,1920,2020-06-20 Bournemouth-Crystal Palace,30,Sat,2020-06-20,19:45 (20:45),Bournemouth,0–2,Crystal Palace,,Vitality Stadium,Stuart Attwell,/en/matches/c4d88352/Bournemouth-Crystal-Palace-June-20-2020-Premier-League,,c4d88352
ENG-Premier League,1920,2020-06-20 Brighton-Arsenal,30,Sat,2020-06-20,15:00 (16:00),Brighton,2–1,Arsenal,,The American Express Community Stadium,Martin Atkinson,/en/matches/1abcdcde/Brighton-and-Hove-Albion-Arsenal-June-20-2020-Premier-League,,1abcdcde
ENG-Premier League,1920,2020-06-20 Watford-Leicester City,30,Sat,2020-06-20,12:30 (13:30),Watford,1–1,Leicester City,,Vicarage Road Stadium,Craig Pawson,/en/matches/e5f403c2/Watford-Leicester-City-June-20-2020-Premier-League,,e5f403c2
ENG-Premier League,1920,2020-06-20 West Ham United-Wolves,30,Sat,2020-06-20,17:30 (18:30),West Ham United,0–2,Wolves,,London Stadium,Anthony Taylor,/en/matches/6ddd148a/West-Ham-United-Wolverhampton-Wanderers-June-20-2020-Premier-League,,6ddd148a
ENG-Premier League,1920,2020-06-21 Aston Villa-Chelsea,30,Sun,2020-06-21,16:15 (17:15),Aston Villa,1–2,Chelsea,,Villa Park,Paul Tierney,/en/matches/827d4651/Aston-Villa-Chelsea-June-21-2020-Premier-League,,827d4651
ENG-Premier League,1920,2020-06-21 Everton-Liverpool,30,Sun,2020-06-21,19:00 (20:00),Everton,0–0,Liverpool,,Goodison Park,Mike Dean,/en/matches/603174fb/Merseyside-Derby-Everton-Liverpool-June-21-2020-Premier-League,,603174fb
ENG-Premier League,1920,2020-06-21 Newcastle United-Sheffield United,30,Sun,2020-06-21,14:00 (15:00),Newcastle United,3–0,Sheffield United,,St. James' Park,David Coote,/en/matches/4e501da1/Newcastle-United-Sheffield-United-June-21-2020-Premier-League,,4e501da1
ENG-Premier League,1920,2020-06-22 Manchester City-Burnley,30,Mon,2020-06-22,20:00 (21:00),Manchester City,5–0,Burnley,,Etihad Stadium,Andre Marriner,/en/matches/b1d3ebde/Manchester-City-Burnley-June-22-2020-Premier-League,,b1d3ebde
ENG-Premier League,1920,2020-06-23 Leicester City-Brighton,31,Tue,2020-06-23,18:00 (19:00),Leicester City,0–0,Brighton,,King Power Stadium,Lee Mason,/en/matches/481a9a3a/Leicester-City-Brighton-and-Hove-Albion-June-23-2020-Premier-League,,481a9a3a
ENG-Premier League,1920,2020-06-23 Tottenham Hotspur-West Ham United,31,Tue,2020-06-23,20:15 (21:15),Tottenham Hotspur,2–0,West Ham United,,Tottenham Hotspur Stadium,Craig Pawson,/en/matches/8fc12d99/Tottenham-Hotspur-West-Ham-United-June-23-2020-Premier-League,,8fc12d99
ENG-Premier League,1920,2020-06-24 Liverpool-Crystal Palace,31,Wed,2020-06-24,20:15 (21:15),Liverpool,4–0,Crystal Palace,,Anfield,Martin Atkinson,/en/matches/c486cf76/Liverpool-Crystal-Palace-June-24-2020-Premier-League,,c486cf76
ENG-Premier League,1920,2020-06-24 Manchester Utd-Sheffield United,31,Wed,2020-06-24,18:00 (19:00),Manchester Utd,3–0,Sheffield United,,Old Trafford,Anthony Taylor,/en/matches/54cdce8b/Manchester-United-Sheffield-United-June-24-2020-Premier-League,,54cdce8b
ENG-Premier League,1920,2020-06-24 Newcastle United-Aston Villa,31,Wed,2020-06-24,18:00 (19:00),Newcastle United,1–1,Aston Villa,,St. James' Park,Chris Kavanagh,/en/matches/66027e20/Newcastle-United-Aston-Villa-June-24-2020-Premier-League,,66027e20
ENG-Premier League,1920,2020-06-24 Norwich City-Everton,31,Wed,2020-06-24,18:00 (19:00),Norwich City,0–1,Everton,,Carrow Road,Andy Madley,/en/matches/49724d90/Norwich-City-Everton-June-24-2020-Premier-League,,49724d90
ENG-Premier League,1920,2020-06-24 Wolves-Bournemouth,31,Wed,2020-06-24,18:00 (19:00),Wolves,1–0,Bournemouth,,Molineux Stadium,Michael Oliver,/en/matches/4f61e5af/Wolverhampton-Wanderers-Bournemouth-June-24-2020-Premier-League,,4f61e5af
ENG-Premier League,1920,2020-06-25 Burnley-Watford,31,Thu,2020-06-25,18:00 (19:00),Burnley,1–0,Watford,,Turf Moor,Mike Dean,/en/matches/965fbb94/Burnley-Watford-June-25-2020-Premier-League,,965fbb94
ENG-Premier League,1920,2020-06-25 Chelsea-Manchester City,31,Thu,2020-06-25,20:15 (21:15),Chelsea,2–1,Manchester City,,Stamford Bridge,Stuart Attwell,/en/matches/bc237647/Chelsea-Manchester-City-June-25-2020-Premier-League,,bc237647
ENG-Premier League,1920,2020-06-25 Southampton-Arsenal,31,Thu,2020-06-25,18:00 (19:00),Southampton,0–2,Arsenal,,St. Mary's Stadium,Graham Scott,/en/matches/38757aa1/Southampton-Arsenal-June-25-2020-Premier-League,,38757aa1
ENG-Premier League,1920,2020-06-27 Aston Villa-Wolves,32,Sat,2020-06-27,12:30 (13:30),Aston Villa,0–1,Wolves,,Villa Park,Craig Pawson,/en/matches/b4483d72/Aston-Villa-Wolverhampton-Wanderers-June-27-2020-Premier-League,,b4483d72
ENG-Premier League,1920,2020-06-28 Watford-Southampton,32,Sun,2020-06-28,16:30 (17:30),Watford,1–3,Southampton,,Vicarage Road Stadium,Michael Oliver,/en/matches/37720dc3/Watford-Southampton-June-28-2020-Premier-League,,37720dc3
ENG-Premier League,1920,2020-06-29 Crystal Palace-Burnley,32,Mon,2020-06-29,20:00 (21:00),Crystal Palace,0–1,Burnley,,Selhurst Park,Simon Hooper,/en/matches/d7661a5f/Crystal-Palace-Burnley-June-29-2020-Premier-League,,d7661a5f
ENG-Premier League,1920,2020-06-30 Brighton-Manchester Utd,32,Tue,2020-06-30,20:15 (21:15),Brighton,0–3,Manchester Utd,,The American Express Community Stadium,Andre Marriner,/en/matches/be321c59/Brighton-and-Hove-Albion-Manchester-United-June-30-2020-Premier-League,,be321c59
ENG-Premier League,1920,2020-07-01 Arsenal-Norwich City,32,Wed,2020-07-01,18:00 (19:00),Arsenal,4–0,Norwich City,,Emirates Stadium,Peter Bankes,/en/matches/cb52b4c8/Arsenal-Norwich-City-July-1-2020-Premier-League,,cb52b4c8
ENG-Premier League,1920,2020-07-01 Bournemouth-Newcastle United,32,Wed,2020-07-01,18:00 (19:00),Bournemouth,1–4,Newcastle United,,Vitality Stadium,Kevin Friend,/en/matches/92aaad57/Bournemouth-Newcastle-United-July-1-2020-Premier-League,,92aaad57
ENG-Premier League,1920,2020-07-01 Everton-Leicester City,32,Wed,2020-07-01,18:00 (19:00),Everton,2–1,Leicester City,,Goodison Park,David Coote,/en/matches/c2c7ebbf/Everton-Leicester-City-July-1-2020-Premier-League,,c2c7ebbf
ENG-Premier League,1920,2020-07-01 West Ham United-Chelsea,32,Wed,2020-07-01,20:15 (21:15),West Ham United,3–2,Chelsea,,London Stadium,Martin Atkinson,/en/matches/5df18070/West-Ham-United-Chelsea-July-1-2020-Premier-League,,5df18070
ENG-Premier League,1920,2020-07-02 Manchester City-Liverpool,32,Thu,2020-07-02,20:15 (21:15),Manchester City,4–0,Liverpool,,Etihad Stadium,Anthony Taylor,/en/matches/5dffd237/Manchester-City-Liverpool-July-2-2020-Premier-League,,5dffd237
ENG-Premier League,1920,2020-07-02 Sheffield United-Tottenham Hotspur,32,Thu,2020-07-02,18:00 (19:00),Sheffield United,3–1,Tottenham Hotspur,,Bramall Lane,Chris Kavanagh,/en/matches/70507f3c/Sheffield-United-Tottenham-Hotspur-July-2-2020-Premier-League,,70507f3c
ENG-Premier League,1920,2020-07-04 Chelsea-Watford,33,Sat,2020-07-04,20:00 (21:00),Chelsea,3–0,Watford,,Stamford Bridge,Kevin Friend,/en/matches/ee7944f1/Chelsea-Watford-July-4-2020-Premier-League,,ee7944f1
ENG-Premier League,1920,2020-07-04 Leicester City-Crystal Palace,33,Sat,2020-07-04,15:00 (16:00),Leicester City,3–0,Crystal Palace,,King Power Stadium,Jonathan Moss,/en/matches/88e800c1/Leicester-City-Crystal-Palace-July-4-2020-Premier-League,,88e800c1
ENG-Premier League,1920,2020-07-04 Manchester Utd-Bournemouth,33,Sat,2020-07-04,15:00 (16:00),Manchester Utd,5–2,Bournemouth,,Old Trafford,Mike Dean,/en/matches/8bed0062/Manchester-United-Bournemouth-July-4-2020-Premier-League,,8bed0062
ENG-Premier League,1920,2020-07-04 Norwich City-Brighton,33,Sat,2020-07-04,12:30 (13:30),Norwich City,0–1,Brighton,,Carrow Road,Stuart Attwell,/en/matches/aa3a3540/Norwich-City-Brighton-and-Hove-Albion-July-4-2020-Premier-League,,aa3a3540
ENG-Premier League,1920,2020-07-04 Wolves-Arsenal,33,Sat,2020-07-04,17:30 (18:30),Wolves,0–2,Arsenal,,Molineux Stadium,Michael Oliver,/en/matches/df13ee5b/Wolverhampton-Wanderers-Arsenal-July-4-2020-Premier-League,,df13ee5b
ENG-Premier League,1920,2020-07-05 Burnley-Sheffield United,33,Sun,2020-07-05,12:00 (13:00),Burnley,1–1,Sheffield United,,Turf Moor,Peter Bankes,/en/matches/c2378113/Burnley-Sheffield-United-July-5-2020-Premier-League,,c2378113
ENG-Premier League,1920,2020-07-05 Liverpool-Aston Villa,33,Sun,2020-07-05,16:30 (17:30),Liverpool,2–0,Aston Villa,,Anfield,Paul Tierney,/en/matches/c2481cad/Liverpool-Aston-Villa-July-5-2020-Premier-League,,c2481cad
ENG-Premier League,1920,2020-07-05 Newcastle United-West Ham United,33,Sun,2020-07-05,14:15 (15:15),Newcastle United,2–2,West Ham United,,St. James' Park,Craig Pawson,/en/matches/3d549d43/Newcastle-United-West-Ham-United-July-5-2020-Premier-League,,3d549d43
ENG-Premier League,1920,2020-07-05 Southampton-Manchester City,33,Sun,2020-07-05,19:00 (20:00),Southampton,1–0,Manchester City,,St. Mary's Stadium,Andre Marriner,/en/matches/260c5c31/Southampton-Manchester-City-July-5-2020-Premier-League,,260c5c31
ENG-Premier League,1920,2020-07-06 Tottenham Hotspur-Everton,33,Mon,2020-07-06,20:00 (21:00),Tottenham Hotspur,1–0,Everton,,Tottenham Hotspur Stadium,Graham Scott,/en/matches/ba9fd89a/Tottenham-Hotspur-Everton-July-6-2020-Premier-League,,ba9fd89a
ENG-Premier League,1920,2020-07-07 Arsenal-Leicester City,34,Tue,2020-07-07,20:15 (21:15),Arsenal,1–1,Leicester City,,Emirates Stadium,Chris Kavanagh,/en/matches/a26b0a22/Arsenal-Leicester-City-July-7-2020-Premier-League,,a26b0a22
ENG-Premier League,1920,2020-07-07 Crystal Palace-Chelsea,34,Tue,2020-07-07,18:00 (19:00),Crystal Palace,2–3,Chelsea,,Selhurst Park,David Coote,/en/matches/61407f3d/Crystal-Palace-Chelsea-July-7-2020-Premier-League,,61407f3d
ENG-Premier League,1920,2020-07-07 Watford-Norwich City,34,Tue,2020-07-07,18:00 (19:00),Watford,2–1,Norwich City,,Vicarage Road Stadium,Anthony Taylor,/en/matches/7e51a0cb/Watford-Norwich-City-July-7-2020-Premier-League,,7e51a0cb
ENG-Premier League,1920,2020-07-08 Brighton-Liverpool,34,Wed,2020-07-08,20:15 (21:15),Brighton,1–3,Liverpool,,The American Express Community Stadium,Craig Pawson,/en/matches/3296482a/Brighton-and-Hove-Albion-Liverpool-July-8-2020-Premier-League,,3296482a
ENG-Premier League,1920,2020-07-08 Manchester City-Newcastle United,34,Wed,2020-07-08,18:00 (19:00),Manchester City,5–0,Newcastle United,,Etihad Stadium,Andy Madley,/en/matches/426dcb15/Manchester-City-Newcastle-United-July-8-2020-Premier-League,,426dcb15
ENG-Premier League,1920,2020-07-08 Sheffield United-Wolves,34,Wed,2020-07-08,18:00 (19:00),Sheffield United,1–0,Wolves,,Bramall Lane,Martin Atkinson,/en/matches/f898c8ea/Sheffield-United-Wolverhampton-Wanderers-July-8-2020-Premier-League,,f898c8ea
ENG-Premier League,1920,2020-07-08 West Ham United-Burnley,34,Wed,2020-07-08,18:00 (19:00),West Ham United,0–1,Burnley,,London Stadium,Michael Oliver,/en/matches/5c57bea6/West-Ham-United-Burnley-July-8-2020-Premier-League,,5c57bea6
ENG-Premier League,1920,2020-07-09 Aston Villa-Manchester Utd,34,Thu,2020-07-09,20:15 (21:15),Aston Villa,0–3,Manchester Utd,,Villa Park,Jonathan Moss,/en/matches/61422f26/Aston-Villa-Manchester-United-July-9-2020-Premier-League,,61422f26
ENG-Premier League,1920,2020-07-09 Bournemouth-Tottenham Hotspur,34,Thu,2020-07-09,18:00 (19:00),Bournemouth,0–0,Tottenham Hotspur,,Vitality Stadium,Paul Tierney,/en/matches/1d9de580/Bournemouth-Tottenham-Hotspur-July-9-2020-Premier-League,,1d9de580
ENG-Premier League,1920,2020-07-09 Everton-Southampton,34,Thu,2020-07-09,18:00 (19:00),Everton,1–1,Southampton,,Goodison Park,Lee Mason,/en/matches/1357ee3b/Everton-Southampton-July-9-2020-Premier-League,,1357ee3b
ENG-Premier League,1920,2020-07-11 Brighton-Manchester City,35,Sat,2020-07-11,20:00 (21:00),Brighton,0–5,Manchester City,,The American Express Community Stadium,Graham Scott,/en/matches/a24d3d6b/Brighton-and-Hove-Albion-Manchester-City-July-11-2020-Premier-League,,a24d3d6b
ENG-Premier League,1920,2020-07-11 Liverpool-Burnley,35,Sat,2020-07-11,15:00 (16:00),Liverpool,1–1,Burnley,,Anfield,David Coote,/en/matches/267d7e78/Liverpool-Burnley-July-11-2020-Premier-League,,267d7e78
ENG-Premier League,1920,2020-07-11 Norwich City-West Ham United,35,Sat,2020-07-11,12:30 (13:30),Norwich City,0–4,West Ham United,,Carrow Road,Kevin Friend,/en/matches/1f633005/Norwich-City-West-Ham-United-July-11-2020-Premier-League,,1f633005
ENG-Premier League,1920,2020-07-11 Sheffield United-Chelsea,35,Sat,2020-07-11,17:30 (18:30),Sheffield United,3–0,Chelsea,,Bramall Lane,Andre Marriner,/en/matches/3f83499d/Sheffield-United-Chelsea-July-11-2020-Premier-League,,3f83499d
ENG-Premier League,1920,2020-07-11 Watford-Newcastle United,35,Sat,2020-07-11,12:30 (13:30),Watford,2–1,Newcastle United,,Vicarage Road Stadium,Craig Pawson,/en/matches/ae59ff28/Watford-Newcastle-United-July-11-2020-Premier-League,,ae59ff28
ENG-Premier League,1920,2020-07-12 Aston Villa-Crystal Palace,35,Sun,2020-07-12,14:15 (15:15),Aston Villa,2–0,Crystal Palace,,Villa Park,Martin Atkinson,/en/matches/b30bf2e8/Aston-Villa-Crystal-Palace-July-12-2020-Premier-League,,b30bf2e8
ENG-Premier League,1920,2020-07-12 Bournemouth-Leicester City,35,Sun,2020-07-12,19:00 (20:00),Bournemouth,4–1,Leicester City,,Vitality Stadium,Stuart Attwell,/en/matches/d2adf574/Bournemouth-Leicester-City-July-12-2020-Premier-League,,d2adf574
ENG-Premier League,1920,2020-07-12 Tottenham Hotspur-Arsenal,35,Sun,2020-07-12,16:30 (17:30),Tottenham Hotspur,2–1,Arsenal,,Tottenham Hotspur Stadium,Michael Oliver,/en/matches/6630c721/North-London-Derby-Tottenham-Hotspur-Arsenal-July-12-2020-Premier-League,,6630c721
ENG-Premier League,1920,2020-07-12 Wolves-Everton,35,Sun,2020-07-12,12:00 (13:00),Wolves,3–0,Everton,,Molineux Stadium,Anthony Taylor,/en/matches/476e8583/Wolverhampton-Wanderers-Everton-July-12-2020-Premier-League,,476e8583
ENG-Premier League,1920,2020-07-13 Manchester Utd-Southampton,35,Mon,2020-07-13,20:00 (21:00),Manchester Utd,2–2,Southampton,,Old Trafford,Chris Kavanagh,/en/matches/668c9423/Manchester-United-Southampton-July-13-2020-Premier-League,,668c9423
ENG-Premier League,1920,2020-07-14 Chelsea-Norwich City,36,Tue,2020-07-14,20:15 (21:15),Chelsea,1–0,Norwich City,,Stamford Bridge,Jonathan Moss,/en/matches/88d08b7b/Chelsea-Norwich-City-July-14-2020-Premier-League,,88d08b7b
ENG-Premier League,1920,2020-07-15 Arsenal-Liverpool,36,Wed,2020-07-15,20:15 (21:15),Arsenal,2–1,Liverpool,,Emirates Stadium,Paul Tierney,/en/matches/12f95828/Arsenal-Liverpool-July-15-2020-Premier-League,,12f95828
ENG-Premier League,1920,2020-07-15 Burnley-Wolves,36,Wed,2020-07-15,18:00 (19:00),Burnley,1–1,Wolves,,Turf Moor,Mike Dean,/en/matches/a7c5d31f/Burnley-Wolverhampton-Wanderers-July-15-2020-Premier-League,,a7c5d31f
ENG-Premier League,1920,2020-07-15 Manchester City-Bournemouth,36,Wed,2020-07-15,18:00 (19:00),Manchester City,2–1,Bournemouth,,Etihad Stadium,Lee Mason,/en/matches/eff6988f/Manchester-City-Bournemouth-July-15-2020-Premier-League,,eff6988f
ENG-Premier League,1920,2020-07-15 Newcastle United-Tottenham Hotspur,36,Wed,2020-07-15,18:00 (19:00),Newcastle United,1–3,Tottenham Hotspur,,St. James' Park,David Coote,/en/matches/21cbea56/Newcastle-United-Tottenham-Hotspur-July-15-2020-Premier-League,,21cbea56
ENG-Premier League,1920,2020-07-16 Crystal Palace-Manchester Utd,36,Thu,2020-07-16,20:15 (21:15),Crystal Palace,0–2,Manchester Utd,,Selhurst Park,Graham Scott,/en/matches/69a16f9d/Crystal-Palace-Manchester-United-July-16-2020-Premier-League,,69a16f9d
ENG-Premier League,1920,2020-07-16 Everton-Aston Villa,36,Thu,2020-07-16,18:00 (19:00),Everton,1–1,Aston Villa,,Goodison Park,Anthony Taylor,/en/matches/f855bc55/Everton-Aston-Villa-July-16-2020-Premier-League,,f855bc55
ENG-Premier League,1920,2020-07-16 Leicester City-Sheffield United,36,Thu,2020-07-16,18:00 (19:00),Leicester City,2–0,Sheffield United,,King Power Stadium,Michael Oliver,/en/matches/0903cee0/Leicester-City-Sheffield-United-July-16-2020-Premier-League,,0903cee0
ENG-Premier League,1920,2020-07-16 Southampton-Brighton,36,Thu,2020-07-16,20:15 (21:15),Southampton,1–1,Brighton,,St. Mary's Stadium,Andre Marriner,/en/matches/793f900e/Southampton-Brighton-and-Hove-Albion-July-16-2020-Premier-League,,793f900e
ENG-Premier League,1920,2020-07-17 West Ham United-Watford,36,Fri,2020-07-17,20:00 (21:00),West Ham United,3–1,Watford,,London Stadium,Martin Atkinson,/en/matches/249bbdaa/West-Ham-United-Watford-July-17-2020-Premier-League,,249bbdaa
ENG-Premier League,1920,2020-07-18 Norwich City-Burnley,37,Sat,2020-07-18,17:30 (18:30),Norwich City,0–2,Burnley,,Carrow Road,Kevin Friend,/en/matches/9594e0b4/Norwich-City-Burnley-July-18-2020-Premier-League,,9594e0b4
ENG-Premier League,1920,2020-07-19 Bournemouth-Southampton,37,Sun,2020-07-19,14:00 (15:00),Bournemouth,0–2,Southampton,,Vitality Stadium,Craig Pawson,/en/matches/bbd4160f/Bournemouth-Southampton-July-19-2020-Premier-League,,bbd4160f
ENG-Premier League,1920,2020-07-19 Tottenham Hotspur-Leicester City,37,Sun,2020-07-19,16:00 (17:00),Tottenham Hotspur,3–0,Leicester City,,Tottenham Hotspur Stadium,Anthony Taylor,/en/matches/d4ce66f6/Tottenham-Hotspur-Leicester-City-July-19-2020-Premier-League,,d4ce66f6
ENG-Premier League,1920,2020-07-20 Brighton-Newcastle United,37,Mon,2020-07-20,18:00 (19:00),Brighton,0–0,Newcastle United,,The American Express Community Stadium,Simon Hooper,/en/matches/9defdd38/Brighton-and-Hove-Albion-Newcastle-United-July-20-2020-Premier-League,,9defdd38
ENG-Premier League,1920,2020-07-20 Sheffield United-Everton,37,Mon,2020-07-20,18:00 (19:00),Sheffield United,0–1,Everton,,Bramall Lane,Stuart Attwell,/en/matches/d2e788d0/Sheffield-United-Everton-July-20-2020-Premier-League,,d2e788d0
ENG-Premier League,1920,2020-07-20 Wolves-Crystal Palace,37,Mon,2020-07-20,20:15 (21:15),Wolves,2–0,Crystal Palace,,Molineux Stadium,Peter Bankes,/en/matches/70598e52/Wolverhampton-Wanderers-Crystal-Palace-July-20-2020-Premier-League,,70598e52
ENG-Premier League,1920,2020-07-21 Aston Villa-Arsenal,37,Tue,2020-07-21,20:15 (21:15),Aston Villa,1–0,Arsenal,,Villa Park,Chris Kavanagh,/en/matches/ca0b21bc/Aston-Villa-Arsenal-July-21-2020-Premier-League,,ca0b21bc
ENG-Premier League,1920,2020-07-21 Watford-Manchester City,37,Tue,2020-07-21,18:00 (19:00),Watford,0–4,Manchester City,,Vicarage Road Stadium,Michael Oliver,/en/matches/9979847f/Watford-Manchester-City-July-21-2020-Premier-League,,9979847f
ENG-Premier League,1920,2020-07-22 Liverpool-Chelsea,37,Wed,2020-07-22,20:15 (21:15),Liverpool,5–3,Chelsea,,Anfield,Andre Marriner,/en/matches/a80ba6fe/Liverpool-Chelsea-July-22-2020-Premier-League,,a80ba6fe
ENG-Premier League,1920,2020-07-22 Manchester Utd-West Ham United,37,Wed,2020-07-22,18:00 (19:00),Manchester Utd,1–1,West Ham United,,Old Trafford,Paul Tierney,/en/matches/bf25e016/Manchester-United-West-Ham-United-July-22-2020-Premier-League,,bf25e016
ENG-Premier League,1920,2020-07-26 Arsenal-Watford,38,Sun,2020-07-26,16:00 (17:00),Arsenal,3–2,Watford,,Emirates Stadium,Mike Dean,/en/matches/5ecaeb4b/Arsenal-Watford-July-26-2020-Premier-League,,5ecaeb4b
ENG-Premier League,1920,2020-07-26 Burnley-Brighton,38,Sun,2020-07-26,16:00 (17:00),Burnley,1–2,Brighton,,Turf Moor,Jonathan Moss,/en/matches/d4360fcd/Burnley-Brighton-and-Hove-Albion-July-26-2020-Premier-League,,d4360fcd
ENG-Premier League,1920,2020-07-26 Chelsea-Wolves,38,Sun,2020-07-26,16:00 (17:00),Chelsea,2–0,Wolves,,Stamford Bridge,Stuart Attwell,/en/matches/9cca4ba0/Chelsea-Wolverhampton-Wanderers-July-26-2020-Premier-League,,9cca4ba0
ENG-Premier League,1920,2020-07-26 Crystal Palace-Tottenham Hotspur,38,Sun,2020-07-26,16:00 (17:00),Crystal Palace,1–1,Tottenham Hotspur,,Selhurst Park,Andre Marriner,/en/matches/61616d45/Crystal-Palace-Tottenham-Hotspur-July-26-2020-Premier-League,,61616d45
ENG-Premier League,1920,2020-07-26 Everton-Bournemouth,38,Sun,2020-07-26,16:00 (17:00),Everton,1–3,Bournemouth,,Goodison Park,Chris Kavanagh,/en/matches/2a3b8f05/Everton-Bournemouth-July-26-2020-Premier-League,,2a3b8f05
ENG-Premier League,1920,2020-07-26 Leicester City-Manchester Utd,38,Sun,2020-07-26,16:00 (17:00),Leicester City,0–2,Manchester Utd,,King Power Stadium,Martin Atkinson,/en/matches/3873cc78/Leicester-City-Manchester-United-July-26-2020-Premier-League,,3873cc78
ENG-Premier League,1920,2020-07-26 Manchester City-Norwich City,38,Sun,2020-07-26,16:00 (17:00),Manchester City,5–0,Norwich City,,Etihad Stadium,Craig Pawson,/en/matches/9099d1e5/Manchester-City-Norwich-City-July-26-2020-Premier-League,,9099d1e5
ENG-Premier League,1920,2020-07-26 Newcastle United-Liverpool,38,Sun,2020-07-26,16:00 (17:00),Newcastle United,1–3,Liverpool,,St. James' Park,Anthony Taylor,/en/matches/b6b1209d/Newcastle-United-Liverpool-July-26-2020-Premier-League,,b6b1209d
ENG-Premier League,1920,2020-07-26 Southampton-Sheffield United,38,Sun,2020-07-26,16:00 (17:00),Southampton,3–1,Sheffield United,,St. Mary's Stadium,Peter Bankes,/en/matches/3e5b45b7/Southampton-Sheffield-United-July-26-2020-Premier-League,,3e5b45b7
ENG-Premier League,1920,2020-07-26 West Ham United-Aston Villa,38,Sun,2020-07-26,16:00 (17:00),West Ham United,1–1,Aston Villa,,London Stadium,Michael Oliver,/en/matches/a3f59c8e/West-Ham-United-Aston-Villa-July-26-2020-Premier-League,,a3f59c8e
ENG-Premier League,2021,2020-09-12 Crystal Palace-Southampton,1,Sat,2020-09-12,15:00 (16:00),Crystal Palace,1–0,Southampton,,Selhurst Park,Jonathan Moss,/en/matches/db261cb0/Crystal-Palace-Southampton-September-12-2020-Premier-League,,db261cb0
ENG-Premier League,2021,2020-09-12 Fulham-Arsenal,1,Sat,2020-09-12,12:30 (13:30),Fulham,0–3,Arsenal,,Craven Cottage,Chris Kavanagh,/en/matches/bf52349b/Fulham-Arsenal-September-12-2020-Premier-League,,bf52349b
ENG-Premier League,2021,2020-09-12 Liverpool-Leeds United,1,Sat,2020-09-12,17:30 (18:30),Liverpool,4–3,Leeds United,,Anfield,Michael Oliver,/en/matches/21b58926/Liverpool-Leeds-United-September-12-2020-Premier-League,,21b58926
ENG-Premier League,2021,2020-09-12 West Ham United-Newcastle United,1,Sat,2020-09-12,20:00 (21:00),West Ham United,0–2,Newcastle United,,London Stadium,Stuart Attwell,/en/matches/78495ced/West-Ham-United-Newcastle-United-September-12-2020-Premier-League,,78495ced
ENG-Premier League,2021,2020-09-13 Tottenham Hotspur-Everton,1,Sun,2020-09-13,16:30 (17:30),Tottenham Hotspur,0–1,Everton,,Tottenham Hotspur Stadium,Martin Atkinson,/en/matches/fc7f9aa1/Tottenham-Hotspur-Everton-September-13-2020-Premier-League,,fc7f9aa1
ENG-Premier League,2021,2020-09-13 West Brom-Leicester City,1,Sun,2020-09-13,14:00 (15:00),West Brom,0–3,Leicester City,,The Hawthorns,Anthony Taylor,/en/matches/7dd01ca9/West-Bromwich-Albion-Leicester-City-September-13-2020-Premier-League,,7dd01ca9
ENG-Premier League,2021,2020-09-14 Brighton-Chelsea,1,Mon,2020-09-14,20:15 (21:15),Brighton,1–3,Chelsea,,The American Express Community Stadium,Craig Pawson,/en/matches/9d7641eb/Brighton-and-Hove-Albion-Chelsea-September-14-2020-Premier-League,,9d7641eb
ENG-Premier League,2021,2020-09-14 Sheffield United-Wolves,1,Mon,2020-09-14,18:00 (19:00),Sheffield United,0–2,Wolves,,Bramall Lane,Mike Dean,/en/matches/a3eb7a37/Sheffield-United-Wolverhampton-Wanderers-September-14-2020-Premier-League,,a3eb7a37
ENG-Premier League,2021,2020-09-19 Arsenal-West Ham United,2,Sat,2020-09-19,20:00 (21:00),Arsenal,2–1,West Ham United,,Emirates Stadium,Michael Oliver,/en/matches/f4835ec2/Arsenal-West-Ham-United-September-19-2020-Premier-League,,f4835ec2
ENG-Premier League,2021,2020-09-19 Everton-West Brom,2,Sat,2020-09-19,12:30 (13:30),Everton,5–2,West Brom,,Goodison Park,Mike Dean,/en/matches/45bd1880/Everton-West-Bromwich-Albion-September-19-2020-Premier-League,,45bd1880
ENG-Premier League,2021,2020-09-19 Leeds United-Fulham,2,Sat,2020-09-19,15:00 (16:00),Leeds United,4–3,Fulham,,Elland Road,Anthony Taylor,/en/matches/583c2b60/Leeds-United-Fulham-September-19-2020-Premier-League,,583c2b60
ENG-Premier League,2021,2020-09-19 Manchester Utd-Crystal Palace,2,Sat,2020-09-19,17:30 (18:30),Manchester Utd,1–3,Crystal Palace,,Old Trafford,Martin Atkinson,/en/matches/97279323/Manchester-United-Crystal-Palace-September-19-2020-Premier-League,,97279323
ENG-Premier League,2021,2020-09-20 Chelsea-Liverpool,2,Sun,2020-09-20,16:30 (17:30),Chelsea,0–2,Liverpool,,Stamford Bridge,Paul Tierney,/en/matches/c64e5792/Chelsea-Liverpool-September-20-2020-Premier-League,,c64e5792
ENG-Premier League,2021,2020-09-20 Leicester City-Burnley,2,Sun,2020-09-20,19:00 (20:00),Leicester City,4–2,Burnley,,King Power Stadium,Lee Mason,/en/matches/465b25a8/Leicester-City-Burnley-September-20-2020-Premier-League,,465b25a8
ENG-Premier League,2021,2020-09-20 Newcastle United-Brighton,2,Sun,2020-09-20,14:00 (15:00),Newcastle United,0–3,Brighton,,St. James' Park,Kevin Friend,/en/matches/845f6a86/Newcastle-United-Brighton-and-Hove-Albion-September-20-2020-Premier-League,,845f6a86
ENG-Premier League,2021,2020-09-20 Southampton-Tottenham Hotspur,2,Sun,2020-09-20,12:00 (13:00),Southampton,2–5,Tottenham Hotspur,,St. Mary's Stadium,David Coote,/en/matches/967efd56/Southampton-Tottenham-Hotspur-September-20-2020-Premier-League,,967efd56
ENG-Premier League,2021,2020-09-21 Aston Villa-Sheffield United,2,Mon,2020-09-21,18:00 (19:00),Aston Villa,1–0,Sheffield United,,Villa Park,Graham Scott,/en/matches/98b4b5b6/Aston-Villa-Sheffield-United-September-21-2020-Premier-League,,98b4b5b6
ENG-Premier League,2021,2020-09-21 Wolves-Manchester City,2,Mon,2020-09-21,20:15 (21:15),Wolves,1–3,Manchester City,,Molineux Stadium,Andre Marriner,/en/matches/1c17eca3/Wolverhampton-Wanderers-Manchester-City-September-21-2020-Premier-League,,1c17eca3
ENG-Premier League,2021,2020-09-26 Brighton-Manchester Utd,3,Sat,2020-09-26,12:30 (13:30),Brighton,2–3,Manchester Utd,,The American Express Community Stadium,Chris Kavanagh,/en/matches/21495573/Brighton-and-Hove-Albion-Manchester-United-September-26-2020-Premier-League,,21495573
ENG-Premier League,2021,2020-09-26 Burnley-Southampton,3,Sat,2020-09-26,20:00 (21:00),Burnley,0–1,Southampton,,Turf Moor,Andre Marriner,/en/matches/ae113c54/Burnley-Southampton-September-26-2020-Premier-League,,ae113c54
ENG-Premier League,2021,2020-09-26 Crystal Palace-Everton,3,Sat,2020-09-26,15:00 (16:00),Crystal Palace,1–2,Everton,,Selhurst Park,Kevin Friend,/en/matches/7387a72e/Crystal-Palace-Everton-September-26-2020-Premier-League,,7387a72e
ENG-Premier League,2021,2020-09-26 West Brom-Chelsea,3,Sat,2020-09-26,17:30 (18:30),West Brom,3–3,Chelsea,,The Hawthorns,Jonathan Moss,/en/matches/d725a16c/West-Bromwich-Albion-Chelsea-September-26-2020-Premier-League,,d725a16c
ENG-Premier League,2021,2020-09-27 Manchester City-Leicester City,3,Sun,2020-09-27,16:30 (17:30),Manchester City,2–5,Leicester City,,Etihad Stadium,Michael Oliver,/en/matches/31c2a061/Manchester-City-Leicester-City-September-27-2020-Premier-League,,31c2a061
ENG-Premier League,2021,2020-09-27 Sheffield United-Leeds United,3,Sun,2020-09-27,12:00 (13:00),Sheffield United,0–1,Leeds United,,Bramall Lane,Paul Tierney,/en/matches/51fb894e/Sheffield-United-Leeds-United-September-27-2020-Premier-League,,51fb894e
ENG-Premier League,2021,2020-09-27 Tottenham Hotspur-Newcastle United,3,Sun,2020-09-27,14:00 (15:00),Tottenham Hotspur,1–1,Newcastle United,,Tottenham Hotspur Stadium,Peter Bankes,/en/matches/002c4e89/Tottenham-Hotspur-Newcastle-United-September-27-2020-Premier-League,,002c4e89
ENG-Premier League,2021,2020-09-27 West Ham United-Wolves,3,Sun,2020-09-27,19:00 (20:00),West Ham United,4–0,Wolves,,London Stadium,Martin Atkinson,/en/matches/a223dd70/West-Ham-United-Wolverhampton-Wanderers-September-27-2020-Premier-League,,a223dd70
ENG-Premier League,2021,2020-09-28 Fulham-Aston Villa,3,Mon,2020-09-28,17:45 (18:45),Fulham,0–3,Aston Villa,,Craven Cottage,Stuart Attwell,/en/matches/6b258be0/Fulham-Aston-Villa-September-28-2020-Premier-League,,6b258be0
ENG-Premier League,2021,2020-09-28 Liverpool-Arsenal,3,Mon,2020-09-28,20:00 (21:00),Liverpool,3–1,Arsenal,,Anfield,Craig Pawson,/en/matches/ebe4e309/Liverpool-Arsenal-September-28-2020-Premier-League,,ebe4e309
ENG-Premier League,2021,2020-10-03 Chelsea-Crystal Palace,4,Sat,2020-10-03,12:30 (13:30),Chelsea,4–0,Crystal Palace,,Stamford Bridge,Michael Oliver,/en/matches/d97aa1b5/Chelsea-Crystal-Palace-October-3-2020-Premier-League,,d97aa1b5
ENG-Premier League,2021,2020-10-03 Everton-Brighton,4,Sat,2020-10-03,15:00 (16:00),Everton,4–2,Brighton,,Goodison Park,Simon Hooper,/en/matches/3cbb397e/Everton-Brighton-and-Hove-Albion-October-3-2020-Premier-League,,3cbb397e
ENG-Premier League,2021,2020-10-03 Leeds United-Manchester City,4,Sat,2020-10-03,17:30 (18:30),Leeds United,1–1,Manchester City,,Elland Road,Mike Dean,/en/matches/5ce15b58/Leeds-United-Manchester-City-October-3-2020-Premier-League,,5ce15b58
ENG-Premier League,2021,2020-10-03 Newcastle United-Burnley,4,Sat,2020-10-03,20:00 (21:00),Newcastle United,3–1,Burnley,,St. James' Park,David Coote,/en/matches/34ba607f/Newcastle-United-Burnley-October-3-2020-Premier-League,,34ba607f
ENG-Premier League,2021,2020-10-04 Arsenal-Sheffield United,4,Sun,2020-10-04,14:00 (15:00),Arsenal,2–1,Sheffield United,,Emirates Stadium,Lee Mason,/en/matches/09725cb3/Arsenal-Sheffield-United-October-4-2020-Premier-League,,09725cb3
ENG-Premier League,2021,2020-10-04 Aston Villa-Liverpool,4,Sun,2020-10-04,19:15 (20:15),Aston Villa,7–2,Liverpool,,Villa Park,Martin Atkinson,/en/matches/14a7771b/Aston-Villa-Liverpool-October-4-2020-Premier-League,,14a7771b
ENG-Premier League,2021,2020-10-04 Leicester City-West Ham United,4,Sun,2020-10-04,12:00 (13:00),Leicester City,0–3,West Ham United,,King Power Stadium,Andy Madley,/en/matches/a29866ec/Leicester-City-West-Ham-United-October-4-2020-Premier-League,,a29866ec
ENG-Premier League,2021,2020-10-04 Manchester Utd-Tottenham Hotspur,4,Sun,2020-10-04,16:30 (17:30),Manchester Utd,1–6,Tottenham Hotspur,,Old Trafford,Anthony Taylor,/en/matches/cded7e69/Manchester-United-Tottenham-Hotspur-October-4-2020-Premier-League,,cded7e69
ENG-Premier League,2021,2020-10-04 Southampton-West Brom,4,Sun,2020-10-04,12:00 (13:00),Southampton,2–0,West Brom,,St. Mary's Stadium,Chris Kavanagh,/en/matches/39864083/Southampton-West-Bromwich-Albion-October-4-2020-Premier-League,,39864083
ENG-Premier League,2021,2020-10-04 Wolves-Fulham,4,Sun,2020-10-04,14:00 (15:00),Wolves,1–0,Fulham,,Molineux Stadium,Darren England,/en/matches/8f989671/Wolverhampton-Wanderers-Fulham-October-4-2020-Premier-League,,8f989671
ENG-Premier League,2021,2020-10-17 Chelsea-Southampton,5,Sat,2020-10-17,15:00 (16:00),Chelsea,3–3,Southampton,,Stamford Bridge,Peter Bankes,/en/matches/9bd558f5/Chelsea-Southampton-October-17-2020-Premier-League,,9bd558f5
ENG-Premier League,2021,2020-10-17 Everton-Liverpool,5,Sat,2020-10-17,12:30 (13:30),Everton,2–2,Liverpool,,Goodison Park,Michael Oliver,/en/matches/6da04e2d/Merseyside-Derby-Everton-Liverpool-October-17-2020-Premier-League,,6da04e2d
ENG-Premier League,2021,2020-10-17 Manchester City-Arsenal,5,Sat,2020-10-17,17:30 (18:30),Manchester City,1–0,Arsenal,,Etihad Stadium,Chris Kavanagh,/en/matches/e95b8546/Manchester-City-Arsenal-October-17-2020-Premier-League,,e95b8546
ENG-Premier League,2021,2020-10-17 Newcastle United-Manchester Utd,5,Sat,2020-10-17,20:00 (21:00),Newcastle United,1–4,Manchester Utd,,St. James' Park,Craig Pawson,/en/matches/0b8239de/Newcastle-United-Manchester-United-October-17-2020-Premier-League,,0b8239de
ENG-Premier League,2021,2020-10-18 Crystal Palace-Brighton,5,Sun,2020-10-18,14:00 (15:00),Crystal Palace,1–1,Brighton,,Selhurst Park,Stuart Attwell,/en/matches/e96818bc/Crystal-Palace-Brighton-and-Hove-Albion-October-18-2020-Premier-League,,e96818bc
ENG-Premier League,2021,2020-10-18 Leicester City-Aston Villa,5,Sun,2020-10-18,19:15 (20:15),Leicester City,0–1,Aston Villa,,King Power Stadium,Jonathan Moss,/en/matches/7751d8c1/Leicester-City-Aston-Villa-October-18-2020-Premier-League,,7751d8c1
ENG-Premier League,2021,2020-10-18 Sheffield United-Fulham,5,Sun,2020-10-18,12:00 (13:00),Sheffield United,1–1,Fulham,,Bramall Lane,Andre Marriner,/en/matches/5529e7a0/Sheffield-United-Fulham-October-18-2020-Premier-League,,5529e7a0
ENG-Premier League,2021,2020-10-18 Tottenham Hotspur-West Ham United,5,Sun,2020-10-18,16:30 (17:30),Tottenham Hotspur,3–3,West Ham United,,Tottenham Hotspur Stadium,Paul Tierney,/en/matches/17f0eec9/Tottenham-Hotspur-West-Ham-United-October-18-2020-Premier-League,,17f0eec9
ENG-Premier League,2021,2020-10-19 Leeds United-Wolves,5,Mon,2020-10-19,20:00 (21:00),Leeds United,0–1,Wolves,,Elland Road,David Coote,/en/matches/6a2c4518/Leeds-United-Wolverhampton-Wanderers-October-19-2020-Premier-League,,6a2c4518
ENG-Premier League,2021,2020-10-19 West Brom-Burnley,5,Mon,2020-10-19,17:30 (18:30),West Brom,0–0,Burnley,,The Hawthorns,Anthony Taylor,/en/matches/13f3ae88/West-Bromwich-Albion-Burnley-October-19-2020-Premier-League,,13f3ae88
ENG-Premier League,2021,2020-10-23 Aston Villa-Leeds United,6,Fri,2020-10-23,20:00 (21:00),Aston Villa,0–3,Leeds United,,Villa Park,Paul Tierney,/en/matches/873ab775/Aston-Villa-Leeds-United-October-23-2020-Premier-League,,873ab775
ENG-Premier League,2021,2020-10-24 Fulham-Crystal Palace,6,Sat,2020-10-24,15:00 (16:00),Fulham,1–2,Crystal Palace,,Craven Cottage,Graham Scott,/en/matches/8d896969/Fulham-Crystal-Palace-October-24-2020-Premier-League,,8d896969
ENG-Premier League,2021,2020-10-24 Liverpool-Sheffield United,6,Sat,2020-10-24,20:00 (21:00),Liverpool,2–1,Sheffield United,,Anfield,Mike Dean,/en/matches/0bc8d984/Liverpool-Sheffield-United-October-24-2020-Premier-League,,0bc8d984
ENG-Premier League,2021,2020-10-24 Manchester Utd-Chelsea,6,Sat,2020-10-24,17:30 (18:30),Manchester Utd,0–0,Chelsea,,Old Trafford,Martin Atkinson,/en/matches/3aaf7c62/Manchester-United-Chelsea-October-24-2020-Premier-League,,3aaf7c62
ENG-Premier League,2021,2020-10-24 West Ham United-Manchester City,6,Sat,2020-10-24,12:30 (13:30),West Ham United,1–1,Manchester City,,London Stadium,Anthony Taylor,/en/matches/2b0c0eca/West-Ham-United-Manchester-City-October-24-2020-Premier-League,,2b0c0eca
ENG-Premier League,2021,2020-10-25 Arsenal-Leicester City,6,Sun,2020-10-25,19:15 (20:15),Arsenal,0–1,Leicester City,,Emirates Stadium,Craig Pawson,/en/matches/bcd3a9b4/Arsenal-Leicester-City-October-25-2020-Premier-League,,bcd3a9b4
ENG-Premier League,2021,2020-10-25 Southampton-Everton,6,Sun,2020-10-25,14:00 (15:00),Southampton,2–0,Everton,,St. Mary's Stadium,Kevin Friend,/en/matches/6439c025/Southampton-Everton-October-25-2020-Premier-League,,6439c025
ENG-Premier League,2021,2020-10-25 Wolves-Newcastle United,6,Sun,2020-10-25,16:30 (17:30),Wolves,1–1,Newcastle United,,Molineux Stadium,Lee Mason,/en/matches/76661e3c/Wolverhampton-Wanderers-Newcastle-United-October-25-2020-Premier-League,,76661e3c
ENG-Premier League,2021,2020-10-26 Brighton-West Brom,6,Mon,2020-10-26,17:30 (18:30),Brighton,1–1,West Brom,,The American Express Community Stadium,Jonathan Moss,/en/matches/26452511/Brighton-and-Hove-Albion-West-Bromwich-Albion-October-26-2020-Premier-League,,26452511
ENG-Premier League,2021,2020-10-26 Burnley-Tottenham Hotspur,6,Mon,2020-10-26,20:00 (21:00),Burnley,0–1,Tottenham Hotspur,,Turf Moor,Michael Oliver,/en/matches/4931660e/Burnley-Tottenham-Hotspur-October-26-2020-Premier-League,,4931660e
ENG-Premier League,2021,2020-10-30 Wolves-Crystal Palace,7,Fri,2020-10-30,20:00 (21:00),Wolves,2–0,Crystal Palace,,Molineux Stadium,Martin Atkinson,/en/matches/e1741638/Wolverhampton-Wanderers-Crystal-Palace-October-30-2020-Premier-League,,e1741638
ENG-Premier League,2021,2020-10-31 Burnley-Chelsea,7,Sat,2020-10-31,15:00 (16:00),Burnley,0–3,Chelsea,,Turf Moor,David Coote,/en/matches/0f158c5c/Burnley-Chelsea-October-31-2020-Premier-League,,0f158c5c
ENG-Premier League,2021,2020-10-31 Liverpool-West Ham United,7,Sat,2020-10-31,17:30 (18:30),Liverpool,2–1,West Ham United,,Anfield,Kevin Friend,/en/matches/56ad8025/Liverpool-West-Ham-United-October-31-2020-Premier-League,,56ad8025
ENG-Premier League,2021,2020-10-31 Sheffield United-Manchester City,7,Sat,2020-10-31,12:30 (13:30),Sheffield United,0–1,Manchester City,,Bramall Lane,Michael Oliver,/en/matches/9aadc93d/Sheffield-United-Manchester-City-October-31-2020-Premier-League,,9aadc93d
ENG-Premier League,2021,2020-11-01 Aston Villa-Southampton,7,Sun,2020-11-01,12:00 (13:00),Aston Villa,3–4,Southampton,,Villa Park,Darren England,/en/matches/235264ac/Aston-Villa-Southampton-November-1-2020-Premier-League,,235264ac
ENG-Premier League,2021,2020-11-01 Manchester Utd-Arsenal,7,Sun,2020-11-01,16:30 (17:30),Manchester Utd,0–1,Arsenal,,Old Trafford,Mike Dean,/en/matches/75dd1359/Manchester-United-Arsenal-November-1-2020-Premier-League,,75dd1359
ENG-Premier League,2021,2020-11-01 Newcastle United-Everton,7,Sun,2020-11-01,14:00 (15:00),Newcastle United,2–1,Everton,,St. James' Park,Stuart Attwell,/en/matches/448a43ee/Newcastle-United-Everton-November-1-2020-Premier-League,,448a43ee
ENG-Premier League,2021,2020-11-01 Tottenham Hotspur-Brighton,7,Sun,2020-11-01,19:15 (20:15),Tottenham Hotspur,2–1,Brighton,,Tottenham Hotspur Stadium,Graham Scott,/en/matches/1d01ff0c/Tottenham-Hotspur-Brighton-and-Hove-Albion-November-1-2020-Premier-League,,1d01ff0c
ENG-Premier League,2021,2020-11-02 Fulham-West Brom,7,Mon,2020-11-02,17:30 (18:30),Fulham,2–0,West Brom,,Craven Cottage,Simon Hooper,/en/matches/f2b91282/Fulham-West-Bromwich-Albion-November-2-2020-Premier-League,,f2b91282
ENG-Premier League,2021,2020-11-02 Leeds United-Leicester City,7,Mon,2020-11-02,20:00 (21:00),Leeds United,1–4,Leicester City,,Elland Road,Andre Marriner,/en/matches/55d775ec/Leeds-United-Leicester-City-November-2-2020-Premier-League,,55d775ec
ENG-Premier League,2021,2020-11-06 Brighton-Burnley,8,Fri,2020-11-06,17:30 (18:30),Brighton,0–0,Burnley,,The American Express Community Stadium,Mike Dean,/en/matches/c23d7844/Brighton-and-Hove-Albion-Burnley-November-6-2020-Premier-League,,c23d7844
ENG-Premier League,2021,2020-11-06 Southampton-Newcastle United,8,Fri,2020-11-06,20:00 (21:00),Southampton,2–0,Newcastle United,,St. Mary's Stadium,Peter Bankes,/en/matches/4117b695/Southampton-Newcastle-United-November-6-2020-Premier-League,,4117b695
ENG-Premier League,2021,2020-11-07 Chelsea-Sheffield United,8,Sat,2020-11-07,17:30 (18:30),Chelsea,4–1,Sheffield United,,Stamford Bridge,Jonathan Moss,/en/matches/089916ee/Chelsea-Sheffield-United-November-7-2020-Premier-League,,089916ee
ENG-Premier League,2021,2020-11-07 Crystal Palace-Leeds United,8,Sat,2020-11-07,15:00 (16:00),Crystal Palace,4–1,Leeds United,,Selhurst Park,Chris Kavanagh,/en/matches/527aee54/Crystal-Palace-Leeds-United-November-7-2020-Premier-League,,527aee54
ENG-Premier League,2021,2020-11-07 Everton-Manchester Utd,8,Sat,2020-11-07,12:30 (13:30),Everton,1–3,Manchester Utd,,Goodison Park,Paul Tierney,/en/matches/ab9f408d/Everton-Manchester-United-November-7-2020-Premier-League,,ab9f408d
ENG-Premier League,2021,2020-11-07 West Ham United-Fulham,8,Sat,2020-11-07,20:00 (21:00),West Ham United,1–0,Fulham,,London Stadium,Robert Jones,/en/matches/f075fddc/West-Ham-United-Fulham-November-7-2020-Premier-League,,f075fddc
ENG-Premier League,2021,2020-11-08 Arsenal-Aston Villa,8,Sun,2020-11-08,19:15 (20:15),Arsenal,0–3,Aston Villa,,Emirates Stadium,Martin Atkinson,/en/matches/90fd3597/Arsenal-Aston-Villa-November-8-2020-Premier-League,,90fd3597
ENG-Premier League,2021,2020-11-08 Leicester City-Wolves,8,Sun,2020-11-08,14:00 (15:00),Leicester City,1–0,Wolves,,King Power Stadium,Anthony Taylor,/en/matches/8407be08/Leicester-City-Wolverhampton-Wanderers-November-8-2020-Premier-League,,8407be08
ENG-Premier League,2021,2020-11-08 Manchester City-Liverpool,8,Sun,2020-11-08,16:30 (17:30),Manchester City,1–1,Liverpool,,Etihad Stadium,Craig Pawson,/en/matches/26382194/Manchester-City-Liverpool-November-8-2020-Premier-League,,26382194
ENG-Premier League,2021,2020-11-08 West Brom-Tottenham Hotspur,8,Sun,2020-11-08,12:00 (13:00),West Brom,0–1,Tottenham Hotspur,,The Hawthorns,Andy Madley,/en/matches/90c0e34c/West-Bromwich-Albion-Tottenham-Hotspur-November-8-2020-Premier-League,,90c0e34c
ENG-Premier League,2021,2020-11-21 Aston Villa-Brighton,9,Sat,2020-11-21,15:00 (16:00),Aston Villa,1–2,Brighton,,Villa Park,Michael Oliver,/en/matches/dea0df40/Aston-Villa-Brighton-and-Hove-Albion-November-21-2020-Premier-League,,dea0df40
ENG-Premier League,2021,2020-11-21 Manchester Utd-West Brom,9,Sat,2020-11-21,20:00 (21:00),Manchester Utd,1–0,West Brom,,Old Trafford,David Coote,/en/matches/50004f43/Manchester-United-West-Bromwich-Albion-November-21-2020-Premier-League,,50004f43
ENG-Premier League,2021,2020-11-21 Newcastle United-Chelsea,9,Sat,2020-11-21,12:30 (13:30),Newcastle United,0–2,Chelsea,,St. James' Park,Craig Pawson,/en/matches/dbcba6c6/Newcastle-United-Chelsea-November-21-2020-Premier-League,,dbcba6c6
ENG-Premier League,2021,2020-11-21 Tottenham Hotspur-Manchester City,9,Sat,2020-11-21,17:30 (18:30),Tottenham Hotspur,2–0,Manchester City,,Tottenham Hotspur Stadium,Mike Dean,/en/matches/8a038069/Tottenham-Hotspur-Manchester-City-November-21-2020-Premier-League,,8a038069
ENG-Premier League,2021,2020-11-22 Fulham-Everton,9,Sun,2020-11-22,12:00 (13:00),Fulham,2–3,Everton,,Craven Cottage,Andy Madley,/en/matches/13524225/Fulham-Everton-November-22-2020-Premier-League,,13524225
ENG-Premier League,2021,2020-11-22 Leeds United-Arsenal,9,Sun,2020-11-22,16:30 (17:30),Leeds United,0–0,Arsenal,,Elland Road,Anthony Taylor,/en/matches/0dd6b39b/Leeds-United-Arsenal-November-22-2020-Premier-League,,0dd6b39b
ENG-Premier League,2021,2020-11-22 Liverpool-Leicester City,9,Sun,2020-11-22,19:15 (20:15),Liverpool,3–0,Leicester City,,Anfield,Chris Kavanagh,/en/matches/cc230451/Liverpool-Leicester-City-November-22-2020-Premier-League,,cc230451
ENG-Premier League,2021,2020-11-22 Sheffield United-West Ham United,9,Sun,2020-11-22,14:00 (15:00),Sheffield United,0–1,West Ham United,,Bramall Lane,Martin Atkinson,/en/matches/8ed7d991/Sheffield-United-West-Ham-United-November-22-2020-Premier-League,,8ed7d991
ENG-Premier League,2021,2020-11-23 Burnley-Crystal Palace,9,Mon,2020-11-23,17:30 (18:30),Burnley,1–0,Crystal Palace,,Turf Moor,Kevin Friend,/en/matches/1dde1d03/Burnley-Crystal-Palace-November-23-2020-Premier-League,,1dde1d03
ENG-Premier League,2021,2020-11-23 Wolves-Southampton,9,Mon,2020-11-23,20:00 (21:00),Wolves,1–1,Southampton,,Molineux Stadium,Andre Marriner,/en/matches/e5bfd125/Wolverhampton-Wanderers-Southampton-November-23-2020-Premier-League,,e5bfd125
ENG-Premier League,2021,2020-11-27 Crystal Palace-Newcastle United,10,Fri,2020-11-27,20:00 (21:00),Crystal Palace,0–2,Newcastle United,,Selhurst Park,Graham Scott,/en/matches/0d5962be/Crystal-Palace-Newcastle-United-November-27-2020-Premier-League,,0d5962be
ENG-Premier League,2021,2020-11-28 Brighton-Liverpool,10,Sat,2020-11-28,12:30 (13:30),Brighton,1–1,Liverpool,,The American Express Community Stadium,Stuart Attwell,/en/matches/31baf354/Brighton-and-Hove-Albion-Liverpool-November-28-2020-Premier-League,,31baf354
ENG-Premier League,2021,2020-11-28 Everton-Leeds United,10,Sat,2020-11-28,17:30 (18:30),Everton,0–1,Leeds United,,Goodison Park,Chris Kavanagh,/en/matches/3eeb39c5/Everton-Leeds-United-November-28-2020-Premier-League,,3eeb39c5
ENG-Premier League,2021,2020-11-28 Manchester City-Burnley,10,Sat,2020-11-28,15:00 (16:00),Manchester City,5–0,Burnley,,Etihad Stadium,Lee Mason,/en/matches/2069ffbc/Manchester-City-Burnley-November-28-2020-Premier-League,,2069ffbc
ENG-Premier League,2021,2020-11-28 West Brom-Sheffield United,10,Sat,2020-11-28,20:00 (21:00),West Brom,1–0,Sheffield United,,The Hawthorns,Mike Dean,/en/matches/bd68404c/West-Bromwich-Albion-Sheffield-United-November-28-2020-Premier-League,,bd68404c
ENG-Premier League,2021,2020-11-29 Arsenal-Wolves,10,Sun,2020-11-29,19:15 (20:15),Arsenal,1–2,Wolves,,Emirates Stadium,Michael Oliver,/en/matches/fa17687c/Arsenal-Wolverhampton-Wanderers-November-29-2020-Premier-League,,fa17687c
ENG-Premier League,2021,2020-11-29 Chelsea-Tottenham Hotspur,10,Sun,2020-11-29,16:30 (17:30),Chelsea,0–0,Tottenham Hotspur,,Stamford Bridge,Paul Tierney,/en/matches/58306243/Chelsea-Tottenham-Hotspur-November-29-2020-Premier-League,,58306243
ENG-Premier League,2021,2020-11-29 Southampton-Manchester Utd,10,Sun,2020-11-29,14:00 (15:00),Southampton,2–3,Manchester Utd,,St. Mary's Stadium,Jonathan Moss,/en/matches/e0a84e7e/Southampton-Manchester-United-November-29-2020-Premier-League,,e0a84e7e
ENG-Premier League,2021,2020-11-30 Leicester City-Fulham,10,Mon,2020-11-30,17:30 (18:30),Leicester City,1–2,Fulham,,King Power Stadium,Simon Hooper,/en/matches/ae493b10/Leicester-City-Fulham-November-30-2020-Premier-League,,ae493b10
ENG-Premier League,2021,2020-11-30 West Ham United-Aston Villa,10,Mon,2020-11-30,20:00 (21:00),West Ham United,2–1,Aston Villa,,London Stadium,Peter Bankes,/en/matches/2f67603c/West-Ham-United-Aston-Villa-November-30-2020-Premier-League,,2f67603c
ENG-Premier League,2021,2020-12-05 Burnley-Everton,11,Sat,2020-12-05,12:30 (13:30),Burnley,1–1,Everton,,Turf Moor,Anthony Taylor,/en/matches/399c7e1c/Burnley-Everton-December-5-2020-Premier-League,,399c7e1c
ENG-Premier League,2021,2020-12-05 Chelsea-Leeds United,11,Sat,2020-12-05,20:00 (21:00),Chelsea,3–1,Leeds United,2000,Stamford Bridge,Kevin Friend,/en/matches/419abbc0/Chelsea-Leeds-United-December-5-2020-Premier-League,,419abbc0
ENG-Premier League,2021,2020-12-05 Manchester City-Fulham,11,Sat,2020-12-05,15:00 (16:00),Manchester City,2–0,Fulham,,Etihad Stadium,Jonathan Moss,/en/matches/887dfef6/Manchester-City-Fulham-December-5-2020-Premier-League,,887dfef6
ENG-Premier League,2021,2020-12-05 West Ham United-Manchester Utd,11,Sat,2020-12-05,17:30 (18:30),West Ham United,1–3,Manchester Utd,2000,London Stadium,Andre Marriner,/en/matches/c2206b97/West-Ham-United-Manchester-United-December-5-2020-Premier-League,,c2206b97
ENG-Premier League,2021,2020-12-06 Liverpool-Wolves,11,Sun,2020-12-06,19:15 (20:15),Liverpool,4–0,Wolves,2000,Anfield,Craig Pawson,/en/matches/25249736/Liverpool-Wolverhampton-Wanderers-December-6-2020-Premier-League,,25249736
ENG-Premier League,2021,2020-12-06 Sheffield United-Leicester City,11,Sun,2020-12-06,14:15 (15:15),Sheffield United,1–2,Leicester City,,Bramall Lane,Stuart Attwell,/en/matches/c1c08638/Sheffield-United-Leicester-City-December-6-2020-Premier-League,,c1c08638
ENG-Premier League,2021,2020-12-06 Tottenham Hotspur-Arsenal,11,Sun,2020-12-06,16:30 (17:30),Tottenham Hotspur,2–0,Arsenal,2000,Tottenham Hotspur Stadium,Martin Atkinson,/en/matches/35abfa2f/North-London-Derby-Tottenham-Hotspur-Arsenal-December-6-2020-Premier-League,,35abfa2f
ENG-Premier League,2021,2020-12-06 West Brom-Crystal Palace,11,Sun,2020-12-06,12:00 (13:00),West Brom,1–5,Crystal Palace,,The Hawthorns,Paul Tierney,/en/matches/ac9d70e3/West-Bromwich-Albion-Crystal-Palace-December-6-2020-Premier-League,,ac9d70e3
ENG-Premier League,2021,2020-12-07 Brighton-Southampton,11,Mon,2020-12-07,20:00 (21:00),Brighton,1–2,Southampton,2000,The American Express Community Stadium,David Coote,/en/matches/32356abc/Brighton-and-Hove-Albion-Southampton-December-7-2020-Premier-League,,32356abc
ENG-Premier League,2021,2020-12-11 Leeds United-West Ham United,12,Fri,2020-12-11,20:00 (21:00),Leeds United,1–2,West Ham United,,Elland Road,Michael Oliver,/en/matches/2d36ffad/Leeds-United-West-Ham-United-December-11-2020-Premier-League,,2d36ffad
ENG-Premier League,2021,2020-12-12 Everton-Chelsea,12,Sat,2020-12-12,20:00 (21:00),Everton,1–0,Chelsea,2000,Goodison Park,Jonathan Moss,/en/matches/4847e3c3/Everton-Chelsea-December-12-2020-Premier-League,,4847e3c3
ENG-Premier League,2021,2020-12-12 Manchester Utd-Manchester City,12,Sat,2020-12-12,17:30 (18:30),Manchester Utd,0–0,Manchester City,,Old Trafford,Chris Kavanagh,/en/matches/85cc70bb/Manchester-Derby-Manchester-United-Manchester-City-December-12-2020-Premier-League,,85cc70bb
ENG-Premier League,2021,2020-12-12 Newcastle United-West Brom,12,Sat,2020-12-12,15:00 (16:00),Newcastle United,2–1,West Brom,,St. James' Park,Darren England,/en/matches/4a2a6f14/Newcastle-United-West-Bromwich-Albion-December-12-2020-Premier-League,,4a2a6f14
ENG-Premier League,2021,2020-12-12 Wolves-Aston Villa,12,Sat,2020-12-12,12:30 (13:30),Wolves,0–1,Aston Villa,,Molineux Stadium,Mike Dean,/en/matches/f809a014/Wolverhampton-Wanderers-Aston-Villa-December-12-2020-Premier-League,,f809a014
ENG-Premier League,2021,2020-12-13 Arsenal-Burnley,12,Sun,2020-12-13,19:15 (20:15),Arsenal,0–1,Burnley,2000,Emirates Stadium,Graham Scott,/en/matches/e4dc55d0/Arsenal-Burnley-December-13-2020-Premier-League,,e4dc55d0
ENG-Premier League,2021,2020-12-13 Crystal Palace-Tottenham Hotspur,12,Sun,2020-12-13,14:15 (15:15),Crystal Palace,1–1,Tottenham Hotspur,2000,Selhurst Park,Kevin Friend,/en/matches/9b0e267e/Crystal-Palace-Tottenham-Hotspur-December-13-2020-Premier-League,,9b0e267e
ENG-Premier League,2021,2020-12-13 Fulham-Liverpool,12,Sun,2020-12-13,16:30 (17:30),Fulham,1–1,Liverpool,2000,Craven Cottage,Andre Marriner,/en/matches/5abb0bd1/Fulham-Liverpool-December-13-2020-Premier-League,,5abb0bd1
ENG-Premier League,2021,2020-12-13 Leicester City-Brighton,12,Sun,2020-12-13,19:15 (20:15),Leicester City,3–0,Brighton,,King Power Stadium,Martin Atkinson,/en/matches/964e6470/Leicester-City-Brighton-and-Hove-Albion-December-13-2020-Premier-League,,964e6470
ENG-Premier League,2021,2020-12-13 Southampton-Sheffield United,12,Sun,2020-12-13,12:00 (13:00),Southampton,3–0,Sheffield United,2000,St. Mary's Stadium,Andy Madley,/en/matches/9bec56c6/Southampton-Sheffield-United-December-13-2020-Premier-League,,9bec56c6
ENG-Premier League,2021,2020-12-15 Manchester City-West Brom,13,Tue,2020-12-15,20:00 (21:00),Manchester City,1–1,West Brom,,Etihad Stadium,Peter Bankes,/en/matches/40b42ca1/Manchester-City-West-Bromwich-Albion-December-15-2020-Premier-League,,40b42ca1
ENG-Premier League,2021,2020-12-15 Wolves-Chelsea,13,Tue,2020-12-15,18:00 (19:00),Wolves,2–1,Chelsea,,Molineux Stadium,Stuart Attwell,/en/matches/20bd0665/Wolverhampton-Wanderers-Chelsea-December-15-2020-Premier-League,,20bd0665
ENG-Premier League,2021,2020-12-16 Arsenal-Southampton,13,Wed,2020-12-16,18:00 (19:00),Arsenal,1–1,Southampton,,Emirates Stadium,Paul Tierney,/en/matches/0ceceee4/Arsenal-Southampton-December-16-2020-Premier-League,,0ceceee4
ENG-Premier League,2021,2020-12-16 Fulham-Brighton,13,Wed,2020-12-16,20:00 (21:00),Fulham,0–0,Brighton,,Craven Cottage,Robert Jones,/en/matches/eb73d532/Fulham-Brighton-and-Hove-Albion-December-16-2020-Premier-League,,eb73d532
ENG-Premier League,2021,2020-12-16 Leeds United-Newcastle United,13,Wed,2020-12-16,18:00 (19:00),Leeds United,5–2,Newcastle United,,Elland Road,Simon Hooper,/en/matches/b52c441b/Leeds-United-Newcastle-United-December-16-2020-Premier-League,,b52c441b
ENG-Premier League,2021,2020-12-16 Leicester City-Everton,13,Wed,2020-12-16,18:00 (19:00),Leicester City,0–2,Everton,,King Power Stadium,Lee Mason,/en/matches/b30c816c/Leicester-City-Everton-December-16-2020-Premier-League,,b30c816c
ENG-Premier League,2021,2020-12-16 Liverpool-Tottenham Hotspur,13,Wed,2020-12-16,20:00 (21:00),Liverpool,2–1,Tottenham Hotspur,2000,Anfield,Anthony Taylor,/en/matches/966f86fe/Liverpool-Tottenham-Hotspur-December-16-2020-Premier-League,,966f86fe
ENG-Premier League,2021,2020-12-16 West Ham United-Crystal Palace,13,Wed,2020-12-16,20:00 (21:00),West Ham United,1–1,Crystal Palace,,London Stadium,David Coote,/en/matches/98bf02e0/West-Ham-United-Crystal-Palace-December-16-2020-Premier-League,,98bf02e0
ENG-Premier League,2021,2020-12-17 Aston Villa-Burnley,13,Thu,2020-12-17,18:00 (19:00),Aston Villa,0–0,Burnley,,Villa Park,Craig Pawson,/en/matches/5d89f60c/Aston-Villa-Burnley-December-17-2020-Premier-League,,5d89f60c
ENG-Premier League,2021,2020-12-17 Sheffield United-Manchester Utd,13,Thu,2020-12-17,20:00 (21:00),Sheffield United,2–3,Manchester Utd,,Bramall Lane,Michael Oliver,/en/matches/3b3cc5f6/Sheffield-United-Manchester-United-December-17-2020-Premier-League,,3b3cc5f6
ENG-Premier League,2021,2020-12-19 Crystal Palace-Liverpool,14,Sat,2020-12-19,12:30 (13:30),Crystal Palace,0–7,Liverpool,,Selhurst Park,Jonathan Moss,/en/matches/d05715a8/Crystal-Palace-Liverpool-December-19-2020-Premier-League,,d05715a8
ENG-Premier League,2021,2020-12-19 Everton-Arsenal,14,Sat,2020-12-19,17:30 (18:30),Everton,2–1,Arsenal,,Goodison Park,Andre Marriner,/en/matches/72fa1993/Everton-Arsenal-December-19-2020-Premier-League,,72fa1993
ENG-Premier League,2021,2020-12-19 Newcastle United-Fulham,14,Sat,2020-12-19,20:00 (21:00),Newcastle United,1–1,Fulham,,St. James' Park,Graham Scott,/en/matches/3ae84056/Newcastle-United-Fulham-December-19-2020-Premier-League,,3ae84056
ENG-Premier League,2021,2020-12-19 Southampton-Manchester City,14,Sat,2020-12-19,15:00 (16:00),Southampton,0–1,Manchester City,,St. Mary's Stadium,Mike Dean,/en/matches/8d4a02ae/Southampton-Manchester-City-December-19-2020-Premier-League,,8d4a02ae
ENG-Premier League,2021,2020-12-20 Brighton-Sheffield United,14,Sun,2020-12-20,12:00 (13:00),Brighton,1–1,Sheffield United,,The American Express Community Stadium,Peter Bankes,/en/matches/d1273e90/Brighton-and-Hove-Albion-Sheffield-United-December-20-2020-Premier-League,,d1273e90
ENG-Premier League,2021,2020-12-20 Manchester Utd-Leeds United,14,Sun,2020-12-20,16:30 (17:30),Manchester Utd,6–2,Leeds United,,Old Trafford,Anthony Taylor,/en/matches/b7ab53b3/Manchester-United-Leeds-United-December-20-2020-Premier-League,,b7ab53b3
ENG-Premier League,2021,2020-12-20 Tottenham Hotspur-Leicester City,14,Sun,2020-12-20,14:15 (15:15),Tottenham Hotspur,0–2,Leicester City,,Tottenham Hotspur Stadium,Craig Pawson,/en/matches/56ffe356/Tottenham-Hotspur-Leicester-City-December-20-2020-Premier-League,,56ffe356
ENG-Premier League,2021,2020-12-20 West Brom-Aston Villa,14,Sun,2020-12-20,19:15 (20:15),West Brom,0–3,Aston Villa,,The Hawthorns,Martin Atkinson,/en/matches/4bbe55ff/West-Bromwich-Albion-Aston-Villa-December-20-2020-Premier-League,,4bbe55ff
ENG-Premier League,2021,2020-12-21 Burnley-Wolves,14,Mon,2020-12-21,17:30 (18:30),Burnley,2–1,Wolves,,Turf Moor,Lee Mason,/en/matches/4e106790/Burnley-Wolverhampton-Wanderers-December-21-2020-Premier-League,,4e106790
ENG-Premier League,2021,2020-12-21 Chelsea-West Ham United,14,Mon,2020-12-21,20:00 (21:00),Chelsea,3–0,West Ham United,,Stamford Bridge,Chris Kavanagh,/en/matches/9a718e42/Chelsea-West-Ham-United-December-21-2020-Premier-League,,9a718e42
ENG-Premier League,2021,2020-12-26 Arsenal-Chelsea,15,Sat,2020-12-26,17:30 (18:30),Arsenal,3–1,Chelsea,,Emirates Stadium,Michael Oliver,/en/matches/c5de8a0c/North-West-London-Derby-Arsenal-Chelsea-December-26-2020-Premier-League,,c5de8a0c
ENG-Premier League,2021,2020-12-26 Aston Villa-Crystal Palace,15,Sat,2020-12-26,15:00 (16:00),Aston Villa,3–0,Crystal Palace,,Villa Park,Anthony Taylor,/en/matches/537b6ef8/Aston-Villa-Crystal-Palace-December-26-2020-Premier-League,,537b6ef8
ENG-Premier League,2021,2020-12-26 Fulham-Southampton,15,Sat,2020-12-26,15:00 (16:00),Fulham,0–0,Southampton,,Craven Cottage,Darren England,/en/matches/cf86c208/Fulham-Southampton-December-26-2020-Premier-League,,cf86c208
ENG-Premier League,2021,2020-12-26 Leicester City-Manchester Utd,15,Sat,2020-12-26,12:30 (13:30),Leicester City,2–2,Manchester Utd,,King Power Stadium,Mike Dean,/en/matches/33c8b5c8/Leicester-City-Manchester-United-December-26-2020-Premier-League,,33c8b5c8
ENG-Premier League,2021,2020-12-26 Manchester City-Newcastle United,15,Sat,2020-12-26,20:00 (21:00),Manchester City,2–0,Newcastle United,,Etihad Stadium,Andre Marriner,/en/matches/c1c40b30/Manchester-City-Newcastle-United-December-26-2020-Premier-League,,c1c40b30
ENG-Premier League,2021,2020-12-26 Sheffield United-Everton,15,Sat,2020-12-26,20:00 (21:00),Sheffield United,0–1,Everton,,Bramall Lane,David Coote,/en/matches/870d9436/Sheffield-United-Everton-December-26-2020-Premier-League,,870d9436
ENG-Premier League,2021,2020-12-27 Leeds United-Burnley,15,Sun,2020-12-27,12:00 (13:00),Leeds United,1–0,Burnley,,Elland Road,Robert Jones,/en/matches/d54f6293/Leeds-United-Burnley-December-27-2020-Premier-League,,d54f6293
ENG-Premier League,2021,2020-12-27 Liverpool-West Brom,15,Sun,2020-12-27,16:30 (17:30),Liverpool,1–1,West Brom,2000,Anfield,Kevin Friend,/en/matches/daa09f69/Liverpool-West-Bromwich-Albion-December-27-2020-Premier-League,,daa09f69
ENG-Premier League,2021,2020-12-27 West Ham United-Brighton,15,Sun,2020-12-27,14:15 (15:15),West Ham United,2–2,Brighton,,London Stadium,Simon Hooper,/en/matches/7ba8c6e9/West-Ham-United-Brighton-and-Hove-Albion-December-27-2020-Premier-League,,7ba8c6e9
ENG-Premier League,2021,2020-12-27 Wolves-Tottenham Hotspur,15,Sun,2020-12-27,19:15 (20:15),Wolves,1–1,Tottenham Hotspur,,Molineux Stadium,Paul Tierney,/en/matches/f50faef3/Wolverhampton-Wanderers-Tottenham-Hotspur-December-27-2020-Premier-League,,f50faef3
ENG-Premier League,2021,2020-12-28 Chelsea-Aston Villa,16,Mon,2020-12-28,17:30 (18:30),Chelsea,1–1,Aston Villa,,Stamford Bridge,Stuart Attwell,/en/matches/ac7d1071/Chelsea-Aston-Villa-December-28-2020-Premier-League,,ac7d1071
ENG-Premier League,2021,2020-12-28 Crystal Palace-Leicester City,16,Mon,2020-12-28,15:00 (16:00),Crystal Palace,1–1,Leicester City,,Selhurst Park,Graham Scott,/en/matches/77437741/Crystal-Palace-Leicester-City-December-28-2020-Premier-League,,77437741
ENG-Premier League,2021,2020-12-29 Brighton-Arsenal,16,Tue,2020-12-29,18:00 (19:00),Brighton,0–1,Arsenal,,The American Express Community Stadium,Martin Atkinson,/en/matches/fdca0bef/Brighton-and-Hove-Albion-Arsenal-December-29-2020-Premier-League,,fdca0bef
ENG-Premier League,2021,2020-12-29 Burnley-Sheffield United,16,Tue,2020-12-29,18:00 (19:00),Burnley,1–0,Sheffield United,,Turf Moor,Chris Kavanagh,/en/matches/b33de500/Burnley-Sheffield-United-December-29-2020-Premier-League,,b33de500
ENG-Premier League,2021,2020-12-29 Manchester Utd-Wolves,16,Tue,2020-12-29,20:00 (21:00),Manchester Utd,1–0,Wolves,,Old Trafford,Jonathan Moss,/en/matches/a8d659e4/Manchester-United-Wolverhampton-Wanderers-December-29-2020-Premier-League,,a8d659e4
ENG-Premier League,2021,2020-12-29 Southampton-West Ham United,16,Tue,2020-12-29,18:00 (19:00),Southampton,0–0,West Ham United,,St. Mary's Stadium,Andy Madley,/en/matches/7577b54b/Southampton-West-Ham-United-December-29-2020-Premier-League,,7577b54b
ENG-Premier League,2021,2020-12-29 West Brom-Leeds United,16,Tue,2020-12-29,18:00 (19:00),West Brom,0–5,Leeds United,,The Hawthorns,Lee Mason,/en/matches/21f2b720/West-Bromwich-Albion-Leeds-United-December-29-2020-Premier-League,,21f2b720
ENG-Premier League,2021,2020-12-30 Newcastle United-Liverpool,16,Wed,2020-12-30,20:00 (21:00),Newcastle United,0–0,Liverpool,,St. James' Park,Paul Tierney,/en/matches/385cda3f/Newcastle-United-Liverpool-December-30-2020-Premier-League,,385cda3f
ENG-Premier League,2021,2021-01-01 Everton-West Ham United,17,Fri,2021-01-01,17:30 (18:30),Everton,0–1,West Ham United,,Goodison Park,Kevin Friend,/en/matches/0cd189c5/Everton-West-Ham-United-January-1-2021-Premier-League,,0cd189c5
ENG-Premier League,2021,2021-01-01 Manchester Utd-Aston Villa,17,Fri,2021-01-01,20:00 (21:00),Manchester Utd,2–1,Aston Villa,,Old Trafford,Michael Oliver,/en/matches/0ae3a66d/Manchester-United-Aston-Villa-January-1-2021-Premier-League,,0ae3a66d
ENG-Premier League,2021,2021-01-02 Brighton-Wolves,17,Sat,2021-01-02,17:30 (18:30),Brighton,3–3,Wolves,,The American Express Community Stadium,Andy Madley,/en/matches/abeb80b7/Brighton-and-Hove-Albion-Wolverhampton-Wanderers-January-2-2021-Premier-League,,abeb80b7
ENG-Premier League,2021,2021-01-02 Crystal Palace-Sheffield United,17,Sat,2021-01-02,15:00 (16:00),Crystal Palace,2–0,Sheffield United,,Selhurst Park,Stuart Attwell,/en/matches/84a373f5/Crystal-Palace-Sheffield-United-January-2-2021-Premier-League,,84a373f5
ENG-Premier League,2021,2021-01-02 Tottenham Hotspur-Leeds United,17,Sat,2021-01-02,12:30 (13:30),Tottenham Hotspur,3–0,Leeds United,,Tottenham Hotspur Stadium,David Coote,/en/matches/93463aad/Tottenham-Hotspur-Leeds-United-January-2-2021-Premier-League,,93463aad
ENG-Premier League,2021,2021-01-02 West Brom-Arsenal,17,Sat,2021-01-02,20:00 (21:00),West Brom,0–4,Arsenal,,The Hawthorns,Martin Atkinson,/en/matches/a56531b0/West-Bromwich-Albion-Arsenal-January-2-2021-Premier-League,,a56531b0
ENG-Premier League,2021,2021-01-03 Chelsea-Manchester City,17,Sun,2021-01-03,16:30 (17:30),Chelsea,1–3,Manchester City,,Stamford Bridge,Anthony Taylor,/en/matches/85507602/Chelsea-Manchester-City-January-3-2021-Premier-League,,85507602
ENG-Premier League,2021,2021-01-03 Newcastle United-Leicester City,17,Sun,2021-01-03,14:15 (15:15),Newcastle United,1–2,Leicester City,,St. James' Park,Robert Jones,/en/matches/4c205b24/Newcastle-United-Leicester-City-January-3-2021-Premier-League,,4c205b24
ENG-Premier League,2021,2021-01-04 Southampton-Liverpool,17,Mon,2021-01-04,20:00 (21:00),Southampton,1–0,Liverpool,,St. Mary's Stadium,Andre Marriner,/en/matches/d0482032/Southampton-Liverpool-January-4-2021-Premier-League,,d0482032
ENG-Premier League,2021,2021-01-12 Burnley-Manchester Utd,1,Tue,2021-01-12,20:15 (21:15),Burnley,0–1,Manchester Utd,,Turf Moor,Kevin Friend,/en/matches/2c8aa556/Burnley-Manchester-United-January-12-2021-Premier-League,,2c8aa556
ENG-Premier League,2021,2021-01-12 Sheffield United-Newcastle United,18,Tue,2021-01-12,18:00 (19:00),Sheffield United,1–0,Newcastle United,,Bramall Lane,Andy Madley,/en/matches/18ccfdb9/Sheffield-United-Newcastle-United-January-12-2021-Premier-League,,18ccfdb9
ENG-Premier League,2021,2021-01-12 Wolves-Everton,18,Tue,2021-01-12,20:15 (21:15),Wolves,1–2,Everton,,Molineux Stadium,Martin Atkinson,/en/matches/8cbb9119/Wolverhampton-Wanderers-Everton-January-12-2021-Premier-League,,8cbb9119
ENG-Premier League,2021,2021-01-13 Manchester City-Brighton,18,Wed,2021-01-13,18:00 (19:00),Manchester City,1–0,Brighton,,Etihad Stadium,Darren England,/en/matches/9926f1f0/Manchester-City-Brighton-and-Hove-Albion-January-13-2021-Premier-League,,9926f1f0
ENG-Premier League,2021,2021-01-13 Tottenham Hotspur-Fulham,16,Wed,2021-01-13,20:15 (21:15),Tottenham Hotspur,1–1,Fulham,,Tottenham Hotspur Stadium,Paul Tierney,/en/matches/fcad17a1/Tottenham-Hotspur-Fulham-January-13-2021-Premier-League,,fcad17a1
ENG-Premier League,2021,2021-01-14 Arsenal-Crystal Palace,18,Thu,2021-01-14,20:00 (21:00),Arsenal,0–0,Crystal Palace,,Emirates Stadium,Andre Marriner,/en/matches/0476b43a/Arsenal-Crystal-Palace-January-14-2021-Premier-League,,0476b43a
ENG-Premier League,2021,2021-01-16 Fulham-Chelsea,19,Sat,2021-01-16,17:30 (18:30),Fulham,0–1,Chelsea,,Craven Cottage,Peter Bankes,/en/matches/714c642d/Fulham-Chelsea-January-16-2021-Premier-League,,714c642d
ENG-Premier League,2021,2021-01-16 Leeds United-Brighton,19,Sat,2021-01-16,15:00 (16:00),Leeds United,0–1,Brighton,,Elland Road,Kevin Friend,/en/matches/ade7aac2/Leeds-United-Brighton-and-Hove-Albion-January-16-2021-Premier-League,,ade7aac2
ENG-Premier League,2021,2021-01-16 Leicester City-Southampton,19,Sat,2021-01-16,20:00 (21:00),Leicester City,2–0,Southampton,,King Power Stadium,Stuart Attwell,/en/matches/85d4ec49/Leicester-City-Southampton-January-16-2021-Premier-League,,85d4ec49
ENG-Premier League,2021,2021-01-16 West Ham United-Burnley,19,Sat,2021-01-16,15:00 (16:00),West Ham United,1–0,Burnley,,London Stadium,Chris Kavanagh,/en/matches/1b06e352/West-Ham-United-Burnley-January-16-2021-Premier-League,,1b06e352
ENG-Premier League,2021,2021-01-16 Wolves-West Brom,19,Sat,2021-01-16,12:30 (13:30),Wolves,2–3,West Brom,,Molineux Stadium,Michael Oliver,/en/matches/93420516/Wolverhampton-Wanderers-West-Bromwich-Albion-January-16-2021-Premier-League,,93420516
ENG-Premier League,2021,2021-01-17 Liverpool-Manchester Utd,19,Sun,2021-01-17,16:30 (17:30),Liverpool,0–0,Manchester Utd,,Anfield,Paul Tierney,/en/matches/7e1384ef/North-West-Derby-Liverpool-Manchester-United-January-17-2021-Premier-League,,7e1384ef
ENG-Premier League,2021,2021-01-17 Manchester City-Crystal Palace,19,Sun,2021-01-17,19:15 (20:15),Manchester City,4–0,Crystal Palace,,Etihad Stadium,Lee Mason,/en/matches/15d2f67c/Manchester-City-Crystal-Palace-January-17-2021-Premier-League,,15d2f67c
ENG-Premier League,2021,2021-01-17 Sheffield United-Tottenham Hotspur,19,Sun,2021-01-17,14:00 (15:00),Sheffield United,1–3,Tottenham Hotspur,,Bramall Lane,Andre Marriner,/en/matches/c52b1c4f/Sheffield-United-Tottenham-Hotspur-January-17-2021-Premier-League,,c52b1c4f
ENG-Premier League,2021,2021-01-18 Arsenal-Newcastle United,19,Mon,2021-01-18,20:00 (21:00),Arsenal,3–0,Newcastle United,,Emirates Stadium,David Coote,/en/matches/620df215/Arsenal-Newcastle-United-January-18-2021-Premier-League,,620df215
ENG-Premier League,2021,2021-01-19 Leicester City-Chelsea,18,Tue,2021-01-19,20:15 (21:15),Leicester City,2–0,Chelsea,,King Power Stadium,Craig Pawson,/en/matches/8467b110/Leicester-City-Chelsea-January-19-2021-Premier-League,,8467b110
ENG-Premier League,2021,2021-01-19 West Ham United-West Brom,18,Tue,2021-01-19,18:00 (19:00),West Ham United,2–1,West Brom,,London Stadium,Graham Scott,/en/matches/42daddbb/West-Ham-United-West-Bromwich-Albion-January-19-2021-Premier-League,,42daddbb
ENG-Premier League,2021,2021-01-20 Fulham-Manchester Utd,18,Wed,2021-01-20,20:15 (21:15),Fulham,1–2,Manchester Utd,,Craven Cottage,Martin Atkinson,/en/matches/2a3855db/Fulham-Manchester-United-January-20-2021-Premier-League,,2a3855db
ENG-Premier League,2021,2021-01-20 Manchester City-Aston Villa,1,Wed,2021-01-20,18:00 (19:00),Manchester City,2–0,Aston Villa,,Etihad Stadium,Jonathan Moss,/en/matches/c9710420/Manchester-City-Aston-Villa-January-20-2021-Premier-League,,c9710420
ENG-Premier League,2021,2021-01-21 Liverpool-Burnley,18,Thu,2021-01-21,20:00 (21:00),Liverpool,0–1,Burnley,,Anfield,Mike Dean,/en/matches/787d11cc/Liverpool-Burnley-January-21-2021-Premier-League,,787d11cc
ENG-Premier League,2021,2021-01-23 Aston Villa-Newcastle United,11,Sat,2021-01-23,20:00 (21:00),Aston Villa,2–0,Newcastle United,,Villa Park,Simon Hooper,/en/matches/b2143993/Aston-Villa-Newcastle-United-January-23-2021-Premier-League,,b2143993
ENG-Premier League,2021,2021-01-26 Crystal Palace-West Ham United,20,Tue,2021-01-26,18:00 (19:00),Crystal Palace,2–3,West Ham United,,Selhurst Park,Stuart Attwell,/en/matches/aab6365d/Crystal-Palace-West-Ham-United-January-26-2021-Premier-League,,aab6365d
ENG-Premier League,2021,2021-01-26 Newcastle United-Leeds United,20,Tue,2021-01-26,18:00 (19:00),Newcastle United,1–2,Leeds United,,St. James' Park,Anthony Taylor,/en/matches/831d8a36/Newcastle-United-Leeds-United-January-26-2021-Premier-League,,831d8a36
ENG-Premier League,2021,2021-01-26 Southampton-Arsenal,20,Tue,2021-01-26,20:15 (21:15),Southampton,1–3,Arsenal,,St. Mary's Stadium,Kevin Friend,/en/matches/ac54f8a6/Southampton-Arsenal-January-26-2021-Premier-League,,ac54f8a6
ENG-Premier League,2021,2021-01-26 West Brom-Manchester City,20,Tue,2021-01-26,20:15 (21:15),West Brom,0–5,Manchester City,,The Hawthorns,Chris Kavanagh,/en/matches/83f7b656/West-Bromwich-Albion-Manchester-City-January-26-2021-Premier-League,,83f7b656
ENG-Premier League,2021,2021-01-27 Brighton-Fulham,20,Wed,2021-01-27,19:30 (20:30),Brighton,0–0,Fulham,,The American Express Community Stadium,Craig Pawson,/en/matches/ea5464bd/Brighton-and-Hove-Albion-Fulham-January-27-2021-Premier-League,,ea5464bd
ENG-Premier League,2021,2021-01-27 Burnley-Aston Villa,20,Wed,2021-01-27,18:00 (19:00),Burnley,3–2,Aston Villa,,Turf Moor,Paul Tierney,/en/matches/f45d57b7/Burnley-Aston-Villa-January-27-2021-Premier-League,,f45d57b7
ENG-Premier League,2021,2021-01-27 Chelsea-Wolves,20,Wed,2021-01-27,18:00 (19:00),Chelsea,0–0,Wolves,,Stamford Bridge,Andy Madley,/en/matches/42eeae0e/Chelsea-Wolverhampton-Wanderers-January-27-2021-Premier-League,,42eeae0e
ENG-Premier League,2021,2021-01-27 Everton-Leicester City,20,Wed,2021-01-27,20:15 (21:15),Everton,1–1,Leicester City,,Goodison Park,Mike Dean,/en/matches/3e4ff1e0/Everton-Leicester-City-January-27-2021-Premier-League,,3e4ff1e0
ENG-Premier League,2021,2021-01-27 Manchester Utd-Sheffield United,20,Wed,2021-01-27,20:15 (21:15),Manchester Utd,1–2,Sheffield United,,Old Trafford,Peter Bankes,/en/matches/6e963555/Manchester-United-Sheffield-United-January-27-2021-Premier-League,,6e963555
ENG-Premier League,2021,2021-01-28 Tottenham Hotspur-Liverpool,20,Thu,2021-01-28,20:00 (21:00),Tottenham Hotspur,1–3,Liverpool,,Tottenham Hotspur Stadium,Martin Atkinson,/en/matches/17bac3d1/Tottenham-Hotspur-Liverpool-January-28-2021-Premier-League,,17bac3d1
ENG-Premier League,2021,2021-01-30 Arsenal-Manchester Utd,21,Sat,2021-01-30,17:30 (18:30),Arsenal,0–0,Manchester Utd,,Emirates Stadium,Michael Oliver,/en/matches/0fcaaa5f/Arsenal-Manchester-United-January-30-2021-Premier-League,,0fcaaa5f
ENG-Premier League,2021,2021-01-30 Crystal Palace-Wolves,21,Sat,2021-01-30,15:00 (16:00),Crystal Palace,1–0,Wolves,,Selhurst Park,Simon Hooper,/en/matches/111bd050/Crystal-Palace-Wolverhampton-Wanderers-January-30-2021-Premier-League,,111bd050
ENG-Premier League,2021,2021-01-30 Everton-Newcastle United,21,Sat,2021-01-30,12:30 (13:30),Everton,0–2,Newcastle United,,Goodison Park,Stuart Attwell,/en/matches/88053fb0/Everton-Newcastle-United-January-30-2021-Premier-League,,88053fb0
ENG-Premier League,2021,2021-01-30 Manchester City-Sheffield United,21,Sat,2021-01-30,15:00 (16:00),Manchester City,1–0,Sheffield United,,Etihad Stadium,David Coote,/en/matches/150c80d7/Manchester-City-Sheffield-United-January-30-2021-Premier-League,,150c80d7
ENG-Premier League,2021,2021-01-30 Southampton-Aston Villa,21,Sat,2021-01-30,20:00 (21:00),Southampton,0–1,Aston Villa,,St. Mary's Stadium,Lee Mason,/en/matches/10d13e5b/Southampton-Aston-Villa-January-30-2021-Premier-League,,10d13e5b
ENG-Premier League,2021,2021-01-30 West Brom-Fulham,21,Sat,2021-01-30,15:00 (16:00),West Brom,2–2,Fulham,,The Hawthorns,Anthony Taylor,/en/matches/d1517c30/West-Bromwich-Albion-Fulham-January-30-2021-Premier-League,,d1517c30
ENG-Premier League,2021,2021-01-31 Brighton-Tottenham Hotspur,21,Sun,2021-01-31,19:15 (20:15),Brighton,1–0,Tottenham Hotspur,,The American Express Community Stadium,Peter Bankes,/en/matches/4663c253/Brighton-and-Hove-Albion-Tottenham-Hotspur-January-31-2021-Premier-League,,4663c253
ENG-Premier League,2021,2021-01-31 Chelsea-Burnley,21,Sun,2021-01-31,12:00 (13:00),Chelsea,2–0,Burnley,,Stamford Bridge,Graham Scott,/en/matches/3372f3f3/Chelsea-Burnley-January-31-2021-Premier-League,,3372f3f3
ENG-Premier League,2021,2021-01-31 Leicester City-Leeds United,21,Sun,2021-01-31,14:00 (15:00),Leicester City,1–3,Leeds United,,King Power Stadium,Chris Kavanagh,/en/matches/e5e46ead/Leicester-City-Leeds-United-January-31-2021-Premier-League,,e5e46ead
ENG-Premier League,2021,2021-01-31 West Ham United-Liverpool,21,Sun,2021-01-31,16:30 (17:30),West Ham United,1–3,Liverpool,,London Stadium,Jonathan Moss,/en/matches/3de3a736/West-Ham-United-Liverpool-January-31-2021-Premier-League,,3de3a736
ENG-Premier League,2021,2021-02-02 Manchester Utd-Southampton,22,Tue,2021-02-02,20:15 (21:15),Manchester Utd,9–0,Southampton,,Old Trafford,Mike Dean,/en/matches/37a9f2fd/Manchester-United-Southampton-February-2-2021-Premier-League,,37a9f2fd
ENG-Premier League,2021,2021-02-02 Newcastle United-Crystal Palace,22,Tue,2021-02-02,20:15 (21:15),Newcastle United,1–2,Crystal Palace,,St. James' Park,Darren England,/en/matches/ca8297c0/Newcastle-United-Crystal-Palace-February-2-2021-Premier-League,,ca8297c0
ENG-Premier League,2021,2021-02-02 Sheffield United-West Brom,22,Tue,2021-02-02,18:00 (19:00),Sheffield United,2–1,West Brom,,Bramall Lane,Paul Tierney,/en/matches/2d3d863d/Sheffield-United-West-Bromwich-Albion-February-2-2021-Premier-League,,2d3d863d
ENG-Premier League,2021,2021-02-02 Wolves-Arsenal,22,Tue,2021-02-02,18:00 (19:00),Wolves,2–1,Arsenal,,Molineux Stadium,Craig Pawson,/en/matches/558fa672/Wolverhampton-Wanderers-Arsenal-February-2-2021-Premier-League,,558fa672
ENG-Premier League,2021,2021-02-03 Aston Villa-West Ham United,22,Wed,2021-02-03,20:15 (21:15),Aston Villa,1–3,West Ham United,,Villa Park,Andy Madley,/en/matches/8f9d1856/Aston-Villa-West-Ham-United-February-3-2021-Premier-League,,8f9d1856
ENG-Premier League,2021,2021-02-03 Burnley-Manchester City,22,Wed,2021-02-03,18:00 (19:00),Burnley,0–2,Manchester City,,Turf Moor,Martin Atkinson,/en/matches/a05d7ae7/Burnley-Manchester-City-February-3-2021-Premier-League,,a05d7ae7
ENG-Premier League,2021,2021-02-03 Fulham-Leicester City,22,Wed,2021-02-03,18:00 (19:00),Fulham,0–2,Leicester City,,Craven Cottage,Robert Jones,/en/matches/bd0673ed/Fulham-Leicester-City-February-3-2021-Premier-League,,bd0673ed
ENG-Premier League,2021,2021-02-03 Leeds United-Everton,22,Wed,2021-02-03,19:30 (20:30),Leeds United,1–2,Everton,,Elland Road,Michael Oliver,/en/matches/d9b96ee1/Leeds-United-Everton-February-3-2021-Premier-League,,d9b96ee1
ENG-Premier League,2021,2021-02-03 Liverpool-Brighton,22,Wed,2021-02-03,20:15 (21:15),Liverpool,0–1,Brighton,,Anfield,Kevin Friend,/en/matches/314c860f/Liverpool-Brighton-and-Hove-Albion-February-3-2021-Premier-League,,314c860f
ENG-Premier League,2021,2021-02-04 Tottenham Hotspur-Chelsea,22,Thu,2021-02-04,20:00 (21:00),Tottenham Hotspur,0–1,Chelsea,,Tottenham Hotspur Stadium,Andre Marriner,/en/matches/7d98a679/Tottenham-Hotspur-Chelsea-February-4-2021-Premier-League,,7d98a679
ENG-Premier League,2021,2021-02-06 Aston Villa-Arsenal,23,Sat,2021-02-06,12:30 (13:30),Aston Villa,1–0,Arsenal,,Villa Park,Chris Kavanagh,/en/matches/224bcfc4/Aston-Villa-Arsenal-February-6-2021-Premier-League,,224bcfc4
ENG-Premier League,2021,2021-02-06 Burnley-Brighton,23,Sat,2021-02-06,15:00 (16:00),Burnley,1–1,Brighton,,Turf Moor,Anthony Taylor,/en/matches/4400251e/Burnley-Brighton-and-Hove-Albion-February-6-2021-Premier-League,,4400251e
ENG-Premier League,2021,2021-02-06 Fulham-West Ham United,23,Sat,2021-02-06,17:30 (18:30),Fulham,0–0,West Ham United,,Craven Cottage,Mike Dean,/en/matches/d18e21ab/Fulham-West-Ham-United-February-6-2021-Premier-League,,d18e21ab
ENG-Premier League,2021,2021-02-06 Manchester Utd-Everton,23,Sat,2021-02-06,20:00 (21:00),Manchester Utd,3–3,Everton,,Old Trafford,Jonathan Moss,/en/matches/6504b158/Manchester-United-Everton-February-6-2021-Premier-League,,6504b158
ENG-Premier League,2021,2021-02-06 Newcastle United-Southampton,23,Sat,2021-02-06,15:00 (16:00),Newcastle United,3–2,Southampton,,St. James' Park,Craig Pawson,/en/matches/5313627a/Newcastle-United-Southampton-February-6-2021-Premier-League,,5313627a
ENG-Premier League,2021,2021-02-07 Liverpool-Manchester City,23,Sun,2021-02-07,16:30 (17:30),Liverpool,1–4,Manchester City,,Anfield,Michael Oliver,/en/matches/e044d71d/Liverpool-Manchester-City-February-7-2021-Premier-League,,e044d71d
ENG-Premier League,2021,2021-02-07 Sheffield United-Chelsea,23,Sun,2021-02-07,19:15 (20:15),Sheffield United,1–2,Chelsea,,Bramall Lane,Kevin Friend,/en/matches/d3467620/Sheffield-United-Chelsea-February-7-2021-Premier-League,,d3467620
ENG-Premier League,2021,2021-02-07 Tottenham Hotspur-West Brom,23,Sun,2021-02-07,12:00 (13:00),Tottenham Hotspur,2–0,West Brom,,Tottenham Hotspur Stadium,Stuart Attwell,/en/matches/4a652b81/Tottenham-Hotspur-West-Bromwich-Albion-February-7-2021-Premier-League,,4a652b81
ENG-Premier League,2021,2021-02-07 Wolves-Leicester City,23,Sun,2021-02-07,14:00 (15:00),Wolves,0–0,Leicester City,,Molineux Stadium,Martin Atkinson,/en/matches/dca0be20/Wolverhampton-Wanderers-Leicester-City-February-7-2021-Premier-League,,dca0be20
ENG-Premier League,2021,2021-02-08 Leeds United-Crystal Palace,23,Mon,2021-02-08,20:00 (21:00),Leeds United,2–0,Crystal Palace,,Elland Road,Andre Marriner,/en/matches/ff2cee2b/Leeds-United-Crystal-Palace-February-8-2021-Premier-League,,ff2cee2b
ENG-Premier League,2021,2021-02-13 Brighton-Aston Villa,24,Sat,2021-02-13,20:00 (21:00),Brighton,0–0,Aston Villa,,The American Express Community Stadium,Darren England,/en/matches/c7922348/Brighton-and-Hove-Albion-Aston-Villa-February-13-2021-Premier-League,,c7922348
ENG-Premier League,2021,2021-02-13 Crystal Palace-Burnley,24,Sat,2021-02-13,15:00 (16:00),Crystal Palace,0–3,Burnley,,Selhurst Park,Michael Oliver,/en/matches/34a4b546/Crystal-Palace-Burnley-February-13-2021-Premier-League,,34a4b546
ENG-Premier League,2021,2021-02-13 Leicester City-Liverpool,24,Sat,2021-02-13,12:30 (13:30),Leicester City,3–1,Liverpool,,King Power Stadium,Anthony Taylor,/en/matches/666f6961/Leicester-City-Liverpool-February-13-2021-Premier-League,,666f6961
ENG-Premier League,2021,2021-02-13 Manchester City-Tottenham Hotspur,24,Sat,2021-02-13,17:30 (18:30),Manchester City,3–0,Tottenham Hotspur,,Etihad Stadium,Paul Tierney,/en/matches/5d0cd646/Manchester-City-Tottenham-Hotspur-February-13-2021-Premier-League,,5d0cd646
ENG-Premier League,2021,2021-02-14 Arsenal-Leeds United,24,Sun,2021-02-14,16:30 (17:30),Arsenal,4–2,Leeds United,,Emirates Stadium,Stuart Attwell,/en/matches/85624e5e/Arsenal-Leeds-United-February-14-2021-Premier-League,,85624e5e
ENG-Premier League,2021,2021-02-14 Everton-Fulham,24,Sun,2021-02-14,19:00 (20:00),Everton,0–2,Fulham,,Goodison Park,Andy Madley,/en/matches/46f84386/Everton-Fulham-February-14-2021-Premier-League,,46f84386
ENG-Premier League,2021,2021-02-14 Southampton-Wolves,24,Sun,2021-02-14,12:00 (13:00),Southampton,1–2,Wolves,,St. Mary's Stadium,Graham Scott,/en/matches/34682a95/Southampton-Wolverhampton-Wanderers-February-14-2021-Premier-League,,34682a95
ENG-Premier League,2021,2021-02-14 West Brom-Manchester Utd,24,Sun,2021-02-14,14:00 (15:00),West Brom,1–1,Manchester Utd,,The Hawthorns,Craig Pawson,/en/matches/80124feb/West-Bromwich-Albion-Manchester-United-February-14-2021-Premier-League,,80124feb
ENG-Premier League,2021,2021-02-15 Chelsea-Newcastle United,24,Mon,2021-02-15,20:00 (21:00),Chelsea,2–0,Newcastle United,,Stamford Bridge,Peter Bankes,/en/matches/dd033287/Chelsea-Newcastle-United-February-15-2021-Premier-League,,dd033287
ENG-Premier League,2021,2021-02-15 West Ham United-Sheffield United,24,Mon,2021-02-15,18:00 (19:00),West Ham United,3–0,Sheffield United,,London Stadium,Simon Hooper,/en/matches/d6167896/West-Ham-United-Sheffield-United-February-15-2021-Premier-League,,d6167896
ENG-Premier League,2021,2021-02-17 Burnley-Fulham,17,Wed,2021-02-17,18:00 (19:00),Burnley,1–1,Fulham,,Turf Moor,Jonathan Moss,/en/matches/6285d050/Burnley-Fulham-February-17-2021-Premier-League,,6285d050
ENG-Premier League,2021,2021-02-17 Everton-Manchester City,16,Wed,2021-02-17,20:15 (21:15),Everton,1–3,Manchester City,,Goodison Park,Andre Marriner,/en/matches/78270b8a/Everton-Manchester-City-February-17-2021-Premier-League,,78270b8a
ENG-Premier League,2021,2021-02-19 Wolves-Leeds United,25,Fri,2021-02-19,20:00 (21:00),Wolves,1–0,Leeds United,,Molineux Stadium,David Coote,/en/matches/ae2d6f15/Wolverhampton-Wanderers-Leeds-United-February-19-2021-Premier-League,,ae2d6f15
ENG-Premier League,2021,2021-02-20 Burnley-West Brom,25,Sat,2021-02-20,15:00 (16:00),Burnley,0–0,West Brom,,Turf Moor,Mike Dean,/en/matches/072e8501/Burnley-West-Bromwich-Albion-February-20-2021-Premier-League,,072e8501
ENG-Premier League,2021,2021-02-20 Fulham-Sheffield United,25,Sat,2021-02-20,20:00 (21:00),Fulham,1–0,Sheffield United,,Craven Cottage,Martin Atkinson,/en/matches/b1892d66/Fulham-Sheffield-United-February-20-2021-Premier-League,,b1892d66
ENG-Premier League,2021,2021-02-20 Liverpool-Everton,25,Sat,2021-02-20,17:30 (18:30),Liverpool,0–2,Everton,,Anfield,Chris Kavanagh,/en/matches/e4ac45fb/Merseyside-Derby-Liverpool-Everton-February-20-2021-Premier-League,,e4ac45fb
ENG-Premier League,2021,2021-02-20 Southampton-Chelsea,25,Sat,2021-02-20,12:30 (13:30),Southampton,1–1,Chelsea,,St. Mary's Stadium,Anthony Taylor,/en/matches/9e4c8c99/Southampton-Chelsea-February-20-2021-Premier-League,,9e4c8c99
ENG-Premier League,2021,2021-02-21 Arsenal-Manchester City,25,Sun,2021-02-21,16:30 (17:30),Arsenal,0–1,Manchester City,,Emirates Stadium,Jonathan Moss,/en/matches/2dedf408/Arsenal-Manchester-City-February-21-2021-Premier-League,,2dedf408
ENG-Premier League,2021,2021-02-21 Aston Villa-Leicester City,25,Sun,2021-02-21,14:05 (15:05),Aston Villa,1–2,Leicester City,,Villa Park,Michael Oliver,/en/matches/2c6f8c0e/Aston-Villa-Leicester-City-February-21-2021-Premier-League,,2c6f8c0e
ENG-Premier League,2021,2021-02-21 Manchester Utd-Newcastle United,25,Sun,2021-02-21,19:00 (20:00),Manchester Utd,3–1,Newcastle United,,Old Trafford,Paul Tierney,/en/matches/401e0d48/Manchester-United-Newcastle-United-February-21-2021-Premier-League,,401e0d48
ENG-Premier League,2021,2021-02-21 West Ham United-Tottenham Hotspur,25,Sun,2021-02-21,12:00 (13:00),West Ham United,2–1,Tottenham Hotspur,,London Stadium,Craig Pawson,/en/matches/59222b5f/West-Ham-United-Tottenham-Hotspur-February-21-2021-Premier-League,,59222b5f
ENG-Premier League,2021,2021-02-22 Brighton-Crystal Palace,25,Mon,2021-02-22,20:00 (21:00),Brighton,1–2,Crystal Palace,,The American Express Community Stadium,Kevin Friend,/en/matches/86f378b6/Brighton-and-Hove-Albion-Crystal-Palace-February-22-2021-Premier-League,,86f378b6
ENG-Premier League,2021,2021-02-23 Leeds United-Southampton,18,Tue,2021-02-23,18:00 (19:00),Leeds United,3–0,Southampton,,Elland Road,Andre Marriner,/en/matches/6a198933/Leeds-United-Southampton-February-23-2021-Premier-League,,6a198933
ENG-Premier League,2021,2021-02-27 Leeds United-Aston Villa,26,Sat,2021-02-27,17:30 (18:30),Leeds United,0–1,Aston Villa,,Elland Road,Peter Bankes,/en/matches/70056c3b/Leeds-United-Aston-Villa-February-27-2021-Premier-League,,70056c3b
ENG-Premier League,2021,2021-02-27 Manchester City-West Ham United,26,Sat,2021-02-27,12:30 (13:30),Manchester City,2–1,West Ham United,,Etihad Stadium,Michael Oliver,/en/matches/6faa8392/Manchester-City-West-Ham-United-February-27-2021-Premier-League,,6faa8392
ENG-Premier League,2021,2021-02-27 Newcastle United-Wolves,26,Sat,2021-02-27,20:00 (21:00),Newcastle United,1–1,Wolves,,St. James' Park,Mike Dean,/en/matches/99e5e3dc/Newcastle-United-Wolverhampton-Wanderers-February-27-2021-Premier-League,,99e5e3dc
ENG-Premier League,2021,2021-02-27 West Brom-Brighton,26,Sat,2021-02-27,15:00 (16:00),West Brom,1–0,Brighton,,The Hawthorns,Lee Mason,/en/matches/ff18265a/West-Bromwich-Albion-Brighton-and-Hove-Albion-February-27-2021-Premier-League,,ff18265a
ENG-Premier League,2021,2021-02-28 Chelsea-Manchester Utd,26,Sun,2021-02-28,16:30 (17:30),Chelsea,0–0,Manchester Utd,,Stamford Bridge,Stuart Attwell,/en/matches/9ba4df6a/Chelsea-Manchester-United-February-28-2021-Premier-League,,9ba4df6a
ENG-Premier League,2021,2021-02-28 Crystal Palace-Fulham,26,Sun,2021-02-28,12:00 (13:00),Crystal Palace,0–0,Fulham,,Selhurst Park,Anthony Taylor,/en/matches/2d530fe3/Crystal-Palace-Fulham-February-28-2021-Premier-League,,2d530fe3
ENG-Premier League,2021,2021-02-28 Leicester City-Arsenal,26,Sun,2021-02-28,12:00 (13:00),Leicester City,1–3,Arsenal,,King Power Stadium,Paul Tierney,/en/matches/88b309f1/Leicester-City-Arsenal-February-28-2021-Premier-League,,88b309f1
ENG-Premier League,2021,2021-02-28 Sheffield United-Liverpool,26,Sun,2021-02-28,19:15 (20:15),Sheffield United,0–2,Liverpool,,Bramall Lane,Jonathan Moss,/en/matches/3826d9aa/Sheffield-United-Liverpool-February-28-2021-Premier-League,,3826d9aa
ENG-Premier League,2021,2021-02-28 Tottenham Hotspur-Burnley,26,Sun,2021-02-28,14:00 (15:00),Tottenham Hotspur,4–0,Burnley,,Tottenham Hotspur Stadium,Kevin Friend,/en/matches/d28c364e/Tottenham-Hotspur-Burnley-February-28-2021-Premier-League,,d28c364e
ENG-Premier League,2021,2021-03-01 Everton-Southampton,26,Mon,2021-03-01,20:00 (21:00),Everton,1–0,Southampton,,Goodison Park,Martin Atkinson,/en/matches/a81e1c82/Everton-Southampton-March-1-2021-Premier-League,,a81e1c82
ENG-Premier League,2021,2021-03-02 Manchester City-Wolves,29,Tue,2021-03-02,20:00 (21:00),Manchester City,4–1,Wolves,,Etihad Stadium,Chris Kavanagh,/en/matches/7145e0a8/Manchester-City-Wolverhampton-Wanderers-March-2-2021-Premier-League,,7145e0a8
ENG-Premier League,2021,2021-03-03 Burnley-Leicester City,29,Wed,2021-03-03,18:00 (19:00),Burnley,1–1,Leicester City,,Turf Moor,Andy Madley,/en/matches/5e1c69aa/Burnley-Leicester-City-March-3-2021-Premier-League,,5e1c69aa
ENG-Premier League,2021,2021-03-03 Crystal Palace-Manchester Utd,29,Wed,2021-03-03,20:15 (21:15),Crystal Palace,0–0,Manchester Utd,,Selhurst Park,Andre Marriner,/en/matches/aecb46ac/Crystal-Palace-Manchester-United-March-3-2021-Premier-League,,aecb46ac
ENG-Premier League,2021,2021-03-03 Sheffield United-Aston Villa,29,Wed,2021-03-03,18:00 (19:00),Sheffield United,1–0,Aston Villa,,Bramall Lane,Robert Jones,/en/matches/3a9c1c4d/Sheffield-United-Aston-Villa-March-3-2021-Premier-League,,3a9c1c4d
ENG-Premier League,2021,2021-03-04 Fulham-Tottenham Hotspur,33,Thu,2021-03-04,18:00 (19:00),Fulham,0–1,Tottenham Hotspur,,Craven Cottage,David Coote,/en/matches/44b3d20c/Fulham-Tottenham-Hotspur-March-4-2021-Premier-League,,44b3d20c
ENG-Premier League,2021,2021-03-04 Liverpool-Chelsea,29,Thu,2021-03-04,20:15 (21:15),Liverpool,0–1,Chelsea,,Anfield,Martin Atkinson,/en/matches/86920e88/Liverpool-Chelsea-March-4-2021-Premier-League,,86920e88
ENG-Premier League,2021,2021-03-04 West Brom-Everton,29,Thu,2021-03-04,18:00 (19:00),West Brom,0–1,Everton,,The Hawthorns,Darren England,/en/matches/ee055741/West-Bromwich-Albion-Everton-March-4-2021-Premier-League,,ee055741
ENG-Premier League,2021,2021-03-06 Aston Villa-Wolves,27,Sat,2021-03-06,17:30 (18:30),Aston Villa,0–0,Wolves,,Villa Park,Andy Madley,/en/matches/e52c1e46/Aston-Villa-Wolverhampton-Wanderers-March-6-2021-Premier-League,,e52c1e46
ENG-Premier League,2021,2021-03-06 Brighton-Leicester City,27,Sat,2021-03-06,20:00 (21:00),Brighton,1–2,Leicester City,,The American Express Community Stadium,Michael Oliver,/en/matches/6fc64077/Brighton-and-Hove-Albion-Leicester-City-March-6-2021-Premier-League,,6fc64077
ENG-Premier League,2021,2021-03-06 Burnley-Arsenal,27,Sat,2021-03-06,12:30 (13:30),Burnley,1–1,Arsenal,,Turf Moor,Andre Marriner,/en/matches/db9a5ac8/Burnley-Arsenal-March-6-2021-Premier-League,,db9a5ac8
ENG-Premier League,2021,2021-03-06 Sheffield United-Southampton,27,Sat,2021-03-06,15:00 (16:00),Sheffield United,0–2,Southampton,,Bramall Lane,Paul Tierney,/en/matches/9d08bb4e/Sheffield-United-Southampton-March-6-2021-Premier-League,,9d08bb4e
ENG-Premier League,2021,2021-03-07 Liverpool-Fulham,27,Sun,2021-03-07,14:00 (15:00),Liverpool,0–1,Fulham,,Anfield,Kevin Friend,/en/matches/5826a836/Liverpool-Fulham-March-7-2021-Premier-League,,5826a836
ENG-Premier League,2021,2021-03-07 Manchester City-Manchester Utd,27,Sun,2021-03-07,16:30 (17:30),Manchester City,0–2,Manchester Utd,,Etihad Stadium,Anthony Taylor,/en/matches/28ebbc70/Manchester-Derby-Manchester-City-Manchester-United-March-7-2021-Premier-League,,28ebbc70
ENG-Premier League,2021,2021-03-07 Tottenham Hotspur-Crystal Palace,27,Sun,2021-03-07,19:15 (20:15),Tottenham Hotspur,4–1,Crystal Palace,,Tottenham Hotspur Stadium,Stuart Attwell,/en/matches/330fc75f/Tottenham-Hotspur-Crystal-Palace-March-7-2021-Premier-League,,330fc75f
ENG-Premier League,2021,2021-03-07 West Brom-Newcastle United,27,Sun,2021-03-07,12:00 (13:00),West Brom,0–0,Newcastle United,,The Hawthorns,Martin Atkinson,/en/matches/a096c32f/West-Bromwich-Albion-Newcastle-United-March-7-2021-Premier-League,,a096c32f
ENG-Premier League,2021,2021-03-08 Chelsea-Everton,27,Mon,2021-03-08,18:00 (19:00),Chelsea,2–0,Everton,,Stamford Bridge,David Coote,/en/matches/7e4a240e/Chelsea-Everton-March-8-2021-Premier-League,,7e4a240e
ENG-Premier League,2021,2021-03-08 West Ham United-Leeds United,27,Mon,2021-03-08,20:00 (21:00),West Ham United,2–0,Leeds United,,London Stadium,Mike Dean,/en/matches/c3b4d1ba/West-Ham-United-Leeds-United-March-8-2021-Premier-League,,c3b4d1ba
ENG-Premier League,2021,2021-03-10 Manchester City-Southampton,33,Wed,2021-03-10,18:00 (19:00),Manchester City,5–2,Southampton,,Etihad Stadium,Jonathan Moss,/en/matches/ba04db4f/Manchester-City-Southampton-March-10-2021-Premier-League,,ba04db4f
ENG-Premier League,2021,2021-03-12 Newcastle United-Aston Villa,28,Fri,2021-03-12,20:00 (21:00),Newcastle United,1–1,Aston Villa,,St. James' Park,Paul Tierney,/en/matches/5ac8e391/Newcastle-United-Aston-Villa-March-12-2021-Premier-League,,5ac8e391
ENG-Premier League,2021,2021-03-13 Crystal Palace-West Brom,28,Sat,2021-03-13,15:00 (16:00),Crystal Palace,1–0,West Brom,,Selhurst Park,Simon Hooper,/en/matches/29954372/Crystal-Palace-West-Bromwich-Albion-March-13-2021-Premier-League,,29954372
ENG-Premier League,2021,2021-03-13 Everton-Burnley,28,Sat,2021-03-13,17:30 (18:30),Everton,1–2,Burnley,,Goodison Park,Jonathan Moss,/en/matches/91cce376/Everton-Burnley-March-13-2021-Premier-League,,91cce376
ENG-Premier League,2021,2021-03-13 Fulham-Manchester City,28,Sat,2021-03-13,20:00 (21:00),Fulham,0–3,Manchester City,,Craven Cottage,Andre Marriner,/en/matches/279b0eb5/Fulham-Manchester-City-March-13-2021-Premier-League,,279b0eb5
ENG-Premier League,2021,2021-03-13 Leeds United-Chelsea,28,Sat,2021-03-13,12:30 (13:30),Leeds United,0–0,Chelsea,,Elland Road,Kevin Friend,/en/matches/a711769f/Leeds-United-Chelsea-March-13-2021-Premier-League,,a711769f
ENG-Premier League,2021,2021-03-14 Arsenal-Tottenham Hotspur,28,Sun,2021-03-14,16:30 (17:30),Arsenal,2–1,Tottenham Hotspur,,Emirates Stadium,Michael Oliver,/en/matches/127b8258/North-London-Derby-Arsenal-Tottenham-Hotspur-March-14-2021-Premier-League,,127b8258
ENG-Premier League,2021,2021-03-14 Leicester City-Sheffield United,28,Sun,2021-03-14,14:00 (15:00),Leicester City,5–0,Sheffield United,,King Power Stadium,Peter Bankes,/en/matches/d3bc5214/Leicester-City-Sheffield-United-March-14-2021-Premier-League,,d3bc5214
ENG-Premier League,2021,2021-03-14 Manchester Utd-West Ham United,28,Sun,2021-03-14,19:15 (20:15),Manchester Utd,1–0,West Ham United,,Old Trafford,Martin Atkinson,/en/matches/05c95367/Manchester-United-West-Ham-United-March-14-2021-Premier-League,,05c95367
ENG-Premier League,2021,2021-03-14 Southampton-Brighton,28,Sun,2021-03-14,12:00 (13:00),Southampton,1–2,Brighton,,St. Mary's Stadium,Stuart Attwell,/en/matches/b40eb9c6/Southampton-Brighton-and-Hove-Albion-March-14-2021-Premier-League,,b40eb9c6
ENG-Premier League,2021,2021-03-15 Wolves-Liverpool,28,Mon,2021-03-15,20:00 (21:00),Wolves,0–1,Liverpool,,Molineux Stadium,Craig Pawson,/en/matches/ad3063c2/Wolverhampton-Wanderers-Liverpool-March-15-2021-Premier-League,,ad3063c2
ENG-Premier League,2021,2021-03-19 Fulham-Leeds United,29,Fri,2021-03-19,20:00 (21:00),Fulham,1–2,Leeds United,,Craven Cottage,David Coote,/en/matches/05e3dd18/Fulham-Leeds-United-March-19-2021-Premier-League,,05e3dd18
ENG-Premier League,2021,2021-03-20 Brighton-Newcastle United,29,Sat,2021-03-20,20:00 (21:00),Brighton,3–0,Newcastle United,,The American Express Community Stadium,Anthony Taylor,/en/matches/1daf63a9/Brighton-and-Hove-Albion-Newcastle-United-March-20-2021-Premier-League,,1daf63a9
ENG-Premier League,2021,2021-03-21 Aston Villa-Tottenham Hotspur,18,Sun,2021-03-21,19:30 (20:30),Aston Villa,0–2,Tottenham Hotspur,,Villa Park,Mike Dean,/en/matches/faf3633c/Aston-Villa-Tottenham-Hotspur-March-21-2021-Premier-League,,faf3633c
ENG-Premier League,2021,2021-03-21 West Ham United-Arsenal,29,Sun,2021-03-21,15:00 (16:00),West Ham United,3–3,Arsenal,,London Stadium,Jonathan Moss,/en/matches/c592a3d7/West-Ham-United-Arsenal-March-21-2021-Premier-League,,c592a3d7
ENG-Premier League,2021,2021-04-03 Arsenal-Liverpool,30,Sat,2021-04-03,20:00 (21:00),Arsenal,0–3,Liverpool,,Emirates Stadium,Stuart Attwell,/en/matches/562d1981/Arsenal-Liverpool-April-3-2021-Premier-League,,562d1981
ENG-Premier League,2021,2021-04-03 Chelsea-West Brom,30,Sat,2021-04-03,12:30 (13:30),Chelsea,2–5,West Brom,,Stamford Bridge,David Coote,/en/matches/c5d6a493/Chelsea-West-Bromwich-Albion-April-3-2021-Premier-League,,c5d6a493
ENG-Premier League,2021,2021-04-03 Leeds United-Sheffield United,30,Sat,2021-04-03,15:00 (16:00),Leeds United,2–1,Sheffield United,,Elland Road,Graham Scott,/en/matches/c4ed64b9/Leeds-United-Sheffield-United-April-3-2021-Premier-League,,c4ed64b9
ENG-Premier League,2021,2021-04-03 Leicester City-Manchester City,30,Sat,2021-04-03,17:30 (18:30),Leicester City,0–2,Manchester City,,King Power Stadium,Anthony Taylor,/en/matches/d798017f/Leicester-City-Manchester-City-April-3-2021-Premier-League,,d798017f
ENG-Premier League,2021,2021-04-04 Aston Villa-Fulham,30,Sun,2021-04-04,16:30 (17:30),Aston Villa,3–1,Fulham,,Villa Park,Andy Madley,/en/matches/a2d96ab5/Aston-Villa-Fulham-April-4-2021-Premier-League,,a2d96ab5
ENG-Premier League,2021,2021-04-04 Manchester Utd-Brighton,30,Sun,2021-04-04,19:30 (20:30),Manchester Utd,2–1,Brighton,,Old Trafford,Mike Dean,/en/matches/de17a70e/Manchester-United-Brighton-and-Hove-Albion-April-4-2021-Premier-League,,de17a70e
ENG-Premier League,2021,2021-04-04 Newcastle United-Tottenham Hotspur,30,Sun,2021-04-04,14:05 (15:05),Newcastle United,2–2,Tottenham Hotspur,,St. James' Park,Craig Pawson,/en/matches/7a399858/Newcastle-United-Tottenham-Hotspur-April-4-2021-Premier-League,,7a399858
ENG-Premier League,2021,2021-04-04 Southampton-Burnley,30,Sun,2021-04-04,12:00 (13:00),Southampton,3–2,Burnley,,St. Mary's Stadium,Andre Marriner,/en/matches/2c313b76/Southampton-Burnley-April-4-2021-Premier-League,,2c313b76
ENG-Premier League,2021,2021-04-05 Everton-Crystal Palace,30,Mon,2021-04-05,18:00 (19:00),Everton,1–1,Crystal Palace,,Goodison Park,Kevin Friend,/en/matches/66f16cd5/Everton-Crystal-Palace-April-5-2021-Premier-League,,66f16cd5
ENG-Premier League,2021,2021-04-05 Wolves-West Ham United,30,Mon,2021-04-05,20:15 (21:15),Wolves,2–3,West Ham United,,Molineux Stadium,Michael Oliver,/en/matches/4c2f6a7b/Wolverhampton-Wanderers-West-Ham-United-April-5-2021-Premier-League,,4c2f6a7b
ENG-Premier League,2021,2021-04-09 Fulham-Wolves,31,Fri,2021-04-09,20:00 (21:00),Fulham,0–1,Wolves,,Craven Cottage,Jonathan Moss,/en/matches/be1ee647/Fulham-Wolverhampton-Wanderers-April-9-2021-Premier-League,,be1ee647
ENG-Premier League,2021,2021-04-10 Crystal Palace-Chelsea,31,Sat,2021-04-10,17:30 (18:30),Crystal Palace,1–4,Chelsea,,Selhurst Park,Michael Oliver,/en/matches/54b07679/Crystal-Palace-Chelsea-April-10-2021-Premier-League,,54b07679
ENG-Premier League,2021,2021-04-10 Liverpool-Aston Villa,31,Sat,2021-04-10,15:00 (16:00),Liverpool,2–1,Aston Villa,,Anfield,Paul Tierney,/en/matches/20bdebdc/Liverpool-Aston-Villa-April-10-2021-Premier-League,,20bdebdc
ENG-Premier League,2021,2021-04-10 Manchester City-Leeds United,31,Sat,2021-04-10,12:30 (13:30),Manchester City,1–2,Leeds United,,Etihad Stadium,Andre Marriner,/en/matches/ad969519/Manchester-City-Leeds-United-April-10-2021-Premier-League,,ad969519
ENG-Premier League,2021,2021-04-11 Burnley-Newcastle United,31,Sun,2021-04-11,12:00 (13:00),Burnley,1–2,Newcastle United,,Turf Moor,Anthony Taylor,/en/matches/daebaaa1/Burnley-Newcastle-United-April-11-2021-Premier-League,,daebaaa1
ENG-Premier League,2021,2021-04-11 Sheffield United-Arsenal,31,Sun,2021-04-11,19:00 (20:00),Sheffield United,0–3,Arsenal,,Bramall Lane,Peter Bankes,/en/matches/34395b54/Sheffield-United-Arsenal-April-11-2021-Premier-League,,34395b54
ENG-Premier League,2021,2021-04-11 Tottenham Hotspur-Manchester Utd,31,Sun,2021-04-11,16:30 (17:30),Tottenham Hotspur,1–3,Manchester Utd,,Tottenham Hotspur Stadium,Chris Kavanagh,/en/matches/a51d567c/Tottenham-Hotspur-Manchester-United-April-11-2021-Premier-League,,a51d567c
ENG-Premier League,2021,2021-04-11 West Ham United-Leicester City,31,Sun,2021-04-11,14:05 (15:05),West Ham United,3–2,Leicester City,,London Stadium,Mike Dean,/en/matches/06b2801a/West-Ham-United-Leicester-City-April-11-2021-Premier-League,,06b2801a
ENG-Premier League,2021,2021-04-12 Brighton-Everton,31,Mon,2021-04-12,20:15 (21:15),Brighton,0–0,Everton,,The American Express Community Stadium,Darren England,/en/matches/ac6ac8f8/Brighton-and-Hove-Albion-Everton-April-12-2021-Premier-League,,ac6ac8f8
ENG-Premier League,2021,2021-04-12 West Brom-Southampton,31,Mon,2021-04-12,18:00 (19:00),West Brom,3–0,Southampton,,The Hawthorns,Simon Hooper,/en/matches/3dee3681/West-Bromwich-Albion-Southampton-April-12-2021-Premier-League,,3dee3681
ENG-Premier League,2021,2021-04-16 Everton-Tottenham Hotspur,32,Fri,2021-04-16,20:00 (21:00),Everton,2–2,Tottenham Hotspur,,Goodison Park,Michael Oliver,/en/matches/ebeb462d/Everton-Tottenham-Hotspur-April-16-2021-Premier-League,,ebeb462d
ENG-Premier League,2021,2021-04-17 Newcastle United-West Ham United,32,Sat,2021-04-17,12:30 (13:30),Newcastle United,3–2,West Ham United,,St. James' Park,Kevin Friend,/en/matches/25a3b695/Newcastle-United-West-Ham-United-April-17-2021-Premier-League,,25a3b695
ENG-Premier League,2021,2021-04-17 Wolves-Sheffield United,32,Sat,2021-04-17,20:15 (21:15),Wolves,1–0,Sheffield United,,Molineux Stadium,Robert Jones,/en/matches/07745ff2/Wolverhampton-Wanderers-Sheffield-United-April-17-2021-Premier-League,,07745ff2
ENG-Premier League,2021,2021-04-18 Arsenal-Fulham,32,Sun,2021-04-18,13:30 (14:30),Arsenal,1–1,Fulham,,Emirates Stadium,Craig Pawson,/en/matches/a19ff865/Arsenal-Fulham-April-18-2021-Premier-League,,a19ff865
ENG-Premier League,2021,2021-04-18 Manchester Utd-Burnley,32,Sun,2021-04-18,16:00 (17:00),Manchester Utd,3–1,Burnley,,Old Trafford,Jonathan Moss,/en/matches/3e00561f/Manchester-United-Burnley-April-18-2021-Premier-League,,3e00561f
ENG-Premier League,2021,2021-04-19 Leeds United-Liverpool,32,Mon,2021-04-19,20:00 (21:00),Leeds United,1–1,Liverpool,,Elland Road,Anthony Taylor,/en/matches/6c0666e6/Leeds-United-Liverpool-April-19-2021-Premier-League,,6c0666e6
ENG-Premier League,2021,2021-04-20 Chelsea-Brighton,32,Tue,2021-04-20,20:15 (21:15),Chelsea,0–0,Brighton,,Stamford Bridge,Stuart Attwell,/en/matches/07b4e58b/Chelsea-Brighton-and-Hove-Albion-April-20-2021-Premier-League,,07b4e58b
ENG-Premier League,2021,2021-04-21 Aston Villa-Manchester City,32,Wed,2021-04-21,20:15 (21:15),Aston Villa,1–2,Manchester City,,Villa Park,Peter Bankes,/en/matches/ac46a079/Aston-Villa-Manchester-City-April-21-2021-Premier-League,,ac46a079
ENG-Premier League,2021,2021-04-21 Tottenham Hotspur-Southampton,29,Wed,2021-04-21,18:00 (19:00),Tottenham Hotspur,2–1,Southampton,,Tottenham Hotspur Stadium,David Coote,/en/matches/81a7befa/Tottenham-Hotspur-Southampton-April-21-2021-Premier-League,,81a7befa
ENG-Premier League,2021,2021-04-22 Leicester City-West Brom,32,Thu,2021-04-22,20:00 (21:00),Leicester City,3–0,West Brom,,King Power Stadium,Andy Madley,/en/matches/be6edfdf/Leicester-City-West-Bromwich-Albion-April-22-2021-Premier-League,,be6edfdf
ENG-Premier League,2021,2021-04-23 Arsenal-Everton,33,Fri,2021-04-23,20:00 (21:00),Arsenal,0–1,Everton,,Emirates Stadium,Jonathan Moss,/en/matches/30f36320/Arsenal-Everton-April-23-2021-Premier-League,,30f36320
ENG-Premier League,2021,2021-04-24 Liverpool-Newcastle United,33,Sat,2021-04-24,12:30 (13:30),Liverpool,1–1,Newcastle United,,Anfield,Andre Marriner,/en/matches/81e8aaf4/Liverpool-Newcastle-United-April-24-2021-Premier-League,,81e8aaf4
ENG-Premier League,2021,2021-04-24 Sheffield United-Brighton,33,Sat,2021-04-24,20:00 (21:00),Sheffield United,1–0,Brighton,,Bramall Lane,Kevin Friend,/en/matches/1ef0a8f2/Sheffield-United-Brighton-and-Hove-Albion-April-24-2021-Premier-League,,1ef0a8f2
ENG-Premier League,2021,2021-04-24 West Ham United-Chelsea,33,Sat,2021-04-24,17:30 (18:30),West Ham United,0–1,Chelsea,,London Stadium,Chris Kavanagh,/en/matches/ea1579bb/West-Ham-United-Chelsea-April-24-2021-Premier-League,,ea1579bb
ENG-Premier League,2021,2021-04-25 Aston Villa-West Brom,33,Sun,2021-04-25,19:00 (20:00),Aston Villa,2–2,West Brom,,Villa Park,Stuart Attwell,/en/matches/2ab535fa/Aston-Villa-West-Bromwich-Albion-April-25-2021-Premier-League,,2ab535fa
ENG-Premier League,2021,2021-04-25 Leeds United-Manchester Utd,33,Sun,2021-04-25,14:00 (15:00),Leeds United,0–0,Manchester Utd,,Elland Road,Craig Pawson,/en/matches/8422804d/Leeds-United-Manchester-United-April-25-2021-Premier-League,,8422804d
ENG-Premier League,2021,2021-04-25 Wolves-Burnley,33,Sun,2021-04-25,12:00 (13:00),Wolves,0–4,Burnley,,Molineux Stadium,Darren England,/en/matches/5656770f/Wolverhampton-Wanderers-Burnley-April-25-2021-Premier-League,,5656770f
ENG-Premier League,2021,2021-04-26 Leicester City-Crystal Palace,33,Mon,2021-04-26,20:00 (21:00),Leicester City,2–1,Crystal Palace,,King Power Stadium,Graham Scott,/en/matches/b30b8887/Leicester-City-Crystal-Palace-April-26-2021-Premier-League,,b30b8887
ENG-Premier League,2021,2021-04-30 Southampton-Leicester City,34,Fri,2021-04-30,20:00 (21:00),Southampton,1–1,Leicester City,,St. Mary's Stadium,Robert Jones,/en/matches/c0d4f879/Southampton-Leicester-City-April-30-2021-Premier-League,,c0d4f879
ENG-Premier League,2021,2021-05-01 Brighton-Leeds United,34,Sat,2021-05-01,15:00 (16:00),Brighton,2–0,Leeds United,,The American Express Community Stadium,Chris Kavanagh,/en/matches/1e2ba709/Brighton-and-Hove-Albion-Leeds-United-May-1-2021-Premier-League,,1e2ba709
ENG-Premier League,2021,2021-05-01 Chelsea-Fulham,34,Sat,2021-05-01,17:30 (18:30),Chelsea,2–0,Fulham,,Stamford Bridge,Kevin Friend,/en/matches/44d49bd5/Chelsea-Fulham-May-1-2021-Premier-League,,44d49bd5
ENG-Premier League,2021,2021-05-01 Crystal Palace-Manchester City,34,Sat,2021-05-01,12:30 (13:30),Crystal Palace,0–2,Manchester City,,Selhurst Park,David Coote,/en/matches/bf22075a/Crystal-Palace-Manchester-City-May-1-2021-Premier-League,,bf22075a
ENG-Premier League,2021,2021-05-01 Everton-Aston Villa,34,Sat,2021-05-01,20:00 (21:00),Everton,1–2,Aston Villa,,Goodison Park,Simon Hooper,/en/matches/2452619d/Everton-Aston-Villa-May-1-2021-Premier-League,,2452619d
ENG-Premier League,2021,2021-05-02 Newcastle United-Arsenal,34,Sun,2021-05-02,14:00 (15:00),Newcastle United,0–2,Arsenal,,St. James' Park,Mike Dean,/en/matches/af2c27de/Newcastle-United-Arsenal-May-2-2021-Premier-League,,af2c27de
ENG-Premier League,2021,2021-05-02 Tottenham Hotspur-Sheffield United,34,Sun,2021-05-02,19:15 (20:15),Tottenham Hotspur,4–0,Sheffield United,,Tottenham Hotspur Stadium,Andre Marriner,/en/matches/8b2e31ef/Tottenham-Hotspur-Sheffield-United-May-2-2021-Premier-League,,8b2e31ef
ENG-Premier League,2021,2021-05-03 Burnley-West Ham United,34,Mon,2021-05-03,20:15 (21:15),Burnley,1–2,West Ham United,,Turf Moor,Anthony Taylor,/en/matches/a89e62a7/Burnley-West-Ham-United-May-3-2021-Premier-League,,a89e62a7
ENG-Premier League,2021,2021-05-03 West Brom-Wolves,34,Mon,2021-05-03,18:00 (19:00),West Brom,1–1,Wolves,,The Hawthorns,Paul Tierney,/en/matches/378a8a95/West-Bromwich-Albion-Wolverhampton-Wanderers-May-3-2021-Premier-League,,378a8a95
ENG-Premier League,2021,2021-05-07 Leicester City-Newcastle United,35,Fri,2021-05-07,20:00 (21:00),Leicester City,2–4,Newcastle United,,King Power Stadium,Darren England,/en/matches/d93b0c17/Leicester-City-Newcastle-United-May-7-2021-Premier-League,,d93b0c17
ENG-Premier League,2021,2021-05-08 Leeds United-Tottenham Hotspur,35,Sat,2021-05-08,12:30 (13:30),Leeds United,3–1,Tottenham Hotspur,,Elland Road,Michael Oliver,/en/matches/4eecc9bb/Leeds-United-Tottenham-Hotspur-May-8-2021-Premier-League,,4eecc9bb
ENG-Premier League,2021,2021-05-08 Liverpool-Southampton,35,Sat,2021-05-08,20:15 (21:15),Liverpool,2–0,Southampton,,Anfield,Kevin Friend,/en/matches/e5923f92/Liverpool-Southampton-May-8-2021-Premier-League,,e5923f92
ENG-Premier League,2021,2021-05-08 Manchester City-Chelsea,35,Sat,2021-05-08,17:30 (18:30),Manchester City,1–2,Chelsea,,Etihad Stadium,Anthony Taylor,/en/matches/b657d658/Manchester-City-Chelsea-May-8-2021-Premier-League,,b657d658
ENG-Premier League,2021,2021-05-08 Sheffield United-Crystal Palace,35,Sat,2021-05-08,15:00 (16:00),Sheffield United,0–2,Crystal Palace,,Bramall Lane,Simon Hooper,/en/matches/02c409c1/Sheffield-United-Crystal-Palace-May-8-2021-Premier-League,,02c409c1
ENG-Premier League,2021,2021-05-09 Arsenal-West Brom,35,Sun,2021-05-09,19:00 (20:00),Arsenal,3–1,West Brom,,Emirates Stadium,Peter Bankes,/en/matches/49369ed5/Arsenal-West-Bromwich-Albion-May-9-2021-Premier-League,,49369ed5
ENG-Premier League,2021,2021-05-09 Aston Villa-Manchester Utd,35,Sun,2021-05-09,14:05 (15:05),Aston Villa,1–3,Manchester Utd,,Villa Park,Chris Kavanagh,/en/matches/c80d17ca/Aston-Villa-Manchester-United-May-9-2021-Premier-League,,c80d17ca
ENG-Premier League,2021,2021-05-09 West Ham United-Everton,35,Sun,2021-05-09,16:30 (17:30),West Ham United,0–1,Everton,,London Stadium,Stuart Attwell,/en/matches/57632a35/West-Ham-United-Everton-May-9-2021-Premier-League,,57632a35
ENG-Premier League,2021,2021-05-09 Wolves-Brighton,35,Sun,2021-05-09,12:00 (13:00),Wolves,2–1,Brighton,,Molineux Stadium,Jonathan Moss,/en/matches/ad903480/Wolverhampton-Wanderers-Brighton-and-Hove-Albion-May-9-2021-Premier-League,,ad903480
ENG-Premier League,2021,2021-05-10 Fulham-Burnley,35,Mon,2021-05-10,20:00 (21:00),Fulham,0–2,Burnley,,Craven Cottage,David Coote,/en/matches/430d879c/Fulham-Burnley-May-10-2021-Premier-League,,430d879c
ENG-Premier League,2021,2021-05-11 Manchester Utd-Leicester City,36,Tue,2021-05-11,18:00 (19:00),Manchester Utd,1–2,Leicester City,,Old Trafford,Craig Pawson,/en/matches/855994bf/Manchester-United-Leicester-City-May-11-2021-Premier-League,,855994bf
ENG-Premier League,2021,2021-05-11 Southampton-Crystal Palace,32,Tue,2021-05-11,20:15 (21:15),Southampton,3–1,Crystal Palace,,St. Mary's Stadium,Andy Madley,/en/matches/5e4ec091/Southampton-Crystal-Palace-May-11-2021-Premier-League,,5e4ec091
ENG-Premier League,2021,2021-05-12 Chelsea-Arsenal,36,Wed,2021-05-12,20:15 (21:15),Chelsea,0–1,Arsenal,,Stamford Bridge,Andre Marriner,/en/matches/51632a55/North-West-London-Derby-Chelsea-Arsenal-May-12-2021-Premier-League,,51632a55
ENG-Premier League,2021,2021-05-13 Aston Villa-Everton,19,Thu,2021-05-13,18:00 (19:00),Aston Villa,0–0,Everton,,Villa Park,Martin Atkinson,/en/matches/b5b24fd8/Aston-Villa-Everton-May-13-2021-Premier-League,,b5b24fd8
ENG-Premier League,2021,2021-05-13 Manchester Utd-Liverpool,34,Thu,2021-05-13,20:15 (21:15),Manchester Utd,2–4,Liverpool,,Old Trafford,Anthony Taylor,/en/matches/9f0275a4/North-West-Derby-Manchester-United-Liverpool-May-13-2021-Premier-League,,9f0275a4
ENG-Premier League,2021,2021-05-14 Newcastle United-Manchester City,36,Fri,2021-05-14,20:00 (21:00),Newcastle United,3–4,Manchester City,,St. James' Park,Kevin Friend,/en/matches/27601c16/Newcastle-United-Manchester-City-May-14-2021-Premier-League,,27601c16
ENG-Premier League,2021,2021-05-15 Brighton-West Ham United,36,Sat,2021-05-15,20:00 (21:00),Brighton,1–1,West Ham United,,The American Express Community Stadium,Andre Marriner,/en/matches/1a1095c2/Brighton-and-Hove-Albion-West-Ham-United-May-15-2021-Premier-League,,1a1095c2
ENG-Premier League,2021,2021-05-15 Burnley-Leeds United,36,Sat,2021-05-15,12:30 (13:30),Burnley,0–4,Leeds United,,Turf Moor,Graham Scott,/en/matches/18d42916/Burnley-Leeds-United-May-15-2021-Premier-League,,18d42916
ENG-Premier League,2021,2021-05-15 Southampton-Fulham,36,Sat,2021-05-15,15:00 (16:00),Southampton,3–1,Fulham,,St. Mary's Stadium,Craig Pawson,/en/matches/34739ed7/Southampton-Fulham-May-15-2021-Premier-League,,34739ed7
ENG-Premier League,2021,2021-05-16 Crystal Palace-Aston Villa,36,Sun,2021-05-16,12:00 (13:00),Crystal Palace,3–2,Aston Villa,,Selhurst Park,David Coote,/en/matches/7b21d5b9/Crystal-Palace-Aston-Villa-May-16-2021-Premier-League,,7b21d5b9
ENG-Premier League,2021,2021-05-16 Everton-Sheffield United,36,Sun,2021-05-16,19:00 (20:00),Everton,0–1,Sheffield United,,Goodison Park,Jonathan Moss,/en/matches/707d5282/Everton-Sheffield-United-May-16-2021-Premier-League,,707d5282
ENG-Premier League,2021,2021-05-16 Tottenham Hotspur-Wolves,36,Sun,2021-05-16,14:05 (15:05),Tottenham Hotspur,2–0,Wolves,,Tottenham Hotspur Stadium,Martin Atkinson,/en/matches/9059c960/Tottenham-Hotspur-Wolverhampton-Wanderers-May-16-2021-Premier-League,,9059c960
ENG-Premier League,2021,2021-05-16 West Brom-Liverpool,36,Sun,2021-05-16,16:30 (17:30),West Brom,1–2,Liverpool,,The Hawthorns,Mike Dean,/en/matches/6a834f6e/West-Bromwich-Albion-Liverpool-May-16-2021-Premier-League,,6a834f6e
ENG-Premier League,2021,2021-05-18 Brighton-Manchester City,37,Tue,2021-05-18,19:00 (20:00),Brighton,3–2,Manchester City,7945,The American Express Community Stadium,Stuart Attwell,/en/matches/3b1cd656/Brighton-and-Hove-Albion-Manchester-City-May-18-2021-Premier-League,,3b1cd656
ENG-Premier League,2021,2021-05-18 Chelsea-Leicester City,37,Tue,2021-05-18,20:15 (21:15),Chelsea,2–1,Leicester City,8000,Stamford Bridge,Mike Dean,/en/matches/509c9927/Chelsea-Leicester-City-May-18-2021-Premier-League,,509c9927
ENG-Premier League,2021,2021-05-18 Manchester Utd-Fulham,37,Tue,2021-05-18,18:00 (19:00),Manchester Utd,1–1,Fulham,10000,Old Trafford,Lee Mason,/en/matches/d8018048/Manchester-United-Fulham-May-18-2021-Premier-League,,d8018048
ENG-Premier League,2021,2021-05-18 Southampton-Leeds United,37,Tue,2021-05-18,18:00 (19:00),Southampton,0–2,Leeds United,8000,St. Mary's Stadium,Peter Bankes,/en/matches/de4e566f/Southampton-Leeds-United-May-18-2021-Premier-League,,de4e566f
ENG-Premier League,2021,2021-05-19 Burnley-Liverpool,37,Wed,2021-05-19,20:15 (21:15),Burnley,0–3,Liverpool,3387,Turf Moor,Chris Kavanagh,/en/matches/33d72496/Burnley-Liverpool-May-19-2021-Premier-League,,33d72496
ENG-Premier League,2021,2021-05-19 Crystal Palace-Arsenal,37,Wed,2021-05-19,19:00 (20:00),Crystal Palace,1–3,Arsenal,6500,Selhurst Park,Anthony Taylor,/en/matches/624e6758/Crystal-Palace-Arsenal-May-19-2021-Premier-League,,624e6758
ENG-Premier League,2021,2021-05-19 Everton-Wolves,37,Wed,2021-05-19,18:00 (19:00),Everton,1–0,Wolves,4988,Goodison Park,Andy Madley,/en/matches/eb7bd01f/Everton-Wolverhampton-Wanderers-May-19-2021-Premier-League,,eb7bd01f
ENG-Premier League,2021,2021-05-19 Newcastle United-Sheffield United,37,Wed,2021-05-19,18:00 (19:00),Newcastle United,1–0,Sheffield United,10000,St. James' Park,Robert Jones,/en/matches/62adcd41/Newcastle-United-Sheffield-United-May-19-2021-Premier-League,,62adcd41
ENG-Premier League,2021,2021-05-19 Tottenham Hotspur-Aston Villa,37,Wed,2021-05-19,18:00 (19:00),Tottenham Hotspur,1–2,Aston Villa,10000,Tottenham Hotspur Stadium,Craig Pawson,/en/matches/d4273555/Tottenham-Hotspur-Aston-Villa-May-19-2021-Premier-League,,d4273555
ENG-Premier League,2021,2021-05-19 West Brom-West Ham United,37,Wed,2021-05-19,20:15 (21:15),West Brom,1–3,West Ham United,5371,The Hawthorns,Michael Oliver,/en/matches/88927a77/West-Bromwich-Albion-West-Ham-United-May-19-2021-Premier-League,,88927a77
ENG-Premier League,2021,2021-05-23 Arsenal-Brighton,38,Sun,2021-05-23,16:00 (17:00),Arsenal,2–0,Brighton,10000,Emirates Stadium,Jonathan Moss,/en/matches/9f6c52f8/Arsenal-Brighton-and-Hove-Albion-May-23-2021-Premier-League,,9f6c52f8
ENG-Premier League,2021,2021-05-23 Aston Villa-Chelsea,38,Sun,2021-05-23,16:00 (17:00),Aston Villa,2–1,Chelsea,10000,Villa Park,Stuart Attwell,/en/matches/0143966a/Aston-Villa-Chelsea-May-23-2021-Premier-League,,0143966a
ENG-Premier League,2021,2021-05-23 Fulham-Newcastle United,38,Sun,2021-05-23,16:00 (17:00),Fulham,0–2,Newcastle United,2000,Craven Cottage,Chris Kavanagh,/en/matches/f966eee0/Fulham-Newcastle-United-May-23-2021-Premier-League,,f966eee0
ENG-Premier League,2021,2021-05-23 Leeds United-West Brom,38,Sun,2021-05-23,16:00 (17:00),Leeds United,3–1,West Brom,8000,Elland Road,David Coote,/en/matches/9ade2b5d/Leeds-United-West-Bromwich-Albion-May-23-2021-Premier-League,,9ade2b5d
ENG-Premier League,2021,2021-05-23 Leicester City-Tottenham Hotspur,38,Sun,2021-05-23,16:00 (17:00),Leicester City,2–4,Tottenham Hotspur,8000,King Power Stadium,Anthony Taylor,/en/matches/0d04cd74/Leicester-City-Tottenham-Hotspur-May-23-2021-Premier-League,,0d04cd74
ENG-Premier League,2021,2021-05-23 Liverpool-Crystal Palace,38,Sun,2021-05-23,16:00 (17:00),Liverpool,2–0,Crystal Palace,9901,Anfield,Craig Pawson,/en/matches/c2fc07f0/Liverpool-Crystal-Palace-May-23-2021-Premier-League,,c2fc07f0
ENG-Premier League,2021,2021-05-23 Manchester City-Everton,38,Sun,2021-05-23,16:00 (17:00),Manchester City,5–0,Everton,10000,Etihad Stadium,Michael Oliver,/en/matches/12d3970f/Manchester-City-Everton-May-23-2021-Premier-League,,12d3970f
ENG-Premier League,2021,2021-05-23 Sheffield United-Burnley,38,Sun,2021-05-23,16:00 (17:00),Sheffield United,1–0,Burnley,5000,Bramall Lane,Kevin Friend,/en/matches/2c07a228/Sheffield-United-Burnley-May-23-2021-Premier-League,,2c07a228
ENG-Premier League,2021,2021-05-23 West Ham United-Southampton,38,Sun,2021-05-23,16:00 (17:00),West Ham United,3–0,Southampton,10000,London Stadium,Martin Atkinson,/en/matches/50ec33b2/West-Ham-United-Southampton-May-23-2021-Premier-League,,50ec33b2
ENG-Premier League,2021,2021-05-23 Wolves-Manchester Utd,38,Sun,2021-05-23,16:00 (17:00),Wolves,1–2,Manchester Utd,4500,Molineux Stadium,Mike Dean,/en/matches/2c081c94/Wolverhampton-Wanderers-Manchester-United-May-23-2021-Premier-League,,2c081c94
ENG-Premier League,2223,2022-08-05 Crystal Palace-Arsenal,1,Fri,2022-08-05,20:00 (21:00),Crystal Palace,0–2,Arsenal,25286,Selhurst Park,Anthony Taylor,/en/matches/e62f6e78/Crystal-Palace-Arsenal-August-5-2022-Premier-League,,e62f6e78
ENG-Premier League,2223,2022-08-06 Bournemouth-Aston Villa,1,Sat,2022-08-06,15:00 (16:00),Bournemouth,2–0,Aston Villa,11013,Vitality Stadium,Peter Bankes,/en/matches/877e3193/Bournemouth-Aston-Villa-August-6-2022-Premier-League,,877e3193
ENG-Premier League,2223,2022-08-06 Everton-Chelsea,1,Sat,2022-08-06,17:30 (18:30),Everton,0–1,Chelsea,39254,Goodison Park,Craig Pawson,/en/matches/3a917cee/Everton-Chelsea-August-6-2022-Premier-League,,3a917cee
ENG-Premier League,2223,2022-08-06 Fulham-Liverpool,1,Sat,2022-08-06,12:30 (13:30),Fulham,2–2,Liverpool,22207,Craven Cottage,Andy Madley,/en/matches/6713c1dc/Fulham-Liverpool-August-6-2022-Premier-League,,6713c1dc
ENG-Premier League,2223,2022-08-06 Leeds United-Wolves,1,Sat,2022-08-06,15:00 (16:00),Leeds United,2–1,Wolves,36347,Elland Road,Robert Jones,/en/matches/82702941/Leeds-United-Wolverhampton-Wanderers-August-6-2022-Premier-League,,82702941
ENG-Premier League,2223,2022-08-06 Newcastle United-Nottingham Forest,1,Sat,2022-08-06,15:00 (16:00),Newcastle United,2–0,Nottingham Forest,52245,St James' Park,Simon Hooper,/en/matches/1ac96eb4/Newcastle-United-Nottingham-Forest-August-6-2022-Premier-League,,1ac96eb4
ENG-Premier League,2223,2022-08-06 Tottenham Hotspur-Southampton,1,Sat,2022-08-06,15:00 (16:00),Tottenham Hotspur,4–1,Southampton,61732,Tottenham Hotspur Stadium,Andre Marriner,/en/matches/09d8a999/Tottenham-Hotspur-Southampton-August-6-2022-Premier-League,,09d8a999
ENG-Premier League,2223,2022-08-07 Leicester City-Brentford,1,Sun,2022-08-07,14:00 (15:00),Leicester City,2–2,Brentford,31794,King Power Stadium,Jarred Gillett,/en/matches/3249ba27/Leicester-City-Brentford-August-7-2022-Premier-League,,3249ba27
ENG-Premier League,2223,2022-08-07 Manchester Utd-Brighton,1,Sun,2022-08-07,14:00 (15:00),Manchester Utd,1–2,Brighton,73711,Old Trafford,Paul Tierney,/en/matches/8251694e/Manchester-United-Brighton-and-Hove-Albion-August-7-2022-Premier-League,,8251694e
ENG-Premier League,2223,2022-08-07 West Ham United-Manchester City,1,Sun,2022-08-07,16:30 (17:30),West Ham United,0–2,Manchester City,62443,London Stadium,Michael Oliver,/en/matches/ece62baf/West-Ham-United-Manchester-City-August-7-2022-Premier-League,,ece62baf
ENG-Premier League,2223,2022-08-13 Arsenal-Leicester City,2,Sat,2022-08-13,15:00 (16:00),Arsenal,4–2,Leicester City,60033,Emirates Stadium,Darren England,/en/matches/7483b97f/Arsenal-Leicester-City-August-13-2022-Premier-League,,7483b97f
ENG-Premier League,2223,2022-08-13 Aston Villa-Everton,2,Sat,2022-08-13,12:30 (13:30),Aston Villa,2–1,Everton,41883,Villa Park,Michael Oliver,/en/matches/8cd71c65/Aston-Villa-Everton-August-13-2022-Premier-League,,8cd71c65
ENG-Premier League,2223,2022-08-13 Brentford-Manchester Utd,2,Sat,2022-08-13,17:30 (18:30),Brentford,4–0,Manchester Utd,17051,Brentford Community Stadium,Stuart Attwell,/en/matches/04712d4e/Brentford-Manchester-United-August-13-2022-Premier-League,,04712d4e
ENG-Premier League,2223,2022-08-13 Brighton-Newcastle United,2,Sat,2022-08-13,15:00 (16:00),Brighton,0–0,Newcastle United,31552,The American Express Community Stadium,Graham Scott,/en/matches/c916a5f6/Brighton-and-Hove-Albion-Newcastle-United-August-13-2022-Premier-League,,c916a5f6
ENG-Premier League,2223,2022-08-13 Manchester City-Bournemouth,2,Sat,2022-08-13,15:00 (16:00),Manchester City,4–0,Bournemouth,53453,Etihad Stadium,David Coote,/en/matches/311d705c/Manchester-City-Bournemouth-August-13-2022-Premier-League,,311d705c
ENG-Premier League,2223,2022-08-13 Southampton-Leeds United,2,Sat,2022-08-13,15:00 (16:00),Southampton,2–2,Leeds United,30815,St. Mary's Stadium,Tony Harrington,/en/matches/54b33a13/Southampton-Leeds-United-August-13-2022-Premier-League,,54b33a13
ENG-Premier League,2223,2022-08-13 Wolves-Fulham,2,Sat,2022-08-13,15:00 (16:00),Wolves,0–0,Fulham,31178,Molineux Stadium,John Brooks,/en/matches/669b1665/Wolverhampton-Wanderers-Fulham-August-13-2022-Premier-League,,669b1665
ENG-Premier League,2223,2022-08-14 Chelsea-Tottenham Hotspur,2,Sun,2022-08-14,16:30 (17:30),Chelsea,2–2,Tottenham Hotspur,39946,Stamford Bridge,Anthony Taylor,/en/matches/01e57bf5/Chelsea-Tottenham-Hotspur-August-14-2022-Premier-League,,01e57bf5
ENG-Premier League,2223,2022-08-14 Nottingham Forest-West Ham United,2,Sun,2022-08-14,14:00 (15:00),Nottingham Forest,1–0,West Ham United,29281,The City Ground,Robert Jones,/en/matches/b1ebeda5/Nottingham-Forest-West-Ham-United-August-14-2022-Premier-League,,b1ebeda5
ENG-Premier League,2223,2022-08-15 Liverpool-Crystal Palace,2,Mon,2022-08-15,20:00 (21:00),Liverpool,1–1,Crystal Palace,52970,Anfield,Paul Tierney,/en/matches/b3c6f709/Liverpool-Crystal-Palace-August-15-2022-Premier-League,,b3c6f709
ENG-Premier League,2223,2022-08-20 Bournemouth-Arsenal,3,Sat,2022-08-20,17:30 (18:30),Bournemouth,0–3,Arsenal,10423,Vitality Stadium,Craig Pawson,/en/matches/7f11dd9e/Bournemouth-Arsenal-August-20-2022-Premier-League,,7f11dd9e
ENG-Premier League,2223,2022-08-20 Crystal Palace-Aston Villa,3,Sat,2022-08-20,15:00 (16:00),Crystal Palace,3–1,Aston Villa,22012,Selhurst Park,Andy Madley,/en/matches/3f89bccf/Crystal-Palace-Aston-Villa-August-20-2022-Premier-League,,3f89bccf
ENG-Premier League,2223,2022-08-20 Everton-Nottingham Forest,3,Sat,2022-08-20,15:00 (16:00),Everton,1–1,Nottingham Forest,39271,Goodison Park,Andre Marriner,/en/matches/3c3cc86f/Everton-Nottingham-Forest-August-20-2022-Premier-League,,3c3cc86f
ENG-Premier League,2223,2022-08-20 Fulham-Brentford,3,Sat,2022-08-20,15:00 (16:00),Fulham,3–2,Brentford,21798,Craven Cottage,Peter Bankes,/en/matches/a107c037/Fulham-Brentford-August-20-2022-Premier-League,,a107c037
ENG-Premier League,2223,2022-08-20 Leicester City-Southampton,3,Sat,2022-08-20,15:00 (16:00),Leicester City,1–2,Southampton,30850,King Power Stadium,Michael Salisbury,/en/matches/02efd4d1/Leicester-City-Southampton-August-20-2022-Premier-League,,02efd4d1
ENG-Premier League,2223,2022-08-20 Tottenham Hotspur-Wolves,3,Sat,2022-08-20,12:30 (13:30),Tottenham Hotspur,1–0,Wolves,61298,Tottenham Hotspur Stadium,Simon Hooper,/en/matches/5cc3bd0e/Tottenham-Hotspur-Wolverhampton-Wanderers-August-20-2022-Premier-League,,5cc3bd0e
ENG-Premier League,2223,2022-08-21 Leeds United-Chelsea,3,Sun,2022-08-21,14:00 (15:00),Leeds United,3–0,Chelsea,36372,Elland Road,Stuart Attwell,/en/matches/a5632124/Leeds-United-Chelsea-August-21-2022-Premier-League,,a5632124
ENG-Premier League,2223,2022-08-21 Newcastle United-Manchester City,3,Sun,2022-08-21,16:30 (17:30),Newcastle United,3–3,Manchester City,52258,St James' Park,Jarred Gillett,/en/matches/b513d9fe/Newcastle-United-Manchester-City-August-21-2022-Premier-League,,b513d9fe
ENG-Premier League,2223,2022-08-21 West Ham United-Brighton,3,Sun,2022-08-21,14:00 (15:00),West Ham United,0–2,Brighton,62449,London Stadium,Anthony Taylor,/en/matches/aa2a3517/West-Ham-United-Brighton-and-Hove-Albion-August-21-2022-Premier-League,,aa2a3517
ENG-Premier League,2223,2022-08-22 Manchester Utd-Liverpool,3,Mon,2022-08-22,20:00 (21:00),Manchester Utd,2–1,Liverpool,74147,Old Trafford,Michael Oliver,/en/matches/3c9a8f71/North-West-Derby-Manchester-United-Liverpool-August-22-2022-Premier-League,,3c9a8f71
ENG-Premier League,2223,2022-08-27 Arsenal-Fulham,4,Sat,2022-08-27,17:30 (18:30),Arsenal,2–1,Fulham,60164,Emirates Stadium,Jarred Gillett,/en/matches/8b69fd2d/Arsenal-Fulham-August-27-2022-Premier-League,,8b69fd2d
ENG-Premier League,2223,2022-08-27 Brentford-Everton,4,Sat,2022-08-27,15:00 (16:00),Brentford,1–1,Everton,17009,Brentford Community Stadium,John Brooks,/en/matches/db59fc65/Brentford-Everton-August-27-2022-Premier-League,,db59fc65
ENG-Premier League,2223,2022-08-27 Brighton-Leeds United,4,Sat,2022-08-27,15:00 (16:00),Brighton,1–0,Leeds United,30953,The American Express Community Stadium,Michael Salisbury,/en/matches/77c70160/Brighton-and-Hove-Albion-Leeds-United-August-27-2022-Premier-League,,77c70160
ENG-Premier League,2223,2022-08-27 Chelsea-Leicester City,4,Sat,2022-08-27,15:00 (16:00),Chelsea,2–1,Leicester City,39953,Stamford Bridge,Paul Tierney,/en/matches/b737a3a7/Chelsea-Leicester-City-August-27-2022-Premier-League,,b737a3a7
ENG-Premier League,2223,2022-08-27 Liverpool-Bournemouth,4,Sat,2022-08-27,15:00 (16:00),Liverpool,9–0,Bournemouth,53328,Anfield,Stuart Attwell,/en/matches/de515487/Liverpool-Bournemouth-August-27-2022-Premier-League,,de515487
ENG-Premier League,2223,2022-08-27 Manchester City-Crystal Palace,4,Sat,2022-08-27,15:00 (16:00),Manchester City,4–2,Crystal Palace,53112,Etihad Stadium,Darren England,/en/matches/3b9bbac7/Manchester-City-Crystal-Palace-August-27-2022-Premier-League,,3b9bbac7
ENG-Premier League,2223,2022-08-27 Southampton-Manchester Utd,4,Sat,2022-08-27,12:30 (13:30),Southampton,0–1,Manchester Utd,31196,St. Mary's Stadium,Andy Madley,/en/matches/dff99b20/Southampton-Manchester-United-August-27-2022-Premier-League,,dff99b20
ENG-Premier League,2223,2022-08-28 Aston Villa-West Ham United,4,Sun,2022-08-28,14:00 (15:00),Aston Villa,0–1,West Ham United,41796,Villa Park,David Coote,/en/matches/659b9113/Aston-Villa-West-Ham-United-August-28-2022-Premier-League,,659b9113
ENG-Premier League,2223,2022-08-28 Nottingham Forest-Tottenham Hotspur,4,Sun,2022-08-28,16:30 (17:30),Nottingham Forest,0–2,Tottenham Hotspur,29296,The City Ground,Craig Pawson,/en/matches/3c364307/Nottingham-Forest-Tottenham-Hotspur-August-28-2022-Premier-League,,3c364307
ENG-Premier League,2223,2022-08-28 Wolves-Newcastle United,4,Sun,2022-08-28,14:00 (15:00),Wolves,1–1,Newcastle United,31311,Molineux Stadium,Peter Bankes,/en/matches/15d62d04/Wolverhampton-Wanderers-Newcastle-United-August-28-2022-Premier-League,,15d62d04
ENG-Premier League,2223,2022-08-30 Crystal Palace-Brentford,5,Tue,2022-08-30,19:30 (20:30),Crystal Palace,1–1,Brentford,25043,Selhurst Park,Simon Hooper,/en/matches/e1d6440f/Crystal-Palace-Brentford-August-30-2022-Premier-League,,e1d6440f
ENG-Premier League,2223,2022-08-30 Fulham-Brighton,5,Tue,2022-08-30,19:30 (20:30),Fulham,2–1,Brighton,22224,Craven Cottage,Thomas Bramall,/en/matches/361f4461/Fulham-Brighton-and-Hove-Albion-August-30-2022-Premier-League,,361f4461
ENG-Premier League,2223,2022-08-30 Leeds United-Everton,5,Tue,2022-08-30,20:00 (21:00),Leeds United,1–1,Everton,36338,Elland Road,Darren England,/en/matches/42d294e5/Leeds-United-Everton-August-30-2022-Premier-League,,42d294e5
ENG-Premier League,2223,2022-08-30 Southampton-Chelsea,5,Tue,2022-08-30,19:45 (20:45),Southampton,2–1,Chelsea,31542,St. Mary's Stadium,Michael Oliver,/en/matches/afd303a8/Southampton-Chelsea-August-30-2022-Premier-League,,afd303a8
ENG-Premier League,2223,2022-08-31 Arsenal-Aston Villa,5,Wed,2022-08-31,19:30 (20:30),Arsenal,2–1,Aston Villa,60012,Emirates Stadium,Robert Jones,/en/matches/cc235aad/Arsenal-Aston-Villa-August-31-2022-Premier-League,,cc235aad
ENG-Premier League,2223,2022-08-31 Bournemouth-Wolves,5,Wed,2022-08-31,19:30 (20:30),Bournemouth,0–0,Wolves,10113,Vitality Stadium,Anthony Taylor,/en/matches/91b239d8/Bournemouth-Wolverhampton-Wanderers-August-31-2022-Premier-League,,91b239d8
ENG-Premier League,2223,2022-08-31 Liverpool-Newcastle United,5,Wed,2022-08-31,20:00 (21:00),Liverpool,2–1,Newcastle United,53316,Anfield,Andre Marriner,/en/matches/ac6047cf/Liverpool-Newcastle-United-August-31-2022-Premier-League,,ac6047cf
ENG-Premier League,2223,2022-08-31 Manchester City-Nottingham Forest,5,Wed,2022-08-31,19:30 (20:30),Manchester City,6–0,Nottingham Forest,53409,Etihad Stadium,Paul Tierney,/en/matches/9760b466/Manchester-City-Nottingham-Forest-August-31-2022-Premier-League,,9760b466
ENG-Premier League,2223,2022-08-31 West Ham United-Tottenham Hotspur,5,Wed,2022-08-31,19:45 (20:45),West Ham United,1–1,Tottenham Hotspur,62450,London Stadium,Peter Bankes,/en/matches/9f221621/West-Ham-United-Tottenham-Hotspur-August-31-2022-Premier-League,,9f221621
ENG-Premier League,2223,2022-09-01 Leicester City-Manchester Utd,5,Thu,2022-09-01,20:00 (21:00),Leicester City,0–1,Manchester Utd,32226,King Power Stadium,Craig Pawson,/en/matches/c1f25d02/Leicester-City-Manchester-United-September-1-2022-Premier-League,,c1f25d02
ENG-Premier League,2223,2022-09-03 Aston Villa-Manchester City,6,Sat,2022-09-03,17:30 (18:30),Aston Villa,1–1,Manchester City,41830,Villa Park,Simon Hooper,/en/matches/3091f0b8/Aston-Villa-Manchester-City-September-3-2022-Premier-League,,3091f0b8
ENG-Premier League,2223,2022-09-03 Brentford-Leeds United,6,Sat,2022-09-03,15:00 (16:00),Brentford,5–2,Leeds United,17092,Brentford Community Stadium,Robert Jones,/en/matches/88f9aad9/Brentford-Leeds-United-September-3-2022-Premier-League,,88f9aad9
ENG-Premier League,2223,2022-09-03 Chelsea-West Ham United,6,Sat,2022-09-03,15:00 (16:00),Chelsea,2–1,West Ham United,39923,Stamford Bridge,Andy Madley,/en/matches/d7642197/Chelsea-West-Ham-United-September-3-2022-Premier-League,,d7642197
ENG-Premier League,2223,2022-09-03 Everton-Liverpool,6,Sat,2022-09-03,12:30 (13:30),Everton,0–0,Liverpool,39240,Goodison Park,Anthony Taylor,/en/matches/073227b6/Merseyside-Derby-Everton-Liverpool-September-3-2022-Premier-League,,073227b6
ENG-Premier League,2223,2022-09-03 Newcastle United-Crystal Palace,6,Sat,2022-09-03,15:00 (16:00),Newcastle United,0–0,Crystal Palace,51863,St James' Park,Michael Salisbury,/en/matches/4ca4efa3/Newcastle-United-Crystal-Palace-September-3-2022-Premier-League,,4ca4efa3
ENG-Premier League,2223,2022-09-03 Nottingham Forest-Bournemouth,6,Sat,2022-09-03,15:00 (16:00),Nottingham Forest,2–3,Bournemouth,28720,The City Ground,Michael Oliver,/en/matches/05f32555/Nottingham-Forest-Bournemouth-September-3-2022-Premier-League,,05f32555
ENG-Premier League,2223,2022-09-03 Tottenham Hotspur-Fulham,6,Sat,2022-09-03,15:00 (16:00),Tottenham Hotspur,2–1,Fulham,61641,Tottenham Hotspur Stadium,Stuart Attwell,/en/matches/a497b725/Tottenham-Hotspur-Fulham-September-3-2022-Premier-League,,a497b725
ENG-Premier League,2223,2022-09-03 Wolves-Southampton,6,Sat,2022-09-03,15:00 (16:00),Wolves,1–0,Southampton,30546,Molineux Stadium,John Brooks,/en/matches/13f50518/Wolverhampton-Wanderers-Southampton-September-3-2022-Premier-League,,13f50518
ENG-Premier League,2223,2022-09-04 Brighton-Leicester City,6,Sun,2022-09-04,14:00 (15:00),Brighton,5–2,Leicester City,31185,The American Express Community Stadium,Tony Harrington,/en/matches/42d5b3b1/Brighton-and-Hove-Albion-Leicester-City-September-4-2022-Premier-League,,42d5b3b1
ENG-Premier League,2223,2022-09-04 Manchester Utd-Arsenal,6,Sun,2022-09-04,16:30 (17:30),Manchester Utd,3–1,Arsenal,73431,Old Trafford,Paul Tierney,/en/matches/61ddafa5/Manchester-United-Arsenal-September-4-2022-Premier-League,,61ddafa5
ENG-Premier League,2223,2022-09-16 Aston Villa-Southampton,8,Fri,2022-09-16,20:00 (21:00),Aston Villa,1–0,Southampton,40758,Villa Park,Tony Harrington,/en/matches/1219daa1/Aston-Villa-Southampton-September-16-2022-Premier-League,,1219daa1
ENG-Premier League,2223,2022-09-16 Nottingham Forest-Fulham,8,Fri,2022-09-16,20:00 (21:00),Nottingham Forest,2–3,Fulham,28654,The City Ground,Jarred Gillett,/en/matches/d0d07e66/Nottingham-Forest-Fulham-September-16-2022-Premier-League,,d0d07e66
ENG-Premier League,2223,2022-09-17 Newcastle United-Bournemouth,8,Sat,2022-09-17,15:00 (16:00),Newcastle United,1–1,Bournemouth,52238,St James' Park,Craig Pawson,/en/matches/177da679/Newcastle-United-Bournemouth-September-17-2022-Premier-League,,177da679
ENG-Premier League,2223,2022-09-17 Tottenham Hotspur-Leicester City,8,Sat,2022-09-17,17:30 (18:30),Tottenham Hotspur,6–2,Leicester City,61450,Tottenham Hotspur Stadium,Simon Hooper,/en/matches/99e44c16/Tottenham-Hotspur-Leicester-City-September-17-2022-Premier-League,,99e44c16
ENG-Premier League,2223,2022-09-17 Wolves-Manchester City,8,Sat,2022-09-17,12:30 (13:30),Wolves,0–3,Manchester City,31578,Molineux Stadium,Anthony Taylor,/en/matches/96b5cc15/Wolverhampton-Wanderers-Manchester-City-September-17-2022-Premier-League,,96b5cc15
ENG-Premier League,2223,2022-09-18 Brentford-Arsenal,8,Sun,2022-09-18,12:00 (13:00),Brentford,0–3,Arsenal,17122,Brentford Community Stadium,David Coote,/en/matches/fd5626e6/Brentford-Arsenal-September-18-2022-Premier-League,,fd5626e6
ENG-Premier League,2223,2022-09-18 Everton-West Ham United,8,Sun,2022-09-18,14:15 (15:15),Everton,1–0,West Ham United,39298,Goodison Park,Michael Oliver,/en/matches/96e9dc0f/Everton-West-Ham-United-September-18-2022-Premier-League,,96e9dc0f
ENG-Premier League,2223,2022-10-01 Arsenal-Tottenham Hotspur,9,Sat,2022-10-01,12:30 (13:30),Arsenal,3–1,Tottenham Hotspur,60278,Emirates Stadium,Anthony Taylor,/en/matches/aefe3b90/North-London-Derby-Arsenal-Tottenham-Hotspur-October-1-2022-Premier-League,,aefe3b90
ENG-Premier League,2223,2022-10-01 Bournemouth-Brentford,9,Sat,2022-10-01,15:00 (16:00),Bournemouth,0–0,Brentford,10126,Vitality Stadium,Thomas Bramall,/en/matches/f2e86b27/Bournemouth-Brentford-October-1-2022-Premier-League,,f2e86b27
ENG-Premier League,2223,2022-10-01 Crystal Palace-Chelsea,9,Sat,2022-10-01,15:00 (16:00),Crystal Palace,1–2,Chelsea,25198,Selhurst Park,Chris Kavanagh,/en/matches/372249f3/Crystal-Palace-Chelsea-October-1-2022-Premier-League,,372249f3
ENG-Premier League,2223,2022-10-01 Fulham-Newcastle United,9,Sat,2022-10-01,15:00 (16:00),Fulham,1–4,Newcastle United,22913,Craven Cottage,Darren England,/en/matches/dcde1172/Fulham-Newcastle-United-October-1-2022-Premier-League,,dcde1172
ENG-Premier League,2223,2022-10-01 Liverpool-Brighton,9,Sat,2022-10-01,15:00 (16:00),Liverpool,3–3,Brighton,53320,Anfield,Andy Madley,/en/matches/aadd2e80/Liverpool-Brighton-and-Hove-Albion-October-1-2022-Premier-League,,aadd2e80
ENG-Premier League,2223,2022-10-01 Southampton-Everton,9,Sat,2022-10-01,15:00 (16:00),Southampton,1–2,Everton,30510,St. Mary's Stadium,Andre Marriner,/en/matches/06d00bcb/Southampton-Everton-October-1-2022-Premier-League,,06d00bcb
ENG-Premier League,2223,2022-10-01 West Ham United-Wolves,9,Sat,2022-10-01,17:30 (18:30),West Ham United,2–0,Wolves,62444,London Stadium,Paul Tierney,/en/matches/89ff6cd8/West-Ham-United-Wolverhampton-Wanderers-October-1-2022-Premier-League,,89ff6cd8
ENG-Premier League,2223,2022-10-02 Leeds United-Aston Villa,9,Sun,2022-10-02,16:30 (17:30),Leeds United,0–0,Aston Villa,36582,Elland Road,Stuart Attwell,/en/matches/627d2279/Leeds-United-Aston-Villa-October-2-2022-Premier-League,,627d2279
ENG-Premier League,2223,2022-10-02 Manchester City-Manchester Utd,9,Sun,2022-10-02,14:00 (15:00),Manchester City,6–3,Manchester Utd,53475,Etihad Stadium,Michael Oliver,/en/matches/886e6108/Manchester-Derby-Manchester-City-Manchester-United-October-2-2022-Premier-League,,886e6108
ENG-Premier League,2223,2022-10-03 Leicester City-Nottingham Forest,9,Mon,2022-10-03,20:00 (21:00),Leicester City,4–0,Nottingham Forest,32202,King Power Stadium,Robert Jones,/en/matches/a7976021/Leicester-City-Nottingham-Forest-October-3-2022-Premier-League,,a7976021
ENG-Premier League,2223,2022-10-08 Bournemouth-Leicester City,10,Sat,2022-10-08,15:00 (16:00),Bournemouth,2–1,Leicester City,10272,Vitality Stadium,Michael Salisbury,/en/matches/7db2a40a/Bournemouth-Leicester-City-October-8-2022-Premier-League,,7db2a40a
ENG-Premier League,2223,2022-10-08 Brighton-Tottenham Hotspur,10,Sat,2022-10-08,17:30 (18:30),Brighton,0–1,Tottenham Hotspur,31498,The American Express Community Stadium,Tony Harrington,/en/matches/3eeefbc5/Brighton-and-Hove-Albion-Tottenham-Hotspur-October-8-2022-Premier-League,,3eeefbc5
ENG-Premier League,2223,2022-10-08 Chelsea-Wolves,10,Sat,2022-10-08,15:00 (16:00),Chelsea,3–0,Wolves,39940,Stamford Bridge,Simon Hooper,/en/matches/c83cb314/Chelsea-Wolverhampton-Wanderers-October-8-2022-Premier-League,,c83cb314
ENG-Premier League,2223,2022-10-08 Manchester City-Southampton,10,Sat,2022-10-08,15:00 (16:00),Manchester City,4–0,Southampton,53365,Etihad Stadium,Andy Madley,/en/matches/864294c0/Manchester-City-Southampton-October-8-2022-Premier-League,,864294c0
ENG-Premier League,2223,2022-10-08 Newcastle United-Brentford,10,Sat,2022-10-08,15:00 (16:00),Newcastle United,5–1,Brentford,52067,St James' Park,John Brooks,/en/matches/7dd42d3f/Newcastle-United-Brentford-October-8-2022-Premier-League,,7dd42d3f
ENG-Premier League,2223,2022-10-09 Arsenal-Liverpool,10,Sun,2022-10-09,16:30 (17:30),Arsenal,3–2,Liverpool,60059,Emirates Stadium,Michael Oliver,/en/matches/84a48413/Arsenal-Liverpool-October-9-2022-Premier-League,,84a48413
ENG-Premier League,2223,2022-10-09 Crystal Palace-Leeds United,10,Sun,2022-10-09,14:00 (15:00),Crystal Palace,2–1,Leeds United,25042,Selhurst Park,Paul Tierney,/en/matches/f9563020/Crystal-Palace-Leeds-United-October-9-2022-Premier-League,,f9563020
ENG-Premier League,2223,2022-10-09 Everton-Manchester Utd,10,Sun,2022-10-09,19:00 (20:00),Everton,1–2,Manchester Utd,39258,Goodison Park,David Coote,/en/matches/5d426690/Everton-Manchester-United-October-9-2022-Premier-League,,5d426690
ENG-Premier League,2223,2022-10-09 West Ham United-Fulham,10,Sun,2022-10-09,14:00 (15:00),West Ham United,3–1,Fulham,62407,London Stadium,Chris Kavanagh,/en/matches/42e38f9d/West-Ham-United-Fulham-October-9-2022-Premier-League,,42e38f9d
ENG-Premier League,2223,2022-10-10 Nottingham Forest-Aston Villa,10,Mon,2022-10-10,20:00 (21:00),Nottingham Forest,1–1,Aston Villa,29208,The City Ground,Anthony Taylor,/en/matches/fb99ddf9/Nottingham-Forest-Aston-Villa-October-10-2022-Premier-League,,fb99ddf9
ENG-Premier League,2223,2022-10-14 Brentford-Brighton,11,Fri,2022-10-14,20:00 (21:00),Brentford,2–0,Brighton,17016,Brentford Community Stadium,Michael Salisbury,/en/matches/69409682/Brentford-Brighton-and-Hove-Albion-October-14-2022-Premier-League,,69409682
ENG-Premier League,2223,2022-10-15 Fulham-Bournemouth,11,Sat,2022-10-15,15:00 (16:00),Fulham,2–2,Bournemouth,22541,Craven Cottage,Graham Scott,/en/matches/ab7f61dd/Fulham-Bournemouth-October-15-2022-Premier-League,,ab7f61dd
ENG-Premier League,2223,2022-10-15 Leicester City-Crystal Palace,11,Sat,2022-10-15,12:30 (13:30),Leicester City,0–0,Crystal Palace,31298,King Power Stadium,Andy Madley,/en/matches/37677e58/Leicester-City-Crystal-Palace-October-15-2022-Premier-League,,37677e58
ENG-Premier League,2223,2022-10-15 Tottenham Hotspur-Everton,11,Sat,2022-10-15,17:30 (18:30),Tottenham Hotspur,2–0,Everton,61812,Tottenham Hotspur Stadium,Paul Tierney,/en/matches/e42493f9/Tottenham-Hotspur-Everton-October-15-2022-Premier-League,,e42493f9
ENG-Premier League,2223,2022-10-15 Wolves-Nottingham Forest,11,Sat,2022-10-15,15:00 (16:00),Wolves,1–0,Nottingham Forest,31554,Molineux Stadium,Thomas Bramall,/en/matches/c9f8e7e9/Wolverhampton-Wanderers-Nottingham-Forest-October-15-2022-Premier-League,,c9f8e7e9
ENG-Premier League,2223,2022-10-16 Aston Villa-Chelsea,11,Sun,2022-10-16,14:00 (15:00),Aston Villa,0–2,Chelsea,41754,Villa Park,Robert Jones,/en/matches/7113ce7f/Aston-Villa-Chelsea-October-16-2022-Premier-League,,7113ce7f
ENG-Premier League,2223,2022-10-16 Leeds United-Arsenal,11,Sun,2022-10-16,14:00 (15:00),Leeds United,0–1,Arsenal,36700,Elland Road,Chris Kavanagh,/en/matches/92885cfc/Leeds-United-Arsenal-October-16-2022-Premier-League,,92885cfc
ENG-Premier League,2223,2022-10-16 Liverpool-Manchester City,11,Sun,2022-10-16,16:30 (17:30),Liverpool,1–0,Manchester City,53286,Anfield,Anthony Taylor,/en/matches/2ed4b79f/Liverpool-Manchester-City-October-16-2022-Premier-League,,2ed4b79f
ENG-Premier League,2223,2022-10-16 Manchester Utd-Newcastle United,11,Sun,2022-10-16,14:00 (15:00),Manchester Utd,0–0,Newcastle United,73726,Old Trafford,Craig Pawson,/en/matches/e0b9c72c/Manchester-United-Newcastle-United-October-16-2022-Premier-League,,e0b9c72c
ENG-Premier League,2223,2022-10-16 Southampton-West Ham United,11,Sun,2022-10-16,14:00 (15:00),Southampton,1–1,West Ham United,29159,St. Mary's Stadium,Peter Bankes,/en/matches/2f5adfad/Southampton-West-Ham-United-October-16-2022-Premier-League,,2f5adfad
ENG-Premier League,2223,2022-10-18 Brighton-Nottingham Forest,12,Tue,2022-10-18,19:30 (20:30),Brighton,0–0,Nottingham Forest,31463,The American Express Community Stadium,Darren England,/en/matches/4f876daa/Brighton-and-Hove-Albion-Nottingham-Forest-October-18-2022-Premier-League,,4f876daa
ENG-Premier League,2223,2022-10-18 Crystal Palace-Wolves,12,Tue,2022-10-18,20:15 (21:15),Crystal Palace,2–1,Wolves,25125,Selhurst Park,David Coote,/en/matches/60705c6d/Crystal-Palace-Wolverhampton-Wanderers-October-18-2022-Premier-League,,60705c6d
ENG-Premier League,2223,2022-10-19 Bournemouth-Southampton,12,Wed,2022-10-19,19:30 (20:30),Bournemouth,0–1,Southampton,10405,Vitality Stadium,John Brooks,/en/matches/8a2bb3b6/Bournemouth-Southampton-October-19-2022-Premier-League,,8a2bb3b6
ENG-Premier League,2223,2022-10-19 Brentford-Chelsea,12,Wed,2022-10-19,19:30 (20:30),Brentford,0–0,Chelsea,17118,Brentford Community Stadium,Jarred Gillett,/en/matches/b7a32aeb/Brentford-Chelsea-October-19-2022-Premier-League,,b7a32aeb
ENG-Premier League,2223,2022-10-19 Liverpool-West Ham United,12,Wed,2022-10-19,19:30 (20:30),Liverpool,1–0,West Ham United,52982,Anfield,Stuart Attwell,/en/matches/dba5c5ec/Liverpool-West-Ham-United-October-19-2022-Premier-League,,dba5c5ec
ENG-Premier League,2223,2022-10-19 Manchester Utd-Tottenham Hotspur,12,Wed,2022-10-19,20:15 (21:15),Manchester Utd,2–0,Tottenham Hotspur,73677,Old Trafford,Simon Hooper,/en/matches/eebe78c1/Manchester-United-Tottenham-Hotspur-October-19-2022-Premier-League,,eebe78c1
ENG-Premier League,2223,2022-10-19 Newcastle United-Everton,12,Wed,2022-10-19,19:30 (20:30),Newcastle United,1–0,Everton,52247,St James' Park,Tony Harrington,/en/matches/e6674f8d/Newcastle-United-Everton-October-19-2022-Premier-League,,e6674f8d
ENG-Premier League,2223,2022-10-20 Fulham-Aston Villa,12,Thu,2022-10-20,19:30 (20:30),Fulham,3–0,Aston Villa,23508,Craven Cottage,Michael Oliver,/en/matches/e6102606/Fulham-Aston-Villa-October-20-2022-Premier-League,,e6102606
ENG-Premier League,2223,2022-10-20 Leicester City-Leeds United,12,Thu,2022-10-20,20:15 (21:15),Leicester City,2–0,Leeds United,30814,King Power Stadium,Peter Bankes,/en/matches/6356af5a/Leicester-City-Leeds-United-October-20-2022-Premier-League,,6356af5a
ENG-Premier League,2223,2022-10-22 Chelsea-Manchester Utd,13,Sat,2022-10-22,17:30 (18:30),Chelsea,1–1,Manchester Utd,39503,Stamford Bridge,Stuart Attwell,/en/matches/7ad85c8a/Chelsea-Manchester-United-October-22-2022-Premier-League,,7ad85c8a
ENG-Premier League,2223,2022-10-22 Everton-Crystal Palace,13,Sat,2022-10-22,15:00 (16:00),Everton,3–0,Crystal Palace,38939,Goodison Park,Simon Hooper,/en/matches/24d23a55/Everton-Crystal-Palace-October-22-2022-Premier-League,,24d23a55
ENG-Premier League,2223,2022-10-22 Manchester City-Brighton,13,Sat,2022-10-22,15:00 (16:00),Manchester City,3–1,Brighton,53223,Etihad Stadium,Craig Pawson,/en/matches/cd5cd3f0/Manchester-City-Brighton-and-Hove-Albion-October-22-2022-Premier-League,,cd5cd3f0
ENG-Premier League,2223,2022-10-22 Nottingham Forest-Liverpool,13,Sat,2022-10-22,12:30 (13:30),Nottingham Forest,1–0,Liverpool,29245,The City Ground,Paul Tierney,/en/matches/f92b67c2/Nottingham-Forest-Liverpool-October-22-2022-Premier-League,,f92b67c2
ENG-Premier League,2223,2022-10-23 Aston Villa-Brentford,13,Sun,2022-10-23,14:00 (15:00),Aston Villa,4–0,Brentford,41693,Villa Park,Darren England,/en/matches/7764ca02/Aston-Villa-Brentford-October-23-2022-Premier-League,,7764ca02
ENG-Premier League,2223,2022-10-23 Leeds United-Fulham,13,Sun,2022-10-23,14:00 (15:00),Leeds United,2–3,Fulham,36447,Elland Road,Anthony Taylor,/en/matches/d7b30e2b/Leeds-United-Fulham-October-23-2022-Premier-League,,d7b30e2b
ENG-Premier League,2223,2022-10-23 Southampton-Arsenal,13,Sun,2022-10-23,14:00 (15:00),Southampton,1–1,Arsenal,31145,St. Mary's Stadium,Robert Jones,/en/matches/d8138438/Southampton-Arsenal-October-23-2022-Premier-League,,d8138438
ENG-Premier League,2223,2022-10-23 Tottenham Hotspur-Newcastle United,13,Sun,2022-10-23,16:30 (17:30),Tottenham Hotspur,1–2,Newcastle United,61726,Tottenham Hotspur Stadium,Jarred Gillett,/en/matches/ae21490f/Tottenham-Hotspur-Newcastle-United-October-23-2022-Premier-League,,ae21490f
ENG-Premier League,2223,2022-10-23 Wolves-Leicester City,13,Sun,2022-10-23,14:00 (15:00),Wolves,0–4,Leicester City,31425,Molineux Stadium,Michael Oliver,/en/matches/8774e664/Wolverhampton-Wanderers-Leicester-City-October-23-2022-Premier-League,,8774e664
ENG-Premier League,2223,2022-10-24 West Ham United-Bournemouth,13,Mon,2022-10-24,20:00 (21:00),West Ham United,2–0,Bournemouth,62447,London Stadium,David Coote,/en/matches/e9d1a18b/West-Ham-United-Bournemouth-October-24-2022-Premier-League,,e9d1a18b
ENG-Premier League,2223,2022-10-29 Bournemouth-Tottenham Hotspur,14,Sat,2022-10-29,15:00 (16:00),Bournemouth,2–3,Tottenham Hotspur,10430,Vitality Stadium,Anthony Taylor,/en/matches/dcb3b971/Bournemouth-Tottenham-Hotspur-October-29-2022-Premier-League,,dcb3b971
ENG-Premier League,2223,2022-10-29 Brentford-Wolves,14,Sat,2022-10-29,15:00 (16:00),Brentford,1–1,Wolves,17051,Brentford Community Stadium,Robert Madley,/en/matches/41e403d3/Brentford-Wolverhampton-Wanderers-October-29-2022-Premier-League,,41e403d3
ENG-Premier League,2223,2022-10-29 Brighton-Chelsea,14,Sat,2022-10-29,15:00 (16:00),Brighton,4–1,Chelsea,31746,The American Express Community Stadium,Andy Madley,/en/matches/ac6abad1/Brighton-and-Hove-Albion-Chelsea-October-29-2022-Premier-League,,ac6abad1
ENG-Premier League,2223,2022-10-29 Crystal Palace-Southampton,14,Sat,2022-10-29,15:00 (16:00),Crystal Palace,1–0,Southampton,25130,Selhurst Park,Michael Salisbury,/en/matches/4be07239/Crystal-Palace-Southampton-October-29-2022-Premier-League,,4be07239
ENG-Premier League,2223,2022-10-29 Fulham-Everton,14,Sat,2022-10-29,17:30 (18:30),Fulham,0–0,Everton,23534,Craven Cottage,John Brooks,/en/matches/9c4402e1/Fulham-Everton-October-29-2022-Premier-League,,9c4402e1
ENG-Premier League,2223,2022-10-29 Leicester City-Manchester City,14,Sat,2022-10-29,12:30 (13:30),Leicester City,0–1,Manchester City,32223,King Power Stadium,Robert Jones,/en/matches/96b9ae4e/Leicester-City-Manchester-City-October-29-2022-Premier-League,,96b9ae4e
ENG-Premier League,2223,2022-10-29 Liverpool-Leeds United,14,Sat,2022-10-29,19:45 (20:45),Liverpool,1–2,Leeds United,53274,Anfield,Michael Oliver,/en/matches/b5b1e744/Liverpool-Leeds-United-October-29-2022-Premier-League,,b5b1e744
ENG-Premier League,2223,2022-10-29 Newcastle United-Aston Villa,14,Sat,2022-10-29,15:00 (16:00),Newcastle United,4–0,Aston Villa,52233,St James' Park,Paul Tierney,/en/matches/96f5ee84/Newcastle-United-Aston-Villa-October-29-2022-Premier-League,,96f5ee84
ENG-Premier League,2223,2022-10-30 Arsenal-Nottingham Forest,14,Sun,2022-10-30,14:00 (15:00),Arsenal,5–0,Nottingham Forest,60263,Emirates Stadium,Simon Hooper,/en/matches/1b496cc1/Arsenal-Nottingham-Forest-October-30-2022-Premier-League,,1b496cc1
ENG-Premier League,2223,2022-10-30 Manchester Utd-West Ham United,14,Sun,2022-10-30,16:15 (17:15),Manchester Utd,1–0,West Ham United,73682,Old Trafford,Chris Kavanagh,/en/matches/cd0f59f6/Manchester-United-West-Ham-United-October-30-2022-Premier-League,,cd0f59f6
ENG-Premier League,2223,2022-11-05 Everton-Leicester City,15,Sat,2022-11-05,17:30 (18:30),Everton,0–2,Leicester City,39206,Goodison Park,David Coote,/en/matches/831c73fc/Everton-Leicester-City-November-5-2022-Premier-League,,831c73fc
ENG-Premier League,2223,2022-11-05 Leeds United-Bournemouth,15,Sat,2022-11-05,15:00 (16:00),Leeds United,4–3,Bournemouth,36304,Elland Road,Tony Harrington,/en/matches/63975c3e/Leeds-United-Bournemouth-November-5-2022-Premier-League,,63975c3e
ENG-Premier League,2223,2022-11-05 Manchester City-Fulham,15,Sat,2022-11-05,15:00 (16:00),Manchester City,2–1,Fulham,52395,Etihad Stadium,Darren England,/en/matches/6ef27b3c/Manchester-City-Fulham-November-5-2022-Premier-League,,6ef27b3c
ENG-Premier League,2223,2022-11-05 Nottingham Forest-Brentford,15,Sat,2022-11-05,15:00 (16:00),Nottingham Forest,2–2,Brentford,28869,The City Ground,Andre Marriner,/en/matches/12251835/Nottingham-Forest-Brentford-November-5-2022-Premier-League,,12251835
ENG-Premier League,2223,2022-11-05 Wolves-Brighton,15,Sat,2022-11-05,15:00 (16:00),Wolves,2–3,Brighton,30732,Molineux Stadium,Graham Scott,/en/matches/982d16a2/Wolverhampton-Wanderers-Brighton-and-Hove-Albion-November-5-2022-Premier-League,,982d16a2
ENG-Premier League,2223,2022-11-06 Aston Villa-Manchester Utd,15,Sun,2022-11-06,14:00 (15:00),Aston Villa,3–1,Manchester Utd,42058,Villa Park,Anthony Taylor,/en/matches/6638574f/Aston-Villa-Manchester-United-November-6-2022-Premier-League,,6638574f
ENG-Premier League,2223,2022-11-06 Chelsea-Arsenal,15,Sun,2022-11-06,12:00 (13:00),Chelsea,0–1,Arsenal,40142,Stamford Bridge,Michael Oliver,/en/matches/af9dc838/North-West-London-Derby-Chelsea-Arsenal-November-6-2022-Premier-League,,af9dc838
ENG-Premier League,2223,2022-11-06 Southampton-Newcastle United,15,Sun,2022-11-06,14:00 (15:00),Southampton,1–4,Newcastle United,30402,St. Mary's Stadium,Stuart Attwell,/en/matches/57f9bcc9/Southampton-Newcastle-United-November-6-2022-Premier-League,,57f9bcc9
ENG-Premier League,2223,2022-11-06 Tottenham Hotspur-Liverpool,15,Sun,2022-11-06,16:30 (17:30),Tottenham Hotspur,1–2,Liverpool,62008,Tottenham Hotspur Stadium,Andy Madley,/en/matches/2954504d/Tottenham-Hotspur-Liverpool-November-6-2022-Premier-League,,2954504d
ENG-Premier League,2223,2022-11-06 West Ham United-Crystal Palace,15,Sun,2022-11-06,14:00 (15:00),West Ham United,1–2,Crystal Palace,62451,London Stadium,Paul Tierney,/en/matches/2586fb04/West-Ham-United-Crystal-Palace-November-6-2022-Premier-League,,2586fb04
ENG-Premier League,2223,2022-11-12 Bournemouth-Everton,16,Sat,2022-11-12,15:00 (16:00),Bournemouth,3–0,Everton,10382,Vitality Stadium,Craig Pawson,/en/matches/54f23f03/Bournemouth-Everton-November-12-2022-Premier-League,,54f23f03
ENG-Premier League,2223,2022-11-12 Liverpool-Southampton,16,Sat,2022-11-12,15:00 (16:00),Liverpool,3–1,Southampton,53331,Anfield,Simon Hooper,/en/matches/1579d34b/Liverpool-Southampton-November-12-2022-Premier-League,,1579d34b
ENG-Premier League,2223,2022-11-12 Manchester City-Brentford,16,Sat,2022-11-12,12:30 (13:30),Manchester City,1–2,Brentford,52786,Etihad Stadium,Peter Bankes,/en/matches/28b60c1b/Manchester-City-Brentford-November-12-2022-Premier-League,,28b60c1b
ENG-Premier League,2223,2022-11-12 Newcastle United-Chelsea,16,Sat,2022-11-12,17:30 (18:30),Newcastle United,1–0,Chelsea,52264,St James' Park,Robert Jones,/en/matches/e1b3eb1b/Newcastle-United-Chelsea-November-12-2022-Premier-League,,e1b3eb1b
ENG-Premier League,2223,2022-11-12 Nottingham Forest-Crystal Palace,16,Sat,2022-11-12,15:00 (16:00),Nottingham Forest,1–0,Crystal Palace,29045,The City Ground,John Brooks,/en/matches/ee827a60/Nottingham-Forest-Crystal-Palace-November-12-2022-Premier-League,,ee827a60
ENG-Premier League,2223,2022-11-12 Tottenham Hotspur-Leeds United,16,Sat,2022-11-12,15:00 (16:00),Tottenham Hotspur,4–3,Leeds United,61667,Tottenham Hotspur Stadium,Michael Salisbury,/en/matches/0030e686/Tottenham-Hotspur-Leeds-United-November-12-2022-Premier-League,,0030e686
ENG-Premier League,2223,2022-11-12 West Ham United-Leicester City,16,Sat,2022-11-12,15:00 (16:00),West Ham United,0–2,Leicester City,62459,London Stadium,Jarred Gillett,/en/matches/6e89557a/West-Ham-United-Leicester-City-November-12-2022-Premier-League,,6e89557a
ENG-Premier League,2223,2022-11-12 Wolves-Arsenal,16,Sat,2022-11-12,19:45 (20:45),Wolves,0–2,Arsenal,34624,Molineux Stadium,Stuart Attwell,/en/matches/863d7a8f/Wolverhampton-Wanderers-Arsenal-November-12-2022-Premier-League,,863d7a8f
ENG-Premier League,2223,2022-11-13 Brighton-Aston Villa,16,Sun,2022-11-13,14:00 (15:00),Brighton,1–2,Aston Villa,31581,The American Express Community Stadium,Chris Kavanagh,/en/matches/a7031cbd/Brighton-and-Hove-Albion-Aston-Villa-November-13-2022-Premier-League,,a7031cbd
ENG-Premier League,2223,2022-11-13 Fulham-Manchester Utd,16,Sun,2022-11-13,16:30 (17:30),Fulham,1–2,Manchester Utd,24246,Craven Cottage,Paul Tierney,/en/matches/af75b6b0/Fulham-Manchester-United-November-13-2022-Premier-League,,af75b6b0
ENG-Premier League,2223,2022-12-26 Arsenal-West Ham United,17,Mon,2022-12-26,20:00 (21:00),Arsenal,3–1,West Ham United,60125,Emirates Stadium,Michael Oliver,/en/matches/3be32b8b/Arsenal-West-Ham-United-December-26-2022-Premier-League,,3be32b8b
ENG-Premier League,2223,2022-12-26 Aston Villa-Liverpool,17,Mon,2022-12-26,17:30 (18:30),Aston Villa,1–3,Liverpool,42085,Villa Park,Paul Tierney,/en/matches/ab7d4465/Aston-Villa-Liverpool-December-26-2022-Premier-League,,ab7d4465
ENG-Premier League,2223,2022-12-26 Brentford-Tottenham Hotspur,17,Mon,2022-12-26,12:30 (13:30),Brentford,2–2,Tottenham Hotspur,17137,Brentford Community Stadium,David Coote,/en/matches/14e4f648/Brentford-Tottenham-Hotspur-December-26-2022-Premier-League,,14e4f648
ENG-Premier League,2223,2022-12-26 Crystal Palace-Fulham,17,Mon,2022-12-26,15:00 (16:00),Crystal Palace,0–3,Fulham,25176,Selhurst Park,Andy Madley,/en/matches/bbb301a6/Crystal-Palace-Fulham-December-26-2022-Premier-League,,bbb301a6
ENG-Premier League,2223,2022-12-26 Everton-Wolves,17,Mon,2022-12-26,15:00 (16:00),Everton,1–2,Wolves,39252,Goodison Park,Craig Pawson,/en/matches/ef424180/Everton-Wolverhampton-Wanderers-December-26-2022-Premier-League,,ef424180
ENG-Premier League,2223,2022-12-26 Leicester City-Newcastle United,17,Mon,2022-12-26,15:00 (16:00),Leicester City,0–3,Newcastle United,32185,King Power Stadium,Jarred Gillett,/en/matches/8e186153/Leicester-City-Newcastle-United-December-26-2022-Premier-League,,8e186153
ENG-Premier League,2223,2022-12-26 Southampton-Brighton,17,Mon,2022-12-26,15:00 (16:00),Southampton,1–3,Brighton,31010,St. Mary's Stadium,Robert Jones,/en/matches/3527c390/Southampton-Brighton-and-Hove-Albion-December-26-2022-Premier-League,,3527c390
ENG-Premier League,2223,2022-12-27 Chelsea-Bournemouth,17,Tue,2022-12-27,17:30 (18:30),Chelsea,2–0,Bournemouth,40046,Stamford Bridge,Simon Hooper,/en/matches/d55b9033/Chelsea-Bournemouth-December-27-2022-Premier-League,,d55b9033
ENG-Premier League,2223,2022-12-27 Manchester Utd-Nottingham Forest,17,Tue,2022-12-27,20:00 (21:00),Manchester Utd,3–0,Nottingham Forest,73608,Old Trafford,Anthony Taylor,/en/matches/b860f634/Manchester-United-Nottingham-Forest-December-27-2022-Premier-League,,b860f634
ENG-Premier League,2223,2022-12-28 Leeds United-Manchester City,17,Wed,2022-12-28,20:00 (21:00),Leeds United,1–3,Manchester City,36889,Elland Road,Stuart Attwell,/en/matches/a85ef749/Leeds-United-Manchester-City-December-28-2022-Premier-League,,a85ef749
ENG-Premier League,2223,2022-12-30 Liverpool-Leicester City,18,Fri,2022-12-30,20:00 (21:00),Liverpool,2–1,Leicester City,53343,Anfield,Craig Pawson,/en/matches/c5e4ccf5/Liverpool-Leicester-City-December-30-2022-Premier-League,,c5e4ccf5
ENG-Premier League,2223,2022-12-30 West Ham United-Brentford,18,Fri,2022-12-30,19:45 (20:45),West Ham United,0–2,Brentford,62467,London Stadium,Darren England,/en/matches/56acbbbe/West-Ham-United-Brentford-December-30-2022-Premier-League,,56acbbbe
ENG-Premier League,2223,2022-12-31 Bournemouth-Crystal Palace,18,Sat,2022-12-31,15:00 (16:00),Bournemouth,0–2,Crystal Palace,9972,Vitality Stadium,Andre Marriner,/en/matches/dab2ed3a/Bournemouth-Crystal-Palace-December-31-2022-Premier-League,,dab2ed3a
ENG-Premier League,2223,2022-12-31 Brighton-Arsenal,18,Sat,2022-12-31,17:30 (18:30),Brighton,2–4,Arsenal,31647,The American Express Community Stadium,Anthony Taylor,/en/matches/dd50a429/Brighton-and-Hove-Albion-Arsenal-December-31-2022-Premier-League,,dd50a429
ENG-Premier League,2223,2022-12-31 Fulham-Southampton,18,Sat,2022-12-31,15:00 (16:00),Fulham,2–1,Southampton,24344,Craven Cottage,Graham Scott,/en/matches/a15bf99e/Fulham-Southampton-December-31-2022-Premier-League,,a15bf99e
ENG-Premier League,2223,2022-12-31 Manchester City-Everton,18,Sat,2022-12-31,15:00 (16:00),Manchester City,1–1,Everton,53444,Etihad Stadium,Andy Madley,/en/matches/bcfb66ff/Manchester-City-Everton-December-31-2022-Premier-League,,bcfb66ff
ENG-Premier League,2223,2022-12-31 Newcastle United-Leeds United,18,Sat,2022-12-31,15:00 (16:00),Newcastle United,0–0,Leeds United,52211,St James' Park,Simon Hooper,/en/matches/0facecde/Newcastle-United-Leeds-United-December-31-2022-Premier-League,,0facecde
ENG-Premier League,2223,2022-12-31 Wolves-Manchester Utd,18,Sat,2022-12-31,12:30 (13:30),Wolves,0–1,Manchester Utd,31658,Molineux Stadium,Robert Jones,/en/matches/8ef80305/Wolverhampton-Wanderers-Manchester-United-December-31-2022-Premier-League,,8ef80305
ENG-Premier League,2223,2023-01-01 Nottingham Forest-Chelsea,18,Sun,2023-01-01,16:30 (17:30),Nottingham Forest,1–1,Chelsea,29229,The City Ground,Peter Bankes,/en/matches/c31cf944/Nottingham-Forest-Chelsea-January-1-2023-Premier-League,,c31cf944
ENG-Premier League,2223,2023-01-01 Tottenham Hotspur-Aston Villa,18,Sun,2023-01-01,14:00 (15:00),Tottenham Hotspur,0–2,Aston Villa,61651,Tottenham Hotspur Stadium,John Brooks,/en/matches/63e8eaf8/Tottenham-Hotspur-Aston-Villa-January-1-2023-Premier-League,,63e8eaf8
ENG-Premier League,2223,2023-01-02 Brentford-Liverpool,19,Mon,2023-01-02,17:30 (18:30),Brentford,3–1,Liverpool,17163,Brentford Community Stadium,Stuart Attwell,/en/matches/af6aa183/Brentford-Liverpool-January-2-2023-Premier-League,,af6aa183
ENG-Premier League,2223,2023-01-03 Arsenal-Newcastle United,19,Tue,2023-01-03,19:45 (20:45),Arsenal,0–0,Newcastle United,60319,Emirates Stadium,Andy Madley,/en/matches/ceebd643/Arsenal-Newcastle-United-January-3-2023-Premier-League,,ceebd643
ENG-Premier League,2223,2023-01-03 Everton-Brighton,19,Tue,2023-01-03,19:45 (20:45),Everton,1–4,Brighton,39103,Goodison Park,Andre Marriner,/en/matches/c62d7632/Everton-Brighton-and-Hove-Albion-January-3-2023-Premier-League,,c62d7632
ENG-Premier League,2223,2023-01-03 Leicester City-Fulham,19,Tue,2023-01-03,19:45 (20:45),Leicester City,0–1,Fulham,30813,King Power Stadium,Darren Bond,/en/matches/12e0894b/Leicester-City-Fulham-January-3-2023-Premier-League,,12e0894b
ENG-Premier League,2223,2023-01-03 Manchester Utd-Bournemouth,19,Tue,2023-01-03,20:00 (21:00),Manchester Utd,3–0,Bournemouth,73322,Old Trafford,Michael Salisbury,/en/matches/63fc7f12/Manchester-United-Bournemouth-January-3-2023-Premier-League,,63fc7f12
ENG-Premier League,2223,2023-01-04 Aston Villa-Wolves,19,Wed,2023-01-04,20:00 (21:00),Aston Villa,1–1,Wolves,39978,Villa Park,Jarred Gillett,/en/matches/895a1c1f/Aston-Villa-Wolverhampton-Wanderers-January-4-2023-Premier-League,,895a1c1f
ENG-Premier League,2223,2023-01-04 Crystal Palace-Tottenham Hotspur,19,Wed,2023-01-04,20:00 (21:00),Crystal Palace,0–4,Tottenham Hotspur,25132,Selhurst Park,Michael Oliver,/en/matches/d8118454/Crystal-Palace-Tottenham-Hotspur-January-4-2023-Premier-League,,d8118454
ENG-Premier League,2223,2023-01-04 Leeds United-West Ham United,19,Wed,2023-01-04,19:45 (20:45),Leeds United,2–2,West Ham United,36173,Elland Road,David Coote,/en/matches/068406dc/Leeds-United-West-Ham-United-January-4-2023-Premier-League,,068406dc
ENG-Premier League,2223,2023-01-04 Southampton-Nottingham Forest,19,Wed,2023-01-04,19:30 (20:30),Southampton,0–1,Nottingham Forest,30150,St. Mary's Stadium,Thomas Bramall,/en/matches/cc17c735/Southampton-Nottingham-Forest-January-4-2023-Premier-League,,cc17c735
ENG-Premier League,2223,2023-01-05 Chelsea-Manchester City,19,Thu,2023-01-05,20:00 (21:00),Chelsea,0–1,Manchester City,39998,Stamford Bridge,Paul Tierney,/en/matches/eacda90c/Chelsea-Manchester-City-January-5-2023-Premier-League,,eacda90c
ENG-Premier League,2223,2023-01-12 Fulham-Chelsea,7,Thu,2023-01-12,20:00 (21:00),Fulham,2–1,Chelsea,24460,Craven Cottage,David Coote,/en/matches/2902a42d/Fulham-Chelsea-January-12-2023-Premier-League,,2902a42d
ENG-Premier League,2223,2023-01-13 Aston Villa-Leeds United,20,Fri,2023-01-13,20:00 (21:00),Aston Villa,2–1,Leeds United,42008,Villa Park,Michael Oliver,/en/matches/ea58bf24/Aston-Villa-Leeds-United-January-13-2023-Premier-League,,ea58bf24
ENG-Premier League,2223,2023-01-14 Brentford-Bournemouth,20,Sat,2023-01-14,17:30 (18:30),Brentford,2–0,Bournemouth,17031,Brentford Community Stadium,Jarred Gillett,/en/matches/3f992264/Brentford-Bournemouth-January-14-2023-Premier-League,,3f992264
ENG-Premier League,2223,2023-01-14 Brighton-Liverpool,20,Sat,2023-01-14,15:00 (16:00),Brighton,3–0,Liverpool,31645,The American Express Community Stadium,Darren England,/en/matches/cfc2a193/Brighton-and-Hove-Albion-Liverpool-January-14-2023-Premier-League,,cfc2a193
ENG-Premier League,2223,2023-01-14 Everton-Southampton,20,Sat,2023-01-14,15:00 (16:00),Everton,1–2,Southampton,39305,Goodison Park,John Brooks,/en/matches/11603f7f/Everton-Southampton-January-14-2023-Premier-League,,11603f7f
ENG-Premier League,2223,2023-01-14 Manchester Utd-Manchester City,20,Sat,2023-01-14,12:30 (13:30),Manchester Utd,2–1,Manchester City,75546,Old Trafford,Stuart Attwell,/en/matches/f0fd7541/Manchester-Derby-Manchester-United-Manchester-City-January-14-2023-Premier-League,,f0fd7541
ENG-Premier League,2223,2023-01-14 Nottingham Forest-Leicester City,20,Sat,2023-01-14,15:00 (16:00),Nottingham Forest,2–0,Leicester City,29301,The City Ground,Paul Tierney,/en/matches/95d3b457/Nottingham-Forest-Leicester-City-January-14-2023-Premier-League,,95d3b457
ENG-Premier League,2223,2023-01-14 Wolves-West Ham United,20,Sat,2023-01-14,15:00 (16:00),Wolves,1–0,West Ham United,31511,Molineux Stadium,Simon Hooper,/en/matches/20fbd1a1/Wolverhampton-Wanderers-West-Ham-United-January-14-2023-Premier-League,,20fbd1a1
ENG-Premier League,2223,2023-01-15 Chelsea-Crystal Palace,20,Sun,2023-01-15,14:00 (15:00),Chelsea,1–0,Crystal Palace,40075,Stamford Bridge,Peter Bankes,/en/matches/564d2893/Chelsea-Crystal-Palace-January-15-2023-Premier-League,,564d2893
ENG-Premier League,2223,2023-01-15 Newcastle United-Fulham,20,Sun,2023-01-15,14:00 (15:00),Newcastle United,1–0,Fulham,52247,St James' Park,Robert Jones,/en/matches/f93d11e7/Newcastle-United-Fulham-January-15-2023-Premier-League,,f93d11e7
ENG-Premier League,2223,2023-01-15 Tottenham Hotspur-Arsenal,20,Sun,2023-01-15,16:30 (17:30),Tottenham Hotspur,0–2,Arsenal,61870,Tottenham Hotspur Stadium,Craig Pawson,/en/matches/4fc8b7b2/North-London-Derby-Tottenham-Hotspur-Arsenal-January-15-2023-Premier-League,,4fc8b7b2
ENG-Premier League,2223,2023-01-18 Crystal Palace-Manchester Utd,7,Wed,2023-01-18,20:00 (21:00),Crystal Palace,1–1,Manchester Utd,23343,Selhurst Park,Robert Jones,/en/matches/adf46096/Crystal-Palace-Manchester-United-January-18-2023-Premier-League,,adf46096
ENG-Premier League,2223,2023-01-19 Manchester City-Tottenham Hotspur,7,Thu,2023-01-19,20:00 (21:00),Manchester City,4–2,Tottenham Hotspur,53088,Etihad Stadium,Simon Hooper,/en/matches/847f0a9c/Manchester-City-Tottenham-Hotspur-January-19-2023-Premier-League,,847f0a9c
ENG-Premier League,2223,2023-01-21 Bournemouth-Nottingham Forest,21,Sat,2023-01-21,15:00 (16:00),Bournemouth,1–1,Nottingham Forest,10248,Vitality Stadium,Andy Madley,/en/matches/38c715b4/Bournemouth-Nottingham-Forest-January-21-2023-Premier-League,,38c715b4
ENG-Premier League,2223,2023-01-21 Crystal Palace-Newcastle United,21,Sat,2023-01-21,17:30 (18:30),Crystal Palace,0–0,Newcastle United,25350,Selhurst Park,Craig Pawson,/en/matches/8468f673/Crystal-Palace-Newcastle-United-January-21-2023-Premier-League,,8468f673
ENG-Premier League,2223,2023-01-21 Leicester City-Brighton,21,Sat,2023-01-21,15:00 (16:00),Leicester City,2–2,Brighton,32056,King Power Stadium,Thomas Bramall,/en/matches/bcbbc55f/Leicester-City-Brighton-and-Hove-Albion-January-21-2023-Premier-League,,bcbbc55f
ENG-Premier League,2223,2023-01-21 Liverpool-Chelsea,21,Sat,2023-01-21,12:30 (13:30),Liverpool,0–0,Chelsea,53126,Anfield,Michael Oliver,/en/matches/7febc290/Liverpool-Chelsea-January-21-2023-Premier-League,,7febc290
ENG-Premier League,2223,2023-01-21 Southampton-Aston Villa,21,Sat,2023-01-21,15:00 (16:00),Southampton,0–1,Aston Villa,30158,St. Mary's Stadium,Michael Salisbury,/en/matches/91d49468/Southampton-Aston-Villa-January-21-2023-Premier-League,,91d49468
ENG-Premier League,2223,2023-01-21 West Ham United-Everton,21,Sat,2023-01-21,15:00 (16:00),West Ham United,2–0,Everton,62470,London Stadium,Stuart Attwell,/en/matches/db9cdba8/West-Ham-United-Everton-January-21-2023-Premier-League,,db9cdba8
ENG-Premier League,2223,2023-01-22 Arsenal-Manchester Utd,21,Sun,2023-01-22,16:30 (17:30),Arsenal,3–2,Manchester Utd,60325,Emirates Stadium,Anthony Taylor,/en/matches/1b35bc71/Arsenal-Manchester-United-January-22-2023-Premier-League,,1b35bc71
ENG-Premier League,2223,2023-01-22 Leeds United-Brentford,21,Sun,2023-01-22,14:00 (15:00),Leeds United,0–0,Brentford,36260,Elland Road,Peter Bankes,/en/matches/f0e7d8a8/Leeds-United-Brentford-January-22-2023-Premier-League,,f0e7d8a8
ENG-Premier League,2223,2023-01-22 Manchester City-Wolves,21,Sun,2023-01-22,14:00 (15:00),Manchester City,3–0,Wolves,53282,Etihad Stadium,David Coote,/en/matches/7337f90a/Manchester-City-Wolverhampton-Wanderers-January-22-2023-Premier-League,,7337f90a
ENG-Premier League,2223,2023-01-23 Fulham-Tottenham Hotspur,21,Mon,2023-01-23,20:00 (21:00),Fulham,0–1,Tottenham Hotspur,24190,Craven Cottage,Paul Tierney,/en/matches/098cd338/Fulham-Tottenham-Hotspur-January-23-2023-Premier-League,,098cd338
ENG-Premier League,2223,2023-02-03 Chelsea-Fulham,22,Fri,2023-02-03,20:00 (21:00),Chelsea,0–0,Fulham,40041,Stamford Bridge,Stuart Attwell,/en/matches/c3cf244b/Chelsea-Fulham-February-3-2023-Premier-League,,c3cf244b
ENG-Premier League,2223,2023-02-04 Aston Villa-Leicester City,22,Sat,2023-02-04,15:00 (16:00),Aston Villa,2–4,Leicester City,42055,Villa Park,Darren England,/en/matches/76a2a22c/Aston-Villa-Leicester-City-February-4-2023-Premier-League,,76a2a22c
ENG-Premier League,2223,2023-02-04 Brentford-Southampton,22,Sat,2023-02-04,15:00 (16:00),Brentford,3–0,Southampton,17051,Brentford Community Stadium,Darren Bond,/en/matches/ef31dad5/Brentford-Southampton-February-4-2023-Premier-League,,ef31dad5
ENG-Premier League,2223,2023-02-04 Brighton-Bournemouth,22,Sat,2023-02-04,15:00 (16:00),Brighton,1–0,Bournemouth,31600,The American Express Community Stadium,Craig Pawson,/en/matches/dccc53ae/Brighton-and-Hove-Albion-Bournemouth-February-4-2023-Premier-League,,dccc53ae
ENG-Premier League,2223,2023-02-04 Everton-Arsenal,22,Sat,2023-02-04,12:30 (13:30),Everton,1–0,Arsenal,39314,Goodison Park,David Coote,/en/matches/07fc721a/Everton-Arsenal-February-4-2023-Premier-League,,07fc721a
ENG-Premier League,2223,2023-02-04 Manchester Utd-Crystal Palace,22,Sat,2023-02-04,15:00 (16:00),Manchester Utd,2–1,Crystal Palace,73420,Old Trafford,Andre Marriner,/en/matches/dca5ea6c/Manchester-United-Crystal-Palace-February-4-2023-Premier-League,,dca5ea6c
ENG-Premier League,2223,2023-02-04 Newcastle United-West Ham United,22,Sat,2023-02-04,17:30 (18:30),Newcastle United,1–1,West Ham United,52256,St James' Park,Peter Bankes,/en/matches/34e9160c/Newcastle-United-West-Ham-United-February-4-2023-Premier-League,,34e9160c
ENG-Premier League,2223,2023-02-04 Wolves-Liverpool,22,Sat,2023-02-04,15:00 (16:00),Wolves,3–0,Liverpool,31664,Molineux Stadium,Paul Tierney,/en/matches/d67a16c8/Wolverhampton-Wanderers-Liverpool-February-4-2023-Premier-League,,d67a16c8
ENG-Premier League,2223,2023-02-05 Nottingham Forest-Leeds United,22,Sun,2023-02-05,14:00 (15:00),Nottingham Forest,1–0,Leeds United,29363,The City Ground,Robert Jones,/en/matches/7c47cb5e/Nottingham-Forest-Leeds-United-February-5-2023-Premier-League,,7c47cb5e
ENG-Premier League,2223,2023-02-05 Tottenham Hotspur-Manchester City,22,Sun,2023-02-05,16:30 (17:30),Tottenham Hotspur,1–0,Manchester City,61747,Tottenham Hotspur Stadium,Andy Madley,/en/matches/8a923619/Tottenham-Hotspur-Manchester-City-February-5-2023-Premier-League,,8a923619
ENG-Premier League,2223,2023-02-08 Manchester Utd-Leeds United,8,Wed,2023-02-08,20:00 (21:00),Manchester Utd,2–2,Leeds United,73456,Old Trafford,Simon Hooper,/en/matches/80532a54/Manchester-United-Leeds-United-February-8-2023-Premier-League,,80532a54
ENG-Premier League,2223,2023-02-11 Arsenal-Brentford,23,Sat,2023-02-11,15:00 (16:00),Arsenal,1–1,Brentford,60254,Emirates Stadium,Peter Bankes,/en/matches/7caa56bc/Arsenal-Brentford-February-11-2023-Premier-League,,7caa56bc
ENG-Premier League,2223,2023-02-11 Bournemouth-Newcastle United,23,Sat,2023-02-11,17:30 (18:30),Bournemouth,1–1,Newcastle United,10419,Vitality Stadium,Stuart Attwell,/en/matches/d9339e30/Bournemouth-Newcastle-United-February-11-2023-Premier-League,,d9339e30
ENG-Premier League,2223,2023-02-11 Crystal Palace-Brighton,23,Sat,2023-02-11,15:00 (16:00),Crystal Palace,1–1,Brighton,24827,Selhurst Park,Michael Oliver,/en/matches/5d5deba7/Crystal-Palace-Brighton-and-Hove-Albion-February-11-2023-Premier-League,,5d5deba7
ENG-Premier League,2223,2023-02-11 Fulham-Nottingham Forest,23,Sat,2023-02-11,15:00 (16:00),Fulham,2–0,Nottingham Forest,24244,Craven Cottage,Andy Madley,/en/matches/ee86dc99/Fulham-Nottingham-Forest-February-11-2023-Premier-League,,ee86dc99
ENG-Premier League,2223,2023-02-11 Leicester City-Tottenham Hotspur,23,Sat,2023-02-11,15:00 (16:00),Leicester City,4–1,Tottenham Hotspur,32184,King Power Stadium,Michael Salisbury,/en/matches/390c7b85/Leicester-City-Tottenham-Hotspur-February-11-2023-Premier-League,,390c7b85
ENG-Premier League,2223,2023-02-11 Southampton-Wolves,23,Sat,2023-02-11,15:00 (16:00),Southampton,1–2,Wolves,29751,St. Mary's Stadium,Jarred Gillett,/en/matches/8c7913ed/Southampton-Wolverhampton-Wanderers-February-11-2023-Premier-League,,8c7913ed
ENG-Premier League,2223,2023-02-11 West Ham United-Chelsea,23,Sat,2023-02-11,12:30 (13:30),West Ham United,1–1,Chelsea,62471,London Stadium,Craig Pawson,/en/matches/18dea268/West-Ham-United-Chelsea-February-11-2023-Premier-League,,18dea268
ENG-Premier League,2223,2023-02-12 Leeds United-Manchester Utd,23,Sun,2023-02-12,14:00 (15:00),Leeds United,0–2,Manchester Utd,36919,Elland Road,Paul Tierney,/en/matches/3386146f/Leeds-United-Manchester-United-February-12-2023-Premier-League,,3386146f
ENG-Premier League,2223,2023-02-12 Manchester City-Aston Villa,23,Sun,2023-02-12,16:30 (17:30),Manchester City,3–1,Aston Villa,53392,Etihad Stadium,Robert Jones,/en/matches/18fcd595/Manchester-City-Aston-Villa-February-12-2023-Premier-League,,18fcd595
ENG-Premier League,2223,2023-02-13 Liverpool-Everton,23,Mon,2023-02-13,20:00 (21:00),Liverpool,2–0,Everton,53027,Anfield,Simon Hooper,/en/matches/a895ec23/Merseyside-Derby-Liverpool-Everton-February-13-2023-Premier-League,,a895ec23
ENG-Premier League,2223,2023-02-15 Arsenal-Manchester City,12,Wed,2023-02-15,19:30 (20:30),Arsenal,1–3,Manchester City,60276,Emirates Stadium,Anthony Taylor,/en/matches/b9da01e6/Arsenal-Manchester-City-February-15-2023-Premier-League,,b9da01e6
ENG-Premier League,2223,2023-02-18 Aston Villa-Arsenal,24,Sat,2023-02-18,12:30 (13:30),Aston Villa,2–4,Arsenal,42066,Villa Park,Simon Hooper,/en/matches/e50bfcf8/Aston-Villa-Arsenal-February-18-2023-Premier-League,,e50bfcf8
ENG-Premier League,2223,2023-02-18 Brentford-Crystal Palace,24,Sat,2023-02-18,15:00 (16:00),Brentford,1–1,Crystal Palace,17122,Brentford Community Stadium,Paul Tierney,/en/matches/f6370484/Brentford-Crystal-Palace-February-18-2023-Premier-League,,f6370484
ENG-Premier League,2223,2023-02-18 Brighton-Fulham,24,Sat,2023-02-18,15:00 (16:00),Brighton,0–1,Fulham,31619,The American Express Community Stadium,Darren England,/en/matches/67a7aee6/Brighton-and-Hove-Albion-Fulham-February-18-2023-Premier-League,,67a7aee6
ENG-Premier League,2223,2023-02-18 Chelsea-Southampton,24,Sat,2023-02-18,15:00 (16:00),Chelsea,0–1,Southampton,40152,Stamford Bridge,David Coote,/en/matches/8d750d5d/Chelsea-Southampton-February-18-2023-Premier-League,,8d750d5d
ENG-Premier League,2223,2023-02-18 Everton-Leeds United,24,Sat,2023-02-18,15:00 (16:00),Everton,1–0,Leeds United,39232,Goodison Park,Andy Madley,/en/matches/d5f67d2e/Everton-Leeds-United-February-18-2023-Premier-League,,d5f67d2e
ENG-Premier League,2223,2023-02-18 Newcastle United-Liverpool,24,Sat,2023-02-18,17:30 (18:30),Newcastle United,0–2,Liverpool,52758,St James' Park,Anthony Taylor,/en/matches/2f909763/Newcastle-United-Liverpool-February-18-2023-Premier-League,,2f909763
ENG-Premier League,2223,2023-02-18 Nottingham Forest-Manchester City,24,Sat,2023-02-18,15:00 (16:00),Nottingham Forest,1–1,Manchester City,29365,The City Ground,Graham Scott,/en/matches/7f12d9aa/Nottingham-Forest-Manchester-City-February-18-2023-Premier-League,,7f12d9aa
ENG-Premier League,2223,2023-02-18 Wolves-Bournemouth,24,Sat,2023-02-18,15:00 (16:00),Wolves,0–1,Bournemouth,31222,Molineux Stadium,Michael Salisbury,/en/matches/eaf37ab4/Wolverhampton-Wanderers-Bournemouth-February-18-2023-Premier-League,,eaf37ab4
ENG-Premier League,2223,2023-02-19 Manchester Utd-Leicester City,24,Sun,2023-02-19,14:00 (15:00),Manchester Utd,3–0,Leicester City,73578,Old Trafford,Stuart Attwell,/en/matches/d6e88163/Manchester-United-Leicester-City-February-19-2023-Premier-League,,d6e88163
ENG-Premier League,2223,2023-02-19 Tottenham Hotspur-West Ham United,24,Sun,2023-02-19,16:30 (17:30),Tottenham Hotspur,2–0,West Ham United,61476,Tottenham Hotspur Stadium,Michael Oliver,/en/matches/aae66d3d/Tottenham-Hotspur-West-Ham-United-February-19-2023-Premier-League,,aae66d3d
ENG-Premier League,2223,2023-02-24 Fulham-Wolves,25,Fri,2023-02-24,20:00 (21:00),Fulham,1–1,Wolves,24399,Craven Cottage,Michael Oliver,/en/matches/b452508e/Fulham-Wolverhampton-Wanderers-February-24-2023-Premier-League,,b452508e
ENG-Premier League,2223,2023-02-25 Bournemouth-Manchester City,25,Sat,2023-02-25,17:30 (18:30),Bournemouth,1–4,Manchester City,10481,Vitality Stadium,Paul Tierney,/en/matches/e731c1dd/Bournemouth-Manchester-City-February-25-2023-Premier-League,,e731c1dd
ENG-Premier League,2223,2023-02-25 Crystal Palace-Liverpool,25,Sat,2023-02-25,19:45 (20:45),Crystal Palace,0–0,Liverpool,25842,Selhurst Park,Darren England,/en/matches/8a59c49c/Crystal-Palace-Liverpool-February-25-2023-Premier-League,,8a59c49c
ENG-Premier League,2223,2023-02-25 Everton-Aston Villa,25,Sat,2023-02-25,15:00 (16:00),Everton,0–2,Aston Villa,39309,Goodison Park,Anthony Taylor,/en/matches/25436a3b/Everton-Aston-Villa-February-25-2023-Premier-League,,25436a3b
ENG-Premier League,2223,2023-02-25 Leeds United-Southampton,25,Sat,2023-02-25,15:00 (16:00),Leeds United,1–0,Southampton,36641,Elland Road,Peter Bankes,/en/matches/9edb32a3/Leeds-United-Southampton-February-25-2023-Premier-League,,9edb32a3
ENG-Premier League,2223,2023-02-25 Leicester City-Arsenal,25,Sat,2023-02-25,15:00 (16:00),Leicester City,0–1,Arsenal,32227,King Power Stadium,Craig Pawson,/en/matches/145cc0a5/Leicester-City-Arsenal-February-25-2023-Premier-League,,145cc0a5
ENG-Premier League,2223,2023-02-25 West Ham United-Nottingham Forest,25,Sat,2023-02-25,15:00 (16:00),West Ham United,4–0,Nottingham Forest,62469,London Stadium,Jarred Gillett,/en/matches/767981c6/West-Ham-United-Nottingham-Forest-February-25-2023-Premier-League,,767981c6
ENG-Premier League,2223,2023-02-26 Tottenham Hotspur-Chelsea,25,Sun,2023-02-26,13:30 (14:30),Tottenham Hotspur,2–0,Chelsea,61613,Tottenham Hotspur Stadium,Stuart Attwell,/en/matches/8eff71b5/Tottenham-Hotspur-Chelsea-February-26-2023-Premier-League,,8eff71b5
ENG-Premier League,2223,2023-03-01 Arsenal-Everton,7,Wed,2023-03-01,19:45 (20:45),Arsenal,4–0,Everton,60213,Emirates Stadium,Michael Oliver,/en/matches/705a2f3c/Arsenal-Everton-March-1-2023-Premier-League,,705a2f3c
ENG-Premier League,2223,2023-03-01 Liverpool-Wolves,7,Wed,2023-03-01,20:00 (21:00),Liverpool,2–0,Wolves,53259,Anfield,Paul Tierney,/en/matches/5e05f5f4/Liverpool-Wolverhampton-Wanderers-March-1-2023-Premier-League,,5e05f5f4
ENG-Premier League,2223,2023-03-04 Arsenal-Bournemouth,26,Sat,2023-03-04,15:00 (16:00),Arsenal,3–2,Bournemouth,60222,Emirates Stadium,Chris Kavanagh,/en/matches/3e9a33fc/Arsenal-Bournemouth-March-4-2023-Premier-League,,3e9a33fc
ENG-Premier League,2223,2023-03-04 Aston Villa-Crystal Palace,26,Sat,2023-03-04,15:00 (16:00),Aston Villa,1–0,Crystal Palace,41893,Villa Park,Craig Pawson,/en/matches/433a4487/Aston-Villa-Crystal-Palace-March-4-2023-Premier-League,,433a4487
ENG-Premier League,2223,2023-03-04 Brighton-West Ham United,26,Sat,2023-03-04,15:00 (16:00),Brighton,4–0,West Ham United,31523,The American Express Community Stadium,Stuart Attwell,/en/matches/bee059c4/Brighton-and-Hove-Albion-West-Ham-United-March-4-2023-Premier-League,,bee059c4
ENG-Premier League,2223,2023-03-04 Chelsea-Leeds United,26,Sat,2023-03-04,15:00 (16:00),Chelsea,1–0,Leeds United,39905,Stamford Bridge,Michael Oliver,/en/matches/59f9a78f/Chelsea-Leeds-United-March-4-2023-Premier-League,,59f9a78f
ENG-Premier League,2223,2023-03-04 Manchester City-Newcastle United,26,Sat,2023-03-04,12:30 (13:30),Manchester City,2–0,Newcastle United,53419,Etihad Stadium,Simon Hooper,/en/matches/b33bcb97/Manchester-City-Newcastle-United-March-4-2023-Premier-League,,b33bcb97
ENG-Premier League,2223,2023-03-04 Southampton-Leicester City,26,Sat,2023-03-04,17:30 (18:30),Southampton,1–0,Leicester City,30139,St. Mary's Stadium,Robert Jones,/en/matches/4d14422c/Southampton-Leicester-City-March-4-2023-Premier-League,,4d14422c
ENG-Premier League,2223,2023-03-04 Wolves-Tottenham Hotspur,26,Sat,2023-03-04,15:00 (16:00),Wolves,1–0,Tottenham Hotspur,31585,Molineux Stadium,Tim Robinson,/en/matches/bf4ac62d/Wolverhampton-Wanderers-Tottenham-Hotspur-March-4-2023-Premier-League,,bf4ac62d
ENG-Premier League,2223,2023-03-05 Liverpool-Manchester Utd,26,Sun,2023-03-05,16:30 (17:30),Liverpool,7–0,Manchester Utd,53001,Anfield,Andy Madley,/en/matches/756e8036/North-West-Derby-Liverpool-Manchester-United-March-5-2023-Premier-League,,756e8036
ENG-Premier League,2223,2023-03-05 Nottingham Forest-Everton,26,Sun,2023-03-05,14:00 (15:00),Nottingham Forest,2–2,Everton,29353,The City Ground,John Brooks,/en/matches/ec770341/Nottingham-Forest-Everton-March-5-2023-Premier-League,,ec770341
ENG-Premier League,2223,2023-03-06 Brentford-Fulham,26,Mon,2023-03-06,20:00 (21:00),Brentford,3–2,Fulham,17025,Brentford Community Stadium,Anthony Taylor,/en/matches/3dce3a24/Brentford-Fulham-March-6-2023-Premier-League,,3dce3a24
ENG-Premier League,2223,2023-03-11 Bournemouth-Liverpool,27,Sat,2023-03-11,12:30 (13:30),Bournemouth,1–0,Liverpool,10536,Vitality Stadium,John Brooks,/en/matches/d376dff8/Bournemouth-Liverpool-March-11-2023-Premier-League,,d376dff8
ENG-Premier League,2223,2023-03-11 Crystal Palace-Manchester City,27,Sat,2023-03-11,17:30 (18:30),Crystal Palace,0–1,Manchester City,25844,Selhurst Park,Robert Jones,/en/matches/d29fe1d9/Crystal-Palace-Manchester-City-March-11-2023-Premier-League,,d29fe1d9
ENG-Premier League,2223,2023-03-11 Everton-Brentford,27,Sat,2023-03-11,15:00 (16:00),Everton,1–0,Brentford,39274,Goodison Park,Simon Hooper,/en/matches/980f57d4/Everton-Brentford-March-11-2023-Premier-League,,980f57d4
ENG-Premier League,2223,2023-03-11 Leeds United-Brighton,27,Sat,2023-03-11,15:00 (16:00),Leeds United,2–2,Brighton,36471,Elland Road,Paul Tierney,/en/matches/3f653d6f/Leeds-United-Brighton-and-Hove-Albion-March-11-2023-Premier-League,,3f653d6f
ENG-Premier League,2223,2023-03-11 Leicester City-Chelsea,27,Sat,2023-03-11,15:00 (16:00),Leicester City,1–3,Chelsea,32170,King Power Stadium,Andre Marriner,/en/matches/bd5571a1/Leicester-City-Chelsea-March-11-2023-Premier-League,,bd5571a1
ENG-Premier League,2223,2023-03-11 Tottenham Hotspur-Nottingham Forest,27,Sat,2023-03-11,15:00 (16:00),Tottenham Hotspur,3–1,Nottingham Forest,61460,Tottenham Hotspur Stadium,Craig Pawson,/en/matches/d065f9cd/Tottenham-Hotspur-Nottingham-Forest-March-11-2023-Premier-League,,d065f9cd
ENG-Premier League,2223,2023-03-12 Fulham-Arsenal,27,Sun,2023-03-12,14:00 (15:00),Fulham,0–3,Arsenal,24426,Craven Cottage,David Coote,/en/matches/d238973c/Fulham-Arsenal-March-12-2023-Premier-League,,d238973c
ENG-Premier League,2223,2023-03-12 Manchester Utd-Southampton,27,Sun,2023-03-12,14:00 (15:00),Manchester Utd,0–0,Southampton,73439,Old Trafford,Anthony Taylor,/en/matches/9cd3ca2c/Manchester-United-Southampton-March-12-2023-Premier-League,,9cd3ca2c
ENG-Premier League,2223,2023-03-12 Newcastle United-Wolves,27,Sun,2023-03-12,16:30 (17:30),Newcastle United,2–1,Wolves,52240,St James' Park,Andy Madley,/en/matches/c416a3de/Newcastle-United-Wolverhampton-Wanderers-March-12-2023-Premier-League,,c416a3de
ENG-Premier League,2223,2023-03-12 West Ham United-Aston Villa,27,Sun,2023-03-12,14:00 (15:00),West Ham United,1–1,Aston Villa,62472,London Stadium,Chris Kavanagh,/en/matches/df6f054e/West-Ham-United-Aston-Villa-March-12-2023-Premier-League,,df6f054e
ENG-Premier League,2223,2023-03-15 Brighton-Crystal Palace,8,Wed,2023-03-15,19:30 (20:30),Brighton,1–0,Crystal Palace,30933,The American Express Community Stadium,Peter Bankes,/en/matches/d23a30cc/Brighton-and-Hove-Albion-Crystal-Palace-March-15-2023-Premier-League,,d23a30cc
ENG-Premier League,2223,2023-03-15 Southampton-Brentford,7,Wed,2023-03-15,19:30 (20:30),Southampton,0–2,Brentford,30438,St. Mary's Stadium,Michael Salisbury,/en/matches/a4202b5b/Southampton-Brentford-March-15-2023-Premier-League,,a4202b5b
ENG-Premier League,2223,2023-03-17 Nottingham Forest-Newcastle United,28,Fri,2023-03-17,20:00 (21:00),Nottingham Forest,1–2,Newcastle United,29362,The City Ground,Paul Tierney,/en/matches/5345049a/Nottingham-Forest-Newcastle-United-March-17-2023-Premier-League,,5345049a
ENG-Premier League,2223,2023-03-18 Aston Villa-Bournemouth,28,Sat,2023-03-18,15:00 (16:00),Aston Villa,3–0,Bournemouth,41021,Villa Park,Robert Jones,/en/matches/88981274/Aston-Villa-Bournemouth-March-18-2023-Premier-League,,88981274
ENG-Premier League,2223,2023-03-18 Brentford-Leicester City,28,Sat,2023-03-18,15:00 (16:00),Brentford,1–1,Leicester City,17006,Brentford Community Stadium,Darren Bond,/en/matches/7647948e/Brentford-Leicester-City-March-18-2023-Premier-League,,7647948e
ENG-Premier League,2223,2023-03-18 Chelsea-Everton,28,Sat,2023-03-18,17:30 (18:30),Chelsea,2–2,Everton,40025,Stamford Bridge,Darren England,/en/matches/9453dba7/Chelsea-Everton-March-18-2023-Premier-League,,9453dba7
ENG-Premier League,2223,2023-03-18 Southampton-Tottenham Hotspur,28,Sat,2023-03-18,15:00 (16:00),Southampton,3–3,Tottenham Hotspur,30157,St. Mary's Stadium,Simon Hooper,/en/matches/bd9ec55d/Southampton-Tottenham-Hotspur-March-18-2023-Premier-League,,bd9ec55d
ENG-Premier League,2223,2023-03-18 Wolves-Leeds United,28,Sat,2023-03-18,15:00 (16:00),Wolves,2–4,Leeds United,31570,Molineux Stadium,Michael Salisbury,/en/matches/3cb714a4/Wolverhampton-Wanderers-Leeds-United-March-18-2023-Premier-League,,3cb714a4
ENG-Premier League,2223,2023-03-19 Arsenal-Crystal Palace,28,Sun,2023-03-19,14:00 (15:00),Arsenal,4–1,Crystal Palace,60247,Emirates Stadium,Stuart Attwell,/en/matches/98e0de00/Arsenal-Crystal-Palace-March-19-2023-Premier-League,,98e0de00
ENG-Premier League,2223,2023-04-01 Arsenal-Leeds United,29,Sat,2023-04-01,15:00 (16:00),Arsenal,4–1,Leeds United,60283,Emirates Stadium,Darren England,/en/matches/2e4383ca/Arsenal-Leeds-United-April-1-2023-Premier-League,,2e4383ca
ENG-Premier League,2223,2023-04-01 Bournemouth-Fulham,29,Sat,2023-04-01,15:00 (16:00),Bournemouth,2–1,Fulham,10305,Vitality Stadium,Peter Bankes,/en/matches/f64320c3/Bournemouth-Fulham-April-1-2023-Premier-League,,f64320c3
ENG-Premier League,2223,2023-04-01 Brighton-Brentford,29,Sat,2023-04-01,15:00 (16:00),Brighton,3–3,Brentford,31493,The American Express Community Stadium,Michael Oliver,/en/matches/ead2251e/Brighton-and-Hove-Albion-Brentford-April-1-2023-Premier-League,,ead2251e
ENG-Premier League,2223,2023-04-01 Chelsea-Aston Villa,29,Sat,2023-04-01,17:30 (18:30),Chelsea,0–2,Aston Villa,40082,Stamford Bridge,Andy Madley,/en/matches/870fa8c9/Chelsea-Aston-Villa-April-1-2023-Premier-League,,870fa8c9
ENG-Premier League,2223,2023-04-01 Crystal Palace-Leicester City,29,Sat,2023-04-01,15:00 (16:00),Crystal Palace,2–1,Leicester City,25147,Selhurst Park,Tim Robinson,/en/matches/ee1878a0/Crystal-Palace-Leicester-City-April-1-2023-Premier-League,,ee1878a0
ENG-Premier League,2223,2023-04-01 Manchester City-Liverpool,29,Sat,2023-04-01,12:30 (13:30),Manchester City,4–1,Liverpool,52877,Etihad Stadium,Simon Hooper,/en/matches/40966f45/Manchester-City-Liverpool-April-1-2023-Premier-League,,40966f45
ENG-Premier League,2223,2023-04-01 Nottingham Forest-Wolves,29,Sat,2023-04-01,15:00 (16:00),Nottingham Forest,1–1,Wolves,29368,The City Ground,Chris Kavanagh,/en/matches/c14b278c/Nottingham-Forest-Wolverhampton-Wanderers-April-1-2023-Premier-League,,c14b278c
ENG-Premier League,2223,2023-04-02 Newcastle United-Manchester Utd,29,Sun,2023-04-02,16:30 (17:30),Newcastle United,2–0,Manchester Utd,52268,St James' Park,Stuart Attwell,/en/matches/1ed948f6/Newcastle-United-Manchester-United-April-2-2023-Premier-League,,1ed948f6
ENG-Premier League,2223,2023-04-02 West Ham United-Southampton,29,Sun,2023-04-02,14:00 (15:00),West Ham United,1–0,Southampton,62498,London Stadium,Paul Tierney,/en/matches/42e1f38d/West-Ham-United-Southampton-April-2-2023-Premier-League,,42e1f38d
ENG-Premier League,2223,2023-04-03 Everton-Tottenham Hotspur,29,Mon,2023-04-03,20:00 (21:00),Everton,1–1,Tottenham Hotspur,39294,Goodison Park,David Coote,/en/matches/c00d9a22/Everton-Tottenham-Hotspur-April-3-2023-Premier-League,,c00d9a22
ENG-Premier League,2223,2023-04-04 Bournemouth-Brighton,7,Tue,2023-04-04,19:45 (20:45),Bournemouth,0–2,Brighton,10266,Vitality Stadium,Darren Bond,/en/matches/95a97dc6/Bournemouth-Brighton-and-Hove-Albion-April-4-2023-Premier-League,,95a97dc6
ENG-Premier League,2223,2023-04-04 Chelsea-Liverpool,8,Tue,2023-04-04,20:00 (21:00),Chelsea,0–0,Liverpool,40093,Stamford Bridge,Anthony Taylor,/en/matches/1028e683/Chelsea-Liverpool-April-4-2023-Premier-League,,1028e683
ENG-Premier League,2223,2023-04-04 Leeds United-Nottingham Forest,7,Tue,2023-04-04,19:45 (20:45),Leeds United,2–1,Nottingham Forest,36740,Elland Road,Robert Jones,/en/matches/1251d1c0/Leeds-United-Nottingham-Forest-April-4-2023-Premier-League,,1251d1c0
ENG-Premier League,2223,2023-04-04 Leicester City-Aston Villa,7,Tue,2023-04-04,19:45 (20:45),Leicester City,1–2,Aston Villa,32087,King Power Stadium,Graham Scott,/en/matches/f213214b/Leicester-City-Aston-Villa-April-4-2023-Premier-League,,f213214b
ENG-Premier League,2223,2023-04-05 Manchester Utd-Brentford,25,Wed,2023-04-05,20:00 (21:00),Manchester Utd,1–0,Brentford,73309,Old Trafford,John Brooks,/en/matches/f3e6e475/Manchester-United-Brentford-April-5-2023-Premier-League,,f3e6e475
ENG-Premier League,2223,2023-04-05 West Ham United-Newcastle United,7,Wed,2023-04-05,20:00 (21:00),West Ham United,1–5,Newcastle United,62481,London Stadium,Craig Pawson,/en/matches/4a87012d/West-Ham-United-Newcastle-United-April-5-2023-Premier-League,,4a87012d
ENG-Premier League,2223,2023-04-08 Aston Villa-Nottingham Forest,30,Sat,2023-04-08,15:00 (16:00),Aston Villa,2–0,Nottingham Forest,42076,Villa Park,Anthony Taylor,/en/matches/68cd68fd/Aston-Villa-Nottingham-Forest-April-8-2023-Premier-League,,68cd68fd
ENG-Premier League,2223,2023-04-08 Brentford-Newcastle United,30,Sat,2023-04-08,15:00 (16:00),Brentford,1–2,Newcastle United,17107,Brentford Community Stadium,Chris Kavanagh,/en/matches/a5e78e89/Brentford-Newcastle-United-April-8-2023-Premier-League,,a5e78e89
ENG-Premier League,2223,2023-04-08 Fulham-West Ham United,30,Sat,2023-04-08,15:00 (16:00),Fulham,0–1,West Ham United,24491,Craven Cottage,Jarred Gillett,/en/matches/0ba42648/Fulham-West-Ham-United-April-8-2023-Premier-League,,0ba42648
ENG-Premier League,2223,2023-04-08 Leicester City-Bournemouth,30,Sat,2023-04-08,15:00 (16:00),Leicester City,0–1,Bournemouth,32094,King Power Stadium,David Coote,/en/matches/72ca7930/Leicester-City-Bournemouth-April-8-2023-Premier-League,,72ca7930
ENG-Premier League,2223,2023-04-08 Manchester Utd-Everton,30,Sat,2023-04-08,12:30 (13:30),Manchester Utd,2–0,Everton,73509,Old Trafford,Michael Oliver,/en/matches/e217ed2c/Manchester-United-Everton-April-8-2023-Premier-League,,e217ed2c
ENG-Premier League,2223,2023-04-08 Southampton-Manchester City,30,Sat,2023-04-08,17:30 (18:30),Southampton,1–4,Manchester City,30963,St. Mary's Stadium,Robert Jones,/en/matches/fb045117/Southampton-Manchester-City-April-8-2023-Premier-League,,fb045117
ENG-Premier League,2223,2023-04-08 Tottenham Hotspur-Brighton,30,Sat,2023-04-08,15:00 (16:00),Tottenham Hotspur,2–1,Brighton,61405,Tottenham Hotspur Stadium,Stuart Attwell,/en/matches/b3ad7bd4/Tottenham-Hotspur-Brighton-and-Hove-Albion-April-8-2023-Premier-League,,b3ad7bd4
ENG-Premier League,2223,2023-04-08 Wolves-Chelsea,30,Sat,2023-04-08,15:00 (16:00),Wolves,1–0,Chelsea,31614,Molineux Stadium,Peter Bankes,/en/matches/aa1fa8dc/Wolverhampton-Wanderers-Chelsea-April-8-2023-Premier-League,,aa1fa8dc
ENG-Premier League,2223,2023-04-09 Leeds United-Crystal Palace,30,Sun,2023-04-09,14:00 (15:00),Leeds United,1–5,Crystal Palace,36427,Elland Road,Simon Hooper,/en/matches/a1c39217/Leeds-United-Crystal-Palace-April-9-2023-Premier-League,,a1c39217
ENG-Premier League,2223,2023-04-09 Liverpool-Arsenal,30,Sun,2023-04-09,16:30 (17:30),Liverpool,2–2,Arsenal,53267,Anfield,Paul Tierney,/en/matches/f3774baa/Liverpool-Arsenal-April-9-2023-Premier-League,,f3774baa
ENG-Premier League,2223,2023-04-15 Aston Villa-Newcastle United,31,Sat,2023-04-15,12:30 (13:30),Aston Villa,3–0,Newcastle United,42055,Villa Park,John Brooks,/en/matches/7bbac622/Aston-Villa-Newcastle-United-April-15-2023-Premier-League,,7bbac622
ENG-Premier League,2223,2023-04-15 Chelsea-Brighton,31,Sat,2023-04-15,15:00 (16:00),Chelsea,1–2,Brighton,40126,Stamford Bridge,Robert Jones,/en/matches/18e7d354/Chelsea-Brighton-and-Hove-Albion-April-15-2023-Premier-League,,18e7d354
ENG-Premier League,2223,2023-04-15 Everton-Fulham,31,Sat,2023-04-15,15:00 (16:00),Everton,1–3,Fulham,39241,Goodison Park,Anthony Taylor,/en/matches/ecae749b/Everton-Fulham-April-15-2023-Premier-League,,ecae749b
ENG-Premier League,2223,2023-04-15 Manchester City-Leicester City,31,Sat,2023-04-15,17:30 (18:30),Manchester City,3–1,Leicester City,53329,Etihad Stadium,Darren England,/en/matches/ce8df388/Manchester-City-Leicester-City-April-15-2023-Premier-League,,ce8df388
ENG-Premier League,2223,2023-04-15 Southampton-Crystal Palace,31,Sat,2023-04-15,15:00 (16:00),Southampton,0–2,Crystal Palace,30309,St. Mary's Stadium,Michael Oliver,/en/matches/67f47a1b/Southampton-Crystal-Palace-April-15-2023-Premier-League,,67f47a1b
ENG-Premier League,2223,2023-04-15 Tottenham Hotspur-Bournemouth,31,Sat,2023-04-15,15:00 (16:00),Tottenham Hotspur,2–3,Bournemouth,61369,Tottenham Hotspur Stadium,Andy Madley,/en/matches/bfc49d95/Tottenham-Hotspur-Bournemouth-April-15-2023-Premier-League,,bfc49d95
ENG-Premier League,2223,2023-04-15 Wolves-Brentford,31,Sat,2023-04-15,15:00 (16:00),Wolves,2–0,Brentford,30769,Molineux Stadium,Paul Tierney,/en/matches/b2402736/Wolverhampton-Wanderers-Brentford-April-15-2023-Premier-League,,b2402736
ENG-Premier League,2223,2023-04-16 Nottingham Forest-Manchester Utd,31,Sun,2023-04-16,16:30 (17:30),Nottingham Forest,0–2,Manchester Utd,29435,The City Ground,Simon Hooper,/en/matches/4ca8f9f6/Nottingham-Forest-Manchester-United-April-16-2023-Premier-League,,4ca8f9f6
ENG-Premier League,2223,2023-04-16 West Ham United-Arsenal,31,Sun,2023-04-16,14:00 (15:00),West Ham United,2–2,Arsenal,62481,London Stadium,David Coote,/en/matches/3120ba0d/West-Ham-United-Arsenal-April-16-2023-Premier-League,,3120ba0d
ENG-Premier League,2223,2023-04-17 Leeds United-Liverpool,31,Mon,2023-04-17,20:00 (21:00),Leeds United,1–6,Liverpool,36657,Elland Road,Craig Pawson,/en/matches/fd3d05f5/Leeds-United-Liverpool-April-17-2023-Premier-League,,fd3d05f5
ENG-Premier League,2223,2023-04-21 Arsenal-Southampton,32,Fri,2023-04-21,20:00 (21:00),Arsenal,3–3,Southampton,60175,Emirates Stadium,Simon Hooper,/en/matches/12efc7dd/Arsenal-Southampton-April-21-2023-Premier-League,,12efc7dd
ENG-Premier League,2223,2023-04-22 Brentford-Aston Villa,32,Sat,2023-04-22,15:00 (16:00),Brentford,1–1,Aston Villa,17098,Brentford Community Stadium,Michael Salisbury,/en/matches/2b51686a/Brentford-Aston-Villa-April-22-2023-Premier-League,,2b51686a
ENG-Premier League,2223,2023-04-22 Crystal Palace-Everton,32,Sat,2023-04-22,15:00 (16:00),Crystal Palace,0–0,Everton,25202,Selhurst Park,John Brooks,/en/matches/25f6dcd1/Crystal-Palace-Everton-April-22-2023-Premier-League,,25f6dcd1
ENG-Premier League,2223,2023-04-22 Fulham-Leeds United,32,Sat,2023-04-22,12:30 (13:30),Fulham,2–1,Leeds United,24356,Craven Cottage,Peter Bankes,/en/matches/f2d8700d/Fulham-Leeds-United-April-22-2023-Premier-League,,f2d8700d
ENG-Premier League,2223,2023-04-22 Leicester City-Wolves,32,Sat,2023-04-22,15:00 (16:00),Leicester City,2–1,Wolves,32053,King Power Stadium,Andy Madley,/en/matches/b87e66b4/Leicester-City-Wolverhampton-Wanderers-April-22-2023-Premier-League,,b87e66b4
ENG-Premier League,2223,2023-04-22 Liverpool-Nottingham Forest,32,Sat,2023-04-22,15:00 (16:00),Liverpool,3–2,Nottingham Forest,53254,Anfield,Michael Oliver,/en/matches/99bfc321/Liverpool-Nottingham-Forest-April-22-2023-Premier-League,,99bfc321
ENG-Premier League,2223,2023-04-23 Bournemouth-West Ham United,32,Sun,2023-04-23,14:00 (15:00),Bournemouth,0–4,West Ham United,10465,Vitality Stadium,Anthony Taylor,/en/matches/3306d30f/Bournemouth-West-Ham-United-April-23-2023-Premier-League,,3306d30f
ENG-Premier League,2223,2023-04-23 Newcastle United-Tottenham Hotspur,32,Sun,2023-04-23,14:00 (15:00),Newcastle United,6–1,Tottenham Hotspur,52252,St James' Park,David Coote,/en/matches/dff22d13/Newcastle-United-Tottenham-Hotspur-April-23-2023-Premier-League,,dff22d13
ENG-Premier League,2223,2023-04-25 Aston Villa-Fulham,33,Tue,2023-04-25,19:45 (20:45),Aston Villa,1–0,Fulham,41046,Villa Park,Thomas Bramall,/en/matches/8b295a84/Aston-Villa-Fulham-April-25-2023-Premier-League,,8b295a84
ENG-Premier League,2223,2023-04-25 Leeds United-Leicester City,33,Tue,2023-04-25,20:00 (21:00),Leeds United,1–1,Leicester City,36666,Elland Road,Paul Tierney,/en/matches/56c70cf7/Leeds-United-Leicester-City-April-25-2023-Premier-League,,56c70cf7
ENG-Premier League,2223,2023-04-25 Wolves-Crystal Palace,33,Tue,2023-04-25,19:30 (20:30),Wolves,2–0,Crystal Palace,30294,Molineux Stadium,Robert Jones,/en/matches/825c78f1/Wolverhampton-Wanderers-Crystal-Palace-April-25-2023-Premier-League,,825c78f1
ENG-Premier League,2223,2023-04-26 Chelsea-Brentford,33,Wed,2023-04-26,19:45 (20:45),Chelsea,0–2,Brentford,39929,Stamford Bridge,Andy Madley,/en/matches/071b5820/Chelsea-Brentford-April-26-2023-Premier-League,,071b5820
ENG-Premier League,2223,2023-04-26 Manchester City-Arsenal,33,Wed,2023-04-26,20:00 (21:00),Manchester City,4–1,Arsenal,53482,Etihad Stadium,Michael Oliver,/en/matches/00a73645/Manchester-City-Arsenal-April-26-2023-Premier-League,,00a73645
ENG-Premier League,2223,2023-04-26 Nottingham Forest-Brighton,33,Wed,2023-04-26,19:30 (20:30),Nottingham Forest,3–1,Brighton,28808,The City Ground,Jarred Gillett,/en/matches/76db2de1/Nottingham-Forest-Brighton-and-Hove-Albion-April-26-2023-Premier-League,,76db2de1
ENG-Premier League,2223,2023-04-26 West Ham United-Liverpool,33,Wed,2023-04-26,19:45 (20:45),West Ham United,1–2,Liverpool,62473,London Stadium,Chris Kavanagh,/en/matches/f2f795ae/West-Ham-United-Liverpool-April-26-2023-Premier-League,,f2f795ae
ENG-Premier League,2223,2023-04-27 Everton-Newcastle United,33,Thu,2023-04-27,19:45 (20:45),Everton,1–4,Newcastle United,39248,Goodison Park,Andre Marriner,/en/matches/37a741a7/Everton-Newcastle-United-April-27-2023-Premier-League,,37a741a7
ENG-Premier League,2223,2023-04-27 Southampton-Bournemouth,33,Thu,2023-04-27,19:45 (20:45),Southampton,0–1,Bournemouth,30414,St. Mary's Stadium,Darren England,/en/matches/ccabe10f/Southampton-Bournemouth-April-27-2023-Premier-League,,ccabe10f
ENG-Premier League,2223,2023-04-27 Tottenham Hotspur-Manchester Utd,33,Thu,2023-04-27,20:15 (21:15),Tottenham Hotspur,2–2,Manchester Utd,61586,Tottenham Hotspur Stadium,Anthony Taylor,/en/matches/8c9a5c5c/Tottenham-Hotspur-Manchester-United-April-27-2023-Premier-League,,8c9a5c5c
ENG-Premier League,2223,2023-04-29 Brentford-Nottingham Forest,34,Sat,2023-04-29,15:00 (16:00),Brentford,2–1,Nottingham Forest,17080,Brentford Community Stadium,Peter Bankes,/en/matches/3aeacbaa/Brentford-Nottingham-Forest-April-29-2023-Premier-League,,3aeacbaa
ENG-Premier League,2223,2023-04-29 Brighton-Wolves,34,Sat,2023-04-29,15:00 (16:00),Brighton,6–0,Wolves,31584,The American Express Community Stadium,David Coote,/en/matches/21f920e0/Brighton-and-Hove-Albion-Wolverhampton-Wanderers-April-29-2023-Premier-League,,21f920e0
ENG-Premier League,2223,2023-04-29 Crystal Palace-West Ham United,34,Sat,2023-04-29,12:30 (13:30),Crystal Palace,4–3,West Ham United,25148,Selhurst Park,Craig Pawson,/en/matches/4ec72d3b/Crystal-Palace-West-Ham-United-April-29-2023-Premier-League,,4ec72d3b
ENG-Premier League,2223,2023-04-30 Bournemouth-Leeds United,34,Sun,2023-04-30,14:00 (15:00),Bournemouth,4–1,Leeds United,10434,Vitality Stadium,Chris Kavanagh,/en/matches/0b0733ce/Bournemouth-Leeds-United-April-30-2023-Premier-League,,0b0733ce
ENG-Premier League,2223,2023-04-30 Fulham-Manchester City,34,Sun,2023-04-30,14:00 (15:00),Fulham,1–2,Manchester City,24498,Craven Cottage,Simon Hooper,/en/matches/d4d0cb2a/Fulham-Manchester-City-April-30-2023-Premier-League,,d4d0cb2a
ENG-Premier League,2223,2023-04-30 Liverpool-Tottenham Hotspur,34,Sun,2023-04-30,16:30 (17:30),Liverpool,4–3,Tottenham Hotspur,53275,Anfield,Paul Tierney,/en/matches/e07267b3/Liverpool-Tottenham-Hotspur-April-30-2023-Premier-League,,e07267b3
ENG-Premier League,2223,2023-04-30 Manchester Utd-Aston Villa,34,Sun,2023-04-30,14:00 (15:00),Manchester Utd,1–0,Aston Villa,73592,Old Trafford,Jarred Gillett,/en/matches/08607696/Manchester-United-Aston-Villa-April-30-2023-Premier-League,,08607696
ENG-Premier League,2223,2023-04-30 Newcastle United-Southampton,34,Sun,2023-04-30,14:00 (15:00),Newcastle United,3–1,Southampton,52234,St James' Park,Anthony Taylor,/en/matches/b16063b6/Newcastle-United-Southampton-April-30-2023-Premier-League,,b16063b6
ENG-Premier League,2223,2023-05-01 Leicester City-Everton,34,Mon,2023-05-01,20:00 (21:00),Leicester City,2–2,Everton,32173,King Power Stadium,Michael Oliver,/en/matches/95d2cc61/Leicester-City-Everton-May-1-2023-Premier-League,,95d2cc61
ENG-Premier League,2223,2023-05-02 Arsenal-Chelsea,34,Tue,2023-05-02,20:00 (21:00),Arsenal,3–1,Chelsea,60144,Emirates Stadium,Robert Jones,/en/matches/2d551ff5/North-West-London-Derby-Arsenal-Chelsea-May-2-2023-Premier-League,,2d551ff5
ENG-Premier League,2223,2023-05-03 Liverpool-Fulham,28,Wed,2023-05-03,20:00 (21:00),Liverpool,1–0,Fulham,52602,Anfield,Stuart Attwell,/en/matches/24fb8eca/Liverpool-Fulham-May-3-2023-Premier-League,,24fb8eca
ENG-Premier League,2223,2023-05-03 Manchester City-West Ham United,28,Wed,2023-05-03,20:00 (21:00),Manchester City,3–0,West Ham United,53305,Etihad Stadium,John Brooks,/en/matches/fccab6ff/Manchester-City-West-Ham-United-May-3-2023-Premier-League,,fccab6ff
ENG-Premier League,2223,2023-05-04 Brighton-Manchester Utd,28,Thu,2023-05-04,20:00 (21:00),Brighton,1–0,Manchester Utd,31577,The American Express Community Stadium,Andre Marriner,/en/matches/16209587/Brighton-and-Hove-Albion-Manchester-United-May-4-2023-Premier-League,,16209587
ENG-Premier League,2223,2023-05-06 Bournemouth-Chelsea,35,Sat,2023-05-06,15:00 (16:00),Bournemouth,1–3,Chelsea,10357,Vitality Stadium,John Brooks,/en/matches/6116824f/Bournemouth-Chelsea-May-6-2023-Premier-League,,6116824f
ENG-Premier League,2223,2023-05-06 Liverpool-Brentford,35,Sat,2023-05-06,17:30 (18:30),Liverpool,1–0,Brentford,52838,Anfield,Anthony Taylor,/en/matches/6e2d1c8c/Liverpool-Brentford-May-6-2023-Premier-League,,6e2d1c8c
ENG-Premier League,2223,2023-05-06 Manchester City-Leeds United,35,Sat,2023-05-06,15:00 (16:00),Manchester City,2–1,Leeds United,53406,Etihad Stadium,Andy Madley,/en/matches/7ee695ea/Manchester-City-Leeds-United-May-6-2023-Premier-League,,7ee695ea
ENG-Premier League,2223,2023-05-06 Tottenham Hotspur-Crystal Palace,35,Sat,2023-05-06,15:00 (16:00),Tottenham Hotspur,1–0,Crystal Palace,61093,Tottenham Hotspur Stadium,Darren England,/en/matches/0f1e1478/Tottenham-Hotspur-Crystal-Palace-May-6-2023-Premier-League,,0f1e1478
ENG-Premier League,2223,2023-05-06 Wolves-Aston Villa,35,Sat,2023-05-06,15:00 (16:00),Wolves,1–0,Aston Villa,31641,Molineux Stadium,Stuart Attwell,/en/matches/217a7faf/Wolverhampton-Wanderers-Aston-Villa-May-6-2023-Premier-League,,217a7faf
ENG-Premier League,2223,2023-05-07 Newcastle United-Arsenal,35,Sun,2023-05-07,16:30 (17:30),Newcastle United,0–2,Arsenal,50267,St James' Park,Chris Kavanagh,/en/matches/9bb3a778/Newcastle-United-Arsenal-May-7-2023-Premier-League,,9bb3a778
ENG-Premier League,2223,2023-05-07 West Ham United-Manchester Utd,35,Sun,2023-05-07,19:00 (20:00),West Ham United,1–0,Manchester Utd,62477,London Stadium,Peter Bankes,/en/matches/98f0c145/West-Ham-United-Manchester-United-May-7-2023-Premier-League,,98f0c145
ENG-Premier League,2223,2023-05-08 Brighton-Everton,35,Mon,2023-05-08,17:30 (18:30),Brighton,1–5,Everton,31567,The American Express Community Stadium,Simon Hooper,/en/matches/bf8d9047/Brighton-and-Hove-Albion-Everton-May-8-2023-Premier-League,,bf8d9047
ENG-Premier League,2223,2023-05-08 Fulham-Leicester City,35,Mon,2023-05-08,15:00 (16:00),Fulham,5–3,Leicester City,24442,Craven Cottage,Robert Jones,/en/matches/9a5efecc/Fulham-Leicester-City-May-8-2023-Premier-League,,9a5efecc
ENG-Premier League,2223,2023-05-08 Nottingham Forest-Southampton,35,Mon,2023-05-08,20:00 (21:00),Nottingham Forest,4–3,Southampton,29154,The City Ground,Michael Oliver,/en/matches/23e7953f/Nottingham-Forest-Southampton-May-8-2023-Premier-League,,23e7953f
ENG-Premier League,2223,2023-05-13 Aston Villa-Tottenham Hotspur,36,Sat,2023-05-13,15:00 (16:00),Aston Villa,2–1,Tottenham Hotspur,42164,Villa Park,Peter Bankes,/en/matches/362514ee/Aston-Villa-Tottenham-Hotspur-May-13-2023-Premier-League,,362514ee
ENG-Premier League,2223,2023-05-13 Chelsea-Nottingham Forest,36,Sat,2023-05-13,15:00 (16:00),Chelsea,2–2,Nottingham Forest,40030,Stamford Bridge,Paul Tierney,/en/matches/96ab0b45/Chelsea-Nottingham-Forest-May-13-2023-Premier-League,,96ab0b45
ENG-Premier League,2223,2023-05-13 Crystal Palace-Bournemouth,36,Sat,2023-05-13,15:00 (16:00),Crystal Palace,2–0,Bournemouth,25034,Selhurst Park,Michael Salisbury,/en/matches/a4ffd11f/Crystal-Palace-Bournemouth-May-13-2023-Premier-League,,a4ffd11f
ENG-Premier League,2223,2023-05-13 Leeds United-Newcastle United,36,Sat,2023-05-13,12:30 (13:30),Leeds United,2–2,Newcastle United,36955,Elland Road,Simon Hooper,/en/matches/d63581e0/Leeds-United-Newcastle-United-May-13-2023-Premier-League,,d63581e0
ENG-Premier League,2223,2023-05-13 Manchester Utd-Wolves,36,Sat,2023-05-13,15:00 (16:00),Manchester Utd,2–0,Wolves,73570,Old Trafford,John Brooks,/en/matches/f5d61382/Manchester-United-Wolverhampton-Wanderers-May-13-2023-Premier-League,,f5d61382
ENG-Premier League,2223,2023-05-13 Southampton-Fulham,36,Sat,2023-05-13,15:00 (16:00),Southampton,0–2,Fulham,28978,St. Mary's Stadium,Thomas Bramall,/en/matches/e05f67be/Southampton-Fulham-May-13-2023-Premier-League,,e05f67be
ENG-Premier League,2223,2023-05-14 Arsenal-Brighton,36,Sun,2023-05-14,16:30 (17:30),Arsenal,0–3,Brighton,60139,Emirates Stadium,Andy Madley,/en/matches/dc6fb985/Arsenal-Brighton-and-Hove-Albion-May-14-2023-Premier-League,,dc6fb985
ENG-Premier League,2223,2023-05-14 Brentford-West Ham United,36,Sun,2023-05-14,14:00 (15:00),Brentford,2–0,West Ham United,17075,Brentford Community Stadium,Michael Oliver,/en/matches/9a41c925/Brentford-West-Ham-United-May-14-2023-Premier-League,,9a41c925
ENG-Premier League,2223,2023-05-14 Everton-Manchester City,36,Sun,2023-05-14,14:00 (15:00),Everton,0–3,Manchester City,39376,Goodison Park,Anthony Taylor,/en/matches/704aa0f3/Everton-Manchester-City-May-14-2023-Premier-League,,704aa0f3
ENG-Premier League,2223,2023-05-15 Leicester City-Liverpool,36,Mon,2023-05-15,20:00 (21:00),Leicester City,0–3,Liverpool,32225,King Power Stadium,Craig Pawson,/en/matches/7dd0fbd7/Leicester-City-Liverpool-May-15-2023-Premier-League,,7dd0fbd7
ENG-Premier League,2223,2023-05-18 Newcastle United-Brighton,25,Thu,2023-05-18,19:30 (20:30),Newcastle United,4–1,Brighton,52122,St James' Park,Robert Jones,/en/matches/e265430e/Newcastle-United-Brighton-and-Hove-Albion-May-18-2023-Premier-League,,e265430e
ENG-Premier League,2223,2023-05-20 Bournemouth-Manchester Utd,37,Sat,2023-05-20,15:00 (16:00),Bournemouth,0–1,Manchester Utd,10240,Vitality Stadium,Chris Kavanagh,/en/matches/ec496eca/Bournemouth-Manchester-United-May-20-2023-Premier-League,,ec496eca
ENG-Premier League,2223,2023-05-20 Fulham-Crystal Palace,37,Sat,2023-05-20,15:00 (16:00),Fulham,2–2,Crystal Palace,24356,Craven Cottage,Joshua Smith,/en/matches/844f2c37/Fulham-Crystal-Palace-May-20-2023-Premier-League,,844f2c37
ENG-Premier League,2223,2023-05-20 Liverpool-Aston Villa,37,Sat,2023-05-20,15:00 (16:00),Liverpool,1–1,Aston Villa,53306,Anfield,John Brooks,/en/matches/72646bde/Liverpool-Aston-Villa-May-20-2023-Premier-League,,72646bde
ENG-Premier League,2223,2023-05-20 Nottingham Forest-Arsenal,37,Sat,2023-05-20,17:30 (18:30),Nottingham Forest,1–0,Arsenal,29514,The City Ground,Anthony Taylor,/en/matches/9a2ea2b3/Nottingham-Forest-Arsenal-May-20-2023-Premier-League,,9a2ea2b3
ENG-Premier League,2223,2023-05-20 Tottenham Hotspur-Brentford,37,Sat,2023-05-20,12:30 (13:30),Tottenham Hotspur,1–3,Brentford,61514,Tottenham Hotspur Stadium,Jarred Gillett,/en/matches/28ebbaf2/Tottenham-Hotspur-Brentford-May-20-2023-Premier-League,,28ebbaf2
ENG-Premier League,2223,2023-05-20 Wolves-Everton,37,Sat,2023-05-20,15:00 (16:00),Wolves,1–1,Everton,31684,Molineux Stadium,David Coote,/en/matches/ff2b58c3/Wolverhampton-Wanderers-Everton-May-20-2023-Premier-League,,ff2b58c3
ENG-Premier League,2223,2023-05-21 Brighton-Southampton,37,Sun,2023-05-21,14:00 (15:00),Brighton,3–1,Southampton,31507,The American Express Community Stadium,Paul Tierney,/en/matches/017addef/Brighton-and-Hove-Albion-Southampton-May-21-2023-Premier-League,,017addef
ENG-Premier League,2223,2023-05-21 Manchester City-Chelsea,37,Sun,2023-05-21,16:00 (17:00),Manchester City,1–0,Chelsea,53490,Etihad Stadium,Michael Oliver,/en/matches/589e447b/Manchester-City-Chelsea-May-21-2023-Premier-League,,589e447b
ENG-Premier League,2223,2023-05-21 West Ham United-Leeds United,37,Sun,2023-05-21,13:30 (14:30),West Ham United,3–1,Leeds United,62478,London Stadium,Peter Bankes,/en/matches/0359c7d5/West-Ham-United-Leeds-United-May-21-2023-Premier-League,,0359c7d5
ENG-Premier League,2223,2023-05-22 Newcastle United-Leicester City,37,Mon,2023-05-22,20:00 (21:00),Newcastle United,0–0,Leicester City,52152,St James' Park,Andre Marriner,/en/matches/807863d8/Newcastle-United-Leicester-City-May-22-2023-Premier-League,,807863d8
ENG-Premier League,2223,2023-05-24 Brighton-Manchester City,32,Wed,2023-05-24,20:00 (21:00),Brighton,1–1,Manchester City,31388,The American Express Community Stadium,Simon Hooper,/en/matches/d4bee10d/Brighton-and-Hove-Albion-Manchester-City-May-24-2023-Premier-League,,d4bee10d
ENG-Premier League,2223,2023-05-25 Manchester Utd-Chelsea,32,Thu,2023-05-25,20:00 (21:00),Manchester Utd,4–1,Chelsea,73561,Old Trafford,Stuart Attwell,/en/matches/d2f2263d/Manchester-United-Chelsea-May-25-2023-Premier-League,,d2f2263d
ENG-Premier League,2223,2023-05-28 Arsenal-Wolves,38,Sun,2023-05-28,16:30 (17:30),Arsenal,5–0,Wolves,60095,Emirates Stadium,Andre Marriner,/en/matches/71d5bd41/Arsenal-Wolverhampton-Wanderers-May-28-2023-Premier-League,,71d5bd41
ENG-Premier League,2223,2023-05-28 Aston Villa-Brighton,38,Sun,2023-05-28,16:30 (17:30),Aston Villa,2–1,Brighton,,Villa Park,David Coote,/en/matches/ac0e65e2/Aston-Villa-Brighton-and-Hove-Albion-May-28-2023-Premier-League,,ac0e65e2
ENG-Premier League,2223,2023-05-28 Brentford-Manchester City,38,Sun,2023-05-28,16:30 (17:30),Brentford,1–0,Manchester City,17120,Brentford Community Stadium,John Brooks,/en/matches/e7e969e9/Brentford-Manchester-City-May-28-2023-Premier-League,,e7e969e9
ENG-Premier League,2223,2023-05-28 Chelsea-Newcastle United,38,Sun,2023-05-28,16:30 (17:30),Chelsea,1–1,Newcastle United,40130,Stamford Bridge,Jarred Gillett,/en/matches/4f7b1a0d/Chelsea-Newcastle-United-May-28-2023-Premier-League,,4f7b1a0d
ENG-Premier League,2223,2023-05-28 Crystal Palace-Nottingham Forest,38,Sun,2023-05-28,16:30 (17:30),Crystal Palace,1–1,Nottingham Forest,25198,Selhurst Park,Thomas Bramall,/en/matches/181fd119/Crystal-Palace-Nottingham-Forest-May-28-2023-Premier-League,,181fd119
ENG-Premier League,2223,2023-05-28 Everton-Bournemouth,38,Sun,2023-05-28,16:30 (17:30),Everton,1–0,Bournemouth,39201,Goodison Park,Stuart Attwell,/en/matches/94de848f/Everton-Bournemouth-May-28-2023-Premier-League,,94de848f
ENG-Premier League,2223,2023-05-28 Leeds United-Tottenham Hotspur,38,Sun,2023-05-28,16:30 (17:30),Leeds United,1–4,Tottenham Hotspur,36871,Elland Road,Anthony Taylor,/en/matches/c9c73ddd/Leeds-United-Tottenham-Hotspur-May-28-2023-Premier-League,,c9c73ddd
ENG-Premier League,2223,2023-05-28 Leicester City-West Ham United,38,Sun,2023-05-28,16:30 (17:30),Leicester City,2–1,West Ham United,32183,King Power Stadium,Simon Hooper,/en/matches/a96c9915/Leicester-City-West-Ham-United-May-28-2023-Premier-League,,a96c9915
ENG-Premier League,2223,2023-05-28 Manchester Utd-Fulham,38,Sun,2023-05-28,16:30 (17:30),Manchester Utd,2–1,Fulham,73465,Old Trafford,Robert Jones,/en/matches/64823dc9/Manchester-United-Fulham-May-28-2023-Premier-League,,64823dc9
ENG-Premier League,2223,2023-05-28 Southampton-Liverpool,38,Sun,2023-05-28,16:30 (17:30),Southampton,4–4,Liverpool,31129,St. Mary's Stadium,Darren England,/en/matches/8e5c6ea7/Southampton-Liverpool-May-28-2023-Premier-League,,8e5c6ea7
ENG-Premier League,2324,2023-08-11 Burnley-Manchester City,1,Fri,2023-08-11,20:00 (21:00),Burnley,0–3,Manchester City,21572,Turf Moor,Craig Pawson,/en/matches/3a6836b4/Burnley-Manchester-City-August-11-2023-Premier-League,,3a6836b4
ENG-Premier League,2324,2023-08-12 Arsenal-Nottingham Forest,1,Sat,2023-08-12,12:30 (13:30),Arsenal,2–1,Nottingham Forest,59984,Emirates Stadium,Michael Oliver,/en/matches/26a7f90c/Arsenal-Nottingham-Forest-August-12-2023-Premier-League,,26a7f90c
ENG-Premier League,2324,2023-08-12 Bournemouth-West Ham United,1,Sat,2023-08-12,15:00 (16:00),Bournemouth,1–1,West Ham United,11245,Vitality Stadium,Peter Bankes,/en/matches/d6bbf293/Bournemouth-West-Ham-United-August-12-2023-Premier-League,,d6bbf293
ENG-Premier League,2324,2023-08-12 Brighton-Luton Town,1,Sat,2023-08-12,15:00 (16:00),Brighton,4–1,Luton Town,31872,The American Express Community Stadium,David Coote,/en/matches/56a137f7/Brighton-and-Hove-Albion-Luton-Town-August-12-2023-Premier-League,,56a137f7
ENG-Premier League,2324,2023-08-12 Everton-Fulham,1,Sat,2023-08-12,15:00 (16:00),Everton,0–1,Fulham,39940,Goodison Park,Stuart Attwell,/en/matches/15addfc7/Everton-Fulham-August-12-2023-Premier-League,,15addfc7
ENG-Premier League,2324,2023-08-12 Newcastle United-Aston Villa,1,Sat,2023-08-12,17:30 (18:30),Newcastle United,5–1,Aston Villa,52207,St James' Park,Andy Madley,/en/matches/8ff2f8fe/Newcastle-United-Aston-Villa-August-12-2023-Premier-League,,8ff2f8fe
ENG-Premier League,2324,2023-08-12 Sheffield United-Crystal Palace,1,Sat,2023-08-12,15:00 (16:00),Sheffield United,0–1,Crystal Palace,31194,Bramall Lane,John Brooks,/en/matches/55fd92c7/Sheffield-United-Crystal-Palace-August-12-2023-Premier-League,,55fd92c7
ENG-Premier League,2324,2023-08-13 Brentford-Tottenham Hotspur,1,Sun,2023-08-13,14:00 (15:00),Brentford,2–2,Tottenham Hotspur,17066,Gtech Community Stadium,Robert Jones,/en/matches/67ed3ba2/Brentford-Tottenham-Hotspur-August-13-2023-Premier-League,,67ed3ba2
ENG-Premier League,2324,2023-08-13 Chelsea-Liverpool,1,Sun,2023-08-13,16:30 (17:30),Chelsea,1–1,Liverpool,40096,Stamford Bridge,Anthony Taylor,/en/matches/c18d3207/Chelsea-Liverpool-August-13-2023-Premier-League,,c18d3207
ENG-Premier League,2324,2023-08-14 Manchester Utd-Wolves,1,Mon,2023-08-14,20:00 (21:00),Manchester Utd,1–0,Wolves,73358,Old Trafford,Simon Hooper,/en/matches/f1ecda2c/Manchester-United-Wolverhampton-Wanderers-August-14-2023-Premier-League,,f1ecda2c
ENG-Premier League,2324,2023-08-18 Nottingham Forest-Sheffield United,2,Fri,2023-08-18,19:45 (20:45),Nottingham Forest,2–1,Sheffield United,29432,The City Ground,Peter Bankes,/en/matches/a0a93f71/Nottingham-Forest-Sheffield-United-August-18-2023-Premier-League,,a0a93f71
ENG-Premier League,2324,2023-08-19 Fulham-Brentford,2,Sat,2023-08-19,15:00 (16:00),Fulham,0–3,Brentford,24236,Craven Cottage,Darren Bond,/en/matches/46be83af/Fulham-Brentford-August-19-2023-Premier-League,,46be83af
ENG-Premier League,2324,2023-08-19 Liverpool-Bournemouth,2,Sat,2023-08-19,15:00 (16:00),Liverpool,3–1,Bournemouth,53145,Anfield,Thomas Bramall,/en/matches/80bebdbb/Liverpool-Bournemouth-August-19-2023-Premier-League,,80bebdbb
ENG-Premier League,2324,2023-08-19 Manchester City-Newcastle United,2,Sat,2023-08-19,20:00 (21:00),Manchester City,1–0,Newcastle United,53419,Etihad Stadium,Robert Jones,/en/matches/0b8f50a5/Manchester-City-Newcastle-United-August-19-2023-Premier-League,,0b8f50a5
ENG-Premier League,2324,2023-08-19 Tottenham Hotspur-Manchester Utd,2,Sat,2023-08-19,17:30 (18:30),Tottenham Hotspur,2–0,Manchester Utd,61910,Tottenham Hotspur Stadium,Michael Oliver,/en/matches/4bb62251/Tottenham-Hotspur-Manchester-United-August-19-2023-Premier-League,,4bb62251
ENG-Premier League,2324,2023-08-19 Wolves-Brighton,2,Sat,2023-08-19,15:00 (16:00),Wolves,1–4,Brighton,31317,Molineux Stadium,Andy Madley,/en/matches/d7c606ec/Wolverhampton-Wanderers-Brighton-and-Hove-Albion-August-19-2023-Premier-League,,d7c606ec
ENG-Premier League,2324,2023-08-20 Aston Villa-Everton,2,Sun,2023-08-20,14:00 (15:00),Aston Villa,4–0,Everton,41694,Villa Park,Anthony Taylor,/en/matches/959b558d/Aston-Villa-Everton-August-20-2023-Premier-League,,959b558d
ENG-Premier League,2324,2023-08-20 West Ham United-Chelsea,2,Sun,2023-08-20,16:30 (17:30),West Ham United,3–1,Chelsea,62451,London Stadium,John Brooks,/en/matches/44b9a07c/West-Ham-United-Chelsea-August-20-2023-Premier-League,,44b9a07c
ENG-Premier League,2324,2023-08-21 Crystal Palace-Arsenal,2,Mon,2023-08-21,20:00 (21:00),Crystal Palace,0–1,Arsenal,24189,Selhurst Park,David Coote,/en/matches/3b5ecd36/Crystal-Palace-Arsenal-August-21-2023-Premier-League,,3b5ecd36
ENG-Premier League,2324,2023-08-25 Chelsea-Luton Town,3,Fri,2023-08-25,20:00 (21:00),Chelsea,3–0,Luton Town,39893,Stamford Bridge,Robert Jones,/en/matches/6bfb9dc0/Chelsea-Luton-Town-August-25-2023-Premier-League,,6bfb9dc0
ENG-Premier League,2324,2023-08-26 Arsenal-Fulham,3,Sat,2023-08-26,15:00 (16:00),Arsenal,2–2,Fulham,59961,Emirates Stadium,Paul Tierney,/en/matches/d8f8f8ad/Arsenal-Fulham-August-26-2023-Premier-League,,d8f8f8ad
ENG-Premier League,2324,2023-08-26 Bournemouth-Tottenham Hotspur,3,Sat,2023-08-26,12:30 (13:30),Bournemouth,0–2,Tottenham Hotspur,10567,Vitality Stadium,Tim Robinson,/en/matches/f49c4ad2/Bournemouth-Tottenham-Hotspur-August-26-2023-Premier-League,,f49c4ad2
ENG-Premier League,2324,2023-08-26 Brentford-Crystal Palace,3,Sat,2023-08-26,15:00 (16:00),Brentford,1–1,Crystal Palace,16997,Gtech Community Stadium,Peter Bankes,/en/matches/537b2b0b/Brentford-Crystal-Palace-August-26-2023-Premier-League,,537b2b0b
ENG-Premier League,2324,2023-08-26 Brighton-West Ham United,3,Sat,2023-08-26,17:30 (18:30),Brighton,1–3,West Ham United,31508,The American Express Community Stadium,Anthony Taylor,/en/matches/ba68d60c/Brighton-and-Hove-Albion-West-Ham-United-August-26-2023-Premier-League,,ba68d60c
ENG-Premier League,2324,2023-08-26 Everton-Wolves,3,Sat,2023-08-26,15:00 (16:00),Everton,0–1,Wolves,38851,Goodison Park,Craig Pawson,/en/matches/18dfee28/Everton-Wolverhampton-Wanderers-August-26-2023-Premier-League,,18dfee28
ENG-Premier League,2324,2023-08-26 Manchester Utd-Nottingham Forest,3,Sat,2023-08-26,15:00 (16:00),Manchester Utd,3–2,Nottingham Forest,73595,Old Trafford,Stuart Attwell,/en/matches/70d9b1ab/Manchester-United-Nottingham-Forest-August-26-2023-Premier-League,,70d9b1ab
ENG-Premier League,2324,2023-08-27 Burnley-Aston Villa,3,Sun,2023-08-27,14:00 (15:00),Burnley,1–3,Aston Villa,21591,Turf Moor,Michael Salisbury,/en/matches/b66a7def/Burnley-Aston-Villa-August-27-2023-Premier-League,,b66a7def
ENG-Premier League,2324,2023-08-27 Newcastle United-Liverpool,3,Sun,2023-08-27,16:30 (17:30),Newcastle United,1–2,Liverpool,52214,St James' Park,John Brooks,/en/matches/b31156ab/Newcastle-United-Liverpool-August-27-2023-Premier-League,,b31156ab
ENG-Premier League,2324,2023-08-27 Sheffield United-Manchester City,3,Sun,2023-08-27,14:00 (15:00),Sheffield United,1–2,Manchester City,31336,Bramall Lane,Jarred Gillett,/en/matches/0844ff10/Sheffield-United-Manchester-City-August-27-2023-Premier-League,,0844ff10
ENG-Premier League,2324,2023-09-01 Luton Town-West Ham United,4,Fri,2023-09-01,20:00 (21:00),Luton Town,1–2,West Ham United,10802,Kenilworth Road Stadium,Paul Tierney,/en/matches/e929e225/Luton-Town-West-Ham-United-September-1-2023-Premier-League,,e929e225
ENG-Premier League,2324,2023-09-02 Brentford-Bournemouth,4,Sat,2023-09-02,15:00 (16:00),Brentford,2–2,Bournemouth,16973,Gtech Community Stadium,Robert Madley,/en/matches/e2946b10/Brentford-Bournemouth-September-2-2023-Premier-League,,e2946b10
ENG-Premier League,2324,2023-09-02 Brighton-Newcastle United,4,Sat,2023-09-02,17:30 (18:30),Brighton,3–1,Newcastle United,31620,The American Express Community Stadium,Stuart Attwell,/en/matches/4f754e0a/Brighton-and-Hove-Albion-Newcastle-United-September-2-2023-Premier-League,,4f754e0a
ENG-Premier League,2324,2023-09-02 Burnley-Tottenham Hotspur,4,Sat,2023-09-02,15:00 (16:00),Burnley,2–5,Tottenham Hotspur,21750,Turf Moor,Darren England,/en/matches/f1786fb8/Burnley-Tottenham-Hotspur-September-2-2023-Premier-League,,f1786fb8
ENG-Premier League,2324,2023-09-02 Chelsea-Nottingham Forest,4,Sat,2023-09-02,15:00 (16:00),Chelsea,0–1,Nottingham Forest,39820,Stamford Bridge,Tim Robinson,/en/matches/44e89d37/Chelsea-Nottingham-Forest-September-2-2023-Premier-League,,44e89d37
ENG-Premier League,2324,2023-09-02 Manchester City-Fulham,4,Sat,2023-09-02,15:00 (16:00),Manchester City,5–1,Fulham,52899,Etihad Stadium,Michael Oliver,/en/matches/88066bdf/Manchester-City-Fulham-September-2-2023-Premier-League,,88066bdf
ENG-Premier League,2324,2023-09-02 Sheffield United-Everton,4,Sat,2023-09-02,12:30 (13:30),Sheffield United,2–2,Everton,31124,Bramall Lane,Andy Madley,/en/matches/87b46bb9/Sheffield-United-Everton-September-2-2023-Premier-League,,87b46bb9
ENG-Premier League,2324,2023-09-03 Arsenal-Manchester Utd,4,Sun,2023-09-03,16:30 (17:30),Arsenal,3–1,Manchester Utd,60192,Emirates Stadium,Anthony Taylor,/en/matches/74125d47/Arsenal-Manchester-United-September-3-2023-Premier-League,,74125d47
ENG-Premier League,2324,2023-09-03 Crystal Palace-Wolves,4,Sun,2023-09-03,14:00 (15:00),Crystal Palace,3–2,Wolves,24741,Selhurst Park,Robert Jones,/en/matches/f9436d32/Crystal-Palace-Wolverhampton-Wanderers-September-3-2023-Premier-League,,f9436d32
ENG-Premier League,2324,2023-09-03 Liverpool-Aston Villa,4,Sun,2023-09-03,14:00 (15:00),Liverpool,3–0,Aston Villa,50109,Anfield,Simon Hooper,/en/matches/bdbc722e/Liverpool-Aston-Villa-September-3-2023-Premier-League,,bdbc722e
ENG-Premier League,2324,2023-09-16 Aston Villa-Crystal Palace,5,Sat,2023-09-16,15:00 (16:00),Aston Villa,3–1,Crystal Palace,40809,Villa Park,Darren England,/en/matches/bc77340e/Aston-Villa-Crystal-Palace-September-16-2023-Premier-League,,bc77340e
ENG-Premier League,2324,2023-09-16 Fulham-Luton Town,5,Sat,2023-09-16,15:00 (16:00),Fulham,1–0,Luton Town,24467,Craven Cottage,Michael Salisbury,/en/matches/48b1bdc7/Fulham-Luton-Town-September-16-2023-Premier-League,,48b1bdc7
ENG-Premier League,2324,2023-09-16 Manchester Utd-Brighton,5,Sat,2023-09-16,15:00 (16:00),Manchester Utd,1–3,Brighton,73592,Old Trafford,Jarred Gillett,/en/matches/ddcf2857/Manchester-United-Brighton-and-Hove-Albion-September-16-2023-Premier-League,,ddcf2857
ENG-Premier League,2324,2023-09-16 Newcastle United-Brentford,5,Sat,2023-09-16,17:30 (18:30),Newcastle United,1–0,Brentford,51670,St James' Park,Craig Pawson,/en/matches/71b7e5e2/Newcastle-United-Brentford-September-16-2023-Premier-League,,71b7e5e2
ENG-Premier League,2324,2023-09-16 Tottenham Hotspur-Sheffield United,5,Sat,2023-09-16,15:00 (16:00),Tottenham Hotspur,2–1,Sheffield United,61706,Tottenham Hotspur Stadium,Peter Bankes,/en/matches/e56e96e1/Tottenham-Hotspur-Sheffield-United-September-16-2023-Premier-League,,e56e96e1
ENG-Premier League,2324,2023-09-16 West Ham United-Manchester City,5,Sat,2023-09-16,15:00 (16:00),West Ham United,1–3,Manchester City,62475,London Stadium,Andy Madley,/en/matches/64c0a6e2/West-Ham-United-Manchester-City-September-16-2023-Premier-League,,64c0a6e2
ENG-Premier League,2324,2023-09-16 Wolves-Liverpool,5,Sat,2023-09-16,12:30 (13:30),Wolves,1–3,Liverpool,31257,Molineux Stadium,Michael Oliver,/en/matches/38daebd2/Wolverhampton-Wanderers-Liverpool-September-16-2023-Premier-League,,38daebd2
ENG-Premier League,2324,2023-09-17 Bournemouth-Chelsea,5,Sun,2023-09-17,14:00 (15:00),Bournemouth,0–0,Chelsea,10421,Vitality Stadium,David Coote,/en/matches/be0cbf88/Bournemouth-Chelsea-September-17-2023-Premier-League,,be0cbf88
ENG-Premier League,2324,2023-09-17 Everton-Arsenal,5,Sun,2023-09-17,16:30 (17:30),Everton,0–1,Arsenal,39217,Goodison Park,Simon Hooper,/en/matches/b1278924/Everton-Arsenal-September-17-2023-Premier-League,,b1278924
ENG-Premier League,2324,2023-09-18 Nottingham Forest-Burnley,5,Mon,2023-09-18,19:45 (20:45),Nottingham Forest,1–1,Burnley,28958,The City Ground,Robert Jones,/en/matches/ad7ecfad/Nottingham-Forest-Burnley-September-18-2023-Premier-League,,ad7ecfad
ENG-Premier League,2324,2023-09-23 Brentford-Everton,6,Sat,2023-09-23,17:30 (18:30),Brentford,1–3,Everton,16981,Gtech Community Stadium,Michael Oliver,/en/matches/96681b93/Brentford-Everton-September-23-2023-Premier-League,,96681b93
ENG-Premier League,2324,2023-09-23 Burnley-Manchester Utd,6,Sat,2023-09-23,20:00 (21:00),Burnley,0–1,Manchester Utd,21593,Turf Moor,Tony Harrington,/en/matches/8e26793d/Burnley-Manchester-United-September-23-2023-Premier-League,,8e26793d
ENG-Premier League,2324,2023-09-23 Crystal Palace-Fulham,6,Sat,2023-09-23,15:00 (16:00),Crystal Palace,0–0,Fulham,25072,Selhurst Park,Paul Tierney,/en/matches/cf0b2b19/Crystal-Palace-Fulham-September-23-2023-Premier-League,,cf0b2b19
ENG-Premier League,2324,2023-09-23 Luton Town-Wolves,6,Sat,2023-09-23,15:00 (16:00),Luton Town,1–1,Wolves,10893,Kenilworth Road Stadium,Joshua Smith,/en/matches/76a1421e/Luton-Town-Wolverhampton-Wanderers-September-23-2023-Premier-League,,76a1421e
ENG-Premier League,2324,2023-09-23 Manchester City-Nottingham Forest,6,Sat,2023-09-23,15:00 (16:00),Manchester City,2–0,Nottingham Forest,53413,Etihad Stadium,Anthony Taylor,/en/matches/5dc7e234/Manchester-City-Nottingham-Forest-September-23-2023-Premier-League,,5dc7e234
ENG-Premier League,2324,2023-09-24 Arsenal-Tottenham Hotspur,6,Sun,2023-09-24,14:00 (15:00),Arsenal,2–2,Tottenham Hotspur,60156,Emirates Stadium,Robert Jones,/en/matches/08947a10/North-London-Derby-Arsenal-Tottenham-Hotspur-September-24-2023-Premier-League,,08947a10
ENG-Premier League,2324,2023-09-24 Brighton-Bournemouth,6,Sun,2023-09-24,14:00 (15:00),Brighton,3–1,Bournemouth,31617,The American Express Community Stadium,John Brooks,/en/matches/5593f16c/Brighton-and-Hove-Albion-Bournemouth-September-24-2023-Premier-League,,5593f16c
ENG-Premier League,2324,2023-09-24 Chelsea-Aston Villa,6,Sun,2023-09-24,14:00 (15:00),Chelsea,0–1,Aston Villa,39700,Stamford Bridge,Jarred Gillett,/en/matches/7d2c5e05/Chelsea-Aston-Villa-September-24-2023-Premier-League,,7d2c5e05
ENG-Premier League,2324,2023-09-24 Liverpool-West Ham United,6,Sun,2023-09-24,14:00 (15:00),Liverpool,3–1,West Ham United,50136,Anfield,Chris Kavanagh,/en/matches/90adf8b3/Liverpool-West-Ham-United-September-24-2023-Premier-League,,90adf8b3
ENG-Premier League,2324,2023-09-24 Sheffield United-Newcastle United,6,Sun,2023-09-24,16:30 (17:30),Sheffield United,0–8,Newcastle United,31127,Bramall Lane,Stuart Attwell,/en/matches/cf4fef85/Sheffield-United-Newcastle-United-September-24-2023-Premier-League,,cf4fef85
ENG-Premier League,2324,2023-09-30 Aston Villa-Brighton,7,Sat,2023-09-30,12:30 (13:30),Aston Villa,6–1,Brighton,40636,Villa Park,Andy Madley,/en/matches/2df9a3a1/Aston-Villa-Brighton-and-Hove-Albion-September-30-2023-Premier-League,,2df9a3a1
ENG-Premier League,2324,2023-09-30 Bournemouth-Arsenal,7,Sat,2023-09-30,15:00 (16:00),Bournemouth,0–4,Arsenal,11193,Vitality Stadium,Michael Salisbury,/en/matches/8de4aca0/Bournemouth-Arsenal-September-30-2023-Premier-League,,8de4aca0
ENG-Premier League,2324,2023-09-30 Everton-Luton Town,7,Sat,2023-09-30,15:00 (16:00),Everton,1–2,Luton Town,39289,Goodison Park,Anthony Taylor,/en/matches/921d5f17/Everton-Luton-Town-September-30-2023-Premier-League,,921d5f17
ENG-Premier League,2324,2023-09-30 Manchester Utd-Crystal Palace,7,Sat,2023-09-30,15:00 (16:00),Manchester Utd,0–1,Crystal Palace,73428,Old Trafford,Chris Kavanagh,/en/matches/ef2b7ab9/Manchester-United-Crystal-Palace-September-30-2023-Premier-League,,ef2b7ab9
ENG-Premier League,2324,2023-09-30 Newcastle United-Burnley,7,Sat,2023-09-30,15:00 (16:00),Newcastle United,2–0,Burnley,51687,St James' Park,Thomas Bramall,/en/matches/a79ff136/Newcastle-United-Burnley-September-30-2023-Premier-League,,a79ff136
ENG-Premier League,2324,2023-09-30 Tottenham Hotspur-Liverpool,7,Sat,2023-09-30,17:30 (18:30),Tottenham Hotspur,2–1,Liverpool,62001,Tottenham Hotspur Stadium,Simon Hooper,/en/matches/ec4145b4/Tottenham-Hotspur-Liverpool-September-30-2023-Premier-League,,ec4145b4
ENG-Premier League,2324,2023-09-30 West Ham United-Sheffield United,7,Sat,2023-09-30,15:00 (16:00),West Ham United,2–0,Sheffield United,62459,London Stadium,Graham Scott,/en/matches/b82be6d7/West-Ham-United-Sheffield-United-September-30-2023-Premier-League,,b82be6d7
ENG-Premier League,2324,2023-09-30 Wolves-Manchester City,7,Sat,2023-09-30,15:00 (16:00),Wolves,2–1,Manchester City,31415,Molineux Stadium,Craig Pawson,/en/matches/60ce29cd/Wolverhampton-Wanderers-Manchester-City-September-30-2023-Premier-League,,60ce29cd
ENG-Premier League,2324,2023-10-01 Nottingham Forest-Brentford,7,Sun,2023-10-01,14:00 (15:00),Nottingham Forest,1–1,Brentford,29004,The City Ground,Paul Tierney,/en/matches/923467c5/Nottingham-Forest-Brentford-October-1-2023-Premier-League,,923467c5
ENG-Premier League,2324,2023-10-02 Fulham-Chelsea,7,Mon,2023-10-02,20:00 (21:00),Fulham,0–2,Chelsea,24445,Craven Cottage,Tim Robinson,/en/matches/c9787e60/Fulham-Chelsea-October-2-2023-Premier-League,,c9787e60
ENG-Premier League,2324,2023-10-03 Luton Town-Burnley,2,Tue,2023-10-03,19:30 (20:30),Luton Town,1–2,Burnley,10918,Kenilworth Road Stadium,Peter Bankes,/en/matches/4f7b3f27/Luton-Town-Burnley-October-3-2023-Premier-League,,4f7b3f27
ENG-Premier League,2324,2023-10-07 Burnley-Chelsea,8,Sat,2023-10-07,15:00 (16:00),Burnley,1–4,Chelsea,21654,Turf Moor,Stuart Attwell,/en/matches/cfd83ca3/Burnley-Chelsea-October-7-2023-Premier-League,,cfd83ca3
ENG-Premier League,2324,2023-10-07 Crystal Palace-Nottingham Forest,8,Sat,2023-10-07,17:30 (18:30),Crystal Palace,0–0,Nottingham Forest,25017,Selhurst Park,Craig Pawson,/en/matches/1828106c/Crystal-Palace-Nottingham-Forest-October-7-2023-Premier-League,,1828106c
ENG-Premier League,2324,2023-10-07 Everton-Bournemouth,8,Sat,2023-10-07,15:00 (16:00),Everton,3–0,Bournemouth,38815,Goodison Park,David Coote,/en/matches/497b9558/Everton-Bournemouth-October-7-2023-Premier-League,,497b9558
ENG-Premier League,2324,2023-10-07 Fulham-Sheffield United,8,Sat,2023-10-07,15:00 (16:00),Fulham,3–1,Sheffield United,24361,Craven Cottage,Samuel Barrott,/en/matches/ffc59ea8/Fulham-Sheffield-United-October-7-2023-Premier-League,,ffc59ea8
ENG-Premier League,2324,2023-10-07 Luton Town-Tottenham Hotspur,8,Sat,2023-10-07,12:30 (13:30),Luton Town,0–1,Tottenham Hotspur,10290,Kenilworth Road Stadium,John Brooks,/en/matches/d021f28f/Luton-Town-Tottenham-Hotspur-October-7-2023-Premier-League,,d021f28f
ENG-Premier League,2324,2023-10-07 Manchester Utd-Brentford,8,Sat,2023-10-07,15:00 (16:00),Manchester Utd,2–1,Brentford,73453,Old Trafford,Andy Madley,/en/matches/5006142a/Manchester-United-Brentford-October-7-2023-Premier-League,,5006142a
ENG-Premier League,2324,2023-10-08 Arsenal-Manchester City,8,Sun,2023-10-08,16:30 (17:30),Arsenal,1–0,Manchester City,60233,Emirates Stadium,Michael Oliver,/en/matches/59cd18ae/Arsenal-Manchester-City-October-8-2023-Premier-League,,59cd18ae
ENG-Premier League,2324,2023-10-08 Brighton-Liverpool,8,Sun,2023-10-08,14:00 (15:00),Brighton,2–2,Liverpool,31752,The American Express Community Stadium,Anthony Taylor,/en/matches/3b1ec657/Brighton-and-Hove-Albion-Liverpool-October-8-2023-Premier-League,,3b1ec657
ENG-Premier League,2324,2023-10-08 West Ham United-Newcastle United,8,Sun,2023-10-08,14:00 (15:00),West Ham United,2–2,Newcastle United,62473,London Stadium,Peter Bankes,/en/matches/017c9ca5/West-Ham-United-Newcastle-United-October-8-2023-Premier-League,,017c9ca5
ENG-Premier League,2324,2023-10-08 Wolves-Aston Villa,8,Sun,2023-10-08,14:00 (15:00),Wolves,1–1,Aston Villa,31425,Molineux Stadium,Robert Jones,/en/matches/3292ed35/Wolverhampton-Wanderers-Aston-Villa-October-8-2023-Premier-League,,3292ed35
ENG-Premier League,2324,2023-10-21 Bournemouth-Wolves,9,Sat,2023-10-21,15:00 (16:00),Bournemouth,1–2,Wolves,11175,Vitality Stadium,Paul Tierney,/en/matches/007b352e/Bournemouth-Wolverhampton-Wanderers-October-21-2023-Premier-League,,007b352e
ENG-Premier League,2324,2023-10-21 Brentford-Burnley,9,Sat,2023-10-21,15:00 (16:00),Brentford,3–0,Burnley,17029,Gtech Community Stadium,Joshua Smith,/en/matches/52781f37/Brentford-Burnley-October-21-2023-Premier-League,,52781f37
ENG-Premier League,2324,2023-10-21 Chelsea-Arsenal,9,Sat,2023-10-21,17:30 (18:30),Chelsea,2–2,Arsenal,39723,Stamford Bridge,Chris Kavanagh,/en/matches/a1c336e2/North-West-London-Derby-Chelsea-Arsenal-October-21-2023-Premier-League,,a1c336e2
ENG-Premier League,2324,2023-10-21 Liverpool-Everton,9,Sat,2023-10-21,12:30 (13:30),Liverpool,2–0,Everton,50201,Anfield,Craig Pawson,/en/matches/e747ddb3/Merseyside-Derby-Liverpool-Everton-October-21-2023-Premier-League,,e747ddb3
ENG-Premier League,2324,2023-10-21 Manchester City-Brighton,9,Sat,2023-10-21,15:00 (16:00),Manchester City,2–1,Brighton,53466,Etihad Stadium,Robert Jones,/en/matches/b782a834/Manchester-City-Brighton-and-Hove-Albion-October-21-2023-Premier-League,,b782a834
ENG-Premier League,2324,2023-10-21 Newcastle United-Crystal Palace,9,Sat,2023-10-21,15:00 (16:00),Newcastle United,4–0,Crystal Palace,52189,St James' Park,Tim Robinson,/en/matches/21625dde/Newcastle-United-Crystal-Palace-October-21-2023-Premier-League,,21625dde
ENG-Premier League,2324,2023-10-21 Nottingham Forest-Luton Town,9,Sat,2023-10-21,15:00 (16:00),Nottingham Forest,2–2,Luton Town,29361,The City Ground,Samuel Barrott,/en/matches/d1671efa/Nottingham-Forest-Luton-Town-October-21-2023-Premier-League,,d1671efa
ENG-Premier League,2324,2023-10-21 Sheffield United-Manchester Utd,9,Sat,2023-10-21,20:00 (21:00),Sheffield United,1–2,Manchester Utd,31543,Bramall Lane,Michael Oliver,/en/matches/d95b42eb/Sheffield-United-Manchester-United-October-21-2023-Premier-League,,d95b42eb
ENG-Premier League,2324,2023-10-22 Aston Villa-West Ham United,9,Sun,2023-10-22,16:30 (17:30),Aston Villa,4–1,West Ham United,41734,Villa Park,David Coote,/en/matches/7efcc598/Aston-Villa-West-Ham-United-October-22-2023-Premier-League,,7efcc598
ENG-Premier League,2324,2023-10-23 Tottenham Hotspur-Fulham,9,Mon,2023-10-23,20:00 (21:00),Tottenham Hotspur,2–0,Fulham,61286,Tottenham Hotspur Stadium,Anthony Taylor,/en/matches/8c6293a3/Tottenham-Hotspur-Fulham-October-23-2023-Premier-League,,8c6293a3
ENG-Premier League,2324,2023-10-27 Crystal Palace-Tottenham Hotspur,10,Fri,2023-10-27,20:00 (21:00),Crystal Palace,1–2,Tottenham Hotspur,25074,Selhurst Park,Andy Madley,/en/matches/6b0aa474/Crystal-Palace-Tottenham-Hotspur-October-27-2023-Premier-League,,6b0aa474
ENG-Premier League,2324,2023-10-28 Arsenal-Sheffield United,10,Sat,2023-10-28,15:00 (16:00),Arsenal,5–0,Sheffield United,60153,Emirates Stadium,Tim Robinson,/en/matches/d498f918/Arsenal-Sheffield-United-October-28-2023-Premier-League,,d498f918
ENG-Premier League,2324,2023-10-28 Bournemouth-Burnley,10,Sat,2023-10-28,15:00 (16:00),Bournemouth,2–1,Burnley,11152,Vitality Stadium,Samuel Barrott,/en/matches/c4c42d3e/Bournemouth-Burnley-October-28-2023-Premier-League,,c4c42d3e
ENG-Premier League,2324,2023-10-28 Chelsea-Brentford,10,Sat,2023-10-28,12:30 (13:30),Chelsea,0–2,Brentford,39575,Stamford Bridge,Simon Hooper,/en/matches/91e3b922/Chelsea-Brentford-October-28-2023-Premier-League,,91e3b922
ENG-Premier League,2324,2023-10-28 Wolves-Newcastle United,10,Sat,2023-10-28,17:30 (18:30),Wolves,2–2,Newcastle United,31584,Molineux Stadium,Anthony Taylor,/en/matches/b84d060a/Wolverhampton-Wanderers-Newcastle-United-October-28-2023-Premier-League,,b84d060a
ENG-Premier League,2324,2023-10-29 Aston Villa-Luton Town,10,Sun,2023-10-29,14:00 (15:00),Aston Villa,3–1,Luton Town,41785,Villa Park,John Brooks,/en/matches/ee677172/Aston-Villa-Luton-Town-October-29-2023-Premier-League,,ee677172
ENG-Premier League,2324,2023-10-29 Brighton-Fulham,10,Sun,2023-10-29,14:00 (15:00),Brighton,1–1,Fulham,31550,The American Express Community Stadium,Michael Salisbury,/en/matches/a0c422e9/Brighton-and-Hove-Albion-Fulham-October-29-2023-Premier-League,,a0c422e9
ENG-Premier League,2324,2023-10-29 Liverpool-Nottingham Forest,10,Sun,2023-10-29,14:00 (15:00),Liverpool,3–0,Nottingham Forest,50143,Anfield,Chris Kavanagh,/en/matches/79bf0c7f/Liverpool-Nottingham-Forest-October-29-2023-Premier-League,,79bf0c7f
ENG-Premier League,2324,2023-10-29 Manchester Utd-Manchester City,10,Sun,2023-10-29,15:30 (16:30),Manchester Utd,0–3,Manchester City,73502,Old Trafford,Paul Tierney,/en/matches/f6bfec82/Manchester-Derby-Manchester-United-Manchester-City-October-29-2023-Premier-League,,f6bfec82
ENG-Premier League,2324,2023-10-29 West Ham United-Everton,10,Sun,2023-10-29,13:00 (14:00),West Ham United,0–1,Everton,62469,London Stadium,Stuart Attwell,/en/matches/868a89be/West-Ham-United-Everton-October-29-2023-Premier-League,,868a89be
ENG-Premier League,2324,2023-11-04 Brentford-West Ham United,11,Sat,2023-11-04,15:00 (16:00),Brentford,3–2,West Ham United,17103,Gtech Community Stadium,Thomas Bramall,/en/matches/3235dd6e/Brentford-West-Ham-United-November-4-2023-Premier-League,,3235dd6e
ENG-Premier League,2324,2023-11-04 Burnley-Crystal Palace,11,Sat,2023-11-04,15:00 (16:00),Burnley,0–2,Crystal Palace,21578,Turf Moor,Peter Bankes,/en/matches/8797f9a9/Burnley-Crystal-Palace-November-4-2023-Premier-League,,8797f9a9
ENG-Premier League,2324,2023-11-04 Everton-Brighton,11,Sat,2023-11-04,15:00 (16:00),Everton,1–1,Brighton,38683,Goodison Park,Tim Robinson,/en/matches/6ecb53ac/Everton-Brighton-and-Hove-Albion-November-4-2023-Premier-League,,6ecb53ac
ENG-Premier League,2324,2023-11-04 Fulham-Manchester Utd,11,Sat,2023-11-04,12:30 (13:30),Fulham,0–1,Manchester Utd,24415,Craven Cottage,John Brooks,/en/matches/31273be0/Fulham-Manchester-United-November-4-2023-Premier-League,,31273be0
ENG-Premier League,2324,2023-11-04 Manchester City-Bournemouth,11,Sat,2023-11-04,15:00 (16:00),Manchester City,6–1,Bournemouth,53358,Etihad Stadium,Craig Pawson,/en/matches/e75a870b/Manchester-City-Bournemouth-November-4-2023-Premier-League,,e75a870b
ENG-Premier League,2324,2023-11-04 Newcastle United-Arsenal,11,Sat,2023-11-04,17:30 (18:30),Newcastle United,1–0,Arsenal,52194,St James' Park,Stuart Attwell,/en/matches/6096abaa/Newcastle-United-Arsenal-November-4-2023-Premier-League,,6096abaa
ENG-Premier League,2324,2023-11-04 Sheffield United-Wolves,11,Sat,2023-11-04,15:00 (16:00),Sheffield United,2–1,Wolves,29454,Bramall Lane,Robert Jones,/en/matches/e841bbac/Sheffield-United-Wolverhampton-Wanderers-November-4-2023-Premier-League,,e841bbac
ENG-Premier League,2324,2023-11-05 Luton Town-Liverpool,11,Sun,2023-11-05,16:30 (17:30),Luton Town,1–1,Liverpool,11049,Kenilworth Road Stadium,Andy Madley,/en/matches/a62b97ba/Luton-Town-Liverpool-November-5-2023-Premier-League,,a62b97ba
ENG-Premier League,2324,2023-11-05 Nottingham Forest-Aston Villa,11,Sun,2023-11-05,14:00 (15:00),Nottingham Forest,2–0,Aston Villa,29313,The City Ground,Jarred Gillett,/en/matches/ac18f108/Nottingham-Forest-Aston-Villa-November-5-2023-Premier-League,,ac18f108
ENG-Premier League,2324,2023-11-06 Tottenham Hotspur-Chelsea,11,Mon,2023-11-06,20:00 (21:00),Tottenham Hotspur,1–4,Chelsea,61726,Tottenham Hotspur Stadium,Michael Oliver,/en/matches/478e4eb3/Tottenham-Hotspur-Chelsea-November-6-2023-Premier-League,,478e4eb3
ENG-Premier League,2324,2023-11-11 Arsenal-Burnley,12,Sat,2023-11-11,15:00 (16:00),Arsenal,3–1,Burnley,60232,Emirates Stadium,Michael Oliver,/en/matches/2cb4e4dc/Arsenal-Burnley-November-11-2023-Premier-League,,2cb4e4dc
ENG-Premier League,2324,2023-11-11 Bournemouth-Newcastle United,12,Sat,2023-11-11,17:30 (18:30),Bournemouth,2–0,Newcastle United,11201,Vitality Stadium,Chris Kavanagh,/en/matches/641024cf/Bournemouth-Newcastle-United-November-11-2023-Premier-League,,641024cf
ENG-Premier League,2324,2023-11-11 Crystal Palace-Everton,12,Sat,2023-11-11,15:00 (16:00),Crystal Palace,2–3,Everton,25103,Selhurst Park,Samuel Barrott,/en/matches/a4795b68/Crystal-Palace-Everton-November-11-2023-Premier-League,,a4795b68
ENG-Premier League,2324,2023-11-11 Manchester Utd-Luton Town,12,Sat,2023-11-11,15:00 (16:00),Manchester Utd,1–0,Luton Town,73599,Old Trafford,Graham Scott,/en/matches/4b9f3f25/Manchester-United-Luton-Town-November-11-2023-Premier-League,,4b9f3f25
ENG-Premier League,2324,2023-11-11 Wolves-Tottenham Hotspur,12,Sat,2023-11-11,12:30 (13:30),Wolves,2–1,Tottenham Hotspur,31642,Molineux Stadium,Tim Robinson,/en/matches/1634f066/Wolverhampton-Wanderers-Tottenham-Hotspur-November-11-2023-Premier-League,,1634f066
ENG-Premier League,2324,2023-11-12 Aston Villa-Fulham,12,Sun,2023-11-12,14:00 (15:00),Aston Villa,3–1,Fulham,41608,Villa Park,Simon Hooper,/en/matches/d6a70a44/Aston-Villa-Fulham-November-12-2023-Premier-League,,d6a70a44
ENG-Premier League,2324,2023-11-12 Brighton-Sheffield United,12,Sun,2023-11-12,14:00 (15:00),Brighton,1–1,Sheffield United,31367,The American Express Community Stadium,John Brooks,/en/matches/ebf41e41/Brighton-and-Hove-Albion-Sheffield-United-November-12-2023-Premier-League,,ebf41e41
ENG-Premier League,2324,2023-11-12 Chelsea-Manchester City,12,Sun,2023-11-12,16:30 (17:30),Chelsea,4–4,Manchester City,39532,Stamford Bridge,Anthony Taylor,/en/matches/53bb8f30/Chelsea-Manchester-City-November-12-2023-Premier-League,,53bb8f30
ENG-Premier League,2324,2023-11-12 Liverpool-Brentford,12,Sun,2023-11-12,14:00 (15:00),Liverpool,3–0,Brentford,50151,Anfield,Paul Tierney,/en/matches/996ee990/Liverpool-Brentford-November-12-2023-Premier-League,,996ee990
ENG-Premier League,2324,2023-11-12 West Ham United-Nottingham Forest,12,Sun,2023-11-12,14:00 (15:00),West Ham United,3–2,Nottingham Forest,62470,London Stadium,Michael Salisbury,/en/matches/76b8e568/West-Ham-United-Nottingham-Forest-November-12-2023-Premier-League,,76b8e568
ENG-Premier League,2324,2023-11-25 Brentford-Arsenal,13,Sat,2023-11-25,17:30 (18:30),Brentford,0–1,Arsenal,17201,Gtech Community Stadium,Tim Robinson,/en/matches/626c6561/Brentford-Arsenal-November-25-2023-Premier-League,,626c6561
ENG-Premier League,2324,2023-11-25 Burnley-West Ham United,13,Sat,2023-11-25,15:00 (16:00),Burnley,1–2,West Ham United,21319,Turf Moor,Samuel Barrott,/en/matches/36a64522/Burnley-West-Ham-United-November-25-2023-Premier-League,,36a64522
ENG-Premier League,2324,2023-11-25 Luton Town-Crystal Palace,13,Sat,2023-11-25,15:00 (16:00),Luton Town,2–1,Crystal Palace,11029,Kenilworth Road Stadium,Jarred Gillett,/en/matches/f4805536/Luton-Town-Crystal-Palace-November-25-2023-Premier-League,,f4805536
ENG-Premier League,2324,2023-11-25 Manchester City-Liverpool,13,Sat,2023-11-25,12:30 (13:30),Manchester City,1–1,Liverpool,53289,Etihad Stadium,Chris Kavanagh,/en/matches/5d4a5006/Manchester-City-Liverpool-November-25-2023-Premier-League,,5d4a5006
ENG-Premier League,2324,2023-11-25 Newcastle United-Chelsea,13,Sat,2023-11-25,15:00 (16:00),Newcastle United,4–1,Chelsea,52227,St James' Park,Simon Hooper,/en/matches/8c8f48f4/Newcastle-United-Chelsea-November-25-2023-Premier-League,,8c8f48f4
ENG-Premier League,2324,2023-11-25 Nottingham Forest-Brighton,13,Sat,2023-11-25,15:00 (16:00),Nottingham Forest,2–3,Brighton,29404,The City Ground,Anthony Taylor,/en/matches/36be5cee/Nottingham-Forest-Brighton-and-Hove-Albion-November-25-2023-Premier-League,,36be5cee
ENG-Premier League,2324,2023-11-25 Sheffield United-Bournemouth,13,Sat,2023-11-25,15:00 (16:00),Sheffield United,1–3,Bournemouth,30208,Bramall Lane,Andy Madley,/en/matches/799a2c04/Sheffield-United-Bournemouth-November-25-2023-Premier-League,,799a2c04
ENG-Premier League,2324,2023-11-26 Everton-Manchester Utd,13,Sun,2023-11-26,16:30 (17:30),Everton,0–3,Manchester Utd,39257,Goodison Park,John Brooks,/en/matches/f82a83dd/Everton-Manchester-United-November-26-2023-Premier-League,,f82a83dd
ENG-Premier League,2324,2023-11-26 Tottenham Hotspur-Aston Villa,13,Sun,2023-11-26,14:00 (15:00),Tottenham Hotspur,1–2,Aston Villa,61679,Tottenham Hotspur Stadium,Robert Jones,/en/matches/83db7754/Tottenham-Hotspur-Aston-Villa-November-26-2023-Premier-League,,83db7754
ENG-Premier League,2324,2023-11-27 Fulham-Wolves,13,Mon,2023-11-27,20:00 (21:00),Fulham,3–2,Wolves,24366,Craven Cottage,Michael Salisbury,/en/matches/b19cc422/Fulham-Wolverhampton-Wanderers-November-27-2023-Premier-League,,b19cc422
ENG-Premier League,2324,2023-12-02 Arsenal-Wolves,14,Sat,2023-12-02,15:00 (16:00),Arsenal,2–1,Wolves,60262,Emirates Stadium,Peter Bankes,/en/matches/6e65df8e/Arsenal-Wolverhampton-Wanderers-December-2-2023-Premier-League,,6e65df8e
ENG-Premier League,2324,2023-12-02 Brentford-Luton Town,14,Sat,2023-12-02,15:00 (16:00),Brentford,3–1,Luton Town,17075,Gtech Community Stadium,Anthony Taylor,/en/matches/0f71f535/Brentford-Luton-Town-December-2-2023-Premier-League,,0f71f535
ENG-Premier League,2324,2023-12-02 Burnley-Sheffield United,14,Sat,2023-12-02,15:00 (16:00),Burnley,5–0,Sheffield United,21478,Turf Moor,Chris Kavanagh,/en/matches/e2c53b0a/Burnley-Sheffield-United-December-2-2023-Premier-League,,e2c53b0a
ENG-Premier League,2324,2023-12-02 Newcastle United-Manchester Utd,14,Sat,2023-12-02,20:00 (21:00),Newcastle United,1–0,Manchester Utd,52214,St James' Park,Robert Jones,/en/matches/66a1f3ac/Newcastle-United-Manchester-United-December-2-2023-Premier-League,,66a1f3ac
ENG-Premier League,2324,2023-12-02 Nottingham Forest-Everton,14,Sat,2023-12-02,17:30 (18:30),Nottingham Forest,0–1,Everton,29404,The City Ground,Paul Tierney,/en/matches/0486198b/Nottingham-Forest-Everton-December-2-2023-Premier-League,,0486198b
ENG-Premier League,2324,2023-12-03 Bournemouth-Aston Villa,14,Sun,2023-12-03,14:00 (15:00),Bournemouth,2–2,Aston Villa,11191,Vitality Stadium,Thomas Bramall,/en/matches/19533403/Bournemouth-Aston-Villa-December-3-2023-Premier-League,,19533403
ENG-Premier League,2324,2023-12-03 Chelsea-Brighton,14,Sun,2023-12-03,14:00 (15:00),Chelsea,3–2,Brighton,39647,Stamford Bridge,Craig Pawson,/en/matches/86b7d24f/Chelsea-Brighton-and-Hove-Albion-December-3-2023-Premier-League,,86b7d24f
ENG-Premier League,2324,2023-12-03 Liverpool-Fulham,14,Sun,2023-12-03,14:00 (15:00),Liverpool,4–3,Fulham,50124,Anfield,Stuart Attwell,/en/matches/4b7e6f44/Liverpool-Fulham-December-3-2023-Premier-League,,4b7e6f44
ENG-Premier League,2324,2023-12-03 Manchester City-Tottenham Hotspur,14,Sun,2023-12-03,16:30 (17:30),Manchester City,3–3,Tottenham Hotspur,53473,Etihad Stadium,Simon Hooper,/en/matches/0e39f016/Manchester-City-Tottenham-Hotspur-December-3-2023-Premier-League,,0e39f016
ENG-Premier League,2324,2023-12-03 West Ham United-Crystal Palace,14,Sun,2023-12-03,14:00 (15:00),West Ham United,1–1,Crystal Palace,62414,London Stadium,Michael Oliver,/en/matches/f7fb8049/West-Ham-United-Crystal-Palace-December-3-2023-Premier-League,,f7fb8049
ENG-Premier League,2324,2023-12-05 Luton Town-Arsenal,15,Tue,2023-12-05,20:15 (21:15),Luton Town,3–4,Arsenal,11031,Kenilworth Road Stadium,Samuel Barrott,/en/matches/dd3a5afc/Luton-Town-Arsenal-December-5-2023-Premier-League,,dd3a5afc
ENG-Premier League,2324,2023-12-05 Wolves-Burnley,15,Tue,2023-12-05,19:30 (20:30),Wolves,1–0,Burnley,30439,Molineux Stadium,Jarred Gillett,/en/matches/a52ffb27/Wolverhampton-Wanderers-Burnley-December-5-2023-Premier-League,,a52ffb27
ENG-Premier League,2324,2023-12-06 Aston Villa-Manchester City,15,Wed,2023-12-06,20:15 (21:15),Aston Villa,1–0,Manchester City,41421,Villa Park,John Brooks,/en/matches/0ad90506/Aston-Villa-Manchester-City-December-6-2023-Premier-League,,0ad90506
ENG-Premier League,2324,2023-12-06 Brighton-Brentford,15,Wed,2023-12-06,19:30 (20:30),Brighton,2–1,Brentford,31571,The American Express Community Stadium,Peter Bankes,/en/matches/75d21da8/Brighton-and-Hove-Albion-Brentford-December-6-2023-Premier-League,,75d21da8
ENG-Premier League,2324,2023-12-06 Crystal Palace-Bournemouth,15,Wed,2023-12-06,19:30 (20:30),Crystal Palace,0–2,Bournemouth,25078,Selhurst Park,Craig Pawson,/en/matches/09909bf8/Crystal-Palace-Bournemouth-December-6-2023-Premier-League,,09909bf8
ENG-Premier League,2324,2023-12-06 Fulham-Nottingham Forest,15,Wed,2023-12-06,19:30 (20:30),Fulham,5–0,Nottingham Forest,24105,Craven Cottage,Joshua Smith,/en/matches/fd5606da/Fulham-Nottingham-Forest-December-6-2023-Premier-League,,fd5606da
ENG-Premier League,2324,2023-12-06 Manchester Utd-Chelsea,15,Wed,2023-12-06,20:15 (21:15),Manchester Utd,2–1,Chelsea,73607,Old Trafford,Chris Kavanagh,/en/matches/49f486f6/Manchester-United-Chelsea-December-6-2023-Premier-League,,49f486f6
ENG-Premier League,2324,2023-12-06 Sheffield United-Liverpool,15,Wed,2023-12-06,19:30 (20:30),Sheffield United,0–2,Liverpool,31406,Bramall Lane,Simon Hooper,/en/matches/01aca132/Sheffield-United-Liverpool-December-6-2023-Premier-League,,01aca132
ENG-Premier League,2324,2023-12-07 Everton-Newcastle United,15,Thu,2023-12-07,19:30 (20:30),Everton,3–0,Newcastle United,38198,Goodison Park,Tim Robinson,/en/matches/2fe9d766/Everton-Newcastle-United-December-7-2023-Premier-League,,2fe9d766
ENG-Premier League,2324,2023-12-07 Tottenham Hotspur-West Ham United,15,Thu,2023-12-07,20:15 (21:15),Tottenham Hotspur,1–2,West Ham United,61171,Tottenham Hotspur Stadium,Michael Salisbury,/en/matches/200af033/Tottenham-Hotspur-West-Ham-United-December-7-2023-Premier-League,,200af033
ENG-Premier League,2324,2023-12-09 Aston Villa-Arsenal,16,Sat,2023-12-09,17:30 (18:30),Aston Villa,1–0,Arsenal,42000,Villa Park,Jarred Gillett,/en/matches/8cf29e50/Aston-Villa-Arsenal-December-9-2023-Premier-League,,8cf29e50
ENG-Premier League,2324,2023-12-09 Brighton-Burnley,16,Sat,2023-12-09,15:00 (16:00),Brighton,1–1,Burnley,31511,The American Express Community Stadium,Simon Hooper,/en/matches/ab18fa97/Brighton-and-Hove-Albion-Burnley-December-9-2023-Premier-League,,ab18fa97
ENG-Premier League,2324,2023-12-09 Crystal Palace-Liverpool,16,Sat,2023-12-09,12:30 (13:30),Crystal Palace,1–2,Liverpool,25103,Selhurst Park,Andy Madley,/en/matches/a1b18af3/Crystal-Palace-Liverpool-December-9-2023-Premier-League,,a1b18af3
ENG-Premier League,2324,2023-12-09 Manchester Utd-Bournemouth,16,Sat,2023-12-09,15:00 (16:00),Manchester Utd,0–3,Bournemouth,73427,Old Trafford,Peter Bankes,/en/matches/0760a568/Manchester-United-Bournemouth-December-9-2023-Premier-League,,0760a568
ENG-Premier League,2324,2023-12-09 Sheffield United-Brentford,16,Sat,2023-12-09,15:00 (16:00),Sheffield United,1–0,Brentford,28509,Bramall Lane,Stuart Attwell,/en/matches/e268f518/Sheffield-United-Brentford-December-9-2023-Premier-League,,e268f518
ENG-Premier League,2324,2023-12-09 Wolves-Nottingham Forest,16,Sat,2023-12-09,15:00 (16:00),Wolves,1–1,Nottingham Forest,31543,Molineux Stadium,Samuel Barrott,/en/matches/8c8fdba5/Wolverhampton-Wanderers-Nottingham-Forest-December-9-2023-Premier-League,,8c8fdba5
ENG-Premier League,2324,2023-12-10 Everton-Chelsea,16,Sun,2023-12-10,14:00 (15:00),Everton,2–0,Chelsea,39280,Goodison Park,Michael Oliver,/en/matches/953b5f9b/Everton-Chelsea-December-10-2023-Premier-League,,953b5f9b
ENG-Premier League,2324,2023-12-10 Fulham-West Ham United,16,Sun,2023-12-10,14:00 (15:00),Fulham,5–0,West Ham United,23988,Craven Cottage,Paul Tierney,/en/matches/d3dd23fb/Fulham-West-Ham-United-December-10-2023-Premier-League,,d3dd23fb
ENG-Premier League,2324,2023-12-10 Luton Town-Manchester City,16,Sun,2023-12-10,14:00 (15:00),Luton Town,1–2,Manchester City,11047,Kenilworth Road Stadium,Tim Robinson,/en/matches/f6155857/Luton-Town-Manchester-City-December-10-2023-Premier-League,,f6155857
ENG-Premier League,2324,2023-12-10 Tottenham Hotspur-Newcastle United,16,Sun,2023-12-10,16:30 (17:30),Tottenham Hotspur,4–1,Newcastle United,61171,Tottenham Hotspur Stadium,Chris Kavanagh,/en/matches/be6d1aac/Tottenham-Hotspur-Newcastle-United-December-10-2023-Premier-League,,be6d1aac
ENG-Premier League,2324,2023-12-15 Nottingham Forest-Tottenham Hotspur,17,Fri,2023-12-15,20:00 (21:00),Nottingham Forest,0–2,Tottenham Hotspur,29296,The City Ground,Jarred Gillett,/en/matches/4d9f1a71/Nottingham-Forest-Tottenham-Hotspur-December-15-2023-Premier-League,,4d9f1a71
ENG-Premier League,2324,2023-12-16 Burnley-Everton,17,Sat,2023-12-16,17:30 (18:30),Burnley,0–2,Everton,21413,Turf Moor,Anthony Taylor,/en/matches/01904d1d/Burnley-Everton-December-16-2023-Premier-League,,01904d1d
ENG-Premier League,2324,2023-12-16 Chelsea-Sheffield United,17,Sat,2023-12-16,15:00 (16:00),Chelsea,2–0,Sheffield United,39599,Stamford Bridge,Andy Madley,/en/matches/3bbbaf15/Chelsea-Sheffield-United-December-16-2023-Premier-League,,3bbbaf15
ENG-Premier League,2324,2023-12-16 Manchester City-Crystal Palace,17,Sat,2023-12-16,15:00 (16:00),Manchester City,2–2,Crystal Palace,53248,Etihad Stadium,Paul Tierney,/en/matches/30f3e1ee/Manchester-City-Crystal-Palace-December-16-2023-Premier-League,,30f3e1ee
ENG-Premier League,2324,2023-12-16 Newcastle United-Fulham,17,Sat,2023-12-16,15:00 (16:00),Newcastle United,3–0,Fulham,52055,St James' Park,Samuel Barrott,/en/matches/5db0f25b/Newcastle-United-Fulham-December-16-2023-Premier-League,,5db0f25b
ENG-Premier League,2324,2023-12-17 Arsenal-Brighton,17,Sun,2023-12-17,14:00 (15:00),Arsenal,2–0,Brighton,60257,Emirates Stadium,Tim Robinson,/en/matches/e3a46a4e/Arsenal-Brighton-and-Hove-Albion-December-17-2023-Premier-League,,e3a46a4e
ENG-Premier League,2324,2023-12-17 Brentford-Aston Villa,17,Sun,2023-12-17,14:00 (15:00),Brentford,1–2,Aston Villa,17034,Gtech Community Stadium,David Coote,/en/matches/4a3af0ab/Brentford-Aston-Villa-December-17-2023-Premier-League,,4a3af0ab
ENG-Premier League,2324,2023-12-17 Liverpool-Manchester Utd,17,Sun,2023-12-17,16:30 (17:30),Liverpool,0–0,Manchester Utd,57158,Anfield,Michael Oliver,/en/matches/18e98d77/North-West-Derby-Liverpool-Manchester-United-December-17-2023-Premier-League,,18e98d77
ENG-Premier League,2324,2023-12-17 West Ham United-Wolves,17,Sun,2023-12-17,14:00 (15:00),West Ham United,3–0,Wolves,62455,London Stadium,Chris Kavanagh,/en/matches/5f5bc7b3/West-Ham-United-Wolverhampton-Wanderers-December-17-2023-Premier-League,,5f5bc7b3
ENG-Premier League,2324,2023-12-21 Crystal Palace-Brighton,18,Thu,2023-12-21,20:00 (21:00),Crystal Palace,1–1,Brighton,24171,Selhurst Park,John Brooks,/en/matches/7340be7a/Crystal-Palace-Brighton-and-Hove-Albion-December-21-2023-Premier-League,,7340be7a
ENG-Premier League,2324,2023-12-22 Aston Villa-Sheffield United,18,Fri,2023-12-22,20:00 (21:00),Aston Villa,1–1,Sheffield United,41651,Villa Park,Anthony Taylor,/en/matches/37916998/Aston-Villa-Sheffield-United-December-22-2023-Premier-League,,37916998
ENG-Premier League,2324,2023-12-23 Fulham-Burnley,18,Sat,2023-12-23,15:00 (16:00),Fulham,0–2,Burnley,23598,Craven Cottage,Rebecca Welch,/en/matches/7dd3c51a/Fulham-Burnley-December-23-2023-Premier-League,,7dd3c51a
ENG-Premier League,2324,2023-12-23 Liverpool-Arsenal,18,Sat,2023-12-23,17:30 (18:30),Liverpool,1–1,Arsenal,57548,Anfield,Chris Kavanagh,/en/matches/bfbfbbe8/Liverpool-Arsenal-December-23-2023-Premier-League,,bfbfbbe8
ENG-Premier League,2324,2023-12-23 Luton Town-Newcastle United,18,Sat,2023-12-23,15:00 (16:00),Luton Town,1–0,Newcastle United,11042,Kenilworth Road Stadium,Darren England,/en/matches/46bfb645/Luton-Town-Newcastle-United-December-23-2023-Premier-League,,46bfb645
ENG-Premier League,2324,2023-12-23 Nottingham Forest-Bournemouth,18,Sat,2023-12-23,15:00 (16:00),Nottingham Forest,2–3,Bournemouth,29188,The City Ground,Robert Jones,/en/matches/c5548935/Nottingham-Forest-Bournemouth-December-23-2023-Premier-League,,c5548935
ENG-Premier League,2324,2023-12-23 Tottenham Hotspur-Everton,18,Sat,2023-12-23,15:00 (16:00),Tottenham Hotspur,2–1,Everton,61808,Tottenham Hotspur Stadium,Stuart Attwell,/en/matches/849071fe/Tottenham-Hotspur-Everton-December-23-2023-Premier-League,,849071fe
ENG-Premier League,2324,2023-12-23 West Ham United-Manchester Utd,18,Sat,2023-12-23,12:30 (13:30),West Ham United,2–0,Manchester Utd,64472,London Stadium,Simon Hooper,/en/matches/328777ed/West-Ham-United-Manchester-United-December-23-2023-Premier-League,,328777ed
ENG-Premier League,2324,2023-12-24 Wolves-Chelsea,18,Sun,2023-12-24,13:00 (14:00),Wolves,2–1,Chelsea,31641,Molineux Stadium,David Coote,/en/matches/8c0b314c/Wolverhampton-Wanderers-Chelsea-December-24-2023-Premier-League,,8c0b314c
ENG-Premier League,2324,2023-12-26 Bournemouth-Fulham,19,Tue,2023-12-26,15:00 (16:00),Bournemouth,3–0,Fulham,11099,Vitality Stadium,Tim Robinson,/en/matches/331c942d/Bournemouth-Fulham-December-26-2023-Premier-League,,331c942d
ENG-Premier League,2324,2023-12-26 Burnley-Liverpool,19,Tue,2023-12-26,17:30 (18:30),Burnley,0–2,Liverpool,21624,Turf Moor,Paul Tierney,/en/matches/c0904954/Burnley-Liverpool-December-26-2023-Premier-League,,c0904954
ENG-Premier League,2324,2023-12-26 Manchester Utd-Aston Villa,19,Tue,2023-12-26,20:00 (21:00),Manchester Utd,3–2,Aston Villa,73574,Old Trafford,Craig Pawson,/en/matches/83709fdf/Manchester-United-Aston-Villa-December-26-2023-Premier-League,,83709fdf
ENG-Premier League,2324,2023-12-26 Newcastle United-Nottingham Forest,19,Tue,2023-12-26,12:30 (13:30),Newcastle United,1–3,Nottingham Forest,52207,St James' Park,Chris Kavanagh,/en/matches/f22a20f0/Newcastle-United-Nottingham-Forest-December-26-2023-Premier-League,,f22a20f0
ENG-Premier League,2324,2023-12-26 Sheffield United-Luton Town,19,Tue,2023-12-26,15:00 (16:00),Sheffield United,2–3,Luton Town,31041,Bramall Lane,Samuel Allison,/en/matches/6269b2e3/Sheffield-United-Luton-Town-December-26-2023-Premier-League,,6269b2e3
ENG-Premier League,2324,2023-12-27 Brentford-Wolves,19,Wed,2023-12-27,19:30 (20:30),Brentford,1–4,Wolves,17109,Gtech Community Stadium,Andy Madley,/en/matches/ea28d527/Brentford-Wolverhampton-Wanderers-December-27-2023-Premier-League,,ea28d527
ENG-Premier League,2324,2023-12-27 Chelsea-Crystal Palace,19,Wed,2023-12-27,19:30 (20:30),Chelsea,2–1,Crystal Palace,39618,Stamford Bridge,Michael Salisbury,/en/matches/2bfb6552/Chelsea-Crystal-Palace-December-27-2023-Premier-League,,2bfb6552
ENG-Premier League,2324,2023-12-27 Everton-Manchester City,19,Wed,2023-12-27,20:15 (21:15),Everton,1–3,Manchester City,39327,Goodison Park,John Brooks,/en/matches/b9f69f01/Everton-Manchester-City-December-27-2023-Premier-League,,b9f69f01
ENG-Premier League,2324,2023-12-28 Arsenal-West Ham United,19,Thu,2023-12-28,20:15 (21:15),Arsenal,0–2,West Ham United,60261,Emirates Stadium,Michael Oliver,/en/matches/ba570015/Arsenal-West-Ham-United-December-28-2023-Premier-League,,ba570015
ENG-Premier League,2324,2023-12-28 Brighton-Tottenham Hotspur,19,Thu,2023-12-28,19:30 (20:30),Brighton,4–2,Tottenham Hotspur,31675,The American Express Community Stadium,Jarred Gillett,/en/matches/3e2e9248/Brighton-and-Hove-Albion-Tottenham-Hotspur-December-28-2023-Premier-League,,3e2e9248
ENG-Premier League,2324,2023-12-30 Aston Villa-Burnley,20,Sat,2023-12-30,15:00 (16:00),Aston Villa,3–2,Burnley,41613,Villa Park,Stuart Attwell,/en/matches/2828c5bc/Aston-Villa-Burnley-December-30-2023-Premier-League,,2828c5bc
ENG-Premier League,2324,2023-12-30 Crystal Palace-Brentford,20,Sat,2023-12-30,15:00 (16:00),Crystal Palace,3–1,Brentford,25472,Selhurst Park,Robert Jones,/en/matches/e9d5dd9b/Crystal-Palace-Brentford-December-30-2023-Premier-League,,e9d5dd9b
ENG-Premier League,2324,2023-12-30 Luton Town-Chelsea,20,Sat,2023-12-30,12:30 (13:30),Luton Town,2–3,Chelsea,11041,Kenilworth Road Stadium,Paul Tierney,/en/matches/8e04572c/Luton-Town-Chelsea-December-30-2023-Premier-League,,8e04572c
ENG-Premier League,2324,2023-12-30 Manchester City-Sheffield United,20,Sat,2023-12-30,15:00 (16:00),Manchester City,2–0,Sheffield United,53108,Etihad Stadium,David Coote,/en/matches/aefd7405/Manchester-City-Sheffield-United-December-30-2023-Premier-League,,aefd7405
ENG-Premier League,2324,2023-12-30 Nottingham Forest-Manchester Utd,20,Sat,2023-12-30,17:30 (18:30),Nottingham Forest,2–1,Manchester Utd,29529,The City Ground,Tim Robinson,/en/matches/1aa68cba/Nottingham-Forest-Manchester-United-December-30-2023-Premier-League,,1aa68cba
ENG-Premier League,2324,2023-12-30 Wolves-Everton,20,Sat,2023-12-30,15:00 (16:00),Wolves,3–0,Everton,31639,Molineux Stadium,Thomas Bramall,/en/matches/7dfc59ca/Wolverhampton-Wanderers-Everton-December-30-2023-Premier-League,,7dfc59ca
ENG-Premier League,2324,2023-12-31 Fulham-Arsenal,20,Sun,2023-12-31,14:00 (15:00),Fulham,2–1,Arsenal,24444,Craven Cottage,Joshua Smith,/en/matches/6c1b6ffc/Fulham-Arsenal-December-31-2023-Premier-League,,6c1b6ffc
ENG-Premier League,2324,2023-12-31 Tottenham Hotspur-Bournemouth,20,Sun,2023-12-31,14:00 (15:00),Tottenham Hotspur,3–1,Bournemouth,61780,Tottenham Hotspur Stadium,Simon Hooper,/en/matches/3ab71352/Tottenham-Hotspur-Bournemouth-December-31-2023-Premier-League,,3ab71352
ENG-Premier League,2324,2024-01-01 Liverpool-Newcastle United,20,Mon,2024-01-01,20:00 (21:00),Liverpool,4–2,Newcastle United,57471,Anfield,Anthony Taylor,/en/matches/107b2d79/Liverpool-Newcastle-United-January-1-2024-Premier-League,,107b2d79
ENG-Premier League,2324,2024-01-02 West Ham United-Brighton,20,Tue,2024-01-02,19:30 (20:30),West Ham United,0–0,Brighton,62462,London Stadium,Samuel Barrott,/en/matches/d557afd0/West-Ham-United-Brighton-and-Hove-Albion-January-2-2024-Premier-League,,d557afd0
ENG-Premier League,2324,2024-01-12 Burnley-Luton Town,21,Fri,2024-01-12,19:45 (20:45),Burnley,1–1,Luton Town,20155,Turf Moor,Tony Harrington,/en/matches/d62dd931/Burnley-Luton-Town-January-12-2024-Premier-League,,d62dd931
ENG-Premier League,2324,2024-01-13 Chelsea-Fulham,21,Sat,2024-01-13,12:30 (13:30),Chelsea,1–0,Fulham,39643,Stamford Bridge,Anthony Taylor,/en/matches/dd052c34/Chelsea-Fulham-January-13-2024-Premier-League,,dd052c34
ENG-Premier League,2324,2024-01-13 Newcastle United-Manchester City,21,Sat,2024-01-13,17:30 (18:30),Newcastle United,2–3,Manchester City,52190,St James' Park,Chris Kavanagh,/en/matches/738f8c3e/Newcastle-United-Manchester-City-January-13-2024-Premier-League,,738f8c3e
ENG-Premier League,2324,2024-01-14 Everton-Aston Villa,21,Sun,2024-01-14,14:00 (15:00),Everton,0–0,Aston Villa,39284,Goodison Park,David Coote,/en/matches/1628c63e/Everton-Aston-Villa-January-14-2024-Premier-League,,1628c63e
ENG-Premier League,2324,2024-01-14 Manchester Utd-Tottenham Hotspur,21,Sun,2024-01-14,16:30 (17:30),Manchester Utd,2–2,Tottenham Hotspur,73489,Old Trafford,John Brooks,/en/matches/904ed2f9/Manchester-United-Tottenham-Hotspur-January-14-2024-Premier-League,,904ed2f9
ENG-Premier League,2324,2024-01-20 Arsenal-Crystal Palace,21,Sat,2024-01-20,12:30 (13:30),Arsenal,5–0,Crystal Palace,60284,Emirates Stadium,Paul Tierney,/en/matches/006fb5b5/Arsenal-Crystal-Palace-January-20-2024-Premier-League,,006fb5b5
ENG-Premier League,2324,2024-01-20 Brentford-Nottingham Forest,21,Sat,2024-01-20,17:30 (18:30),Brentford,3–2,Nottingham Forest,17077,Gtech Community Stadium,Darren England,/en/matches/e0a9c631/Brentford-Nottingham-Forest-January-20-2024-Premier-League,,e0a9c631
ENG-Premier League,2324,2024-01-21 Bournemouth-Liverpool,21,Sun,2024-01-21,16:30 (17:30),Bournemouth,0–4,Liverpool,11228,Vitality Stadium,Andy Madley,/en/matches/9a03e25c/Bournemouth-Liverpool-January-21-2024-Premier-League,,9a03e25c
ENG-Premier League,2324,2024-01-21 Sheffield United-West Ham United,21,Sun,2024-01-21,14:00 (15:00),Sheffield United,2–2,West Ham United,29164,Bramall Lane,Michael Salisbury,/en/matches/abd525b4/Sheffield-United-West-Ham-United-January-21-2024-Premier-League,,abd525b4
ENG-Premier League,2324,2024-01-22 Brighton-Wolves,21,Mon,2024-01-22,19:45 (20:45),Brighton,0–0,Wolves,41505,The American Express Community Stadium,Craig Pawson,/en/matches/35fb5bc2/Brighton-and-Hove-Albion-Wolverhampton-Wanderers-January-22-2024-Premier-League,,35fb5bc2
ENG-Premier League,2324,2024-01-30 Aston Villa-Newcastle United,22,Tue,2024-01-30,20:15 (21:15),Aston Villa,1–3,Newcastle United,42191,Villa Park,John Brooks,/en/matches/d8679e54/Aston-Villa-Newcastle-United-January-30-2024-Premier-League,,d8679e54
ENG-Premier League,2324,2024-01-30 Crystal Palace-Sheffield United,22,Tue,2024-01-30,20:00 (21:00),Crystal Palace,3–2,Sheffield United,24781,Selhurst Park,Tony Harrington,/en/matches/9f51ce03/Crystal-Palace-Sheffield-United-January-30-2024-Premier-League,,9f51ce03
ENG-Premier League,2324,2024-01-30 Fulham-Everton,22,Tue,2024-01-30,19:45 (20:45),Fulham,0–0,Everton,24376,Craven Cottage,Thomas Bramall,/en/matches/17d24e01/Fulham-Everton-January-30-2024-Premier-League,,17d24e01
ENG-Premier League,2324,2024-01-30 Luton Town-Brighton,22,Tue,2024-01-30,19:45 (20:45),Luton Town,4–0,Brighton,10994,Kenilworth Road Stadium,Robert Jones,/en/matches/381f12be/Luton-Town-Brighton-and-Hove-Albion-January-30-2024-Premier-League,,381f12be
ENG-Premier League,2324,2024-01-30 Nottingham Forest-Arsenal,22,Tue,2024-01-30,19:30 (20:30),Nottingham Forest,1–2,Arsenal,29387,The City Ground,Simon Hooper,/en/matches/20a16b44/Nottingham-Forest-Arsenal-January-30-2024-Premier-League,,20a16b44
ENG-Premier League,2324,2024-01-31 Liverpool-Chelsea,22,Wed,2024-01-31,20:15 (21:15),Liverpool,4–1,Chelsea,57524,Anfield,Paul Tierney,/en/matches/1836d9bd/Liverpool-Chelsea-January-31-2024-Premier-League,,1836d9bd
ENG-Premier League,2324,2024-01-31 Manchester City-Burnley,22,Wed,2024-01-31,19:30 (20:30),Manchester City,3–1,Burnley,52143,Etihad Stadium,Samuel Barrott,/en/matches/d10aaae8/Manchester-City-Burnley-January-31-2024-Premier-League,,d10aaae8
ENG-Premier League,2324,2024-01-31 Tottenham Hotspur-Brentford,22,Wed,2024-01-31,19:30 (20:30),Tottenham Hotspur,3–2,Brentford,61210,Tottenham Hotspur Stadium,David Coote,/en/matches/79ffec97/Tottenham-Hotspur-Brentford-January-31-2024-Premier-League,,79ffec97
ENG-Premier League,2324,2024-02-01 West Ham United-Bournemouth,22,Thu,2024-02-01,19:30 (20:30),West Ham United,1–1,Bournemouth,62478,London Stadium,Tim Robinson,/en/matches/16dc9951/West-Ham-United-Bournemouth-February-1-2024-Premier-League,,16dc9951
ENG-Premier League,2324,2024-02-01 Wolves-Manchester Utd,22,Thu,2024-02-01,20:15 (21:15),Wolves,3–4,Manchester Utd,31641,Molineux Stadium,Jarred Gillett,/en/matches/457203bc/Wolverhampton-Wanderers-Manchester-United-February-1-2024-Premier-League,,457203bc
ENG-Premier League,2324,2024-02-03 Brighton-Crystal Palace,23,Sat,2024-02-03,15:00 (16:00),Brighton,4–1,Crystal Palace,31345,The American Express Community Stadium,Simon Hooper,/en/matches/689d15cf/Brighton-and-Hove-Albion-Crystal-Palace-February-3-2024-Premier-League,,689d15cf
ENG-Premier League,2324,2024-02-03 Burnley-Fulham,23,Sat,2024-02-03,15:00 (16:00),Burnley,2–2,Fulham,20203,Turf Moor,Darren Bond,/en/matches/a2436e30/Burnley-Fulham-February-3-2024-Premier-League,,a2436e30
ENG-Premier League,2324,2024-02-03 Everton-Tottenham Hotspur,23,Sat,2024-02-03,12:30 (13:30),Everton,2–2,Tottenham Hotspur,39321,Goodison Park,Michael Oliver,/en/matches/fd68d50e/Everton-Tottenham-Hotspur-February-3-2024-Premier-League,,fd68d50e
ENG-Premier League,2324,2024-02-03 Newcastle United-Luton Town,23,Sat,2024-02-03,15:00 (16:00),Newcastle United,4–4,Luton Town,52211,St James' Park,Thomas Bramall,/en/matches/67cb7a4e/Newcastle-United-Luton-Town-February-3-2024-Premier-League,,67cb7a4e
ENG-Premier League,2324,2024-02-03 Sheffield United-Aston Villa,23,Sat,2024-02-03,17:30 (18:30),Sheffield United,0–5,Aston Villa,30187,Bramall Lane,Paul Tierney,/en/matches/b3e195c5/Sheffield-United-Aston-Villa-February-3-2024-Premier-League,,b3e195c5
ENG-Premier League,2324,2024-02-04 Arsenal-Liverpool,23,Sun,2024-02-04,16:30 (17:30),Arsenal,3–1,Liverpool,60374,Emirates Stadium,Anthony Taylor,/en/matches/99020abf/Arsenal-Liverpool-February-4-2024-Premier-League,,99020abf
ENG-Premier League,2324,2024-02-04 Bournemouth-Nottingham Forest,23,Sun,2024-02-04,14:00 (15:00),Bournemouth,1–1,Nottingham Forest,11200,Vitality Stadium,Rebecca Welch,/en/matches/29948898/Bournemouth-Nottingham-Forest-February-4-2024-Premier-League,,29948898
ENG-Premier League,2324,2024-02-04 Chelsea-Wolves,23,Sun,2024-02-04,14:00 (15:00),Chelsea,2–4,Wolves,39628,Stamford Bridge,Tim Robinson,/en/matches/dfde4bd7/Chelsea-Wolverhampton-Wanderers-February-4-2024-Premier-League,,dfde4bd7
ENG-Premier League,2324,2024-02-04 Manchester Utd-West Ham United,23,Sun,2024-02-04,14:00 (15:00),Manchester Utd,3–0,West Ham United,73612,Old Trafford,Andy Madley,/en/matches/dc1428be/Manchester-United-West-Ham-United-February-4-2024-Premier-League,,dc1428be
ENG-Premier League,2324,2024-02-05 Brentford-Manchester City,23,Mon,2024-02-05,20:00 (21:00),Brentford,1–3,Manchester City,17096,Gtech Community Stadium,Jarred Gillett,/en/matches/2b3630b6/Brentford-Manchester-City-February-5-2024-Premier-League,,2b3630b6
ENG-Premier League,2324,2024-02-10 Fulham-Bournemouth,24,Sat,2024-02-10,15:00 (16:00),Fulham,3–1,Bournemouth,24271,Craven Cottage,Darren England,/en/matches/bf9e0d20/Fulham-Bournemouth-February-10-2024-Premier-League,,bf9e0d20
ENG-Premier League,2324,2024-02-10 Liverpool-Burnley,24,Sat,2024-02-10,15:00 (16:00),Liverpool,3–1,Burnley,59896,Anfield,Tim Robinson,/en/matches/29e4d6ac/Liverpool-Burnley-February-10-2024-Premier-League,,29e4d6ac
ENG-Premier League,2324,2024-02-10 Luton Town-Sheffield United,24,Sat,2024-02-10,15:00 (16:00),Luton Town,1–3,Sheffield United,11138,Kenilworth Road Stadium,Chris Kavanagh,/en/matches/1a4e7d02/Luton-Town-Sheffield-United-February-10-2024-Premier-League,,1a4e7d02
ENG-Premier League,2324,2024-02-10 Manchester City-Everton,24,Sat,2024-02-10,12:30 (13:30),Manchester City,2–0,Everton,52187,Etihad Stadium,John Brooks,/en/matches/00ea7906/Manchester-City-Everton-February-10-2024-Premier-League,,00ea7906
ENG-Premier League,2324,2024-02-10 Nottingham Forest-Newcastle United,24,Sat,2024-02-10,17:30 (18:30),Nottingham Forest,2–3,Newcastle United,29451,The City Ground,Anthony Taylor,/en/matches/1c53666a/Nottingham-Forest-Newcastle-United-February-10-2024-Premier-League,,1c53666a
ENG-Premier League,2324,2024-02-10 Tottenham Hotspur-Brighton,24,Sat,2024-02-10,15:00 (16:00),Tottenham Hotspur,2–1,Brighton,61445,Tottenham Hotspur Stadium,Samuel Barrott,/en/matches/c0dfccdf/Tottenham-Hotspur-Brighton-and-Hove-Albion-February-10-2024-Premier-League,,c0dfccdf
ENG-Premier League,2324,2024-02-10 Wolves-Brentford,24,Sat,2024-02-10,15:00 (16:00),Wolves,0–2,Brentford,30731,Molineux Stadium,Simon Hooper,/en/matches/922cd256/Wolverhampton-Wanderers-Brentford-February-10-2024-Premier-League,,922cd256
ENG-Premier League,2324,2024-02-11 Aston Villa-Manchester Utd,24,Sun,2024-02-11,16:30 (17:30),Aston Villa,1–2,Manchester Utd,42185,Villa Park,Robert Jones,/en/matches/fd36479b/Aston-Villa-Manchester-United-February-11-2024-Premier-League,,fd36479b
ENG-Premier League,2324,2024-02-11 West Ham United-Arsenal,24,Sun,2024-02-11,14:00 (15:00),West Ham United,0–6,Arsenal,62475,London Stadium,Craig Pawson,/en/matches/a1da23dc/West-Ham-United-Arsenal-February-11-2024-Premier-League,,a1da23dc
ENG-Premier League,2324,2024-02-12 Crystal Palace-Chelsea,24,Mon,2024-02-12,20:00 (21:00),Crystal Palace,1–3,Chelsea,25110,Selhurst Park,Michael Oliver,/en/matches/1206b952/Crystal-Palace-Chelsea-February-12-2024-Premier-League,,1206b952
ENG-Premier League,2324,2024-02-17 Brentford-Liverpool,25,Sat,2024-02-17,12:30 (13:30),Brentford,1–4,Liverpool,17193,Gtech Community Stadium,Michael Oliver,/en/matches/ca1e26a0/Brentford-Liverpool-February-17-2024-Premier-League,,ca1e26a0
ENG-Premier League,2324,2024-02-17 Burnley-Arsenal,25,Sat,2024-02-17,15:00 (16:00),Burnley,0–5,Arsenal,21311,Turf Moor,Jarred Gillett,/en/matches/59631171/Burnley-Arsenal-February-17-2024-Premier-League,,59631171
ENG-Premier League,2324,2024-02-17 Fulham-Aston Villa,25,Sat,2024-02-17,15:00 (16:00),Fulham,1–2,Aston Villa,24401,Craven Cottage,Lewis Smith,/en/matches/796ff9f0/Fulham-Aston-Villa-February-17-2024-Premier-League,,796ff9f0
ENG-Premier League,2324,2024-02-17 Manchester City-Chelsea,25,Sat,2024-02-17,17:30 (18:30),Manchester City,1–1,Chelsea,52178,Etihad Stadium,Andy Madley,/en/matches/78fb7fc2/Manchester-City-Chelsea-February-17-2024-Premier-League,,78fb7fc2
ENG-Premier League,2324,2024-02-17 Newcastle United-Bournemouth,25,Sat,2024-02-17,15:00 (16:00),Newcastle United,2–2,Bournemouth,52224,St James' Park,Michael Salisbury,/en/matches/083c4444/Newcastle-United-Bournemouth-February-17-2024-Premier-League,,083c4444
ENG-Premier League,2324,2024-02-17 Nottingham Forest-West Ham United,25,Sat,2024-02-17,15:00 (16:00),Nottingham Forest,2–0,West Ham United,29490,The City Ground,Thomas Bramall,/en/matches/d657db47/Nottingham-Forest-West-Ham-United-February-17-2024-Premier-League,,d657db47
ENG-Premier League,2324,2024-02-17 Tottenham Hotspur-Wolves,25,Sat,2024-02-17,15:00 (16:00),Tottenham Hotspur,1–2,Wolves,61532,Tottenham Hotspur Stadium,Anthony Taylor,/en/matches/30193251/Tottenham-Hotspur-Wolverhampton-Wanderers-February-17-2024-Premier-League,,30193251
ENG-Premier League,2324,2024-02-18 Luton Town-Manchester Utd,25,Sun,2024-02-18,16:30 (17:30),Luton Town,1–2,Manchester Utd,11483,Kenilworth Road Stadium,David Coote,/en/matches/49523b04/Luton-Town-Manchester-United-February-18-2024-Premier-League,,49523b04
ENG-Premier League,2324,2024-02-18 Sheffield United-Brighton,25,Sun,2024-02-18,14:00 (15:00),Sheffield United,0–5,Brighton,29522,Bramall Lane,Stuart Attwell,/en/matches/811fa03f/Sheffield-United-Brighton-and-Hove-Albion-February-18-2024-Premier-League,,811fa03f
ENG-Premier League,2324,2024-02-19 Everton-Crystal Palace,25,Mon,2024-02-19,20:00 (21:00),Everton,1–1,Crystal Palace,38164,Goodison Park,Paul Tierney,/en/matches/573f2f77/Everton-Crystal-Palace-February-19-2024-Premier-League,,573f2f77
ENG-Premier League,2324,2024-02-20 Manchester City-Brentford,18,Tue,2024-02-20,19:30 (20:30),Manchester City,1–0,Brentford,52247,Etihad Stadium,Darren England,/en/matches/af88a1aa/Manchester-City-Brentford-February-20-2024-Premier-League,,af88a1aa
ENG-Premier League,2324,2024-02-21 Liverpool-Luton Town,26,Wed,2024-02-21,19:30 (20:30),Liverpool,4–1,Luton Town,59713,Anfield,Andy Madley,/en/matches/58636a1e/Liverpool-Luton-Town-February-21-2024-Premier-League,,58636a1e
ENG-Premier League,2324,2024-02-24 Arsenal-Newcastle United,26,Sat,2024-02-24,20:00 (21:00),Arsenal,4–1,Newcastle United,60298,Emirates Stadium,Paul Tierney,/en/matches/8f922133/Arsenal-Newcastle-United-February-24-2024-Premier-League,,8f922133
ENG-Premier League,2324,2024-02-24 Aston Villa-Nottingham Forest,26,Sat,2024-02-24,15:00 (16:00),Aston Villa,4–2,Nottingham Forest,42131,Villa Park,Samuel Barrott,/en/matches/f61fbe36/Aston-Villa-Nottingham-Forest-February-24-2024-Premier-League,,f61fbe36
ENG-Premier League,2324,2024-02-24 Bournemouth-Manchester City,26,Sat,2024-02-24,17:30 (18:30),Bournemouth,0–1,Manchester City,11184,Vitality Stadium,Jarred Gillett,/en/matches/f6d6a212/Bournemouth-Manchester-City-February-24-2024-Premier-League,,f6d6a212
ENG-Premier League,2324,2024-02-24 Brighton-Everton,26,Sat,2024-02-24,15:00 (16:00),Brighton,1–1,Everton,41646,The American Express Community Stadium,Tony Harrington,/en/matches/eb7c6993/Brighton-and-Hove-Albion-Everton-February-24-2024-Premier-League,,eb7c6993
ENG-Premier League,2324,2024-02-24 Crystal Palace-Burnley,26,Sat,2024-02-24,15:00 (16:00),Crystal Palace,3–0,Burnley,24042,Selhurst Park,Lewis Smith,/en/matches/89cd2d5e/Crystal-Palace-Burnley-February-24-2024-Premier-League,,89cd2d5e
ENG-Premier League,2324,2024-02-24 Manchester Utd-Fulham,26,Sat,2024-02-24,15:00 (16:00),Manchester Utd,1–2,Fulham,73487,Old Trafford,Michael Oliver,/en/matches/45f67948/Manchester-United-Fulham-February-24-2024-Premier-League,,45f67948
ENG-Premier League,2324,2024-02-25 Wolves-Sheffield United,26,Sun,2024-02-25,13:30 (14:30),Wolves,1–0,Sheffield United,30789,Molineux Stadium,Darren Bond,/en/matches/ada09dda/Wolverhampton-Wanderers-Sheffield-United-February-25-2024-Premier-League,,ada09dda
ENG-Premier League,2324,2024-02-26 West Ham United-Brentford,26,Mon,2024-02-26,20:00 (21:00),West Ham United,4–2,Brentford,62450,London Stadium,Simon Hooper,/en/matches/15a04102/West-Ham-United-Brentford-February-26-2024-Premier-League,,15a04102
ENG-Premier League,2324,2024-03-02 Brentford-Chelsea,27,Sat,2024-03-02,15:00 (16:00),Brentford,2–2,Chelsea,17140,Gtech Community Stadium,Jarred Gillett,/en/matches/ba1992b0/Brentford-Chelsea-March-2-2024-Premier-League,,ba1992b0
ENG-Premier League,2324,2024-03-02 Everton-West Ham United,27,Sat,2024-03-02,15:00 (16:00),Everton,1–3,West Ham United,39262,Goodison Park,Craig Pawson,/en/matches/e9183936/Everton-West-Ham-United-March-2-2024-Premier-League,,e9183936
ENG-Premier League,2324,2024-03-02 Fulham-Brighton,27,Sat,2024-03-02,15:00 (16:00),Fulham,3–0,Brighton,24460,Craven Cottage,Simon Hooper,/en/matches/20278247/Fulham-Brighton-and-Hove-Albion-March-2-2024-Premier-League,,20278247
ENG-Premier League,2324,2024-03-02 Luton Town-Aston Villa,27,Sat,2024-03-02,17:30 (18:30),Luton Town,2–3,Aston Villa,11594,Kenilworth Road Stadium,Michael Oliver,/en/matches/59f4adc0/Luton-Town-Aston-Villa-March-2-2024-Premier-League,,59f4adc0
ENG-Premier League,2324,2024-03-02 Newcastle United-Wolves,27,Sat,2024-03-02,15:00 (16:00),Newcastle United,3–0,Wolves,52206,St James' Park,Tim Robinson,/en/matches/bbae8356/Newcastle-United-Wolverhampton-Wanderers-March-2-2024-Premier-League,,bbae8356
ENG-Premier League,2324,2024-03-02 Nottingham Forest-Liverpool,27,Sat,2024-03-02,15:00 (16:00),Nottingham Forest,0–1,Liverpool,29603,The City Ground,Paul Tierney,/en/matches/d1a00cf0/Nottingham-Forest-Liverpool-March-2-2024-Premier-League,,d1a00cf0
ENG-Premier League,2324,2024-03-02 Tottenham Hotspur-Crystal Palace,27,Sat,2024-03-02,15:00 (16:00),Tottenham Hotspur,3–1,Crystal Palace,61339,Tottenham Hotspur Stadium,John Brooks,/en/matches/8812bfd9/Tottenham-Hotspur-Crystal-Palace-March-2-2024-Premier-League,,8812bfd9
ENG-Premier League,2324,2024-03-03 Burnley-Bournemouth,27,Sun,2024-03-03,13:00 (14:00),Burnley,0–2,Bournemouth,19713,Turf Moor,David Coote,/en/matches/f7674d8b/Burnley-Bournemouth-March-3-2024-Premier-League,,f7674d8b
ENG-Premier League,2324,2024-03-03 Manchester City-Manchester Utd,27,Sun,2024-03-03,15:30 (16:30),Manchester City,3–1,Manchester Utd,53514,Etihad Stadium,Andy Madley,/en/matches/615eff06/Manchester-Derby-Manchester-City-Manchester-United-March-3-2024-Premier-League,,615eff06
ENG-Premier League,2324,2024-03-04 Sheffield United-Arsenal,27,Mon,2024-03-04,20:00 (21:00),Sheffield United,0–6,Arsenal,29157,Bramall Lane,Samuel Barrott,/en/matches/2eca8900/Sheffield-United-Arsenal-March-4-2024-Premier-League,,2eca8900
ENG-Premier League,2324,2024-03-09 Arsenal-Brentford,28,Sat,2024-03-09,17:30 (18:30),Arsenal,2–1,Brentford,60331,Emirates Stadium,Robert Jones,/en/matches/0e9002ec/Arsenal-Brentford-March-9-2024-Premier-League,,0e9002ec
ENG-Premier League,2324,2024-03-09 Bournemouth-Sheffield United,28,Sat,2024-03-09,15:00 (16:00),Bournemouth,2–2,Sheffield United,11074,Vitality Stadium,Anthony Taylor,/en/matches/81b6715a/Bournemouth-Sheffield-United-March-9-2024-Premier-League,,81b6715a
ENG-Premier League,2324,2024-03-09 Crystal Palace-Luton Town,28,Sat,2024-03-09,15:00 (16:00),Crystal Palace,1–1,Luton Town,25103,Selhurst Park,Sunny Singh,/en/matches/fd693c8e/Crystal-Palace-Luton-Town-March-9-2024-Premier-League,,fd693c8e
ENG-Premier League,2324,2024-03-09 Manchester Utd-Everton,28,Sat,2024-03-09,12:30 (13:30),Manchester Utd,2–0,Everton,73601,Old Trafford,Simon Hooper,/en/matches/fede7f6e/Manchester-United-Everton-March-9-2024-Premier-League,,fede7f6e
ENG-Premier League,2324,2024-03-09 Wolves-Fulham,28,Sat,2024-03-09,15:00 (16:00),Wolves,2–1,Fulham,30860,Molineux Stadium,Tony Harrington,/en/matches/b606cbde/Wolverhampton-Wanderers-Fulham-March-9-2024-Premier-League,,b606cbde
ENG-Premier League,2324,2024-03-10 Aston Villa-Tottenham Hotspur,28,Sun,2024-03-10,13:00 (14:00),Aston Villa,0–4,Tottenham Hotspur,42310,Villa Park,Chris Kavanagh,/en/matches/a32a7069/Aston-Villa-Tottenham-Hotspur-March-10-2024-Premier-League,,a32a7069
ENG-Premier League,2324,2024-03-10 Brighton-Nottingham Forest,28,Sun,2024-03-10,14:00 (15:00),Brighton,1–0,Nottingham Forest,31505,The American Express Community Stadium,Michael Salisbury,/en/matches/f17d9ccd/Brighton-and-Hove-Albion-Nottingham-Forest-March-10-2024-Premier-League,,f17d9ccd
ENG-Premier League,2324,2024-03-10 Liverpool-Manchester City,28,Sun,2024-03-10,15:45 (16:45),Liverpool,1–1,Manchester City,59947,Anfield,Michael Oliver,/en/matches/96da3e29/Liverpool-Manchester-City-March-10-2024-Premier-League,,96da3e29
ENG-Premier League,2324,2024-03-10 West Ham United-Burnley,28,Sun,2024-03-10,14:00 (15:00),West Ham United,2–2,Burnley,62441,London Stadium,Darren England,/en/matches/9ef133d6/West-Ham-United-Burnley-March-10-2024-Premier-League,,9ef133d6
ENG-Premier League,2324,2024-03-11 Chelsea-Newcastle United,28,Mon,2024-03-11,20:00 (21:00),Chelsea,3–2,Newcastle United,37753,Stamford Bridge,John Brooks,/en/matches/d4b4c06f/Chelsea-Newcastle-United-March-11-2024-Premier-League,,d4b4c06f
ENG-Premier League,2324,2024-03-13 Bournemouth-Luton Town,17,Wed,2024-03-13,19:30 (20:30),Bournemouth,4–3,Luton Town,11198,Vitality Stadium,Samuel Allison,/en/matches/a32a8157/Bournemouth-Luton-Town-March-13-2024-Premier-League,,a32a8157
ENG-Premier League,2324,2024-03-16 Burnley-Brentford,29,Sat,2024-03-16,15:00 (16:00),Burnley,2–1,Brentford,20431,Turf Moor,Darren Bond,/en/matches/b280b66a/Burnley-Brentford-March-16-2024-Premier-League,,b280b66a
ENG-Premier League,2324,2024-03-16 Fulham-Tottenham Hotspur,29,Sat,2024-03-16,17:30 (18:30),Fulham,3–0,Tottenham Hotspur,24410,Craven Cottage,Robert Jones,/en/matches/8a009cc4/Fulham-Tottenham-Hotspur-March-16-2024-Premier-League,,8a009cc4
ENG-Premier League,2324,2024-03-16 Luton Town-Nottingham Forest,29,Sat,2024-03-16,15:00 (16:00),Luton Town,1–1,Nottingham Forest,11630,Kenilworth Road Stadium,Darren England,/en/matches/76d09384/Luton-Town-Nottingham-Forest-March-16-2024-Premier-League,,76d09384
ENG-Premier League,2324,2024-03-17 West Ham United-Aston Villa,29,Sun,2024-03-17,14:00 (15:00),West Ham United,1–1,Aston Villa,62461,London Stadium,Jarred Gillett,/en/matches/fc356c59/West-Ham-United-Aston-Villa-March-17-2024-Premier-League,,fc356c59
ENG-Premier League,2324,2024-03-30 Aston Villa-Wolves,30,Sat,2024-03-30,17:30 (18:30),Aston Villa,2–0,Wolves,42640,Villa Park,Paul Tierney,/en/matches/5f218b76/Aston-Villa-Wolverhampton-Wanderers-March-30-2024-Premier-League,,5f218b76
ENG-Premier League,2324,2024-03-30 Bournemouth-Everton,30,Sat,2024-03-30,15:00 (16:00),Bournemouth,2–1,Everton,11207,Vitality Stadium,Samuel Barrott,/en/matches/0eaaf0ab/Bournemouth-Everton-March-30-2024-Premier-League,,0eaaf0ab
ENG-Premier League,2324,2024-03-30 Brentford-Manchester Utd,30,Sat,2024-03-30,20:00 (21:00),Brentford,1–1,Manchester Utd,17138,Gtech Community Stadium,Simon Hooper,/en/matches/43a07892/Brentford-Manchester-United-March-30-2024-Premier-League,,43a07892
ENG-Premier League,2324,2024-03-30 Chelsea-Burnley,30,Sat,2024-03-30,15:00 (16:00),Chelsea,2–2,Burnley,39535,Stamford Bridge,Darren England,/en/matches/e68ec2a9/Chelsea-Burnley-March-30-2024-Premier-League,,e68ec2a9
ENG-Premier League,2324,2024-03-30 Newcastle United-West Ham United,30,Sat,2024-03-30,12:30 (13:30),Newcastle United,4–3,West Ham United,52199,St James' Park,Robert Jones,/en/matches/10600f89/Newcastle-United-West-Ham-United-March-30-2024-Premier-League,,10600f89
ENG-Premier League,2324,2024-03-30 Nottingham Forest-Crystal Palace,30,Sat,2024-03-30,15:00 (16:00),Nottingham Forest,1–1,Crystal Palace,29520,The City Ground,Chris Kavanagh,/en/matches/791fc95a/Nottingham-Forest-Crystal-Palace-March-30-2024-Premier-League,,791fc95a
ENG-Premier League,2324,2024-03-30 Sheffield United-Fulham,30,Sat,2024-03-30,15:00 (16:00),Sheffield United,3–3,Fulham,30010,Bramall Lane,Tim Robinson,/en/matches/ad4a1302/Sheffield-United-Fulham-March-30-2024-Premier-League,,ad4a1302
ENG-Premier League,2324,2024-03-30 Tottenham Hotspur-Luton Town,30,Sat,2024-03-30,15:00 (16:00),Tottenham Hotspur,2–1,Luton Town,61534,Tottenham Hotspur Stadium,Jarred Gillett,/en/matches/6397e2af/Tottenham-Hotspur-Luton-Town-March-30-2024-Premier-League,,6397e2af
ENG-Premier League,2324,2024-03-31 Liverpool-Brighton,30,Sun,2024-03-31,14:00 (15:00),Liverpool,2–1,Brighton,60061,Anfield,David Coote,/en/matches/b763b73e/Liverpool-Brighton-and-Hove-Albion-March-31-2024-Premier-League,,b763b73e
ENG-Premier League,2324,2024-03-31 Manchester City-Arsenal,30,Sun,2024-03-31,16:30 (17:30),Manchester City,0–0,Arsenal,52178,Etihad Stadium,Anthony Taylor,/en/matches/76b4b194/Manchester-City-Arsenal-March-31-2024-Premier-League,,76b4b194
ENG-Premier League,2324,2024-04-02 Bournemouth-Crystal Palace,31,Tue,2024-04-02,19:45 (20:45),Bournemouth,1–0,Crystal Palace,11058,Vitality Stadium,Graham Scott,/en/matches/1ef36f8d/Bournemouth-Crystal-Palace-April-2-2024-Premier-League,,1ef36f8d
ENG-Premier League,2324,2024-04-02 Burnley-Wolves,31,Tue,2024-04-02,19:45 (20:45),Burnley,1–1,Wolves,21528,Turf Moor,Thomas Bramall,/en/matches/feadec6f/Burnley-Wolverhampton-Wanderers-April-2-2024-Premier-League,,feadec6f
ENG-Premier League,2324,2024-04-02 Newcastle United-Everton,31,Tue,2024-04-02,19:30 (20:30),Newcastle United,1–1,Everton,52135,St James' Park,Tony Harrington,/en/matches/52846bc3/Newcastle-United-Everton-April-2-2024-Premier-League,,52846bc3
ENG-Premier League,2324,2024-04-02 Nottingham Forest-Fulham,31,Tue,2024-04-02,19:30 (20:30),Nottingham Forest,3–1,Fulham,28997,The City Ground,Michael Oliver,/en/matches/55996670/Nottingham-Forest-Fulham-April-2-2024-Premier-League,,55996670
ENG-Premier League,2324,2024-04-02 West Ham United-Tottenham Hotspur,31,Tue,2024-04-02,20:15 (21:15),West Ham United,1–1,Tottenham Hotspur,62469,London Stadium,John Brooks,/en/matches/2600ff86/West-Ham-United-Tottenham-Hotspur-April-2-2024-Premier-League,,2600ff86
ENG-Premier League,2324,2024-04-03 Arsenal-Luton Town,31,Wed,2024-04-03,19:30 (20:30),Arsenal,2–0,Luton Town,60262,Emirates Stadium,Craig Pawson,/en/matches/77d7e2d6/Arsenal-Luton-Town-April-3-2024-Premier-League,,77d7e2d6
ENG-Premier League,2324,2024-04-03 Brentford-Brighton,31,Wed,2024-04-03,19:30 (20:30),Brentford,0–0,Brighton,17024,Gtech Community Stadium,Andy Madley,/en/matches/8ec55f05/Brentford-Brighton-and-Hove-Albion-April-3-2024-Premier-League,,8ec55f05
ENG-Premier League,2324,2024-04-03 Manchester City-Aston Villa,31,Wed,2024-04-03,20:15 (21:15),Manchester City,4–1,Aston Villa,53422,Etihad Stadium,Darren England,/en/matches/ae3ba8e8/Manchester-City-Aston-Villa-April-3-2024-Premier-League,,ae3ba8e8
ENG-Premier League,2324,2024-04-04 Chelsea-Manchester Utd,31,Thu,2024-04-04,20:15 (21:15),Chelsea,4–3,Manchester Utd,39694,Stamford Bridge,Jarred Gillett,/en/matches/c6079c2f/Chelsea-Manchester-United-April-4-2024-Premier-League,,c6079c2f
ENG-Premier League,2324,2024-04-04 Liverpool-Sheffield United,31,Thu,2024-04-04,19:30 (20:30),Liverpool,3–1,Sheffield United,60055,Anfield,Stuart Attwell,/en/matches/1f5973e2/Liverpool-Sheffield-United-April-4-2024-Premier-League,,1f5973e2
ENG-Premier League,2324,2024-04-06 Aston Villa-Brentford,32,Sat,2024-04-06,15:00 (16:00),Aston Villa,3–3,Brentford,42118,Villa Park,Michael Salisbury,/en/matches/e8f307a3/Aston-Villa-Brentford-April-6-2024-Premier-League,,e8f307a3
ENG-Premier League,2324,2024-04-06 Brighton-Arsenal,32,Sat,2024-04-06,17:30 (18:30),Brighton,0–3,Arsenal,31677,The American Express Community Stadium,John Brooks,/en/matches/2047cc32/Brighton-and-Hove-Albion-Arsenal-April-6-2024-Premier-League,,2047cc32
ENG-Premier League,2324,2024-04-06 Crystal Palace-Manchester City,32,Sat,2024-04-06,12:30 (13:30),Crystal Palace,2–4,Manchester City,25132,Selhurst Park,Paul Tierney,/en/matches/fca82852/Crystal-Palace-Manchester-City-April-6-2024-Premier-League,,fca82852
ENG-Premier League,2324,2024-04-06 Everton-Burnley,32,Sat,2024-04-06,15:00 (16:00),Everton,1–0,Burnley,39125,Goodison Park,Michael Oliver,/en/matches/cc7efb48/Everton-Burnley-April-6-2024-Premier-League,,cc7efb48
ENG-Premier League,2324,2024-04-06 Fulham-Newcastle United,32,Sat,2024-04-06,15:00 (16:00),Fulham,0–1,Newcastle United,24418,Craven Cottage,Samuel Allison,/en/matches/a9d2819f/Fulham-Newcastle-United-April-6-2024-Premier-League,,a9d2819f
ENG-Premier League,2324,2024-04-06 Luton Town-Bournemouth,32,Sat,2024-04-06,15:00 (16:00),Luton Town,2–1,Bournemouth,11797,Kenilworth Road Stadium,Andy Madley,/en/matches/08114c35/Luton-Town-Bournemouth-April-6-2024-Premier-League,,08114c35
ENG-Premier League,2324,2024-04-06 Wolves-West Ham United,32,Sat,2024-04-06,15:00 (16:00),Wolves,1–2,West Ham United,31504,Molineux Stadium,Tony Harrington,/en/matches/4f0b227b/Wolverhampton-Wanderers-West-Ham-United-April-6-2024-Premier-League,,4f0b227b
ENG-Premier League,2324,2024-04-07 Manchester Utd-Liverpool,32,Sun,2024-04-07,15:30 (16:30),Manchester Utd,2–2,Liverpool,73501,Old Trafford,Anthony Taylor,/en/matches/d57ffe1a/North-West-Derby-Manchester-United-Liverpool-April-7-2024-Premier-League,,d57ffe1a
ENG-Premier League,2324,2024-04-07 Sheffield United-Chelsea,32,Sun,2024-04-07,17:30 (18:30),Sheffield United,2–2,Chelsea,28638,Bramall Lane,Robert Jones,/en/matches/d3850c26/Sheffield-United-Chelsea-April-7-2024-Premier-League,,d3850c26
ENG-Premier League,2324,2024-04-07 Tottenham Hotspur-Nottingham Forest,32,Sun,2024-04-07,18:00 (19:00),Tottenham Hotspur,3–1,Nottingham Forest,61098,Tottenham Hotspur Stadium,Simon Hooper,/en/matches/7598049f/Tottenham-Hotspur-Nottingham-Forest-April-7-2024-Premier-League,,7598049f
ENG-Premier League,2324,2024-04-13 Bournemouth-Manchester Utd,33,Sat,2024-04-13,17:30 (18:30),Bournemouth,2–2,Manchester Utd,11229,Vitality Stadium,Tony Harrington,/en/matches/32a8be36/Bournemouth-Manchester-United-April-13-2024-Premier-League,,32a8be36
ENG-Premier League,2324,2024-04-13 Brentford-Sheffield United,33,Sat,2024-04-13,15:00 (16:00),Brentford,2–0,Sheffield United,17115,Gtech Community Stadium,Samuel Barrott,/en/matches/4a4d2976/Brentford-Sheffield-United-April-13-2024-Premier-League,,4a4d2976
ENG-Premier League,2324,2024-04-13 Burnley-Brighton,33,Sat,2024-04-13,15:00 (16:00),Burnley,1–1,Brighton,20687,Turf Moor,Simon Hooper,/en/matches/c9ab1f95/Burnley-Brighton-and-Hove-Albion-April-13-2024-Premier-League,,c9ab1f95
ENG-Premier League,2324,2024-04-13 Manchester City-Luton Town,33,Sat,2024-04-13,15:00 (16:00),Manchester City,5–1,Luton Town,52149,Etihad Stadium,John Brooks,/en/matches/40128bc4/Manchester-City-Luton-Town-April-13-2024-Premier-League,,40128bc4
ENG-Premier League,2324,2024-04-13 Newcastle United-Tottenham Hotspur,33,Sat,2024-04-13,12:30 (13:30),Newcastle United,4–0,Tottenham Hotspur,52147,St James' Park,Tim Robinson,/en/matches/50db3243/Newcastle-United-Tottenham-Hotspur-April-13-2024-Premier-League,,50db3243
ENG-Premier League,2324,2024-04-13 Nottingham Forest-Wolves,33,Sat,2024-04-13,15:00 (16:00),Nottingham Forest,2–2,Wolves,29604,The City Ground,Craig Pawson,/en/matches/4460b6c5/Nottingham-Forest-Wolverhampton-Wanderers-April-13-2024-Premier-League,,4460b6c5
ENG-Premier League,2324,2024-04-14 Arsenal-Aston Villa,33,Sun,2024-04-14,16:30 (17:30),Arsenal,0–2,Aston Villa,60350,Emirates Stadium,David Coote,/en/matches/c1739ced/Arsenal-Aston-Villa-April-14-2024-Premier-League,,c1739ced
ENG-Premier League,2324,2024-04-14 Liverpool-Crystal Palace,33,Sun,2024-04-14,14:00 (15:00),Liverpool,0–1,Crystal Palace,60090,Anfield,Chris Kavanagh,/en/matches/99113ef3/Liverpool-Crystal-Palace-April-14-2024-Premier-League,,99113ef3
ENG-Premier League,2324,2024-04-14 West Ham United-Fulham,33,Sun,2024-04-14,14:00 (15:00),West Ham United,0–2,Fulham,62459,London Stadium,Stuart Attwell,/en/matches/bd62891f/West-Ham-United-Fulham-April-14-2024-Premier-League,,bd62891f
ENG-Premier League,2324,2024-04-15 Chelsea-Everton,33,Mon,2024-04-15,20:00 (21:00),Chelsea,6–0,Everton,39392,Stamford Bridge,Paul Tierney,/en/matches/1a41ac25/Chelsea-Everton-April-15-2024-Premier-League,,1a41ac25
ENG-Premier League,2324,2024-04-20 Luton Town-Brentford,34,Sat,2024-04-20,15:00 (16:00),Luton Town,1–5,Brentford,11877,Kenilworth Road Stadium,Jarred Gillett,/en/matches/c98abeb4/Luton-Town-Brentford-April-20-2024-Premier-League,,c98abeb4
ENG-Premier League,2324,2024-04-20 Sheffield United-Burnley,34,Sat,2024-04-20,15:00 (16:00),Sheffield United,1–4,Burnley,28964,Bramall Lane,Andy Madley,/en/matches/ee8223ec/Sheffield-United-Burnley-April-20-2024-Premier-League,,ee8223ec
ENG-Premier League,2324,2024-04-20 Wolves-Arsenal,34,Sat,2024-04-20,19:30 (20:30),Wolves,0–2,Arsenal,31621,Molineux Stadium,Paul Tierney,/en/matches/22881ea2/Wolverhampton-Wanderers-Arsenal-April-20-2024-Premier-League,,22881ea2
ENG-Premier League,2324,2024-04-21 Aston Villa-Bournemouth,34,Sun,2024-04-21,15:00 (16:00),Aston Villa,3–1,Bournemouth,42189,Villa Park,Tim Robinson,/en/matches/6236de96/Aston-Villa-Bournemouth-April-21-2024-Premier-League,,6236de96
ENG-Premier League,2324,2024-04-21 Crystal Palace-West Ham United,34,Sun,2024-04-21,15:00 (16:00),Crystal Palace,5–2,West Ham United,25145,Selhurst Park,Graham Scott,/en/matches/6ef6966a/Crystal-Palace-West-Ham-United-April-21-2024-Premier-League,,6ef6966a
ENG-Premier League,2324,2024-04-21 Everton-Nottingham Forest,34,Sun,2024-04-21,13:30 (14:30),Everton,2–0,Nottingham Forest,39239,Goodison Park,Anthony Taylor,/en/matches/3025d010/Everton-Nottingham-Forest-April-21-2024-Premier-League,,3025d010
ENG-Premier League,2324,2024-04-21 Fulham-Liverpool,34,Sun,2024-04-21,16:30 (17:30),Fulham,1–3,Liverpool,24414,Craven Cottage,Craig Pawson,/en/matches/9dcb5084/Fulham-Liverpool-April-21-2024-Premier-League,,9dcb5084
ENG-Premier League,2324,2024-04-23 Arsenal-Chelsea,29,Tue,2024-04-23,20:00 (21:00),Arsenal,5–0,Chelsea,60238,Emirates Stadium,Simon Hooper,/en/matches/3435dfcc/North-West-London-Derby-Arsenal-Chelsea-April-23-2024-Premier-League,,3435dfcc
ENG-Premier League,2324,2024-04-24 Crystal Palace-Newcastle United,29,Wed,2024-04-24,20:00 (21:00),Crystal Palace,2–0,Newcastle United,25002,Selhurst Park,Thomas Bramall,/en/matches/ee21eba2/Crystal-Palace-Newcastle-United-April-24-2024-Premier-League,,ee21eba2
ENG-Premier League,2324,2024-04-24 Everton-Liverpool,29,Wed,2024-04-24,20:00 (21:00),Everton,2–0,Liverpool,38222,Goodison Park,Andy Madley,/en/matches/971e0a29/Merseyside-Derby-Everton-Liverpool-April-24-2024-Premier-League,,971e0a29
ENG-Premier League,2324,2024-04-24 Manchester Utd-Sheffield United,29,Wed,2024-04-24,20:00 (21:00),Manchester Utd,4–2,Sheffield United,73549,Old Trafford,Michael Salisbury,/en/matches/70770e72/Manchester-United-Sheffield-United-April-24-2024-Premier-League,,70770e72
ENG-Premier League,2324,2024-04-24 Wolves-Bournemouth,29,Wed,2024-04-24,19:45 (20:45),Wolves,0–1,Bournemouth,25541,Molineux Stadium,Stuart Attwell,/en/matches/2e209def/Wolverhampton-Wanderers-Bournemouth-April-24-2024-Premier-League,,2e209def
ENG-Premier League,2324,2024-04-25 Brighton-Manchester City,29,Thu,2024-04-25,20:00 (21:00),Brighton,0–4,Manchester City,31596,The American Express Community Stadium,Jarred Gillett,/en/matches/45bb8cac/Brighton-and-Hove-Albion-Manchester-City-April-25-2024-Premier-League,,45bb8cac
ENG-Premier League,2324,2024-04-27 Aston Villa-Chelsea,35,Sat,2024-04-27,20:00 (21:00),Aston Villa,2–2,Chelsea,42354,Villa Park,Craig Pawson,/en/matches/a88dc35f/Aston-Villa-Chelsea-April-27-2024-Premier-League,,a88dc35f
ENG-Premier League,2324,2024-04-27 Everton-Brentford,35,Sat,2024-04-27,17:30 (18:30),Everton,1–0,Brentford,39098,Goodison Park,Darren England,/en/matches/c813a2ae/Everton-Brentford-April-27-2024-Premier-League,,c813a2ae
ENG-Premier League,2324,2024-04-27 Fulham-Crystal Palace,35,Sat,2024-04-27,15:00 (16:00),Fulham,1–1,Crystal Palace,24142,Craven Cottage,Stuart Attwell,/en/matches/9fe4ec6e/Fulham-Crystal-Palace-April-27-2024-Premier-League,,9fe4ec6e
ENG-Premier League,2324,2024-04-27 Manchester Utd-Burnley,35,Sat,2024-04-27,15:00 (16:00),Manchester Utd,1–1,Burnley,73571,Old Trafford,John Brooks,/en/matches/e8eb637d/Manchester-United-Burnley-April-27-2024-Premier-League,,e8eb637d
ENG-Premier League,2324,2024-04-27 Newcastle United-Sheffield United,35,Sat,2024-04-27,15:00 (16:00),Newcastle United,5–1,Sheffield United,52196,St James' Park,Tony Harrington,/en/matches/e92d40be/Newcastle-United-Sheffield-United-April-27-2024-Premier-League,,e92d40be
ENG-Premier League,2324,2024-04-27 West Ham United-Liverpool,35,Sat,2024-04-27,12:30 (13:30),West Ham United,2–2,Liverpool,62474,London Stadium,Anthony Taylor,/en/matches/ba04d7d8/West-Ham-United-Liverpool-April-27-2024-Premier-League,,ba04d7d8
ENG-Premier League,2324,2024-04-27 Wolves-Luton Town,35,Sat,2024-04-27,15:00 (16:00),Wolves,2–1,Luton Town,31531,Molineux Stadium,David Coote,/en/matches/55d68500/Wolverhampton-Wanderers-Luton-Town-April-27-2024-Premier-League,,55d68500
ENG-Premier League,2324,2024-04-28 Bournemouth-Brighton,35,Sun,2024-04-28,14:00 (15:00),Bournemouth,3–0,Brighton,11188,Vitality Stadium,Paul Tierney,/en/matches/fa3c7491/Bournemouth-Brighton-and-Hove-Albion-April-28-2024-Premier-League,,fa3c7491
ENG-Premier League,2324,2024-04-28 Nottingham Forest-Manchester City,35,Sun,2024-04-28,16:30 (17:30),Nottingham Forest,0–2,Manchester City,29677,The City Ground,Simon Hooper,/en/matches/80bbb25e/Nottingham-Forest-Manchester-City-April-28-2024-Premier-League,,80bbb25e
ENG-Premier League,2324,2024-04-28 Tottenham Hotspur-Arsenal,35,Sun,2024-04-28,14:00 (15:00),Tottenham Hotspur,2–3,Arsenal,61554,Tottenham Hotspur Stadium,Michael Oliver,/en/matches/d98c9a99/North-London-Derby-Tottenham-Hotspur-Arsenal-April-28-2024-Premier-League,,d98c9a99
ENG-Premier League,2324,2024-05-02 Chelsea-Tottenham Hotspur,26,Thu,2024-05-02,19:30 (20:30),Chelsea,2–0,Tottenham Hotspur,39086,Stamford Bridge,Robert Jones,/en/matches/6b489131/Chelsea-Tottenham-Hotspur-May-2-2024-Premier-League,,6b489131
ENG-Premier League,2324,2024-05-03 Luton Town-Everton,36,Fri,2024-05-03,20:00 (21:00),Luton Town,1–1,Everton,11873,Kenilworth Road Stadium,Tim Robinson,/en/matches/76d10c7d/Luton-Town-Everton-May-3-2024-Premier-League,,76d10c7d
ENG-Premier League,2324,2024-05-04 Arsenal-Bournemouth,36,Sat,2024-05-04,12:30 (13:30),Arsenal,3–0,Bournemouth,60348,Emirates Stadium,David Coote,/en/matches/00bcfc31/Arsenal-Bournemouth-May-4-2024-Premier-League,,00bcfc31
ENG-Premier League,2324,2024-05-04 Brentford-Fulham,36,Sat,2024-05-04,15:00 (16:00),Brentford,0–0,Fulham,17090,Gtech Community Stadium,Graham Scott,/en/matches/a388fc69/Brentford-Fulham-May-4-2024-Premier-League,,a388fc69
ENG-Premier League,2324,2024-05-04 Burnley-Newcastle United,36,Sat,2024-05-04,15:00 (16:00),Burnley,1–4,Newcastle United,21781,Turf Moor,Anthony Taylor,/en/matches/070bf86d/Burnley-Newcastle-United-May-4-2024-Premier-League,,070bf86d
ENG-Premier League,2324,2024-05-04 Manchester City-Wolves,36,Sat,2024-05-04,17:30 (18:30),Manchester City,5–1,Wolves,52439,Etihad Stadium,Craig Pawson,/en/matches/5a9032bf/Manchester-City-Wolverhampton-Wanderers-May-4-2024-Premier-League,,5a9032bf
ENG-Premier League,2324,2024-05-04 Sheffield United-Nottingham Forest,36,Sat,2024-05-04,15:00 (16:00),Sheffield United,1–3,Nottingham Forest,28516,Bramall Lane,Chris Kavanagh,/en/matches/91a2da3b/Sheffield-United-Nottingham-Forest-May-4-2024-Premier-League,,91a2da3b
ENG-Premier League,2324,2024-05-05 Brighton-Aston Villa,36,Sun,2024-05-05,14:00 (15:00),Brighton,1–0,Aston Villa,31596,The American Express Community Stadium,Robert Jones,/en/matches/5d5f6155/Brighton-and-Hove-Albion-Aston-Villa-May-5-2024-Premier-League,,5d5f6155
ENG-Premier League,2324,2024-05-05 Chelsea-West Ham United,36,Sun,2024-05-05,14:00 (15:00),Chelsea,5–0,West Ham United,39295,Stamford Bridge,Andy Madley,/en/matches/f8a0189a/Chelsea-West-Ham-United-May-5-2024-Premier-League,,f8a0189a
ENG-Premier League,2324,2024-05-05 Liverpool-Tottenham Hotspur,36,Sun,2024-05-05,16:30 (17:30),Liverpool,4–2,Tottenham Hotspur,60075,Anfield,Paul Tierney,/en/matches/08341569/Liverpool-Tottenham-Hotspur-May-5-2024-Premier-League,,08341569
ENG-Premier League,2324,2024-05-06 Crystal Palace-Manchester Utd,36,Mon,2024-05-06,20:00 (21:00),Crystal Palace,4–0,Manchester Utd,25190,Selhurst Park,Jarred Gillett,/en/matches/8c4bf9e7/Crystal-Palace-Manchester-United-May-6-2024-Premier-League,,8c4bf9e7
ENG-Premier League,2324,2024-05-11 Bournemouth-Brentford,37,Sat,2024-05-11,15:00 (16:00),Bournemouth,1–2,Brentford,11154,Vitality Stadium,Matt Donohue,/en/matches/e7b6ebb6/Bournemouth-Brentford-May-11-2024-Premier-League,,e7b6ebb6
ENG-Premier League,2324,2024-05-11 Everton-Sheffield United,37,Sat,2024-05-11,15:00 (16:00),Everton,1–0,Sheffield United,39221,Goodison Park,Stuart Attwell,/en/matches/482e6ce4/Everton-Sheffield-United-May-11-2024-Premier-League,,482e6ce4
ENG-Premier League,2324,2024-05-11 Fulham-Manchester City,37,Sat,2024-05-11,12:30 (13:30),Fulham,0–4,Manchester City,24418,Craven Cottage,Anthony Taylor,/en/matches/4e211d29/Fulham-Manchester-City-May-11-2024-Premier-League,,4e211d29
ENG-Premier League,2324,2024-05-11 Newcastle United-Brighton,37,Sat,2024-05-11,15:00 (16:00),Newcastle United,1–1,Brighton,51997,St James' Park,Darren England,/en/matches/6dbd7d72/Newcastle-United-Brighton-and-Hove-Albion-May-11-2024-Premier-League,,6dbd7d72
ENG-Premier League,2324,2024-05-11 Nottingham Forest-Chelsea,37,Sat,2024-05-11,17:30 (18:30),Nottingham Forest,2–3,Chelsea,29708,The City Ground,Tony Harrington,/en/matches/384547b8/Nottingham-Forest-Chelsea-May-11-2024-Premier-League,,384547b8
ENG-Premier League,2324,2024-05-11 Tottenham Hotspur-Burnley,37,Sat,2024-05-11,15:00 (16:00),Tottenham Hotspur,2–1,Burnley,61148,Tottenham Hotspur Stadium,Jarred Gillett,/en/matches/45c36efd/Tottenham-Hotspur-Burnley-May-11-2024-Premier-League,,45c36efd
ENG-Premier League,2324,2024-05-11 West Ham United-Luton Town,37,Sat,2024-05-11,15:00 (16:00),West Ham United,3–1,Luton Town,62475,London Stadium,Michael Oliver,/en/matches/17e9dbbf/West-Ham-United-Luton-Town-May-11-2024-Premier-League,,17e9dbbf
ENG-Premier League,2324,2024-05-11 Wolves-Crystal Palace,37,Sat,2024-05-11,15:00 (16:00),Wolves,1–3,Crystal Palace,31424,Molineux Stadium,Thomas Bramall,/en/matches/16d5b6aa/Wolverhampton-Wanderers-Crystal-Palace-May-11-2024-Premier-League,,16d5b6aa
ENG-Premier League,2324,2024-05-12 Manchester Utd-Arsenal,37,Sun,2024-05-12,16:30 (17:30),Manchester Utd,0–1,Arsenal,73600,Old Trafford,Paul Tierney,/en/matches/ab9827f2/Manchester-United-Arsenal-May-12-2024-Premier-League,,ab9827f2
ENG-Premier League,2324,2024-05-13 Aston Villa-Liverpool,37,Mon,2024-05-13,20:00 (21:00),Aston Villa,3–3,Liverpool,42241,Villa Park,Simon Hooper,/en/matches/72c0709d/Aston-Villa-Liverpool-May-13-2024-Premier-League,,72c0709d
ENG-Premier League,2324,2024-05-14 Tottenham Hotspur-Manchester City,34,Tue,2024-05-14,20:00 (21:00),Tottenham Hotspur,0–2,Manchester City,61065,Tottenham Hotspur Stadium,Chris Kavanagh,/en/matches/2ba17e6d/Tottenham-Hotspur-Manchester-City-May-14-2024-Premier-League,,2ba17e6d
ENG-Premier League,2324,2024-05-15 Brighton-Chelsea,34,Wed,2024-05-15,19:45 (20:45),Brighton,1–2,Chelsea,31555,The American Express Community Stadium,Michael Salisbury,/en/matches/b42b7907/Brighton-and-Hove-Albion-Chelsea-May-15-2024-Premier-League,,b42b7907
ENG-Premier League,2324,2024-05-15 Manchester Utd-Newcastle United,34,Wed,2024-05-15,20:00 (21:00),Manchester Utd,3–2,Newcastle United,73582,Old Trafford,Robert Jones,/en/matches/e43e8597/Manchester-United-Newcastle-United-May-15-2024-Premier-League,,e43e8597
ENG-Premier League,2324,2024-05-19 Arsenal-Everton,38,Sun,2024-05-19,16:00 (17:00),Arsenal,2–1,Everton,60312,Emirates Stadium,Michael Oliver,/en/matches/3e33bd98/Arsenal-Everton-May-19-2024-Premier-League,,3e33bd98
ENG-Premier League,2324,2024-05-19 Brentford-Newcastle United,38,Sun,2024-05-19,16:00 (17:00),Brentford,2–4,Newcastle United,17124,Gtech Community Stadium,Simon Hooper,/en/matches/546e1a3d/Brentford-Newcastle-United-May-19-2024-Premier-League,,546e1a3d
ENG-Premier League,2324,2024-05-19 Brighton-Manchester Utd,38,Sun,2024-05-19,16:00 (17:00),Brighton,0–2,Manchester Utd,31662,The American Express Community Stadium,Craig Pawson,/en/matches/47ecdc19/Brighton-and-Hove-Albion-Manchester-United-May-19-2024-Premier-League,,47ecdc19
ENG-Premier League,2324,2024-05-19 Burnley-Nottingham Forest,38,Sun,2024-05-19,16:00 (17:00),Burnley,1–2,Nottingham Forest,21109,Turf Moor,Graham Scott,/en/matches/dafb05fe/Burnley-Nottingham-Forest-May-19-2024-Premier-League,,dafb05fe
ENG-Premier League,2324,2024-05-19 Chelsea-Bournemouth,38,Sun,2024-05-19,16:00 (17:00),Chelsea,2–1,Bournemouth,39724,Stamford Bridge,Anthony Taylor,/en/matches/7c034003/Chelsea-Bournemouth-May-19-2024-Premier-League,,7c034003
ENG-Premier League,2324,2024-05-19 Crystal Palace-Aston Villa,38,Sun,2024-05-19,16:00 (17:00),Crystal Palace,5–0,Aston Villa,25191,Selhurst Park,Darren Bond,/en/matches/c975c7a6/Crystal-Palace-Aston-Villa-May-19-2024-Premier-League,,c975c7a6
ENG-Premier League,2324,2024-05-19 Liverpool-Wolves,38,Sun,2024-05-19,16:00 (17:00),Liverpool,2–0,Wolves,60059,Anfield,Chris Kavanagh,/en/matches/d4823ed5/Liverpool-Wolverhampton-Wanderers-May-19-2024-Premier-League,,d4823ed5
ENG-Premier League,2324,2024-05-19 Luton Town-Fulham,38,Sun,2024-05-19,16:00 (17:00),Luton Town,2–4,Fulham,12027,Kenilworth Road Stadium,Matt Donohue,/en/matches/0fde9d70/Luton-Town-Fulham-May-19-2024-Premier-League,,0fde9d70
ENG-Premier League,2324,2024-05-19 Manchester City-West Ham United,38,Sun,2024-05-19,16:00 (17:00),Manchester City,3–1,West Ham United,55097,Etihad Stadium,John Brooks,/en/matches/29335211/Manchester-City-West-Ham-United-May-19-2024-Premier-League,,29335211
ENG-Premier League,2324,2024-05-19 Sheffield United-Tottenham Hotspur,38,Sun,2024-05-19,16:00 (17:00),Sheffield United,0–3,Tottenham Hotspur,29116,Bramall Lane,Andy Madley,/en/matches/273a89b4/Sheffield-United-Tottenham-Hotspur-May-19-2024-Premier-League,,273a89b4
ENG-Premier League,2425,2024-08-16 Manchester Utd-Fulham,1,Fri,2024-08-16,20:00 (21:00),Manchester Utd,1–0,Fulham,73297,Old Trafford,Robert Jones,/en/matches/cc5b4244/Manchester-United-Fulham-August-16-2024-Premier-League,,cc5b4244
ENG-Premier League,2425,2024-08-17 Arsenal-Wolves,1,Sat,2024-08-17,15:00 (16:00),Arsenal,2–0,Wolves,60261,Emirates Stadium,Jarred Gillett,/en/matches/c0e3342a/Arsenal-Wolverhampton-Wanderers-August-17-2024-Premier-League,,c0e3342a
ENG-Premier League,2425,2024-08-17 Everton-Brighton,1,Sat,2024-08-17,15:00 (16:00),Everton,0–3,Brighton,39217,Goodison Park,Simon Hooper,/en/matches/71618ace/Everton-Brighton-and-Hove-Albion-August-17-2024-Premier-League,,71618ace
ENG-Premier League,2425,2024-08-17 Ipswich Town-Liverpool,1,Sat,2024-08-17,12:30 (13:30),Ipswich Town,0–2,Liverpool,30014,Portman Road Stadium,Tim Robinson,/en/matches/a1d0d529/Ipswich-Town-Liverpool-August-17-2024-Premier-League,,a1d0d529
ENG-Premier League,2425,2024-08-17 Newcastle United-Southampton,1,Sat,2024-08-17,15:00 (16:00),Newcastle United,1–0,Southampton,52196,St James' Park,Craig Pawson,/en/matches/34557647/Newcastle-United-Southampton-August-17-2024-Premier-League,,34557647
ENG-Premier League,2425,2024-08-17 Nottingham Forest-Bournemouth,1,Sat,2024-08-17,15:00 (16:00),Nottingham Forest,1–1,Bournemouth,29763,The City Ground,Michael Oliver,/en/matches/4efc72e4/Nottingham-Forest-Bournemouth-August-17-2024-Premier-League,,4efc72e4
ENG-Premier League,2425,2024-08-17 West Ham United-Aston Villa,1,Sat,2024-08-17,17:30 (18:30),West Ham United,1–2,Aston Villa,62463,London Stadium,Tony Harrington,/en/matches/eac7c00b/West-Ham-United-Aston-Villa-August-17-2024-Premier-League,,eac7c00b
ENG-Premier League,2425,2024-08-18 Brentford-Crystal Palace,1,Sun,2024-08-18,14:00 (15:00),Brentford,2–1,Crystal Palace,16988,Gtech Community Stadium,Samuel Barrott,/en/matches/b63822b9/Brentford-Crystal-Palace-August-18-2024-Premier-League,,b63822b9
ENG-Premier League,2425,2024-08-18 Chelsea-Manchester City,1,Sun,2024-08-18,16:30 (17:30),Chelsea,0–2,Manchester City,39818,Stamford Bridge,Anthony Taylor,/en/matches/67a0c715/Chelsea-Manchester-City-August-18-2024-Premier-League,,67a0c715
ENG-Premier League,2425,2024-08-19 Leicester City-Tottenham Hotspur,1,Mon,2024-08-19,20:00 (21:00),Leicester City,1–1,Tottenham Hotspur,31977,King Power Stadium,Chris Kavanagh,/en/matches/62eea1d6/Leicester-City-Tottenham-Hotspur-August-19-2024-Premier-League,,62eea1d6
ENG-Premier League,2425,2024-08-24 Aston Villa-Arsenal,2,Sat,2024-08-24,17:30 (18:30),Aston Villa,0–2,Arsenal,41587,Villa Park,Michael Oliver,/en/matches/4692171a/Aston-Villa-Arsenal-August-24-2024-Premier-League,,4692171a
ENG-Premier League,2425,2024-08-24 Brighton-Manchester Utd,2,Sat,2024-08-24,12:30 (13:30),Brighton,2–1,Manchester Utd,31537,The American Express Stadium,Craig Pawson,/en/matches/fc8ab8b2/Brighton-and-Hove-Albion-Manchester-United-August-24-2024-Premier-League,,fc8ab8b2
ENG-Premier League,2425,2024-08-24 Crystal Palace-West Ham United,2,Sat,2024-08-24,15:00 (16:00),Crystal Palace,0–2,West Ham United,25099,Selhurst Park,Robert Jones,/en/matches/540cfb68/Crystal-Palace-West-Ham-United-August-24-2024-Premier-League,,540cfb68
ENG-Premier League,2425,2024-08-24 Fulham-Leicester City,2,Sat,2024-08-24,15:00 (16:00),Fulham,2–1,Leicester City,25401,Craven Cottage,Darren Bond,/en/matches/4d0079fb/Fulham-Leicester-City-August-24-2024-Premier-League,,4d0079fb
ENG-Premier League,2425,2024-08-24 Manchester City-Ipswich Town,2,Sat,2024-08-24,15:00 (16:00),Manchester City,4–1,Ipswich Town,53147,Etihad Stadium,Samuel Allison,/en/matches/a24b7a43/Manchester-City-Ipswich-Town-August-24-2024-Premier-League,,a24b7a43
ENG-Premier League,2425,2024-08-24 Southampton-Nottingham Forest,2,Sat,2024-08-24,15:00 (16:00),Southampton,0–1,Nottingham Forest,31150,St Mary's Stadium,Samuel Barrott,/en/matches/a641f3a0/Southampton-Nottingham-Forest-August-24-2024-Premier-League,,a641f3a0
ENG-Premier League,2425,2024-08-24 Tottenham Hotspur-Everton,2,Sat,2024-08-24,15:00 (16:00),Tottenham Hotspur,4–0,Everton,61357,Tottenham Hotspur Stadium,Anthony Taylor,/en/matches/1eef1717/Tottenham-Hotspur-Everton-August-24-2024-Premier-League,,1eef1717
ENG-Premier League,2425,2024-08-25 Bournemouth-Newcastle United,2,Sun,2024-08-25,14:00 (15:00),Bournemouth,1–1,Newcastle United,11161,Vitality Stadium,David Coote,/en/matches/1934f267/Bournemouth-Newcastle-United-August-25-2024-Premier-League,,1934f267
ENG-Premier League,2425,2024-08-25 Liverpool-Brentford,2,Sun,2024-08-25,16:30 (17:30),Liverpool,2–0,Brentford,60017,Anfield,Stuart Attwell,/en/matches/09b1742e/Liverpool-Brentford-August-25-2024-Premier-League,,09b1742e
ENG-Premier League,2425,2024-08-25 Wolves-Chelsea,2,Sun,2024-08-25,14:00 (15:00),Wolves,2–6,Chelsea,31235,Molineux Stadium,Darren England,/en/matches/e76c15c9/Wolverhampton-Wanderers-Chelsea-August-25-2024-Premier-League,,e76c15c9
ENG-Premier League,2425,2024-08-31 Arsenal-Brighton,3,Sat,2024-08-31,12:30 (13:30),Arsenal,1–1,Brighton,60326,Emirates Stadium,Chris Kavanagh,/en/matches/a843d023/Arsenal-Brighton-and-Hove-Albion-August-31-2024-Premier-League,,a843d023
ENG-Premier League,2425,2024-08-31 Brentford-Southampton,3,Sat,2024-08-31,15:00 (16:00),Brentford,3–1,Southampton,16955,Gtech Community Stadium,Joshua Smith,/en/matches/fec3438b/Brentford-Southampton-August-31-2024-Premier-League,,fec3438b
ENG-Premier League,2425,2024-08-31 Everton-Bournemouth,3,Sat,2024-08-31,15:00 (16:00),Everton,2–3,Bournemouth,38805,Goodison Park,Stuart Attwell,/en/matches/58bbe046/Everton-Bournemouth-August-31-2024-Premier-League,,58bbe046
ENG-Premier League,2425,2024-08-31 Ipswich Town-Fulham,3,Sat,2024-08-31,15:00 (16:00),Ipswich Town,1–1,Fulham,29517,Portman Road Stadium,Lewis Smith,/en/matches/cec85838/Ipswich-Town-Fulham-August-31-2024-Premier-League,,cec85838
ENG-Premier League,2425,2024-08-31 Leicester City-Aston Villa,3,Sat,2024-08-31,15:00 (16:00),Leicester City,1–2,Aston Villa,31725,King Power Stadium,David Coote,/en/matches/5af68b76/Leicester-City-Aston-Villa-August-31-2024-Premier-League,,5af68b76
ENG-Premier League,2425,2024-08-31 Nottingham Forest-Wolves,3,Sat,2024-08-31,15:00 (16:00),Nottingham Forest,1–1,Wolves,29918,The City Ground,Simon Hooper,/en/matches/837f0304/Nottingham-Forest-Wolverhampton-Wanderers-August-31-2024-Premier-League,,837f0304
ENG-Premier League,2425,2024-08-31 West Ham United-Manchester City,3,Sat,2024-08-31,17:30 (18:30),West Ham United,1–3,Manchester City,62469,London Stadium,Michael Oliver,/en/matches/97ce60d4/West-Ham-United-Manchester-City-August-31-2024-Premier-League,,97ce60d4
ENG-Premier League,2425,2024-09-01 Chelsea-Crystal Palace,3,Sun,2024-09-01,13:30 (14:30),Chelsea,1–1,Crystal Palace,39298,Stamford Bridge,Jarred Gillett,/en/matches/3387c2c8/Chelsea-Crystal-Palace-September-1-2024-Premier-League,,3387c2c8
ENG-Premier League,2425,2024-09-01 Manchester Utd-Liverpool,3,Sun,2024-09-01,16:00 (17:00),Manchester Utd,0–3,Liverpool,73738,Old Trafford,Anthony Taylor,/en/matches/a7ab7a12/North-West-Derby-Manchester-United-Liverpool-September-1-2024-Premier-League,,a7ab7a12
ENG-Premier League,2425,2024-09-01 Newcastle United-Tottenham Hotspur,3,Sun,2024-09-01,13:30 (14:30),Newcastle United,2–1,Tottenham Hotspur,52211,St James' Park,Robert Jones,/en/matches/0c994746/Newcastle-United-Tottenham-Hotspur-September-1-2024-Premier-League,,0c994746
ENG-Premier League,2425,2024-09-14 Aston Villa-Everton,4,Sat,2024-09-14,17:30 (18:30),Aston Villa,3–2,Everton,41573,Villa Park,Craig Pawson,/en/matches/cdb4c33b/Aston-Villa-Everton-September-14-2024-Premier-League,,cdb4c33b
ENG-Premier League,2425,2024-09-14 Bournemouth-Chelsea,4,Sat,2024-09-14,20:00 (21:00),Bournemouth,0–1,Chelsea,11235,Vitality Stadium,Anthony Taylor,/en/matches/456b4762/Bournemouth-Chelsea-September-14-2024-Premier-League,,456b4762
ENG-Premier League,2425,2024-09-14 Brighton-Ipswich Town,4,Sat,2024-09-14,15:00 (16:00),Brighton,0–0,Ipswich Town,41573,The American Express Stadium,Samuel Barrott,/en/matches/2ffa4354/Brighton-and-Hove-Albion-Ipswich-Town-September-14-2024-Premier-League,,2ffa4354
ENG-Premier League,2425,2024-09-14 Crystal Palace-Leicester City,4,Sat,2024-09-14,15:00 (16:00),Crystal Palace,2–2,Leicester City,25147,Selhurst Park,Tony Harrington,/en/matches/430cce12/Crystal-Palace-Leicester-City-September-14-2024-Premier-League,,430cce12
ENG-Premier League,2425,2024-09-14 Fulham-West Ham United,4,Sat,2024-09-14,15:00 (16:00),Fulham,1–1,West Ham United,26528,Craven Cottage,Tim Robinson,/en/matches/fa2b1777/Fulham-West-Ham-United-September-14-2024-Premier-League,,fa2b1777
ENG-Premier League,2425,2024-09-14 Liverpool-Nottingham Forest,4,Sat,2024-09-14,15:00 (16:00),Liverpool,0–1,Nottingham Forest,60344,Anfield,Michael Oliver,/en/matches/674bfe9e/Liverpool-Nottingham-Forest-September-14-2024-Premier-League,,674bfe9e
ENG-Premier League,2425,2024-09-14 Manchester City-Brentford,4,Sat,2024-09-14,15:00 (16:00),Manchester City,2–1,Brentford,52148,Etihad Stadium,Darren Bond,/en/matches/54405f8a/Manchester-City-Brentford-September-14-2024-Premier-League,,54405f8a
ENG-Premier League,2425,2024-09-14 Southampton-Manchester Utd,4,Sat,2024-09-14,12:30 (13:30),Southampton,0–3,Manchester Utd,31144,St Mary's Stadium,Stuart Attwell,/en/matches/b96c3759/Southampton-Manchester-United-September-14-2024-Premier-League,,b96c3759
ENG-Premier League,2425,2024-09-15 Tottenham Hotspur-Arsenal,4,Sun,2024-09-15,14:00 (15:00),Tottenham Hotspur,0–1,Arsenal,61645,Tottenham Hotspur Stadium,Jarred Gillett,/en/matches/17774a57/North-London-Derby-Tottenham-Hotspur-Arsenal-September-15-2024-Premier-League,,17774a57
ENG-Premier League,2425,2024-09-15 Wolves-Newcastle United,4,Sun,2024-09-15,16:30 (17:30),Wolves,1–2,Newcastle United,30255,Molineux Stadium,Chris Kavanagh,/en/matches/4b01981e/Wolverhampton-Wanderers-Newcastle-United-September-15-2024-Premier-League,,4b01981e
ENG-Premier League,2425,2024-09-21 Aston Villa-Wolves,5,Sat,2024-09-21,15:00 (16:00),Aston Villa,3–1,Wolves,39978,Villa Park,Tim Robinson,/en/matches/e2b62260/Aston-Villa-Wolverhampton-Wanderers-September-21-2024-Premier-League,,e2b62260
ENG-Premier League,2425,2024-09-21 Crystal Palace-Manchester Utd,5,Sat,2024-09-21,17:30 (18:30),Crystal Palace,0–0,Manchester Utd,25172,Selhurst Park,David Coote,/en/matches/929e225f/Crystal-Palace-Manchester-United-September-21-2024-Premier-League,,929e225f
ENG-Premier League,2425,2024-09-21 Fulham-Newcastle United,5,Sat,2024-09-21,15:00 (16:00),Fulham,3–1,Newcastle United,25700,Craven Cottage,Peter Bankes,/en/matches/de7298df/Fulham-Newcastle-United-September-21-2024-Premier-League,,de7298df
ENG-Premier League,2425,2024-09-21 Leicester City-Everton,5,Sat,2024-09-21,15:00 (16:00),Leicester City,1–1,Everton,31765,King Power Stadium,Darren England,/en/matches/4e6e1cc7/Leicester-City-Everton-September-21-2024-Premier-League,,4e6e1cc7
ENG-Premier League,2425,2024-09-21 Liverpool-Bournemouth,5,Sat,2024-09-21,15:00 (16:00),Liverpool,3–0,Bournemouth,60347,Anfield,Tony Harrington,/en/matches/32a9539b/Liverpool-Bournemouth-September-21-2024-Premier-League,,32a9539b
ENG-Premier League,2425,2024-09-21 Southampton-Ipswich Town,5,Sat,2024-09-21,15:00 (16:00),Southampton,1–1,Ipswich Town,31117,St Mary's Stadium,Samuel Allison,/en/matches/948d52cc/Southampton-Ipswich-Town-September-21-2024-Premier-League,,948d52cc
ENG-Premier League,2425,2024-09-21 Tottenham Hotspur-Brentford,5,Sat,2024-09-21,15:00 (16:00),Tottenham Hotspur,3–1,Brentford,61246,Tottenham Hotspur Stadium,John Brooks,/en/matches/9511708f/Tottenham-Hotspur-Brentford-September-21-2024-Premier-League,,9511708f
ENG-Premier League,2425,2024-09-21 West Ham United-Chelsea,5,Sat,2024-09-21,12:30 (13:30),West Ham United,0–3,Chelsea,62473,London Stadium,Samuel Barrott,/en/matches/ce0fb1f5/West-Ham-United-Chelsea-September-21-2024-Premier-League,,ce0fb1f5
ENG-Premier League,2425,2024-09-22 Brighton-Nottingham Forest,5,Sun,2024-09-22,14:00 (15:00),Brighton,2–2,Nottingham Forest,31444,The American Express Stadium,Robert Jones,/en/matches/d701a1df/Brighton-and-Hove-Albion-Nottingham-Forest-September-22-2024-Premier-League,,d701a1df
ENG-Premier League,2425,2024-09-22 Manchester City-Arsenal,5,Sun,2024-09-22,16:30 (17:30),Manchester City,2–2,Arsenal,52846,Etihad Stadium,Michael Oliver,/en/matches/d7538020/Manchester-City-Arsenal-September-22-2024-Premier-League,,d7538020
ENG-Premier League,2425,2024-09-28 Arsenal-Leicester City,6,Sat,2024-09-28,15:00 (16:00),Arsenal,4–2,Leicester City,60323,Emirates Stadium,Samuel Barrott,/en/matches/2ee60ac7/Arsenal-Leicester-City-September-28-2024-Premier-League,,2ee60ac7
ENG-Premier League,2425,2024-09-28 Brentford-West Ham United,6,Sat,2024-09-28,15:00 (16:00),Brentford,1–1,West Ham United,17050,Gtech Community Stadium,Simon Hooper,/en/matches/9c4f2bcd/Brentford-West-Ham-United-September-28-2024-Premier-League,,9c4f2bcd
ENG-Premier League,2425,2024-09-28 Chelsea-Brighton,6,Sat,2024-09-28,15:00 (16:00),Chelsea,4–2,Brighton,39495,Stamford Bridge,Peter Bankes,/en/matches/1714cebe/Chelsea-Brighton-and-Hove-Albion-September-28-2024-Premier-League,,1714cebe
ENG-Premier League,2425,2024-09-28 Everton-Crystal Palace,6,Sat,2024-09-28,15:00 (16:00),Everton,2–1,Crystal Palace,38954,Goodison Park,Andy Madley,/en/matches/d47382cd/Everton-Crystal-Palace-September-28-2024-Premier-League,,d47382cd
ENG-Premier League,2425,2024-09-28 Newcastle United-Manchester City,6,Sat,2024-09-28,12:30 (13:30),Newcastle United,1–1,Manchester City,52248,St James' Park,Jarred Gillett,/en/matches/b4df0bca/Newcastle-United-Manchester-City-September-28-2024-Premier-League,,b4df0bca
ENG-Premier League,2425,2024-09-28 Nottingham Forest-Fulham,6,Sat,2024-09-28,15:00 (16:00),Nottingham Forest,0–1,Fulham,30139,The City Ground,Joshua Smith,/en/matches/ee7d3371/Nottingham-Forest-Fulham-September-28-2024-Premier-League,,ee7d3371
ENG-Premier League,2425,2024-09-28 Wolves-Liverpool,6,Sat,2024-09-28,17:30 (18:30),Wolves,1–2,Liverpool,31413,Molineux Stadium,Anthony Taylor,/en/matches/f2633f1d/Wolverhampton-Wanderers-Liverpool-September-28-2024-Premier-League,,f2633f1d
ENG-Premier League,2425,2024-09-29 Ipswich Town-Aston Villa,6,Sun,2024-09-29,14:00 (15:00),Ipswich Town,2–2,Aston Villa,29943,Portman Road Stadium,Stuart Attwell,/en/matches/ef742b9c/Ipswich-Town-Aston-Villa-September-29-2024-Premier-League,,ef742b9c
ENG-Premier League,2425,2024-09-29 Manchester Utd-Tottenham Hotspur,6,Sun,2024-09-29,16:30 (17:30),Manchester Utd,0–3,Tottenham Hotspur,73587,Old Trafford,Chris Kavanagh,/en/matches/c4b97377/Manchester-United-Tottenham-Hotspur-September-29-2024-Premier-League,,c4b97377
ENG-Premier League,2425,2024-09-30 Bournemouth-Southampton,6,Mon,2024-09-30,20:00 (21:00),Bournemouth,3–1,Southampton,11243,Vitality Stadium,Michael Oliver,/en/matches/04d2cc03/Bournemouth-Southampton-September-30-2024-Premier-League,,04d2cc03
ENG-Premier League,2425,2024-10-05 Arsenal-Southampton,7,Sat,2024-10-05,15:00 (16:00),Arsenal,3–1,Southampton,60307,Emirates Stadium,Tony Harrington,/en/matches/c6439e5b/Arsenal-Southampton-October-5-2024-Premier-League,,c6439e5b
ENG-Premier League,2425,2024-10-05 Brentford-Wolves,7,Sat,2024-10-05,15:00 (16:00),Brentford,5–3,Wolves,16960,Gtech Community Stadium,Andy Madley,/en/matches/909090f8/Brentford-Wolverhampton-Wanderers-October-5-2024-Premier-League,,909090f8
ENG-Premier League,2425,2024-10-05 Crystal Palace-Liverpool,7,Sat,2024-10-05,12:30 (13:30),Crystal Palace,0–1,Liverpool,25185,Selhurst Park,Simon Hooper,/en/matches/49ea224b/Crystal-Palace-Liverpool-October-5-2024-Premier-League,,49ea224b
ENG-Premier League,2425,2024-10-05 Everton-Newcastle United,7,Sat,2024-10-05,17:30 (18:30),Everton,0–0,Newcastle United,39265,Goodison Park,Craig Pawson,/en/matches/e99a7857/Everton-Newcastle-United-October-5-2024-Premier-League,,e99a7857
ENG-Premier League,2425,2024-10-05 Leicester City-Bournemouth,7,Sat,2024-10-05,15:00 (16:00),Leicester City,1–0,Bournemouth,31706,King Power Stadium,Darren Bond,/en/matches/d153872e/Leicester-City-Bournemouth-October-5-2024-Premier-League,,d153872e
ENG-Premier League,2425,2024-10-05 Manchester City-Fulham,7,Sat,2024-10-05,15:00 (16:00),Manchester City,3–2,Fulham,53017,Etihad Stadium,Peter Bankes,/en/matches/61d60f62/Manchester-City-Fulham-October-5-2024-Premier-League,,61d60f62
ENG-Premier League,2425,2024-10-05 West Ham United-Ipswich Town,7,Sat,2024-10-05,15:00 (16:00),West Ham United,4–1,Ipswich Town,62467,London Stadium,Anthony Taylor,/en/matches/93e19c5e/West-Ham-United-Ipswich-Town-October-5-2024-Premier-League,,93e19c5e
ENG-Premier League,2425,2024-10-06 Aston Villa-Manchester Utd,7,Sun,2024-10-06,14:00 (15:00),Aston Villa,0–0,Manchester Utd,42682,Villa Park,Robert Jones,/en/matches/abef5f2a/Aston-Villa-Manchester-United-October-6-2024-Premier-League,,abef5f2a
ENG-Premier League,2425,2024-10-06 Brighton-Tottenham Hotspur,7,Sun,2024-10-06,16:30 (17:30),Brighton,3–2,Tottenham Hotspur,31487,The American Express Stadium,David Coote,/en/matches/dac142c7/Brighton-and-Hove-Albion-Tottenham-Hotspur-October-6-2024-Premier-League,,dac142c7
ENG-Premier League,2425,2024-10-06 Chelsea-Nottingham Forest,7,Sun,2024-10-06,14:00 (15:00),Chelsea,1–1,Nottingham Forest,39501,Stamford Bridge,Chris Kavanagh,/en/matches/b9e00aac/Chelsea-Nottingham-Forest-October-6-2024-Premier-League,,b9e00aac
ENG-Premier League,2425,2024-10-19 Bournemouth-Arsenal,8,Sat,2024-10-19,17:30 (18:30),Bournemouth,2–0,Arsenal,11235,Vitality Stadium,Robert Jones,/en/matches/01e63a1f/Bournemouth-Arsenal-October-19-2024-Premier-League,,01e63a1f
ENG-Premier League,2425,2024-10-19 Fulham-Aston Villa,8,Sat,2024-10-19,15:00 (16:00),Fulham,1–3,Aston Villa,26743,Craven Cottage,Darren England,/en/matches/615d637e/Fulham-Aston-Villa-October-19-2024-Premier-League,,615d637e
ENG-Premier League,2425,2024-10-19 Ipswich Town-Everton,8,Sat,2024-10-19,15:00 (16:00),Ipswich Town,0–2,Everton,29862,Portman Road Stadium,Michael Oliver,/en/matches/2273e126/Ipswich-Town-Everton-October-19-2024-Premier-League,,2273e126
ENG-Premier League,2425,2024-10-19 Manchester Utd-Brentford,8,Sat,2024-10-19,15:00 (16:00),Manchester Utd,2–1,Brentford,73738,Old Trafford,Samuel Barrott,/en/matches/7f2c3291/Manchester-United-Brentford-October-19-2024-Premier-League,,7f2c3291
ENG-Premier League,2425,2024-10-19 Newcastle United-Brighton,8,Sat,2024-10-19,15:00 (16:00),Newcastle United,0–1,Brighton,52220,St James' Park,Peter Bankes,/en/matches/48081db0/Newcastle-United-Brighton-and-Hove-Albion-October-19-2024-Premier-League,,48081db0
ENG-Premier League,2425,2024-10-19 Southampton-Leicester City,8,Sat,2024-10-19,15:00 (16:00),Southampton,2–3,Leicester City,31145,St Mary's Stadium,Anthony Taylor,/en/matches/03d28c48/Southampton-Leicester-City-October-19-2024-Premier-League,,03d28c48
ENG-Premier League,2425,2024-10-19 Tottenham Hotspur-West Ham United,8,Sat,2024-10-19,12:30 (13:30),Tottenham Hotspur,4–1,West Ham United,61381,Tottenham Hotspur Stadium,Andy Madley,/en/matches/923bfab0/Tottenham-Hotspur-West-Ham-United-October-19-2024-Premier-League,,923bfab0
ENG-Premier League,2425,2024-10-20 Liverpool-Chelsea,8,Sun,2024-10-20,16:30 (17:30),Liverpool,2–1,Chelsea,60277,Anfield,John Brooks,/en/matches/99b4737c/Liverpool-Chelsea-October-20-2024-Premier-League,,99b4737c
ENG-Premier League,2425,2024-10-20 Wolves-Manchester City,8,Sun,2024-10-20,14:00 (15:00),Wolves,1–2,Manchester City,31319,Molineux Stadium,Chris Kavanagh,/en/matches/90b22cd5/Wolverhampton-Wanderers-Manchester-City-October-20-2024-Premier-League,,90b22cd5
ENG-Premier League,2425,2024-10-21 Nottingham Forest-Crystal Palace,8,Mon,2024-10-21,20:00 (21:00),Nottingham Forest,1–0,Crystal Palace,29443,The City Ground,Tim Robinson,/en/matches/5ed3894e/Nottingham-Forest-Crystal-Palace-October-21-2024-Premier-League,,5ed3894e
ENG-Premier League,2425,2024-10-25 Leicester City-Nottingham Forest,9,Fri,2024-10-25,20:00 (21:00),Leicester City,1–3,Nottingham Forest,31879,King Power Stadium,Craig Pawson,/en/matches/292d8bc4/Leicester-City-Nottingham-Forest-October-25-2024-Premier-League,,292d8bc4
ENG-Premier League,2425,2024-10-26 Aston Villa-Bournemouth,9,Sat,2024-10-26,15:00 (16:00),Aston Villa,1–1,Bournemouth,42165,Villa Park,Chris Kavanagh,/en/matches/bce300b2/Aston-Villa-Bournemouth-October-26-2024-Premier-League,,bce300b2
ENG-Premier League,2425,2024-10-26 Brentford-Ipswich Town,9,Sat,2024-10-26,15:00 (16:00),Brentford,4–3,Ipswich Town,17109,Gtech Community Stadium,Lewis Smith,/en/matches/1fb2dcde/Brentford-Ipswich-Town-October-26-2024-Premier-League,,1fb2dcde
ENG-Premier League,2425,2024-10-26 Brighton-Wolves,9,Sat,2024-10-26,15:00 (16:00),Brighton,2–2,Wolves,31840,The American Express Stadium,Michael Oliver,/en/matches/9487e056/Brighton-and-Hove-Albion-Wolverhampton-Wanderers-October-26-2024-Premier-League,,9487e056
ENG-Premier League,2425,2024-10-26 Everton-Fulham,9,Sat,2024-10-26,17:30 (18:30),Everton,1–1,Fulham,38742,Goodison Park,John Brooks,/en/matches/1e5152bf/Everton-Fulham-October-26-2024-Premier-League,,1e5152bf
ENG-Premier League,2425,2024-10-26 Manchester City-Southampton,9,Sat,2024-10-26,15:00 (16:00),Manchester City,1–0,Southampton,52844,Etihad Stadium,Tony Harrington,/en/matches/b66f6389/Manchester-City-Southampton-October-26-2024-Premier-League,,b66f6389
ENG-Premier League,2425,2024-10-27 Arsenal-Liverpool,9,Sun,2024-10-27,16:30 (17:30),Arsenal,2–2,Liverpool,60383,Emirates Stadium,Anthony Taylor,/en/matches/68aa1099/Arsenal-Liverpool-October-27-2024-Premier-League,,68aa1099
ENG-Premier League,2425,2024-10-27 Chelsea-Newcastle United,9,Sun,2024-10-27,14:00 (15:00),Chelsea,2–1,Newcastle United,39526,Stamford Bridge,Simon Hooper,/en/matches/33571b04/Chelsea-Newcastle-United-October-27-2024-Premier-League,,33571b04
ENG-Premier League,2425,2024-10-27 Crystal Palace-Tottenham Hotspur,9,Sun,2024-10-27,14:00 (15:00),Crystal Palace,1–0,Tottenham Hotspur,25108,Selhurst Park,Darren Bond,/en/matches/e995d937/Crystal-Palace-Tottenham-Hotspur-October-27-2024-Premier-League,,e995d937
ENG-Premier League,2425,2024-10-27 West Ham United-Manchester Utd,9,Sun,2024-10-27,14:00 (15:00),West Ham United,2–1,Manchester Utd,62474,London Stadium,David Coote,/en/matches/38c31a07/West-Ham-United-Manchester-United-October-27-2024-Premier-League,,38c31a07
ENG-Premier League,2425,2024-11-02 Bournemouth-Manchester City,10,Sat,2024-11-02,15:00 (16:00),Bournemouth,2–1,Manchester City,11231,Vitality Stadium,Michael Oliver,/en/matches/ed970fef/Bournemouth-Manchester-City-November-2-2024-Premier-League,,ed970fef
ENG-Premier League,2425,2024-11-02 Ipswich Town-Leicester City,10,Sat,2024-11-02,15:00 (16:00),Ipswich Town,1–1,Leicester City,29874,Portman Road Stadium,Tim Robinson,/en/matches/ed8f93a0/Ipswich-Town-Leicester-City-November-2-2024-Premier-League,,ed8f93a0
ENG-Premier League,2425,2024-11-02 Liverpool-Brighton,10,Sat,2024-11-02,15:00 (16:00),Liverpool,2–1,Brighton,60331,Anfield,Tony Harrington,/en/matches/7d114c70/Liverpool-Brighton-and-Hove-Albion-November-2-2024-Premier-League,,7d114c70
ENG-Premier League,2425,2024-11-02 Newcastle United-Arsenal,10,Sat,2024-11-02,12:30 (13:30),Newcastle United,1–0,Arsenal,52249,St James' Park,John Brooks,/en/matches/cc960c22/Newcastle-United-Arsenal-November-2-2024-Premier-League,,cc960c22
ENG-Premier League,2425,2024-11-02 Nottingham Forest-West Ham United,10,Sat,2024-11-02,15:00 (16:00),Nottingham Forest,3–0,West Ham United,30112,The City Ground,Peter Bankes,/en/matches/c2505640/Nottingham-Forest-West-Ham-United-November-2-2024-Premier-League,,c2505640
ENG-Premier League,2425,2024-11-02 Southampton-Everton,10,Sat,2024-11-02,15:00 (16:00),Southampton,1–0,Everton,31143,St Mary's Stadium,Andy Madley,/en/matches/2be42fdb/Southampton-Everton-November-2-2024-Premier-League,,2be42fdb
ENG-Premier League,2425,2024-11-02 Wolves-Crystal Palace,10,Sat,2024-11-02,17:30 (18:30),Wolves,2–2,Crystal Palace,31124,Molineux Stadium,Anthony Taylor,/en/matches/a4251fae/Wolverhampton-Wanderers-Crystal-Palace-November-2-2024-Premier-League,,a4251fae
ENG-Premier League,2425,2024-11-03 Manchester Utd-Chelsea,10,Sun,2024-11-03,16:30 (17:30),Manchester Utd,1–1,Chelsea,73813,Old Trafford,Robert Jones,/en/matches/1273ae28/Manchester-United-Chelsea-November-3-2024-Premier-League,,1273ae28
ENG-Premier League,2425,2024-11-03 Tottenham Hotspur-Aston Villa,10,Sun,2024-11-03,14:00 (15:00),Tottenham Hotspur,4–1,Aston Villa,61253,Tottenham Hotspur Stadium,Craig Pawson,/en/matches/8fa951f9/Tottenham-Hotspur-Aston-Villa-November-3-2024-Premier-League,,8fa951f9
ENG-Premier League,2425,2024-11-04 Fulham-Brentford,10,Mon,2024-11-04,20:00 (21:00),Fulham,2–1,Brentford,24931,Craven Cottage,Stuart Attwell,/en/matches/e1590847/Fulham-Brentford-November-4-2024-Premier-League,,e1590847
ENG-Premier League,2425,2024-11-09 Brentford-Bournemouth,11,Sat,2024-11-09,15:00 (16:00),Brentford,3–2,Bournemouth,16587,Gtech Community Stadium,Darren Bond,/en/matches/1c998ef5/Brentford-Bournemouth-November-9-2024-Premier-League,,1c998ef5
ENG-Premier League,2425,2024-11-09 Brighton-Manchester City,11,Sat,2024-11-09,17:30 (18:30),Brighton,2–1,Manchester City,31715,The American Express Stadium,Samuel Barrott,/en/matches/62aa7905/Brighton-and-Hove-Albion-Manchester-City-November-9-2024-Premier-League,,62aa7905
ENG-Premier League,2425,2024-11-09 Crystal Palace-Fulham,11,Sat,2024-11-09,15:00 (16:00),Crystal Palace,0–2,Fulham,25142,Selhurst Park,Michael Salisbury,/en/matches/d5015ba4/Crystal-Palace-Fulham-November-9-2024-Premier-League,,d5015ba4
ENG-Premier League,2425,2024-11-09 Liverpool-Aston Villa,11,Sat,2024-11-09,20:00 (21:00),Liverpool,2–0,Aston Villa,60292,Anfield,David Coote,/en/matches/737af5bf/Liverpool-Aston-Villa-November-9-2024-Premier-League,,737af5bf
ENG-Premier League,2425,2024-11-09 West Ham United-Everton,11,Sat,2024-11-09,15:00 (16:00),West Ham United,0–0,Everton,62463,London Stadium,Stuart Attwell,/en/matches/a4cf40b4/West-Ham-United-Everton-November-9-2024-Premier-League,,a4cf40b4
ENG-Premier League,2425,2024-11-09 Wolves-Southampton,11,Sat,2024-11-09,15:00 (16:00),Wolves,2–0,Southampton,31403,Molineux Stadium,Thomas Bramall,/en/matches/dbec2d40/Wolverhampton-Wanderers-Southampton-November-9-2024-Premier-League,,dbec2d40
ENG-Premier League,2425,2024-11-10 Chelsea-Arsenal,11,Sun,2024-11-10,16:30 (17:30),Chelsea,1–1,Arsenal,39780,Stamford Bridge,Michael Oliver,/en/matches/2874d56e/North-West-London-Derby-Chelsea-Arsenal-November-10-2024-Premier-League,,2874d56e
ENG-Premier League,2425,2024-11-10 Manchester Utd-Leicester City,11,Sun,2024-11-10,14:00 (15:00),Manchester Utd,3–0,Leicester City,73829,Old Trafford,Peter Bankes,/en/matches/35888afe/Manchester-United-Leicester-City-November-10-2024-Premier-League,,35888afe
ENG-Premier League,2425,2024-11-10 Nottingham Forest-Newcastle United,11,Sun,2024-11-10,14:00 (15:00),Nottingham Forest,1–3,Newcastle United,30145,The City Ground,Anthony Taylor,/en/matches/a41ce5c3/Nottingham-Forest-Newcastle-United-November-10-2024-Premier-League,,a41ce5c3
ENG-Premier League,2425,2024-11-10 Tottenham Hotspur-Ipswich Town,11,Sun,2024-11-10,14:00 (15:00),Tottenham Hotspur,1–2,Ipswich Town,61505,Tottenham Hotspur Stadium,Darren England,/en/matches/f9b9c3c4/Tottenham-Hotspur-Ipswich-Town-November-10-2024-Premier-League,,f9b9c3c4
ENG-Premier League,2425,2024-11-23 Arsenal-Nottingham Forest,12,Sat,2024-11-23,15:00 (16:00),Arsenal,3–0,Nottingham Forest,60298,Emirates Stadium,Simon Hooper,/en/matches/0cb4129b/Arsenal-Nottingham-Forest-November-23-2024-Premier-League,,0cb4129b
ENG-Premier League,2425,2024-11-23 Aston Villa-Crystal Palace,12,Sat,2024-11-23,15:00 (16:00),Aston Villa,2–2,Crystal Palace,42175,Villa Park,Tim Robinson,/en/matches/bf2e07a1/Aston-Villa-Crystal-Palace-November-23-2024-Premier-League,,bf2e07a1
ENG-Premier League,2425,2024-11-23 Bournemouth-Brighton,12,Sat,2024-11-23,15:00 (16:00),Bournemouth,1–2,Brighton,11196,Vitality Stadium,Stuart Attwell,/en/matches/4708a5bf/Bournemouth-Brighton-and-Hove-Albion-November-23-2024-Premier-League,,4708a5bf
ENG-Premier League,2425,2024-11-23 Everton-Brentford,12,Sat,2024-11-23,15:00 (16:00),Everton,0–0,Brentford,38915,Goodison Park,Chris Kavanagh,/en/matches/dd7675a7/Everton-Brentford-November-23-2024-Premier-League,,dd7675a7
ENG-Premier League,2425,2024-11-23 Fulham-Wolves,12,Sat,2024-11-23,15:00 (16:00),Fulham,1–4,Wolves,26685,Craven Cottage,Robert Jones,/en/matches/ed24aeb8/Fulham-Wolverhampton-Wanderers-November-23-2024-Premier-League,,ed24aeb8
ENG-Premier League,2425,2024-11-23 Leicester City-Chelsea,12,Sat,2024-11-23,12:30 (13:30),Leicester City,1–2,Chelsea,31880,King Power Stadium,Andy Madley,/en/matches/bb885467/Leicester-City-Chelsea-November-23-2024-Premier-League,,bb885467
ENG-Premier League,2425,2024-11-23 Manchester City-Tottenham Hotspur,12,Sat,2024-11-23,17:30 (18:30),Manchester City,0–4,Tottenham Hotspur,52478,Etihad Stadium,John Brooks,/en/matches/c48b896c/Manchester-City-Tottenham-Hotspur-November-23-2024-Premier-League,,c48b896c
ENG-Premier League,2425,2024-11-24 Ipswich Town-Manchester Utd,12,Sun,2024-11-24,16:30 (17:30),Ipswich Town,1–1,Manchester Utd,30017,Portman Road Stadium,Anthony Taylor,/en/matches/db1e4ea5/Ipswich-Town-Manchester-United-November-24-2024-Premier-League,,db1e4ea5
ENG-Premier League,2425,2024-11-24 Southampton-Liverpool,12,Sun,2024-11-24,14:00 (15:00),Southampton,2–3,Liverpool,31278,St Mary's Stadium,Samuel Barrott,/en/matches/eb6f8e39/Southampton-Liverpool-November-24-2024-Premier-League,,eb6f8e39
ENG-Premier League,2425,2024-11-25 Newcastle United-West Ham United,12,Mon,2024-11-25,20:00 (21:00),Newcastle United,0–2,West Ham United,52094,St James' Park,Craig Pawson,/en/matches/79f46eec/Newcastle-United-West-Ham-United-November-25-2024-Premier-League,,79f46eec
ENG-Premier League,2425,2024-11-29 Brighton-Southampton,13,Fri,2024-11-29,20:00 (21:00),Brighton,1–1,Southampton,31542,The American Express Stadium,Robert Jones,/en/matches/d38c4a31/Brighton-and-Hove-Albion-Southampton-November-29-2024-Premier-League,,d38c4a31
ENG-Premier League,2425,2024-11-30 Brentford-Leicester City,13,Sat,2024-11-30,15:00 (16:00),Brentford,4–1,Leicester City,17084,Gtech Community Stadium,Michael Oliver,/en/matches/f4f9a64f/Brentford-Leicester-City-November-30-2024-Premier-League,,f4f9a64f
ENG-Premier League,2425,2024-11-30 Crystal Palace-Newcastle United,13,Sat,2024-11-30,15:00 (16:00),Crystal Palace,1–1,Newcastle United,25101,Selhurst Park,Darren England,/en/matches/a4f03af0/Crystal-Palace-Newcastle-United-November-30-2024-Premier-League,,a4f03af0
ENG-Premier League,2425,2024-11-30 Nottingham Forest-Ipswich Town,13,Sat,2024-11-30,15:00 (16:00),Nottingham Forest,1–0,Ipswich Town,30237,The City Ground,Tony Harrington,/en/matches/ddc8856c/Nottingham-Forest-Ipswich-Town-November-30-2024-Premier-League,,ddc8856c
ENG-Premier League,2425,2024-11-30 West Ham United-Arsenal,13,Sat,2024-11-30,17:30 (18:30),West Ham United,2–5,Arsenal,62475,London Stadium,Anthony Taylor,/en/matches/f78bee62/West-Ham-United-Arsenal-November-30-2024-Premier-League,,f78bee62
ENG-Premier League,2425,2024-11-30 Wolves-Bournemouth,13,Sat,2024-11-30,15:00 (16:00),Wolves,2–4,Bournemouth,26685,Molineux Stadium,Peter Bankes,/en/matches/adfb1b89/Wolverhampton-Wanderers-Bournemouth-November-30-2024-Premier-League,,adfb1b89
ENG-Premier League,2425,2024-12-01 Chelsea-Aston Villa,13,Sun,2024-12-01,13:30 (14:30),Chelsea,3–0,Aston Villa,40853,Stamford Bridge,Stuart Attwell,/en/matches/080b797b/Chelsea-Aston-Villa-December-1-2024-Premier-League,,080b797b
ENG-Premier League,2425,2024-12-01 Liverpool-Manchester City,13,Sun,2024-12-01,16:00 (17:00),Liverpool,2–0,Manchester City,60248,Anfield,Chris Kavanagh,/en/matches/0bd6ad44/Liverpool-Manchester-City-December-1-2024-Premier-League,,0bd6ad44
ENG-Premier League,2425,2024-12-01 Manchester Utd-Everton,13,Sun,2024-12-01,13:30 (14:30),Manchester Utd,4–0,Everton,73817,Old Trafford,John Brooks,/en/matches/e6eef20f/Manchester-United-Everton-December-1-2024-Premier-League,,e6eef20f
ENG-Premier League,2425,2024-12-01 Tottenham Hotspur-Fulham,13,Sun,2024-12-01,13:30 (14:30),Tottenham Hotspur,1–1,Fulham,61141,Tottenham Hotspur Stadium,Darren Bond,/en/matches/9aaa6ed5/Tottenham-Hotspur-Fulham-December-1-2024-Premier-League,,9aaa6ed5
ENG-Premier League,2425,2024-12-03 Ipswich Town-Crystal Palace,14,Tue,2024-12-03,19:30 (20:30),Ipswich Town,0–1,Crystal Palace,29533,Portman Road Stadium,Craig Pawson,/en/matches/f7a96e82/Ipswich-Town-Crystal-Palace-December-3-2024-Premier-League,,f7a96e82
ENG-Premier League,2425,2024-12-03 Leicester City-West Ham United,14,Tue,2024-12-03,20:15 (21:15),Leicester City,3–1,West Ham United,30947,King Power Stadium,Joshua Smith,/en/matches/355fd8ce/Leicester-City-West-Ham-United-December-3-2024-Premier-League,,355fd8ce
ENG-Premier League,2425,2024-12-04 Arsenal-Manchester Utd,14,Wed,2024-12-04,20:15 (21:15),Arsenal,2–0,Manchester Utd,60256,Emirates Stadium,Samuel Barrott,/en/matches/9938aa27/Arsenal-Manchester-United-December-4-2024-Premier-League,,9938aa27
ENG-Premier League,2425,2024-12-04 Aston Villa-Brentford,14,Wed,2024-12-04,20:15 (21:15),Aston Villa,3–1,Brentford,42148,Villa Park,Lewis Smith,/en/matches/c24a734b/Aston-Villa-Brentford-December-4-2024-Premier-League,,c24a734b
ENG-Premier League,2425,2024-12-04 Everton-Wolves,14,Wed,2024-12-04,19:30 (20:30),Everton,4–0,Wolves,38820,Goodison Park,Michael Salisbury,/en/matches/71f00b04/Everton-Wolverhampton-Wanderers-December-4-2024-Premier-League,,71f00b04
ENG-Premier League,2425,2024-12-04 Manchester City-Nottingham Forest,14,Wed,2024-12-04,19:30 (20:30),Manchester City,3–0,Nottingham Forest,51764,Etihad Stadium,Michael Oliver,/en/matches/dedb0eee/Manchester-City-Nottingham-Forest-December-4-2024-Premier-League,,dedb0eee
ENG-Premier League,2425,2024-12-04 Newcastle United-Liverpool,14,Wed,2024-12-04,19:30 (20:30),Newcastle United,3–3,Liverpool,52237,St James' Park,Andy Madley,/en/matches/ca898c29/Newcastle-United-Liverpool-December-4-2024-Premier-League,,ca898c29
ENG-Premier League,2425,2024-12-04 Southampton-Chelsea,14,Wed,2024-12-04,19:30 (20:30),Southampton,1–5,Chelsea,31193,St Mary's Stadium,Tony Harrington,/en/matches/e4480630/Southampton-Chelsea-December-4-2024-Premier-League,,e4480630
ENG-Premier League,2425,2024-12-05 Bournemouth-Tottenham Hotspur,14,Thu,2024-12-05,20:15 (21:15),Bournemouth,1–0,Tottenham Hotspur,11234,Vitality Stadium,Simon Hooper,/en/matches/c7e59a0a/Bournemouth-Tottenham-Hotspur-December-5-2024-Premier-League,,c7e59a0a
ENG-Premier League,2425,2024-12-05 Fulham-Brighton,14,Thu,2024-12-05,19:30 (20:30),Fulham,3–1,Brighton,26368,Craven Cottage,Peter Bankes,/en/matches/32aaf579/Fulham-Brighton-and-Hove-Albion-December-5-2024-Premier-League,,32aaf579
ENG-Premier League,2425,2024-12-07 Aston Villa-Southampton,15,Sat,2024-12-07,15:00 (16:00),Aston Villa,1–0,Southampton,42453,Villa Park,Darren Bond,/en/matches/92cfde2c/Aston-Villa-Southampton-December-7-2024-Premier-League,,92cfde2c
ENG-Premier League,2425,2024-12-07 Brentford-Newcastle United,15,Sat,2024-12-07,15:00 (16:00),Brentford,4–2,Newcastle United,17078,Gtech Community Stadium,Simon Hooper,/en/matches/1042592d/Brentford-Newcastle-United-December-7-2024-Premier-League,,1042592d
ENG-Premier League,2425,2024-12-07 Crystal Palace-Manchester City,15,Sat,2024-12-07,15:00 (16:00),Crystal Palace,2–2,Manchester City,25142,Selhurst Park,Robert Jones,/en/matches/6b7fbda1/Crystal-Palace-Manchester-City-December-7-2024-Premier-League,,6b7fbda1
ENG-Premier League,2425,2024-12-07 Manchester Utd-Nottingham Forest,15,Sat,2024-12-07,17:30 (18:30),Manchester Utd,2–3,Nottingham Forest,73778,Old Trafford,Darren England,/en/matches/08966ea6/Manchester-United-Nottingham-Forest-December-7-2024-Premier-League,,08966ea6
ENG-Premier League,2425,2024-12-08 Fulham-Arsenal,15,Sun,2024-12-08,14:00 (15:00),Fulham,1–1,Arsenal,26954,Craven Cottage,Chris Kavanagh,/en/matches/038dfa98/Fulham-Arsenal-December-8-2024-Premier-League,,038dfa98
ENG-Premier League,2425,2024-12-08 Ipswich Town-Bournemouth,15,Sun,2024-12-08,14:00 (15:00),Ipswich Town,1–2,Bournemouth,29180,Portman Road Stadium,Michael Salisbury,/en/matches/392c7b1f/Ipswich-Town-Bournemouth-December-8-2024-Premier-League,,392c7b1f
ENG-Premier League,2425,2024-12-08 Leicester City-Brighton,15,Sun,2024-12-08,14:00 (15:00),Leicester City,2–2,Brighton,31647,King Power Stadium,Stuart Attwell,/en/matches/7b549f8f/Leicester-City-Brighton-and-Hove-Albion-December-8-2024-Premier-League,,7b549f8f
ENG-Premier League,2425,2024-12-08 Tottenham Hotspur-Chelsea,15,Sun,2024-12-08,16:30 (17:30),Tottenham Hotspur,3–4,Chelsea,61184,Tottenham Hotspur Stadium,Anthony Taylor,/en/matches/abff9b73/Tottenham-Hotspur-Chelsea-December-8-2024-Premier-League,,abff9b73
ENG-Premier League,2425,2024-12-09 West Ham United-Wolves,15,Mon,2024-12-09,20:00 (21:00),West Ham United,2–1,Wolves,62474,London Stadium,John Brooks,/en/matches/4d72ec87/West-Ham-United-Wolverhampton-Wanderers-December-9-2024-Premier-League,,4d72ec87
ENG-Premier League,2425,2024-12-14 Arsenal-Everton,16,Sat,2024-12-14,15:00 (16:00),Arsenal,0–0,Everton,60176,Emirates Stadium,Craig Pawson,/en/matches/32aa9e8e/Arsenal-Everton-December-14-2024-Premier-League,,32aa9e8e
ENG-Premier League,2425,2024-12-14 Liverpool-Fulham,16,Sat,2024-12-14,15:00 (16:00),Liverpool,2–2,Fulham,60333,Anfield,Tony Harrington,/en/matches/a436996c/Liverpool-Fulham-December-14-2024-Premier-League,,a436996c
ENG-Premier League,2425,2024-12-14 Newcastle United-Leicester City,16,Sat,2024-12-14,15:00 (16:00),Newcastle United,4–0,Leicester City,52235,St James' Park,Thomas Bramall,/en/matches/0b6fe43f/Newcastle-United-Leicester-City-December-14-2024-Premier-League,,0b6fe43f
ENG-Premier League,2425,2024-12-14 Nottingham Forest-Aston Villa,16,Sat,2024-12-14,17:30 (18:30),Nottingham Forest,2–1,Aston Villa,30117,The City Ground,Samuel Barrott,/en/matches/26926fd3/Nottingham-Forest-Aston-Villa-December-14-2024-Premier-League,,26926fd3
ENG-Premier League,2425,2024-12-14 Wolves-Ipswich Town,16,Sat,2024-12-14,15:00 (16:00),Wolves,1–2,Ipswich Town,30866,Molineux Stadium,Simon Hooper,/en/matches/46d52e33/Wolverhampton-Wanderers-Ipswich-Town-December-14-2024-Premier-League,,46d52e33
ENG-Premier League,2425,2024-12-15 Brighton-Crystal Palace,16,Sun,2024-12-15,14:00 (15:00),Brighton,1–3,Crystal Palace,30893,The American Express Stadium,Michael Oliver,/en/matches/c8314a05/Brighton-and-Hove-Albion-Crystal-Palace-December-15-2024-Premier-League,,c8314a05
ENG-Premier League,2425,2024-12-15 Chelsea-Brentford,16,Sun,2024-12-15,19:00 (20:00),Chelsea,2–1,Brentford,39571,Stamford Bridge,Peter Bankes,/en/matches/5f0803f7/Chelsea-Brentford-December-15-2024-Premier-League,,5f0803f7
ENG-Premier League,2425,2024-12-15 Manchester City-Manchester Utd,16,Sun,2024-12-15,16:30 (17:30),Manchester City,1–2,Manchester Utd,53184,Etihad Stadium,Anthony Taylor,/en/matches/3d772028/Manchester-Derby-Manchester-City-Manchester-United-December-15-2024-Premier-League,,3d772028
ENG-Premier League,2425,2024-12-15 Southampton-Tottenham Hotspur,16,Sun,2024-12-15,19:00 (20:00),Southampton,0–5,Tottenham Hotspur,31090,St Mary's Stadium,Darren England,/en/matches/37afd6da/Southampton-Tottenham-Hotspur-December-15-2024-Premier-League,,37afd6da
ENG-Premier League,2425,2024-12-16 Bournemouth-West Ham United,16,Mon,2024-12-16,20:00 (21:00),Bournemouth,1–1,West Ham United,11204,Vitality Stadium,Chris Kavanagh,/en/matches/49cd674b/Bournemouth-West-Ham-United-December-16-2024-Premier-League,,49cd674b
ENG-Premier League,2425,2024-12-21 Aston Villa-Manchester City,17,Sat,2024-12-21,12:30 (13:30),Aston Villa,2–1,Manchester City,42345,Villa Park,Peter Bankes,/en/matches/ce9dc982/Aston-Villa-Manchester-City-December-21-2024-Premier-League,,ce9dc982
ENG-Premier League,2425,2024-12-21 Brentford-Nottingham Forest,17,Sat,2024-12-21,15:00 (16:00),Brentford,0–2,Nottingham Forest,17115,Gtech Community Stadium,Michael Oliver,/en/matches/1c60d037/Brentford-Nottingham-Forest-December-21-2024-Premier-League,,1c60d037
ENG-Premier League,2425,2024-12-21 Crystal Palace-Arsenal,17,Sat,2024-12-21,17:30 (18:30),Crystal Palace,1–5,Arsenal,25167,Selhurst Park,Simon Hooper,/en/matches/5e7aa707/Crystal-Palace-Arsenal-December-21-2024-Premier-League,,5e7aa707
ENG-Premier League,2425,2024-12-21 Ipswich Town-Newcastle United,17,Sat,2024-12-21,15:00 (16:00),Ipswich Town,0–4,Newcastle United,29774,Portman Road Stadium,Stuart Attwell,/en/matches/764fc51e/Ipswich-Town-Newcastle-United-December-21-2024-Premier-League,,764fc51e
ENG-Premier League,2425,2024-12-21 West Ham United-Brighton,17,Sat,2024-12-21,15:00 (16:00),West Ham United,1–1,Brighton,62460,London Stadium,Robert Jones,/en/matches/04be8e87/West-Ham-United-Brighton-and-Hove-Albion-December-21-2024-Premier-League,,04be8e87
ENG-Premier League,2425,2024-12-22 Everton-Chelsea,17,Sun,2024-12-22,14:00 (15:00),Everton,0–0,Chelsea,39358,Goodison Park,Chris Kavanagh,/en/matches/de72140c/Everton-Chelsea-December-22-2024-Premier-League,,de72140c
ENG-Premier League,2425,2024-12-22 Fulham-Southampton,17,Sun,2024-12-22,14:00 (15:00),Fulham,0–0,Southampton,26819,Craven Cottage,Tim Robinson,/en/matches/ba3fcb1e/Fulham-Southampton-December-22-2024-Premier-League,,ba3fcb1e
ENG-Premier League,2425,2024-12-22 Leicester City-Wolves,17,Sun,2024-12-22,14:00 (15:00),Leicester City,0–3,Wolves,31818,King Power Stadium,Anthony Taylor,/en/matches/ecd6cb1d/Leicester-City-Wolverhampton-Wanderers-December-22-2024-Premier-League,,ecd6cb1d
ENG-Premier League,2425,2024-12-22 Manchester Utd-Bournemouth,17,Sun,2024-12-22,14:00 (15:00),Manchester Utd,0–3,Bournemouth,73720,Old Trafford,Craig Pawson,/en/matches/8381ba53/Manchester-United-Bournemouth-December-22-2024-Premier-League,,8381ba53
ENG-Premier League,2425,2024-12-22 Tottenham Hotspur-Liverpool,17,Sun,2024-12-22,16:30 (17:30),Tottenham Hotspur,3–6,Liverpool,61439,Tottenham Hotspur Stadium,Samuel Barrott,/en/matches/1e1cea4c/Tottenham-Hotspur-Liverpool-December-22-2024-Premier-League,,1e1cea4c
ENG-Premier League,2425,2024-12-26 Bournemouth-Crystal Palace,18,Thu,2024-12-26,15:00 (16:00),Bournemouth,0–0,Crystal Palace,11129,Vitality Stadium,Thomas Bramall,/en/matches/886ca6b3/Bournemouth-Crystal-Palace-December-26-2024-Premier-League,,886ca6b3
ENG-Premier League,2425,2024-12-26 Chelsea-Fulham,18,Thu,2024-12-26,15:00 (16:00),Chelsea,1–2,Fulham,39687,Stamford Bridge,Samuel Barrott,/en/matches/03d6159c/Chelsea-Fulham-December-26-2024-Premier-League,,03d6159c
ENG-Premier League,2425,2024-12-26 Liverpool-Leicester City,18,Thu,2024-12-26,20:00 (21:00),Liverpool,3–1,Leicester City,60300,Anfield,Darren Bond,/en/matches/1f604fbd/Liverpool-Leicester-City-December-26-2024-Premier-League,,1f604fbd
ENG-Premier League,2425,2024-12-26 Manchester City-Everton,18,Thu,2024-12-26,12:30 (13:30),Manchester City,1–1,Everton,55527,Etihad Stadium,Simon Hooper,/en/matches/87f2d794/Manchester-City-Everton-December-26-2024-Premier-League,,87f2d794
ENG-Premier League,2425,2024-12-26 Newcastle United-Aston Villa,18,Thu,2024-12-26,15:00 (16:00),Newcastle United,3–0,Aston Villa,52168,St James' Park,Anthony Taylor,/en/matches/9985f304/Newcastle-United-Aston-Villa-December-26-2024-Premier-League,,9985f304
ENG-Premier League,2425,2024-12-26 Nottingham Forest-Tottenham Hotspur,18,Thu,2024-12-26,15:00 (16:00),Nottingham Forest,1–0,Tottenham Hotspur,30200,The City Ground,Craig Pawson,/en/matches/eb738106/Nottingham-Forest-Tottenham-Hotspur-December-26-2024-Premier-League,,eb738106
ENG-Premier League,2425,2024-12-26 Southampton-West Ham United,18,Thu,2024-12-26,15:00 (16:00),Southampton,0–1,West Ham United,31059,St Mary's Stadium,Lewis Smith,/en/matches/8050686b/Southampton-West-Ham-United-December-26-2024-Premier-League,,8050686b
ENG-Premier League,2425,2024-12-26 Wolves-Manchester Utd,18,Thu,2024-12-26,17:30 (18:30),Wolves,2–0,Manchester Utd,31407,Molineux Stadium,Tony Harrington,/en/matches/77bcad49/Wolverhampton-Wanderers-Manchester-United-December-26-2024-Premier-League,,77bcad49
ENG-Premier League,2425,2024-12-27 Arsenal-Ipswich Town,18,Fri,2024-12-27,20:15 (21:15),Arsenal,1–0,Ipswich Town,60271,Emirates Stadium,Darren England,/en/matches/668dad03/Arsenal-Ipswich-Town-December-27-2024-Premier-League,,668dad03
ENG-Premier League,2425,2024-12-27 Brighton-Brentford,18,Fri,2024-12-27,19:30 (20:30),Brighton,0–0,Brentford,31548,The American Express Stadium,Andy Madley,/en/matches/15b10b33/Brighton-and-Hove-Albion-Brentford-December-27-2024-Premier-League,,15b10b33
ENG-Premier League,2425,2024-12-29 Crystal Palace-Southampton,19,Sun,2024-12-29,15:00 (16:00),Crystal Palace,2–1,Southampton,25130,Selhurst Park,Michael Salisbury,/en/matches/6d06b29c/Crystal-Palace-Southampton-December-29-2024-Premier-League,,6d06b29c
ENG-Premier League,2425,2024-12-29 Everton-Nottingham Forest,19,Sun,2024-12-29,15:00 (16:00),Everton,0–2,Nottingham Forest,25414,Goodison Park,Tony Harrington,/en/matches/5fa986dc/Everton-Nottingham-Forest-December-29-2024-Premier-League,,5fa986dc
ENG-Premier League,2425,2024-12-29 Fulham-Bournemouth,19,Sun,2024-12-29,15:00 (16:00),Fulham,2–2,Bournemouth,27301,Craven Cottage,Robert Jones,/en/matches/4b4023dc/Fulham-Bournemouth-December-29-2024-Premier-League,,4b4023dc
ENG-Premier League,2425,2024-12-29 Leicester City-Manchester City,19,Sun,2024-12-29,14:30 (15:30),Leicester City,0–2,Manchester City,32057,King Power Stadium,Michael Oliver,/en/matches/8bbb6d95/Leicester-City-Manchester-City-December-29-2024-Premier-League,,8bbb6d95
ENG-Premier League,2425,2024-12-29 Tottenham Hotspur-Wolves,19,Sun,2024-12-29,15:00 (16:00),Tottenham Hotspur,2–2,Wolves,61284,Tottenham Hotspur Stadium,Chris Kavanagh,/en/matches/3d2ef5b4/Tottenham-Hotspur-Wolverhampton-Wanderers-December-29-2024-Premier-League,,3d2ef5b4
ENG-Premier League,2425,2024-12-29 West Ham United-Liverpool,19,Sun,2024-12-29,17:15 (18:15),West Ham United,0–5,Liverpool,62476,London Stadium,Anthony Taylor,/en/matches/c1a66ac0/West-Ham-United-Liverpool-December-29-2024-Premier-League,,c1a66ac0
ENG-Premier League,2425,2024-12-30 Aston Villa-Brighton,19,Mon,2024-12-30,19:45 (20:45),Aston Villa,2–2,Brighton,41414,Villa Park,Craig Pawson,/en/matches/5e8340e9/Aston-Villa-Brighton-and-Hove-Albion-December-30-2024-Premier-League,,5e8340e9
ENG-Premier League,2425,2024-12-30 Ipswich Town-Chelsea,19,Mon,2024-12-30,19:45 (20:45),Ipswich Town,2–0,Chelsea,29968,Portman Road Stadium,John Brooks,/en/matches/88073205/Ipswich-Town-Chelsea-December-30-2024-Premier-League,,88073205
ENG-Premier League,2425,2024-12-30 Manchester Utd-Newcastle United,19,Mon,2024-12-30,20:00 (21:00),Manchester Utd,0–2,Newcastle United,73809,Old Trafford,Simon Hooper,/en/matches/8cff7a63/Manchester-United-Newcastle-United-December-30-2024-Premier-League,,8cff7a63
ENG-Premier League,2425,2025-01-01 Brentford-Arsenal,19,Wed,2025-01-01,17:30 (18:30),Brentford,1–3,Arsenal,47190,Gtech Community Stadium,Peter Bankes,/en/matches/7e6892e4/Brentford-Arsenal-January-1-2025-Premier-League,,7e6892e4
ENG-Premier League,2425,2025-01-04 Aston Villa-Leicester City,20,Sat,2025-01-04,15:00 (16:00),Aston Villa,2–1,Leicester City,42386,Villa Park,Jarred Gillett,/en/matches/f5ae8d7d/Aston-Villa-Leicester-City-January-4-2025-Premier-League,,f5ae8d7d
ENG-Premier League,2425,2025-01-04 Bournemouth-Everton,20,Sat,2025-01-04,15:00 (16:00),Bournemouth,1–0,Everton,11223,Vitality Stadium,John Brooks,/en/matches/43f0c302/Bournemouth-Everton-January-4-2025-Premier-League,,43f0c302
ENG-Premier League,2425,2025-01-04 Brighton-Arsenal,20,Sat,2025-01-04,17:30 (18:30),Brighton,1–1,Arsenal,31714,The American Express Stadium,Anthony Taylor,/en/matches/52186da4/Brighton-and-Hove-Albion-Arsenal-January-4-2025-Premier-League,,52186da4
ENG-Premier League,2425,2025-01-04 Crystal Palace-Chelsea,20,Sat,2025-01-04,15:00 (16:00),Crystal Palace,1–1,Chelsea,25179,Selhurst Park,Tim Robinson,/en/matches/cd9861d5/Crystal-Palace-Chelsea-January-4-2025-Premier-League,,cd9861d5
ENG-Premier League,2425,2025-01-04 Manchester City-West Ham United,20,Sat,2025-01-04,15:00 (16:00),Manchester City,4–1,West Ham United,52737,Etihad Stadium,Michael Salisbury,/en/matches/d7773a4c/Manchester-City-West-Ham-United-January-4-2025-Premier-League,,d7773a4c
ENG-Premier League,2425,2025-01-04 Southampton-Brentford,20,Sat,2025-01-04,15:00 (16:00),Southampton,0–5,Brentford,31001,St Mary's Stadium,Stuart Attwell,/en/matches/36fc576a/Southampton-Brentford-January-4-2025-Premier-League,,36fc576a
ENG-Premier League,2425,2025-01-04 Tottenham Hotspur-Newcastle United,20,Sat,2025-01-04,12:30 (13:30),Tottenham Hotspur,1–2,Newcastle United,61293,Tottenham Hotspur Stadium,Andy Madley,/en/matches/be247ac3/Tottenham-Hotspur-Newcastle-United-January-4-2025-Premier-League,,be247ac3
ENG-Premier League,2425,2025-01-05 Fulham-Ipswich Town,20,Sun,2025-01-05,14:00 (15:00),Fulham,2–2,Ipswich Town,27042,Craven Cottage,Darren Bond,/en/matches/8b69ef69/Fulham-Ipswich-Town-January-5-2025-Premier-League,,8b69ef69
ENG-Premier League,2425,2025-01-05 Liverpool-Manchester Utd,20,Sun,2025-01-05,16:30 (17:30),Liverpool,2–2,Manchester Utd,60275,Anfield,Michael Oliver,/en/matches/4cef863f/North-West-Derby-Liverpool-Manchester-United-January-5-2025-Premier-League,,4cef863f
ENG-Premier League,2425,2025-01-06 Wolves-Nottingham Forest,20,Mon,2025-01-06,20:00 (21:00),Wolves,0–3,Nottingham Forest,29940,Molineux Stadium,Peter Bankes,/en/matches/56c4250a/Wolverhampton-Wanderers-Nottingham-Forest-January-6-2025-Premier-League,,56c4250a
ENG-Premier League,2425,2025-01-14 Brentford-Manchester City,21,Tue,2025-01-14,19:30 (20:30),Brentford,2–2,Manchester City,17048,Gtech Community Stadium,Anthony Taylor,/en/matches/68c2e6b8/Brentford-Manchester-City-January-14-2025-Premier-League,,68c2e6b8
ENG-Premier League,2425,2025-01-14 Chelsea-Bournemouth,21,Tue,2025-01-14,19:30 (20:30),Chelsea,2–2,Bournemouth,39092,Stamford Bridge,Robert Jones,/en/matches/fff671a9/Chelsea-Bournemouth-January-14-2025-Premier-League,,fff671a9
ENG-Premier League,2425,2025-01-14 Nottingham Forest-Liverpool,21,Tue,2025-01-14,20:00 (21:00),Nottingham Forest,1–1,Liverpool,30249,The City Ground,Chris Kavanagh,/en/matches/118f8df8/Nottingham-Forest-Liverpool-January-14-2025-Premier-League,,118f8df8
ENG-Premier League,2425,2025-01-14 West Ham United-Fulham,21,Tue,2025-01-14,19:30 (20:30),West Ham United,3–2,Fulham,62456,London Stadium,Craig Pawson,/en/matches/c6168c73/West-Ham-United-Fulham-January-14-2025-Premier-League,,c6168c73
ENG-Premier League,2425,2025-01-15 Arsenal-Tottenham Hotspur,21,Wed,2025-01-15,20:00 (21:00),Arsenal,2–1,Tottenham Hotspur,60287,Emirates Stadium,Simon Hooper,/en/matches/ee9ce5e2/North-London-Derby-Arsenal-Tottenham-Hotspur-January-15-2025-Premier-League,,ee9ce5e2
ENG-Premier League,2425,2025-01-15 Everton-Aston Villa,21,Wed,2025-01-15,19:30 (20:30),Everton,0–1,Aston Villa,39085,Goodison Park,Samuel Barrott,/en/matches/3e70b855/Everton-Aston-Villa-January-15-2025-Premier-League,,3e70b855
ENG-Premier League,2425,2025-01-15 Leicester City-Crystal Palace,21,Wed,2025-01-15,19:30 (20:30),Leicester City,0–2,Crystal Palace,29766,King Power Stadium,Andy Madley,/en/matches/99eb6105/Leicester-City-Crystal-Palace-January-15-2025-Premier-League,,99eb6105
ENG-Premier League,2425,2025-01-15 Newcastle United-Wolves,21,Wed,2025-01-15,19:30 (20:30),Newcastle United,3–0,Wolves,51975,St James' Park,Darren England,/en/matches/535d70d7/Newcastle-United-Wolverhampton-Wanderers-January-15-2025-Premier-League,,535d70d7
ENG-Premier League,2425,2025-01-16 Ipswich Town-Brighton,21,Thu,2025-01-16,19:30 (20:30),Ipswich Town,0–2,Brighton,29403,Portman Road Stadium,Tony Harrington,/en/matches/ace86fcc/Ipswich-Town-Brighton-and-Hove-Albion-January-16-2025-Premier-League,,ace86fcc
ENG-Premier League,2425,2025-01-16 Manchester Utd-Southampton,21,Thu,2025-01-16,20:00 (21:00),Manchester Utd,3–1,Southampton,73722,Old Trafford,John Brooks,/en/matches/f443a602/Manchester-United-Southampton-January-16-2025-Premier-League,,f443a602
ENG-Premier League,2425,2025-01-18 Arsenal-Aston Villa,22,Sat,2025-01-18,17:30 (18:30),Arsenal,2–2,Aston Villa,60067,Emirates Stadium,Chris Kavanagh,/en/matches/1fdaaaba/Arsenal-Aston-Villa-January-18-2025-Premier-League,,1fdaaaba
ENG-Premier League,2425,2025-01-18 Brentford-Liverpool,22,Sat,2025-01-18,15:00 (16:00),Brentford,0–2,Liverpool,17215,Gtech Community Stadium,Andy Madley,/en/matches/5e8445c1/Brentford-Liverpool-January-18-2025-Premier-League,,5e8445c1
ENG-Premier League,2425,2025-01-18 Leicester City-Fulham,22,Sat,2025-01-18,15:00 (16:00),Leicester City,0–2,Fulham,31500,King Power Stadium,Michael Salisbury,/en/matches/bc3ae18e/Leicester-City-Fulham-January-18-2025-Premier-League,,bc3ae18e
ENG-Premier League,2425,2025-01-18 Newcastle United-Bournemouth,22,Sat,2025-01-18,12:30 (13:30),Newcastle United,1–4,Bournemouth,52227,St James' Park,Stuart Attwell,/en/matches/99d11a39/Newcastle-United-Bournemouth-January-18-2025-Premier-League,,99d11a39
ENG-Premier League,2425,2025-01-18 West Ham United-Crystal Palace,22,Sat,2025-01-18,15:00 (16:00),West Ham United,0–2,Crystal Palace,62469,London Stadium,Thomas Bramall,/en/matches/03ac4a9c/West-Ham-United-Crystal-Palace-January-18-2025-Premier-League,,03ac4a9c
ENG-Premier League,2425,2025-01-19 Everton-Tottenham Hotspur,22,Sun,2025-01-19,14:00 (15:00),Everton,3–2,Tottenham Hotspur,39326,Goodison Park,Darren England,/en/matches/e9f61cb0/Everton-Tottenham-Hotspur-January-19-2025-Premier-League,,e9f61cb0
ENG-Premier League,2425,2025-01-19 Ipswich Town-Manchester City,22,Sun,2025-01-19,16:30 (17:30),Ipswich Town,0–6,Manchester City,29841,Portman Road Stadium,Samuel Barrott,/en/matches/6c829b8f/Ipswich-Town-Manchester-City-January-19-2025-Premier-League,,6c829b8f
ENG-Premier League,2425,2025-01-19 Manchester Utd-Brighton,22,Sun,2025-01-19,14:00 (15:00),Manchester Utd,1–3,Brighton,73758,Old Trafford,Peter Bankes,/en/matches/45028d5b/Manchester-United-Brighton-and-Hove-Albion-January-19-2025-Premier-League,,45028d5b
ENG-Premier League,2425,2025-01-19 Nottingham Forest-Southampton,22,Sun,2025-01-19,14:00 (15:00),Nottingham Forest,3–2,Southampton,30180,The City Ground,Anthony Taylor,/en/matches/e0f90407/Nottingham-Forest-Southampton-January-19-2025-Premier-League,,e0f90407
ENG-Premier League,2425,2025-01-20 Chelsea-Wolves,22,Mon,2025-01-20,20:00 (21:00),Chelsea,3–1,Wolves,39221,Stamford Bridge,Simon Hooper,/en/matches/e62cfa12/Chelsea-Wolverhampton-Wanderers-January-20-2025-Premier-League,,e62cfa12
ENG-Premier League,2425,2025-01-25 Bournemouth-Nottingham Forest,23,Sat,2025-01-25,15:00 (16:00),Bournemouth,5–0,Nottingham Forest,11228,Vitality Stadium,Craig Pawson,/en/matches/efa8ddd7/Bournemouth-Nottingham-Forest-January-25-2025-Premier-League,,efa8ddd7
ENG-Premier League,2425,2025-01-25 Brighton-Everton,23,Sat,2025-01-25,15:00 (16:00),Brighton,0–1,Everton,31087,The American Express Stadium,Tim Robinson,/en/matches/b54aac79/Brighton-and-Hove-Albion-Everton-January-25-2025-Premier-League,,b54aac79
ENG-Premier League,2425,2025-01-25 Liverpool-Ipswich Town,23,Sat,2025-01-25,15:00 (16:00),Liverpool,4–1,Ipswich Town,60420,Anfield,Michael Salisbury,/en/matches/ee59115f/Liverpool-Ipswich-Town-January-25-2025-Premier-League,,ee59115f
ENG-Premier League,2425,2025-01-25 Manchester City-Chelsea,23,Sat,2025-01-25,17:30 (18:30),Manchester City,3–1,Chelsea,52687,Etihad Stadium,John Brooks,/en/matches/bfd54040/Manchester-City-Chelsea-January-25-2025-Premier-League,,bfd54040
ENG-Premier League,2425,2025-01-25 Southampton-Newcastle United,23,Sat,2025-01-25,15:00 (16:00),Southampton,1–3,Newcastle United,31141,St Mary's Stadium,Samuel Barrott,/en/matches/7d05223b/Southampton-Newcastle-United-January-25-2025-Premier-League,,7d05223b
ENG-Premier League,2425,2025-01-25 Wolves-Arsenal,23,Sat,2025-01-25,15:00 (16:00),Wolves,0–1,Arsenal,31503,Molineux Stadium,Michael Oliver,/en/matches/0b39252e/Wolverhampton-Wanderers-Arsenal-January-25-2025-Premier-League,,0b39252e
ENG-Premier League,2425,2025-01-26 Aston Villa-West Ham United,23,Sun,2025-01-26,16:30 (17:30),Aston Villa,1–1,West Ham United,41628,Villa Park,Peter Bankes,/en/matches/bb05246c/Aston-Villa-West-Ham-United-January-26-2025-Premier-League,,bb05246c
ENG-Premier League,2425,2025-01-26 Crystal Palace-Brentford,23,Sun,2025-01-26,14:00 (15:00),Crystal Palace,1–2,Brentford,25066,Selhurst Park,Tony Harrington,/en/matches/68d6e8fe/Crystal-Palace-Brentford-January-26-2025-Premier-League,,68d6e8fe
ENG-Premier League,2425,2025-01-26 Fulham-Manchester Utd,23,Sun,2025-01-26,19:00 (20:00),Fulham,0–1,Manchester Utd,27288,Craven Cottage,Anthony Taylor,/en/matches/eb14e391/Fulham-Manchester-United-January-26-2025-Premier-League,,eb14e391
ENG-Premier League,2425,2025-01-26 Tottenham Hotspur-Leicester City,23,Sun,2025-01-26,14:00 (15:00),Tottenham Hotspur,1–2,Leicester City,61295,Tottenham Hotspur Stadium,Robert Jones,/en/matches/8226bca2/Tottenham-Hotspur-Leicester-City-January-26-2025-Premier-League,,8226bca2
ENG-Premier League,2425,2025-02-01 Bournemouth-Liverpool,24,Sat,2025-02-01,15:00 (16:00),Bournemouth,0–2,Liverpool,11239,Vitality Stadium,Darren England,/en/matches/886603cd/Bournemouth-Liverpool-February-1-2025-Premier-League,,886603cd
ENG-Premier League,2425,2025-02-01 Everton-Leicester City,24,Sat,2025-02-01,15:00 (16:00),Everton,4–0,Leicester City,39376,Goodison Park,Darren Bond,/en/matches/475670fb/Everton-Leicester-City-February-1-2025-Premier-League,,475670fb
ENG-Premier League,2425,2025-02-01 Ipswich Town-Southampton,24,Sat,2025-02-01,15:00 (16:00),Ipswich Town,1–2,Southampton,29902,Portman Road Stadium,Michael Oliver,/en/matches/1098cac0/Ipswich-Town-Southampton-February-1-2025-Premier-League,,1098cac0
ENG-Premier League,2425,2025-02-01 Newcastle United-Fulham,24,Sat,2025-02-01,15:00 (16:00),Newcastle United,1–2,Fulham,52173,St James' Park,Chris Kavanagh,/en/matches/5ec3f48b/Newcastle-United-Fulham-February-1-2025-Premier-League,,5ec3f48b
ENG-Premier League,2425,2025-02-01 Nottingham Forest-Brighton,24,Sat,2025-02-01,12:30 (13:30),Nottingham Forest,7–0,Brighton,30164,The City Ground,Simon Hooper,/en/matches/897ab235/Nottingham-Forest-Brighton-and-Hove-Albion-February-1-2025-Premier-League,,897ab235
ENG-Premier League,2425,2025-02-01 Wolves-Aston Villa,24,Sat,2025-02-01,17:30 (18:30),Wolves,2–0,Aston Villa,31385,Molineux Stadium,Andy Madley,/en/matches/693ab427/Wolverhampton-Wanderers-Aston-Villa-February-1-2025-Premier-League,,693ab427
ENG-Premier League,2425,2025-02-02 Arsenal-Manchester City,24,Sun,2025-02-02,16:30 (17:30),Arsenal,5–1,Manchester City,60355,Emirates Stadium,Peter Bankes,/en/matches/2906e921/Arsenal-Manchester-City-February-2-2025-Premier-League,,2906e921
ENG-Premier League,2425,2025-02-02 Brentford-Tottenham Hotspur,24,Sun,2025-02-02,14:00 (15:00),Brentford,0–2,Tottenham Hotspur,17154,Gtech Community Stadium,Jarred Gillett,/en/matches/7193a229/Brentford-Tottenham-Hotspur-February-2-2025-Premier-League,,7193a229
ENG-Premier League,2425,2025-02-02 Manchester Utd-Crystal Palace,24,Sun,2025-02-02,14:00 (15:00),Manchester Utd,0–2,Crystal Palace,73751,Old Trafford,John Brooks,/en/matches/83dba981/Manchester-United-Crystal-Palace-February-2-2025-Premier-League,,83dba981
ENG-Premier League,2425,2025-02-03 Chelsea-West Ham United,24,Mon,2025-02-03,20:00 (21:00),Chelsea,2–1,West Ham United,39459,Stamford Bridge,Stuart Attwell,/en/matches/ed7df9b1/Chelsea-West-Ham-United-February-3-2025-Premier-League,,ed7df9b1
ENG-Premier League,2425,2025-02-12 Everton-Liverpool,15,Wed,2025-02-12,19:30 (20:30),Everton,2–2,Liverpool,39280,Goodison Park,Michael Oliver,/en/matches/92627434/Merseyside-Derby-Everton-Liverpool-February-12-2025-Premier-League,,92627434
ENG-Premier League,2425,2025-02-14 Brighton-Chelsea,25,Fri,2025-02-14,20:00 (21:00),Brighton,3–0,Chelsea,31324,The American Express Stadium,Chris Kavanagh,/en/matches/ed780e1d/Brighton-and-Hove-Albion-Chelsea-February-14-2025-Premier-League,,ed780e1d
ENG-Premier League,2425,2025-02-15 Aston Villa-Ipswich Town,25,Sat,2025-02-15,15:00 (16:00),Aston Villa,1–1,Ipswich Town,42510,Villa Park,Robert Jones,/en/matches/06fee8c4/Aston-Villa-Ipswich-Town-February-15-2025-Premier-League,,06fee8c4
ENG-Premier League,2425,2025-02-15 Crystal Palace-Everton,25,Sat,2025-02-15,17:30 (18:30),Crystal Palace,1–2,Everton,25108,Selhurst Park,Anthony Taylor,/en/matches/35ee3617/Crystal-Palace-Everton-February-15-2025-Premier-League,,35ee3617
ENG-Premier League,2425,2025-02-15 Fulham-Nottingham Forest,25,Sat,2025-02-15,15:00 (16:00),Fulham,2–1,Nottingham Forest,27164,Craven Cottage,Thomas Bramall,/en/matches/5968d7ad/Fulham-Nottingham-Forest-February-15-2025-Premier-League,,5968d7ad
ENG-Premier League,2425,2025-02-15 Leicester City-Arsenal,25,Sat,2025-02-15,12:30 (13:30),Leicester City,0–2,Arsenal,31968,King Power Stadium,Samuel Barrott,/en/matches/af8aa0dd/Leicester-City-Arsenal-February-15-2025-Premier-League,,af8aa0dd
ENG-Premier League,2425,2025-02-15 Manchester City-Newcastle United,25,Sat,2025-02-15,15:00 (16:00),Manchester City,4–0,Newcastle United,52479,Etihad Stadium,Andy Madley,/en/matches/8c51fa01/Manchester-City-Newcastle-United-February-15-2025-Premier-League,,8c51fa01
ENG-Premier League,2425,2025-02-15 Southampton-Bournemouth,25,Sat,2025-02-15,15:00 (16:00),Southampton,1–3,Bournemouth,31037,St Mary's Stadium,Jarred Gillett,/en/matches/ce3da486/Southampton-Bournemouth-February-15-2025-Premier-League,,ce3da486
ENG-Premier League,2425,2025-02-15 West Ham United-Brentford,25,Sat,2025-02-15,15:00 (16:00),West Ham United,0–1,Brentford,62415,London Stadium,Darren England,/en/matches/79406a7e/West-Ham-United-Brentford-February-15-2025-Premier-League,,79406a7e
ENG-Premier League,2425,2025-02-16 Liverpool-Wolves,25,Sun,2025-02-16,14:00 (15:00),Liverpool,2–1,Wolves,60248,Anfield,Simon Hooper,/en/matches/6a917c79/Liverpool-Wolverhampton-Wanderers-February-16-2025-Premier-League,,6a917c79
ENG-Premier League,2425,2025-02-16 Tottenham Hotspur-Manchester Utd,25,Sun,2025-02-16,16:30 (17:30),Tottenham Hotspur,1–0,Manchester Utd,61383,Tottenham Hotspur Stadium,Peter Bankes,/en/matches/09db2a2f/Tottenham-Hotspur-Manchester-United-February-16-2025-Premier-League,,09db2a2f
ENG-Premier League,2425,2025-02-19 Aston Villa-Liverpool,29,Wed,2025-02-19,19:30 (20:30),Aston Villa,2–2,Liverpool,41910,Villa Park,Craig Pawson,/en/matches/39c7b656/Aston-Villa-Liverpool-February-19-2025-Premier-League,,39c7b656
ENG-Premier League,2425,2025-02-21 Leicester City-Brentford,26,Fri,2025-02-21,20:00 (21:00),Leicester City,0–4,Brentford,31077,King Power Stadium,Tony Harrington,/en/matches/da5a149a/Leicester-City-Brentford-February-21-2025-Premier-League,,da5a149a
ENG-Premier League,2425,2025-02-22 Arsenal-West Ham United,26,Sat,2025-02-22,15:00 (16:00),Arsenal,0–1,West Ham United,60262,Emirates Stadium,Craig Pawson,/en/matches/e511e91c/Arsenal-West-Ham-United-February-22-2025-Premier-League,,e511e91c
ENG-Premier League,2425,2025-02-22 Aston Villa-Chelsea,26,Sat,2025-02-22,17:30 (18:30),Aston Villa,2–1,Chelsea,42423,Villa Park,Michael Oliver,/en/matches/5109d405/Aston-Villa-Chelsea-February-22-2025-Premier-League,,5109d405
ENG-Premier League,2425,2025-02-22 Bournemouth-Wolves,26,Sat,2025-02-22,15:00 (16:00),Bournemouth,0–1,Wolves,11206,Vitality Stadium,Michael Salisbury,/en/matches/ccdda6d3/Bournemouth-Wolverhampton-Wanderers-February-22-2025-Premier-League,,ccdda6d3
ENG-Premier League,2425,2025-02-22 Everton-Manchester Utd,26,Sat,2025-02-22,12:30 (13:30),Everton,2–2,Manchester Utd,39290,Goodison Park,Andy Madley,/en/matches/e5b45c4d/Everton-Manchester-United-February-22-2025-Premier-League,,e5b45c4d
ENG-Premier League,2425,2025-02-22 Fulham-Crystal Palace,26,Sat,2025-02-22,15:00 (16:00),Fulham,0–2,Crystal Palace,26777,Craven Cottage,Robert Jones,/en/matches/7289bcdf/Fulham-Crystal-Palace-February-22-2025-Premier-League,,7289bcdf
ENG-Premier League,2425,2025-02-22 Ipswich Town-Tottenham Hotspur,26,Sat,2025-02-22,15:00 (16:00),Ipswich Town,1–4,Tottenham Hotspur,30003,Portman Road Stadium,Tim Robinson,/en/matches/7853cd1a/Ipswich-Town-Tottenham-Hotspur-February-22-2025-Premier-League,,7853cd1a
ENG-Premier League,2425,2025-02-22 Southampton-Brighton,26,Sat,2025-02-22,15:00 (16:00),Southampton,0–4,Brighton,30775,St Mary's Stadium,Darren Bond,/en/matches/e757bea1/Southampton-Brighton-and-Hove-Albion-February-22-2025-Premier-League,,e757bea1
ENG-Premier League,2425,2025-02-23 Manchester City-Liverpool,26,Sun,2025-02-23,16:30 (17:30),Manchester City,0–2,Liverpool,52803,Etihad Stadium,Anthony Taylor,/en/matches/e51a316b/Manchester-City-Liverpool-February-23-2025-Premier-League,,e51a316b
ENG-Premier League,2425,2025-02-23 Newcastle United-Nottingham Forest,26,Sun,2025-02-23,14:00 (15:00),Newcastle United,4–3,Nottingham Forest,52223,St James' Park,Jarred Gillett,/en/matches/93caf0bc/Newcastle-United-Nottingham-Forest-February-23-2025-Premier-League,,93caf0bc
ENG-Premier League,2425,2025-02-25 Brighton-Bournemouth,27,Tue,2025-02-25,19:30 (20:30),Brighton,2–1,Bournemouth,31138,The American Express Stadium,Michael Oliver,/en/matches/fade9277/Brighton-and-Hove-Albion-Bournemouth-February-25-2025-Premier-League,,fade9277
ENG-Premier League,2425,2025-02-25 Chelsea-Southampton,27,Tue,2025-02-25,20:15 (21:15),Chelsea,4–0,Southampton,39485,Stamford Bridge,Thomas Bramall,/en/matches/21d4a457/Chelsea-Southampton-February-25-2025-Premier-League,,21d4a457
ENG-Premier League,2425,2025-02-25 Crystal Palace-Aston Villa,27,Tue,2025-02-25,19:30 (20:30),Crystal Palace,4–1,Aston Villa,24712,Selhurst Park,Samuel Barrott,/en/matches/0a97629a/Crystal-Palace-Aston-Villa-February-25-2025-Premier-League,,0a97629a
ENG-Premier League,2425,2025-02-25 Wolves-Fulham,27,Tue,2025-02-25,19:30 (20:30),Wolves,1–2,Fulham,28708,Molineux Stadium,Peter Bankes,/en/matches/7aecfc4c/Wolverhampton-Wanderers-Fulham-February-25-2025-Premier-League,,7aecfc4c
ENG-Premier League,2425,2025-02-26 Brentford-Everton,27,Wed,2025-02-26,19:30 (20:30),Brentford,1–1,Everton,17082,Gtech Community Stadium,Simon Hooper,/en/matches/1218933c/Brentford-Everton-February-26-2025-Premier-League,,1218933c
ENG-Premier League,2425,2025-02-26 Liverpool-Newcastle United,27,Wed,2025-02-26,20:15 (21:15),Liverpool,2–0,Newcastle United,60374,Anfield,Stuart Attwell,/en/matches/a0975f8c/Liverpool-Newcastle-United-February-26-2025-Premier-League,,a0975f8c
ENG-Premier League,2425,2025-02-26 Manchester Utd-Ipswich Town,27,Wed,2025-02-26,19:30 (20:30),Manchester Utd,3–2,Ipswich Town,73827,Old Trafford,Darren England,/en/matches/bf6aa8ee/Manchester-United-Ipswich-Town-February-26-2025-Premier-League,,bf6aa8ee
ENG-Premier League,2425,2025-02-26 Nottingham Forest-Arsenal,27,Wed,2025-02-26,19:30 (20:30),Nottingham Forest,0–0,Arsenal,30200,The City Ground,Andy Madley,/en/matches/d4387bc1/Nottingham-Forest-Arsenal-February-26-2025-Premier-League,,d4387bc1
ENG-Premier League,2425,2025-02-26 Tottenham Hotspur-Manchester City,27,Wed,2025-02-26,19:30 (20:30),Tottenham Hotspur,0–1,Manchester City,60820,Tottenham Hotspur Stadium,Jarred Gillett,/en/matches/3b8160bd/Tottenham-Hotspur-Manchester-City-February-26-2025-Premier-League,,3b8160bd
ENG-Premier League,2425,2025-02-27 West Ham United-Leicester City,27,Thu,2025-02-27,20:00 (21:00),West Ham United,2–0,Leicester City,62455,London Stadium,Anthony Taylor,/en/matches/08b1b7de/West-Ham-United-Leicester-City-February-27-2025-Premier-League,,08b1b7de
ENG-Premier League,2425,2025-03-08 Brentford-Aston Villa,28,Sat,2025-03-08,17:30 (18:30),Brentford,0–1,Aston Villa,17171,Gtech Community Stadium,Jarred Gillett,/en/matches/fb9126ab/Brentford-Aston-Villa-March-8-2025-Premier-League,,fb9126ab
ENG-Premier League,2425,2025-03-08 Brighton-Fulham,28,Sat,2025-03-08,15:00 (16:00),Brighton,2–1,Fulham,31584,The American Express Stadium,Samuel Barrott,/en/matches/fb4bb61d/Brighton-and-Hove-Albion-Fulham-March-8-2025-Premier-League,,fb4bb61d
ENG-Premier League,2425,2025-03-08 Crystal Palace-Ipswich Town,28,Sat,2025-03-08,15:00 (16:00),Crystal Palace,1–0,Ipswich Town,25155,Selhurst Park,Simon Hooper,/en/matches/b1ad79e4/Crystal-Palace-Ipswich-Town-March-8-2025-Premier-League,,b1ad79e4
ENG-Premier League,2425,2025-03-08 Liverpool-Southampton,28,Sat,2025-03-08,15:00 (16:00),Liverpool,3–1,Southampton,60399,Anfield,Lewis Smith,/en/matches/049341ab/Liverpool-Southampton-March-8-2025-Premier-League,,049341ab
ENG-Premier League,2425,2025-03-08 Nottingham Forest-Manchester City,28,Sat,2025-03-08,12:30 (13:30),Nottingham Forest,1–0,Manchester City,30252,The City Ground,Chris Kavanagh,/en/matches/d53c0405/Nottingham-Forest-Manchester-City-March-8-2025-Premier-League,,d53c0405
ENG-Premier League,2425,2025-03-08 Wolves-Everton,28,Sat,2025-03-08,20:00 (21:00),Wolves,1–1,Everton,30738,Molineux Stadium,Stuart Attwell,/en/matches/2ac7408b/Wolverhampton-Wanderers-Everton-March-8-2025-Premier-League,,2ac7408b
ENG-Premier League,2425,2025-03-09 Chelsea-Leicester City,28,Sun,2025-03-09,14:00 (15:00),Chelsea,1–0,Leicester City,39750,Stamford Bridge,Tim Robinson,/en/matches/236640be/Chelsea-Leicester-City-March-9-2025-Premier-League,,236640be
ENG-Premier League,2425,2025-03-09 Manchester Utd-Arsenal,28,Sun,2025-03-09,16:30 (17:30),Manchester Utd,1–1,Arsenal,73812,Old Trafford,Anthony Taylor,/en/matches/8efec987/Manchester-United-Arsenal-March-9-2025-Premier-League,,8efec987
ENG-Premier League,2425,2025-03-09 Tottenham Hotspur-Bournemouth,28,Sun,2025-03-09,14:00 (15:00),Tottenham Hotspur,2–2,Bournemouth,61178,Tottenham Hotspur Stadium,John Brooks,/en/matches/81575514/Tottenham-Hotspur-Bournemouth-March-9-2025-Premier-League,,81575514
ENG-Premier League,2425,2025-03-10 West Ham United-Newcastle United,28,Mon,2025-03-10,20:00 (21:00),West Ham United,0–1,Newcastle United,62463,London Stadium,Michael Salisbury,/en/matches/61ad9d6a/West-Ham-United-Newcastle-United-March-10-2025-Premier-League,,61ad9d6a
ENG-Premier League,2425,2025-03-15 Bournemouth-Brentford,29,Sat,2025-03-15,17:30 (18:30),Bournemouth,1–2,Brentford,11180,Vitality Stadium,Craig Pawson,/en/matches/f3480c01/Bournemouth-Brentford-March-15-2025-Premier-League,,f3480c01
ENG-Premier League,2425,2025-03-15 Everton-West Ham United,29,Sat,2025-03-15,15:00 (16:00),Everton,1–1,West Ham United,39343,Goodison Park,Darren Bond,/en/matches/d4bd829f/Everton-West-Ham-United-March-15-2025-Premier-League,,d4bd829f
ENG-Premier League,2425,2025-03-15 Ipswich Town-Nottingham Forest,29,Sat,2025-03-15,15:00 (16:00),Ipswich Town,2–4,Nottingham Forest,29878,Portman Road Stadium,Michael Salisbury,/en/matches/a44e04e9/Ipswich-Town-Nottingham-Forest-March-15-2025-Premier-League,,a44e04e9
ENG-Premier League,2425,2025-03-15 Manchester City-Brighton,29,Sat,2025-03-15,15:00 (16:00),Manchester City,2–2,Brighton,52471,Etihad Stadium,Simon Hooper,/en/matches/83fc3d29/Manchester-City-Brighton-and-Hove-Albion-March-15-2025-Premier-League,,83fc3d29
ENG-Premier League,2425,2025-03-15 Southampton-Wolves,29,Sat,2025-03-15,15:00 (16:00),Southampton,1–2,Wolves,30950,St Mary's Stadium,Robert Jones,/en/matches/eea61e7f/Southampton-Wolverhampton-Wanderers-March-15-2025-Premier-League,,eea61e7f
ENG-Premier League,2425,2025-03-16 Arsenal-Chelsea,29,Sun,2025-03-16,13:30 (14:30),Arsenal,1–0,Chelsea,60311,Emirates Stadium,Chris Kavanagh,/en/matches/22de525d/North-West-London-Derby-Arsenal-Chelsea-March-16-2025-Premier-League,,22de525d
ENG-Premier League,2425,2025-03-16 Fulham-Tottenham Hotspur,29,Sun,2025-03-16,13:30 (14:30),Fulham,2–0,Tottenham Hotspur,27182,Craven Cottage,Andy Madley,/en/matches/61428001/Fulham-Tottenham-Hotspur-March-16-2025-Premier-League,,61428001
ENG-Premier League,2425,2025-03-16 Leicester City-Manchester Utd,29,Sun,2025-03-16,19:00 (20:00),Leicester City,0–3,Manchester Utd,31773,King Power Stadium,Thomas Bramall,/en/matches/7bab156e/Leicester-City-Manchester-United-March-16-2025-Premier-League,,7bab156e
ENG-Premier League,2425,2025-04-01 Arsenal-Fulham,30,Tue,2025-04-01,19:45 (20:45),Arsenal,2–1,Fulham,60256,Emirates Stadium,John Brooks,/en/matches/777d595c/Arsenal-Fulham-April-1-2025-Premier-League,,777d595c
ENG-Premier League,2425,2025-04-01 Nottingham Forest-Manchester Utd,30,Tue,2025-04-01,20:00 (21:00),Nottingham Forest,1–0,Manchester Utd,30249,The City Ground,Jarred Gillett,/en/matches/9f8a856e/Nottingham-Forest-Manchester-United-April-1-2025-Premier-League,,9f8a856e
ENG-Premier League,2425,2025-04-01 Wolves-West Ham United,30,Tue,2025-04-01,19:45 (20:45),Wolves,1–0,West Ham United,29587,Molineux Stadium,Tony Harrington,/en/matches/6e6e9d8b/Wolverhampton-Wanderers-West-Ham-United-April-1-2025-Premier-League,,6e6e9d8b
ENG-Premier League,2425,2025-04-02 Bournemouth-Ipswich Town,30,Wed,2025-04-02,19:45 (20:45),Bournemouth,1–2,Ipswich Town,11192,Vitality Stadium,Robert Jones,/en/matches/19c54be2/Bournemouth-Ipswich-Town-April-2-2025-Premier-League,,19c54be2
ENG-Premier League,2425,2025-04-02 Brighton-Aston Villa,30,Wed,2025-04-02,19:45 (20:45),Brighton,0–3,Aston Villa,27895,The American Express Stadium,Stuart Attwell,/en/matches/158e64b3/Brighton-and-Hove-Albion-Aston-Villa-April-2-2025-Premier-League,,158e64b3
ENG-Premier League,2425,2025-04-02 Liverpool-Everton,30,Wed,2025-04-02,20:00 (21:00),Liverpool,1–0,Everton,60457,Anfield,Samuel Barrott,/en/matches/7e2a8ebe/Merseyside-Derby-Liverpool-Everton-April-2-2025-Premier-League,,7e2a8ebe
ENG-Premier League,2425,2025-04-02 Manchester City-Leicester City,30,Wed,2025-04-02,19:45 (20:45),Manchester City,2–0,Leicester City,52148,Etihad Stadium,Darren England,/en/matches/464a9c6c/Manchester-City-Leicester-City-April-2-2025-Premier-League,,464a9c6c
ENG-Premier League,2425,2025-04-02 Newcastle United-Brentford,30,Wed,2025-04-02,19:45 (20:45),Newcastle United,2–1,Brentford,52021,St James' Park,Peter Bankes,/en/matches/e202c3b7/Newcastle-United-Brentford-April-2-2025-Premier-League,,e202c3b7
ENG-Premier League,2425,2025-04-02 Southampton-Crystal Palace,30,Wed,2025-04-02,19:45 (20:45),Southampton,1–1,Crystal Palace,30158,St Mary's Stadium,Andy Madley,/en/matches/1c75bcda/Southampton-Crystal-Palace-April-2-2025-Premier-League,,1c75bcda
ENG-Premier League,2425,2025-04-03 Chelsea-Tottenham Hotspur,30,Thu,2025-04-03,20:00 (21:00),Chelsea,1–0,Tottenham Hotspur,39852,Stamford Bridge,Craig Pawson,/en/matches/33e26065/Chelsea-Tottenham-Hotspur-April-3-2025-Premier-League,,33e26065
ENG-Premier League,2425,2025-04-05 Aston Villa-Nottingham Forest,31,Sat,2025-04-05,17:30 (18:30),Aston Villa,2–1,Nottingham Forest,42743,Villa Park,Simon Hooper,/en/matches/7b024699/Aston-Villa-Nottingham-Forest-April-5-2025-Premier-League,,7b024699
ENG-Premier League,2425,2025-04-05 Crystal Palace-Brighton,31,Sat,2025-04-05,15:00 (16:00),Crystal Palace,2–1,Brighton,24564,Selhurst Park,Anthony Taylor,/en/matches/e9cb51b4/Crystal-Palace-Brighton-and-Hove-Albion-April-5-2025-Premier-League,,e9cb51b4
ENG-Premier League,2425,2025-04-05 Everton-Arsenal,31,Sat,2025-04-05,12:30 (13:30),Everton,1–1,Arsenal,39316,Goodison Park,Darren England,/en/matches/8a72e3dc/Everton-Arsenal-April-5-2025-Premier-League,,8a72e3dc
ENG-Premier League,2425,2025-04-05 Ipswich Town-Wolves,31,Sat,2025-04-05,15:00 (16:00),Ipswich Town,1–2,Wolves,29549,Portman Road Stadium,Peter Bankes,/en/matches/b6f200da/Ipswich-Town-Wolverhampton-Wanderers-April-5-2025-Premier-League,,b6f200da
ENG-Premier League,2425,2025-04-05 West Ham United-Bournemouth,31,Sat,2025-04-05,15:00 (16:00),West Ham United,2–2,Bournemouth,62459,London Stadium,Tim Robinson,/en/matches/3812dc28/West-Ham-United-Bournemouth-April-5-2025-Premier-League,,3812dc28
ENG-Premier League,2425,2025-04-06 Brentford-Chelsea,31,Sun,2025-04-06,14:00 (15:00),Brentford,0–0,Chelsea,17183,Gtech Community Stadium,Michael Oliver,/en/matches/5984e216/Brentford-Chelsea-April-6-2025-Premier-League,,5984e216
ENG-Premier League,2425,2025-04-06 Fulham-Liverpool,31,Sun,2025-04-06,14:00 (15:00),Fulham,3–2,Liverpool,27770,Craven Cottage,Chris Kavanagh,/en/matches/b34400d3/Fulham-Liverpool-April-6-2025-Premier-League,,b34400d3
ENG-Premier League,2425,2025-04-06 Manchester Utd-Manchester City,31,Sun,2025-04-06,16:30 (17:30),Manchester Utd,0–0,Manchester City,73738,Old Trafford,John Brooks,/en/matches/53e359bb/Manchester-Derby-Manchester-United-Manchester-City-April-6-2025-Premier-League,,53e359bb
ENG-Premier League,2425,2025-04-06 Tottenham Hotspur-Southampton,31,Sun,2025-04-06,14:00 (15:00),Tottenham Hotspur,3–1,Southampton,60984,Tottenham Hotspur Stadium,Michael Salisbury,/en/matches/f671e515/Tottenham-Hotspur-Southampton-April-6-2025-Premier-League,,f671e515
ENG-Premier League,2425,2025-04-07 Leicester City-Newcastle United,31,Mon,2025-04-07,20:00 (21:00),Leicester City,0–3,Newcastle United,30403,King Power Stadium,Robert Jones,/en/matches/d8efb6cc/Leicester-City-Newcastle-United-April-7-2025-Premier-League,,d8efb6cc
ENG-Premier League,2425,2025-04-12 Arsenal-Brentford,32,Sat,2025-04-12,17:30 (18:30),Arsenal,1–1,Brentford,60184,Emirates Stadium,Simon Hooper,/en/matches/471d2141/Arsenal-Brentford-April-12-2025-Premier-League,,471d2141
ENG-Premier League,2425,2025-04-12 Brighton-Leicester City,32,Sat,2025-04-12,15:00 (16:00),Brighton,2–2,Leicester City,31150,The American Express Stadium,Darren Bond,/en/matches/6c4e0e71/Brighton-and-Hove-Albion-Leicester-City-April-12-2025-Premier-League,,6c4e0e71
ENG-Premier League,2425,2025-04-12 Manchester City-Crystal Palace,32,Sat,2025-04-12,12:30 (13:30),Manchester City,5–2,Crystal Palace,52489,Etihad Stadium,Jarred Gillett,/en/matches/7be33a60/Manchester-City-Crystal-Palace-April-12-2025-Premier-League,,7be33a60
ENG-Premier League,2425,2025-04-12 Nottingham Forest-Everton,32,Sat,2025-04-12,15:00 (16:00),Nottingham Forest,0–1,Everton,30199,The City Ground,Craig Pawson,/en/matches/83138c75/Nottingham-Forest-Everton-April-12-2025-Premier-League,,83138c75
ENG-Premier League,2425,2025-04-12 Southampton-Aston Villa,32,Sat,2025-04-12,15:00 (16:00),Southampton,0–3,Aston Villa,30199,St Mary's Stadium,Thomas Bramall,/en/matches/eb58af0b/Southampton-Aston-Villa-April-12-2025-Premier-League,,eb58af0b
ENG-Premier League,2425,2025-04-13 Chelsea-Ipswich Town,32,Sun,2025-04-13,14:00 (15:00),Chelsea,2–2,Ipswich Town,39805,Stamford Bridge,Stuart Attwell,/en/matches/a45626b5/Chelsea-Ipswich-Town-April-13-2025-Premier-League,,a45626b5
ENG-Premier League,2425,2025-04-13 Liverpool-West Ham United,32,Sun,2025-04-13,14:00 (15:00),Liverpool,2–1,West Ham United,60376,Anfield,Andy Madley,/en/matches/4975981b/Liverpool-West-Ham-United-April-13-2025-Premier-League,,4975981b
ENG-Premier League,2425,2025-04-13 Newcastle United-Manchester Utd,32,Sun,2025-04-13,16:30 (17:30),Newcastle United,4–1,Manchester Utd,52252,St James' Park,Chris Kavanagh,/en/matches/4254acea/Newcastle-United-Manchester-United-April-13-2025-Premier-League,,4254acea
ENG-Premier League,2425,2025-04-13 Wolves-Tottenham Hotspur,32,Sun,2025-04-13,14:00 (15:00),Wolves,4–2,Tottenham Hotspur,31463,Molineux Stadium,Anthony Taylor,/en/matches/5a44bda9/Wolverhampton-Wanderers-Tottenham-Hotspur-April-13-2025-Premier-League,,5a44bda9
ENG-Premier League,2425,2025-04-14 Bournemouth-Fulham,32,Mon,2025-04-14,20:00 (21:00),Bournemouth,1–0,Fulham,11195,Vitality Stadium,Michael Oliver,/en/matches/12ecaa9f/Bournemouth-Fulham-April-14-2025-Premier-League,,12ecaa9f
ENG-Premier League,2425,2025-04-16 Newcastle United-Crystal Palace,29,Wed,2025-04-16,19:30 (20:30),Newcastle United,5–0,Crystal Palace,52197,St James' Park,Darren England,/en/matches/6e87f6cf/Newcastle-United-Crystal-Palace-April-16-2025-Premier-League,,6e87f6cf
ENG-Premier League,2425,2025-04-19 Aston Villa-Newcastle United,33,Sat,2025-04-19,17:30 (18:30),Aston Villa,4–1,Newcastle United,42618,Villa Park,Jarred Gillett,/en/matches/45a3960e/Aston-Villa-Newcastle-United-April-19-2025-Premier-League,,45a3960e
ENG-Premier League,2425,2025-04-19 Brentford-Brighton,33,Sat,2025-04-19,15:00 (16:00),Brentford,4–2,Brighton,17083,Gtech Community Stadium,Tim Robinson,/en/matches/36afccb6/Brentford-Brighton-and-Hove-Albion-April-19-2025-Premier-League,,36afccb6
ENG-Premier League,2425,2025-04-19 Crystal Palace-Bournemouth,33,Sat,2025-04-19,15:00 (16:00),Crystal Palace,0–0,Bournemouth,25185,Selhurst Park,Samuel Barrott,/en/matches/9d095ebf/Crystal-Palace-Bournemouth-April-19-2025-Premier-League,,9d095ebf
ENG-Premier League,2425,2025-04-19 Everton-Manchester City,33,Sat,2025-04-19,15:00 (16:00),Everton,0–2,Manchester City,39332,Goodison Park,Simon Hooper,/en/matches/a95e25da/Everton-Manchester-City-April-19-2025-Premier-League,,a95e25da
ENG-Premier League,2425,2025-04-19 West Ham United-Southampton,33,Sat,2025-04-19,15:00 (16:00),West Ham United,1–1,Southampton,62461,London Stadium,Andrew Kitchen,/en/matches/8d613b28/West-Ham-United-Southampton-April-19-2025-Premier-League,,8d613b28
ENG-Premier League,2425,2025-04-20 Fulham-Chelsea,33,Sun,2025-04-20,14:00 (15:00),Fulham,1–2,Chelsea,27712,Craven Cottage,Anthony Taylor,/en/matches/aaac9748/Fulham-Chelsea-April-20-2025-Premier-League,,aaac9748
ENG-Premier League,2425,2025-04-20 Ipswich Town-Arsenal,33,Sun,2025-04-20,14:00 (15:00),Ipswich Town,0–4,Arsenal,29549,Portman Road Stadium,Chris Kavanagh,/en/matches/2b599f1a/Ipswich-Town-Arsenal-April-20-2025-Premier-League,,2b599f1a
ENG-Premier League,2425,2025-04-20 Leicester City-Liverpool,33,Sun,2025-04-20,16:30 (17:30),Leicester City,0–1,Liverpool,30402,King Power Stadium,Stuart Attwell,/en/matches/0a2030a0/Leicester-City-Liverpool-April-20-2025-Premier-League,,0a2030a0
ENG-Premier League,2425,2025-04-20 Manchester Utd-Wolves,33,Sun,2025-04-20,14:00 (15:00),Manchester Utd,0–1,Wolves,73819,Old Trafford,Robert Jones,/en/matches/e50fd749/Manchester-United-Wolverhampton-Wanderers-April-20-2025-Premier-League,,e50fd749
ENG-Premier League,2425,2025-04-21 Tottenham Hotspur-Nottingham Forest,33,Mon,2025-04-21,20:00 (21:00),Tottenham Hotspur,1–2,Nottingham Forest,59314,Tottenham Hotspur Stadium,Peter Bankes,/en/matches/708743bf/Tottenham-Hotspur-Nottingham-Forest-April-21-2025-Premier-League,,708743bf
ENG-Premier League,2425,2025-04-22 Manchester City-Aston Villa,34,Tue,2025-04-22,20:00 (21:00),Manchester City,2–1,Aston Villa,51834,Etihad Stadium,Craig Pawson,/en/matches/3de68b91/Manchester-City-Aston-Villa-April-22-2025-Premier-League,,3de68b91
ENG-Premier League,2425,2025-04-23 Arsenal-Crystal Palace,34,Wed,2025-04-23,20:00 (21:00),Arsenal,2–2,Crystal Palace,60167,Emirates Stadium,Michael Salisbury,/en/matches/67651145/Arsenal-Crystal-Palace-April-23-2025-Premier-League,,67651145
ENG-Premier League,2425,2025-04-26 Brighton-West Ham United,34,Sat,2025-04-26,15:00 (16:00),Brighton,3–2,West Ham United,31499,The American Express Stadium,Darren England,/en/matches/e1669507/Brighton-and-Hove-Albion-West-Ham-United-April-26-2025-Premier-League,,e1669507
ENG-Premier League,2425,2025-04-26 Chelsea-Everton,34,Sat,2025-04-26,12:30 (13:30),Chelsea,1–0,Everton,39894,Stamford Bridge,Chris Kavanagh,/en/matches/06c5f0ab/Chelsea-Everton-April-26-2025-Premier-League,,06c5f0ab
ENG-Premier League,2425,2025-04-26 Newcastle United-Ipswich Town,34,Sat,2025-04-26,15:00 (16:00),Newcastle United,3–0,Ipswich Town,52171,St James' Park,Michael Salisbury,/en/matches/3402b61b/Newcastle-United-Ipswich-Town-April-26-2025-Premier-League,,3402b61b
ENG-Premier League,2425,2025-04-26 Southampton-Fulham,34,Sat,2025-04-26,15:00 (16:00),Southampton,1–2,Fulham,28946,St Mary's Stadium,Tony Harrington,/en/matches/9c6532bc/Southampton-Fulham-April-26-2025-Premier-League,,9c6532bc
ENG-Premier League,2425,2025-04-26 Wolves-Leicester City,34,Sat,2025-04-26,15:00 (16:00),Wolves,3–0,Leicester City,31518,Molineux Stadium,Samuel Barrott,/en/matches/1ced4069/Wolverhampton-Wanderers-Leicester-City-April-26-2025-Premier-League,,1ced4069
ENG-Premier League,2425,2025-04-27 Bournemouth-Manchester Utd,34,Sun,2025-04-27,14:00 (15:00),Bournemouth,1–1,Manchester Utd,11241,Vitality Stadium,Peter Bankes,/en/matches/81b6c6b4/Bournemouth-Manchester-United-April-27-2025-Premier-League,,81b6c6b4
ENG-Premier League,2425,2025-04-27 Liverpool-Tottenham Hotspur,34,Sun,2025-04-27,16:30 (17:30),Liverpool,5–1,Tottenham Hotspur,60415,Anfield,Thomas Bramall,/en/matches/64bc833f/Liverpool-Tottenham-Hotspur-April-27-2025-Premier-League,,64bc833f
ENG-Premier League,2425,2025-05-01 Nottingham Forest-Brentford,34,Thu,2025-05-01,19:30 (20:30),Nottingham Forest,0–2,Brentford,29040,The City Ground,Darren England,/en/matches/a896a308/Nottingham-Forest-Brentford-May-1-2025-Premier-League,,a896a308
ENG-Premier League,2425,2025-05-02 Manchester City-Wolves,35,Fri,2025-05-02,20:00 (21:00),Manchester City,1–0,Wolves,53282,Etihad Stadium,Peter Bankes,/en/matches/6a433468/Manchester-City-Wolverhampton-Wanderers-May-2-2025-Premier-League,,6a433468
ENG-Premier League,2425,2025-05-03 Arsenal-Bournemouth,35,Sat,2025-05-03,17:30 (18:30),Arsenal,1–2,Bournemouth,60110,Emirates Stadium,Jarred Gillett,/en/matches/ad3827f3/Arsenal-Bournemouth-May-3-2025-Premier-League,,ad3827f3
ENG-Premier League,2425,2025-05-03 Aston Villa-Fulham,35,Sat,2025-05-03,12:30 (13:30),Aston Villa,1–0,Fulham,42515,Villa Park,Robert Jones,/en/matches/d8e391ab/Aston-Villa-Fulham-May-3-2025-Premier-League,,d8e391ab
ENG-Premier League,2425,2025-05-03 Everton-Ipswich Town,35,Sat,2025-05-03,15:00 (16:00),Everton,2–2,Ipswich Town,39305,Goodison Park,Lewis Smith,/en/matches/b93c98b0/Everton-Ipswich-Town-May-3-2025-Premier-League,,b93c98b0
ENG-Premier League,2425,2025-05-03 Leicester City-Southampton,35,Sat,2025-05-03,15:00 (16:00),Leicester City,2–0,Southampton,31240,King Power Stadium,David Webb,/en/matches/e89fe486/Leicester-City-Southampton-May-3-2025-Premier-League,,e89fe486
ENG-Premier League,2425,2025-05-04 Brentford-Manchester Utd,35,Sun,2025-05-04,14:00 (15:00),Brentford,4–3,Manchester Utd,18915,Gtech Community Stadium,Anthony Taylor,/en/matches/29dbd7d1/Brentford-Manchester-United-May-4-2025-Premier-League,,29dbd7d1
ENG-Premier League,2425,2025-05-04 Brighton-Newcastle United,35,Sun,2025-05-04,14:00 (15:00),Brighton,1–1,Newcastle United,31580,The American Express Stadium,Craig Pawson,/en/matches/e09b4b94/Brighton-and-Hove-Albion-Newcastle-United-May-4-2025-Premier-League,,e09b4b94
ENG-Premier League,2425,2025-05-04 Chelsea-Liverpool,35,Sun,2025-05-04,16:30 (17:30),Chelsea,3–1,Liverpool,39829,Stamford Bridge,Simon Hooper,/en/matches/157740ee/Chelsea-Liverpool-May-4-2025-Premier-League,,157740ee
ENG-Premier League,2425,2025-05-04 West Ham United-Tottenham Hotspur,35,Sun,2025-05-04,14:00 (15:00),West Ham United,1–1,Tottenham Hotspur,62468,London Stadium,Michael Oliver,/en/matches/70dcad6e/West-Ham-United-Tottenham-Hotspur-May-4-2025-Premier-League,,70dcad6e
ENG-Premier League,2425,2025-05-05 Crystal Palace-Nottingham Forest,35,Mon,2025-05-05,20:00 (21:00),Crystal Palace,1–1,Nottingham Forest,25096,Selhurst Park,Andy Madley,/en/matches/89cb2963/Crystal-Palace-Nottingham-Forest-May-5-2025-Premier-League,,89cb2963
ENG-Premier League,2425,2025-05-10 Bournemouth-Aston Villa,36,Sat,2025-05-10,17:30 (18:30),Bournemouth,0–1,Aston Villa,11187,Vitality Stadium,Stuart Attwell,/en/matches/dd48659a/Bournemouth-Aston-Villa-May-10-2025-Premier-League,,dd48659a
ENG-Premier League,2425,2025-05-10 Fulham-Everton,36,Sat,2025-05-10,15:00 (16:00),Fulham,1–3,Everton,27653,Craven Cottage,Darren England,/en/matches/a637fb4e/Fulham-Everton-May-10-2025-Premier-League,,a637fb4e
ENG-Premier League,2425,2025-05-10 Ipswich Town-Brentford,36,Sat,2025-05-10,15:00 (16:00),Ipswich Town,0–1,Brentford,29511,Portman Road Stadium,Samuel Barrott,/en/matches/ea2685e0/Ipswich-Town-Brentford-May-10-2025-Premier-League,,ea2685e0
ENG-Premier League,2425,2025-05-10 Southampton-Manchester City,36,Sat,2025-05-10,15:00 (16:00),Southampton,0–0,Manchester City,30937,St Mary's Stadium,Tim Robinson,/en/matches/35a46606/Southampton-Manchester-City-May-10-2025-Premier-League,,35a46606
ENG-Premier League,2425,2025-05-10 Wolves-Brighton,36,Sat,2025-05-10,15:00 (16:00),Wolves,0–2,Brighton,31279,Molineux Stadium,Michael Oliver,/en/matches/f1bf04cb/Wolverhampton-Wanderers-Brighton-and-Hove-Albion-May-10-2025-Premier-League,,f1bf04cb
ENG-Premier League,2425,2025-05-11 Liverpool-Arsenal,36,Sun,2025-05-11,16:30 (17:30),Liverpool,2–2,Arsenal,60324,Anfield,Anthony Taylor,/en/matches/0dc9bdd9/Liverpool-Arsenal-May-11-2025-Premier-League,,0dc9bdd9
ENG-Premier League,2425,2025-05-11 Manchester Utd-West Ham United,36,Sun,2025-05-11,14:15 (15:15),Manchester Utd,0–2,West Ham United,73804,Old Trafford,Jarred Gillett,/en/matches/c4548397/Manchester-United-West-Ham-United-May-11-2025-Premier-League,,c4548397
ENG-Premier League,2425,2025-05-11 Newcastle United-Chelsea,36,Sun,2025-05-11,12:00 (13:00),Newcastle United,2–0,Chelsea,52231,St James' Park,John Brooks,/en/matches/b409de42/Newcastle-United-Chelsea-May-11-2025-Premier-League,,b409de42
ENG-Premier League,2425,2025-05-11 Nottingham Forest-Leicester City,36,Sun,2025-05-11,14:15 (15:15),Nottingham Forest,2–2,Leicester City,30245,The City Ground,Tony Harrington,/en/matches/c3e242fc/Nottingham-Forest-Leicester-City-May-11-2025-Premier-League,,c3e242fc
ENG-Premier League,2425,2025-05-11 Tottenham Hotspur-Crystal Palace,36,Sun,2025-05-11,14:15 (15:15),Tottenham Hotspur,0–2,Crystal Palace,60254,Tottenham Hotspur Stadium,Chris Kavanagh,/en/matches/a442e11f/Tottenham-Hotspur-Crystal-Palace-May-11-2025-Premier-League,,a442e11f
ENG-Premier League,2425,2025-05-16 Aston Villa-Tottenham Hotspur,37,Fri,2025-05-16,19:30 (20:30),Aston Villa,2–0,Tottenham Hotspur,42239,Villa Park,Peter Bankes,/en/matches/b2651680/Aston-Villa-Tottenham-Hotspur-May-16-2025-Premier-League,,b2651680
ENG-Premier League,2425,2025-05-16 Chelsea-Manchester Utd,37,Fri,2025-05-16,20:15 (21:15),Chelsea,1–0,Manchester Utd,39849,Stamford Bridge,Chris Kavanagh,/en/matches/c95dd208/Chelsea-Manchester-United-May-16-2025-Premier-League,,c95dd208
ENG-Premier League,2425,2025-05-18 Arsenal-Newcastle United,37,Sun,2025-05-18,16:30 (17:30),Arsenal,1–0,Newcastle United,60160,Emirates Stadium,Simon Hooper,/en/matches/0a51acae/Arsenal-Newcastle-United-May-18-2025-Premier-League,,0a51acae
ENG-Premier League,2425,2025-05-18 Brentford-Fulham,37,Sun,2025-05-18,15:00 (16:00),Brentford,2–3,Fulham,17136,Gtech Community Stadium,Jarred Gillett,/en/matches/064e6a34/Brentford-Fulham-May-18-2025-Premier-League,,064e6a34
ENG-Premier League,2425,2025-05-18 Everton-Southampton,37,Sun,2025-05-18,12:00 (13:00),Everton,2–0,Southampton,39201,Goodison Park,Michael Oliver,/en/matches/9e338dfb/Everton-Southampton-May-18-2025-Premier-League,,9e338dfb
ENG-Premier League,2425,2025-05-18 Leicester City-Ipswich Town,37,Sun,2025-05-18,15:00 (16:00),Leicester City,2–0,Ipswich Town,31986,King Power Stadium,Andrew Kitchen,/en/matches/20b5a00b/Leicester-City-Ipswich-Town-May-18-2025-Premier-League,,20b5a00b
ENG-Premier League,2425,2025-05-18 West Ham United-Nottingham Forest,37,Sun,2025-05-18,14:15 (15:15),West Ham United,1–2,Nottingham Forest,62466,London Stadium,Samuel Barrott,/en/matches/79180ca6/West-Ham-United-Nottingham-Forest-May-18-2025-Premier-League,,79180ca6
ENG-Premier League,2425,2025-05-19 Brighton-Liverpool,37,Mon,2025-05-19,20:00 (21:00),Brighton,3–2,Liverpool,31611,The American Express Stadium,Andy Madley,/en/matches/1f3db37a/Brighton-and-Hove-Albion-Liverpool-May-19-2025-Premier-League,,1f3db37a
ENG-Premier League,2425,2025-05-20 Crystal Palace-Wolves,37,Tue,2025-05-20,20:00 (21:00),Crystal Palace,4–2,Wolves,24766,Selhurst Park,David Webb,/en/matches/f85454d3/Crystal-Palace-Wolverhampton-Wanderers-May-20-2025-Premier-League,,f85454d3
ENG-Premier League,2425,2025-05-20 Manchester City-Bournemouth,37,Tue,2025-05-20,20:00 (21:00),Manchester City,3–1,Bournemouth,52487,Etihad Stadium,Thomas Bramall,/en/matches/e5e516e9/Manchester-City-Bournemouth-May-20-2025-Premier-League,,e5e516e9
ENG-Premier League,2425,2025-05-25 Bournemouth-Leicester City,38,Sun,2025-05-25,16:00 (17:00),Bournemouth,2–0,Leicester City,11238,Vitality Stadium,Lewis Smith,/en/matches/1ff370e8/Bournemouth-Leicester-City-May-25-2025-Premier-League,,1ff370e8
ENG-Premier League,2425,2025-05-25 Fulham-Manchester City,38,Sun,2025-05-25,16:00 (17:00),Fulham,0–2,Manchester City,27671,Craven Cottage,Andy Madley,/en/matches/3d22336e/Fulham-Manchester-City-May-25-2025-Premier-League,,3d22336e
ENG-Premier League,2425,2025-05-25 Ipswich Town-West Ham United,38,Sun,2025-05-25,16:00 (17:00),Ipswich Town,1–3,West Ham United,29771,Portman Road Stadium,Tim Robinson,/en/matches/15559cff/Ipswich-Town-West-Ham-United-May-25-2025-Premier-League,,15559cff
ENG-Premier League,2425,2025-05-25 Liverpool-Crystal Palace,38,Sun,2025-05-25,16:00 (17:00),Liverpool,1–1,Crystal Palace,60382,Anfield,Darren England,/en/matches/0958eb7a/Liverpool-Crystal-Palace-May-25-2025-Premier-League,,0958eb7a
ENG-Premier League,2425,2025-05-25 Manchester Utd-Aston Villa,38,Sun,2025-05-25,16:00 (17:00),Manchester Utd,2–0,Aston Villa,73839,Old Trafford,Thomas Bramall,/en/matches/7ea43929/Manchester-United-Aston-Villa-May-25-2025-Premier-League,,7ea43929
ENG-Premier League,2425,2025-05-25 Newcastle United-Everton,38,Sun,2025-05-25,16:00 (17:00),Newcastle United,0–1,Everton,52221,St James' Park,Tony Harrington,/en/matches/36844e73/Newcastle-United-Everton-May-25-2025-Premier-League,,36844e73
ENG-Premier League,2425,2025-05-25 Nottingham Forest-Chelsea,38,Sun,2025-05-25,16:00 (17:00),Nottingham Forest,0–1,Chelsea,30263,The City Ground,Anthony Taylor,/en/matches/464cbad6/Nottingham-Forest-Chelsea-May-25-2025-Premier-League,,464cbad6
ENG-Premier League,2425,2025-05-25 Southampton-Arsenal,38,Sun,2025-05-25,16:00 (17:00),Southampton,1–2,Arsenal,31289,St Mary's Stadium,Darren Bond,/en/matches/01d155b4/Southampton-Arsenal-May-25-2025-Premier-League,,01d155b4
ENG-Premier League,2425,2025-05-25 Tottenham Hotspur-Brighton,38,Sun,2025-05-25,16:00 (17:00),Tottenham Hotspur,1–4,Brighton,61449,Tottenham Hotspur Stadium,Robert Jones,/en/matches/e4bb1c35/Tottenham-Hotspur-Brighton-and-Hove-Albion-May-25-2025-Premier-League,,e4bb1c35
ENG-Premier League,2425,2025-05-25 Wolves-Brentford,38,Sun,2025-05-25,16:00 (17:00),Wolves,1–1,Brentford,31382,Molineux Stadium,Craig Pawson,/en/matches/812ef8ad/Wolverhampton-Wanderers-Brentford-May-25-2025-Premier-League,,812ef8ad
