match_id,season,date,source,source_url,source_collected_at,team,opponent,is_home,manager_name
3a6836b4,2324,2023-08-11,fbref_match_cache,/en/matches/3a6836b4/Burnley-Manchester-City-August-11-2023-Premier-League,2023-08-12,Burnley,Man City,1,Vincent Kompany
3a6836b4,2324,2023-08-11,fbref_match_cache,/en/matches/3a6836b4/Burnley-Manchester-City-August-11-2023-Premier-League,2023-08-12,Man City,Burnley,0,Pep Guardiola
26a7f90c,2324,2023-08-12,fbref_match_cache,/en/matches/26a7f90c/Arsenal-Nottingham-Forest-August-12-2023-Premier-League,2023-08-13,Arsenal,Nott'm Forest,1,Mikel Arteta
26a7f90c,2324,2023-08-12,fbref_match_cache,/en/matches/26a7f90c/Arsenal-Nottingham-Forest-August-12-2023-Premier-League,2023-08-13,Nott'm Forest,Arsenal,0,Steve Cooper
d6bbf293,2324,2023-08-12,fbref_match_cache,/en/matches/d6bbf293/Bournemouth-West-Ham-United-August-12-2023-Premier-League,2023-08-13,Bournemouth,West Ham,1,Andoni Iraola
d6bbf293,2324,2023-08-12,fbref_match_cache,/en/matches/d6bbf293/Bournemouth-West-Ham-United-August-12-2023-Premier-League,2023-08-13,West Ham,Bournemouth,0,David Moyes
56a137f7,2324,2023-08-12,fbref_match_cache,/en/matches/56a137f7/Brighton-and-Hove-Albion-Luton-Town-August-12-2023-Premier-League,2023-08-13,Brighton,Luton Town,1,Roberto De Zerbi
56a137f7,2324,2023-08-12,fbref_match_cache,/en/matches/56a137f7/Brighton-and-Hove-Albion-Luton-Town-August-12-2023-Premier-League,2023-08-13,Luton Town,Brighton,0,Rob Edwards
15addfc7,2324,2023-08-12,fbref_match_cache,/en/matches/15addfc7/Everton-Fulham-August-12-2023-Premier-League,2023-08-13,Everton,Fulham,1,Sean Dyche
15addfc7,2324,2023-08-12,fbref_match_cache,/en/matches/15addfc7/Everton-Fulham-August-12-2023-Premier-League,2023-08-13,Fulham,Everton,0,Marco Silva
8ff2f8fe,2324,2023-08-12,fbref_match_cache,/en/matches/8ff2f8fe/Newcastle-United-Aston-Villa-August-12-2023-Premier-League,2023-08-13,Newcastle,Aston Villa,1,Eddie Howe
8ff2f8fe,2324,2023-08-12,fbref_match_cache,/en/matches/8ff2f8fe/Newcastle-United-Aston-Villa-August-12-2023-Premier-League,2023-08-13,Aston Villa,Newcastle,0,Unai Emery
55fd92c7,2324,2023-08-12,fbref_match_cache,/en/matches/55fd92c7/Sheffield-United-Crystal-Palace-August-12-2023-Premier-League,2023-08-13,Sheffield United,Crystal Palace,1,Paul Heckingbottom
55fd92c7,2324,2023-08-12,fbref_match_cache,/en/matches/55fd92c7/Sheffield-United-Crystal-Palace-August-12-2023-Premier-League,2023-08-13,Crystal Palace,Sheffield United,0,Roy Hodgson
67ed3ba2,2324,2023-08-13,fbref_match_cache,/en/matches/67ed3ba2/Brentford-Tottenham-Hotspur-August-13-2023-Premier-League,2023-08-14,Brentford,Tottenham,1,Thomas Frank
67ed3ba2,2324,2023-08-13,fbref_match_cache,/en/matches/67ed3ba2/Brentford-Tottenham-Hotspur-August-13-2023-Premier-League,2023-08-14,Tottenham,Brentford,0,Ange Postecoglou
c18d3207,2324,2023-08-13,fbref_match_cache,/en/matches/c18d3207/Chelsea-Liverpool-August-13-2023-Premier-League,2023-08-14,Chelsea,Liverpool,1,Mauricio Pochettino
c18d3207,2324,2023-08-13,fbref_match_cache,/en/matches/c18d3207/Chelsea-Liverpool-August-13-2023-Premier-League,2023-08-14,Liverpool,Chelsea,0,Jürgen Klopp
f1ecda2c,2324,2023-08-14,fbref_match_cache,/en/matches/f1ecda2c/Manchester-United-Wolverhampton-Wanderers-August-14-2023-Premier-League,2023-08-15,Man United,Wolves,1,Erik ten Hag
f1ecda2c,2324,2023-08-14,fbref_match_cache,/en/matches/f1ecda2c/Manchester-United-Wolverhampton-Wanderers-August-14-2023-Premier-League,2023-08-15,Wolves,Man United,0,Gary O'Neil
a0a93f71,2324,2023-08-18,fbref_match_cache,/en/matches/a0a93f71/Nottingham-Forest-Sheffield-United-August-18-2023-Premier-League,2023-08-19,Nott'm Forest,Sheffield United,1,Steve Cooper
a0a93f71,2324,2023-08-18,fbref_match_cache,/en/matches/a0a93f71/Nottingham-Forest-Sheffield-United-August-18-2023-Premier-League,2023-08-19,Sheffield United,Nott'm Forest,0,Paul Heckingbottom
46be83af,2324,2023-08-19,fbref_match_cache,/en/matches/46be83af/Fulham-Brentford-August-19-2023-Premier-League,2023-08-20,Fulham,Brentford,1,Marco Silva
46be83af,2324,2023-08-19,fbref_match_cache,/en/matches/46be83af/Fulham-Brentford-August-19-2023-Premier-League,2023-08-20,Brentford,Fulham,0,Thomas Frank
80bebdbb,2324,2023-08-19,fbref_match_cache,/en/matches/80bebdbb/Liverpool-Bournemouth-August-19-2023-Premier-League,2023-08-20,Liverpool,Bournemouth,1,Jürgen Klopp
80bebdbb,2324,2023-08-19,fbref_match_cache,/en/matches/80bebdbb/Liverpool-Bournemouth-August-19-2023-Premier-League,2023-08-20,Bournemouth,Liverpool,0,Andoni Iraola
0b8f50a5,2324,2023-08-19,fbref_match_cache,/en/matches/0b8f50a5/Manchester-City-Newcastle-United-August-19-2023-Premier-League,2023-08-20,Man City,Newcastle,1,Pep Guardiola
0b8f50a5,2324,2023-08-19,fbref_match_cache,/en/matches/0b8f50a5/Manchester-City-Newcastle-United-August-19-2023-Premier-League,2023-08-20,Newcastle,Man City,0,Eddie Howe
4bb62251,2324,2023-08-19,fbref_match_cache,/en/matches/4bb62251/Tottenham-Hotspur-Manchester-United-August-19-2023-Premier-League,2023-08-20,Tottenham,Man United,1,Ange Postecoglou
4bb62251,2324,2023-08-19,fbref_match_cache,/en/matches/4bb62251/Tottenham-Hotspur-Manchester-United-August-19-2023-Premier-League,2023-08-20,Man United,Tottenham,0,Erik ten Hag
d7c606ec,2324,2023-08-19,fbref_match_cache,/en/matches/d7c606ec/Wolverhampton-Wanderers-Brighton-and-Hove-Albion-August-19-2023-Premier-League,2023-08-20,Wolves,Brighton,1,Gary O'Neil
d7c606ec,2324,2023-08-19,fbref_match_cache,/en/matches/d7c606ec/Wolverhampton-Wanderers-Brighton-and-Hove-Albion-August-19-2023-Premier-League,2023-08-20,Brighton,Wolves,0,Roberto De Zerbi
959b558d,2324,2023-08-20,fbref_match_cache,/en/matches/959b558d/Aston-Villa-Everton-August-20-2023-Premier-League,2023-08-21,Aston Villa,Everton,1,Unai Emery
959b558d,2324,2023-08-20,fbref_match_cache,/en/matches/959b558d/Aston-Villa-Everton-August-20-2023-Premier-League,2023-08-21,Everton,Aston Villa,0,Sean Dyche
44b9a07c,2324,2023-08-20,fbref_match_cache,/en/matches/44b9a07c/West-Ham-United-Chelsea-August-20-2023-Premier-League,2023-08-21,West Ham,Chelsea,1,David Moyes
44b9a07c,2324,2023-08-20,fbref_match_cache,/en/matches/44b9a07c/West-Ham-United-Chelsea-August-20-2023-Premier-League,2023-08-21,Chelsea,West Ham,0,Mauricio Pochettino
3b5ecd36,2324,2023-08-21,fbref_match_cache,/en/matches/3b5ecd36/Crystal-Palace-Arsenal-August-21-2023-Premier-League,2023-08-22,Crystal Palace,Arsenal,1,Roy Hodgson
3b5ecd36,2324,2023-08-21,fbref_match_cache,/en/matches/3b5ecd36/Crystal-Palace-Arsenal-August-21-2023-Premier-League,2023-08-22,Arsenal,Crystal Palace,0,Mikel Arteta
6bfb9dc0,2324,2023-08-25,fbref_match_cache,/en/matches/6bfb9dc0/Chelsea-Luton-Town-August-25-2023-Premier-League,2023-08-26,Chelsea,Luton Town,1,Mauricio Pochettino
6bfb9dc0,2324,2023-08-25,fbref_match_cache,/en/matches/6bfb9dc0/Chelsea-Luton-Town-August-25-2023-Premier-League,2023-08-26,Luton Town,Chelsea,0,Rob Edwards
d8f8f8ad,2324,2023-08-26,fbref_match_cache,/en/matches/d8f8f8ad/Arsenal-Fulham-August-26-2023-Premier-League,2023-08-27,Arsenal,Fulham,1,Mikel Arteta
d8f8f8ad,2324,2023-08-26,fbref_match_cache,/en/matches/d8f8f8ad/Arsenal-Fulham-August-26-2023-Premier-League,2023-08-27,Fulham,Arsenal,0,Marco Silva
f49c4ad2,2324,2023-08-26,fbref_match_cache,/en/matches/f49c4ad2/Bournemouth-Tottenham-Hotspur-August-26-2023-Premier-League,2023-08-27,Bournemouth,Tottenham,1,Andoni Iraola
f49c4ad2,2324,2023-08-26,fbref_match_cache,/en/matches/f49c4ad2/Bournemouth-Tottenham-Hotspur-August-26-2023-Premier-League,2023-08-27,Tottenham,Bournemouth,0,Ange Postecoglou
537b2b0b,2324,2023-08-26,fbref_match_cache,/en/matches/537b2b0b/Brentford-Crystal-Palace-August-26-2023-Premier-League,2023-08-27,Brentford,Crystal Palace,1,Thomas Frank
537b2b0b,2324,2023-08-26,fbref_match_cache,/en/matches/537b2b0b/Brentford-Crystal-Palace-August-26-2023-Premier-League,2023-08-27,Crystal Palace,Brentford,0,Roy Hodgson
ba68d60c,2324,2023-08-26,fbref_match_cache,/en/matches/ba68d60c/Brighton-and-Hove-Albion-West-Ham-United-August-26-2023-Premier-League,2023-08-27,Brighton,West Ham,1,Roberto De Zerbi
ba68d60c,2324,2023-08-26,fbref_match_cache,/en/matches/ba68d60c/Brighton-and-Hove-Albion-West-Ham-United-August-26-2023-Premier-League,2023-08-27,West Ham,Brighton,0,David Moyes
18dfee28,2324,2023-08-26,fbref_match_cache,/en/matches/18dfee28/Everton-Wolverhampton-Wanderers-August-26-2023-Premier-League,2023-08-27,Everton,Wolves,1,Sean Dyche
18dfee28,2324,2023-08-26,fbref_match_cache,/en/matches/18dfee28/Everton-Wolverhampton-Wanderers-August-26-2023-Premier-League,2023-08-27,Wolves,Everton,0,Gary O'Neil
70d9b1ab,2324,2023-08-26,fbref_match_cache,/en/matches/70d9b1ab/Manchester-United-Nottingham-Forest-August-26-2023-Premier-League,2023-08-27,Man United,Nott'm Forest,1,Erik ten Hag
70d9b1ab,2324,2023-08-26,fbref_match_cache,/en/matches/70d9b1ab/Manchester-United-Nottingham-Forest-August-26-2023-Premier-League,2023-08-27,Nott'm Forest,Man United,0,Steve Cooper
b66a7def,2324,2023-08-27,fbref_match_cache,/en/matches/b66a7def/Burnley-Aston-Villa-August-27-2023-Premier-League,2023-08-28,Burnley,Aston Villa,1,Vincent Kompany
b66a7def,2324,2023-08-27,fbref_match_cache,/en/matches/b66a7def/Burnley-Aston-Villa-August-27-2023-Premier-League,2023-08-28,Aston Villa,Burnley,0,Unai Emery
b31156ab,2324,2023-08-27,fbref_match_cache,/en/matches/b31156ab/Newcastle-United-Liverpool-August-27-2023-Premier-League,2023-08-28,Newcastle,Liverpool,1,Eddie Howe
b31156ab,2324,2023-08-27,fbref_match_cache,/en/matches/b31156ab/Newcastle-United-Liverpool-August-27-2023-Premier-League,2023-08-28,Liverpool,Newcastle,0,Jürgen Klopp
0844ff10,2324,2023-08-27,fbref_match_cache,/en/matches/0844ff10/Sheffield-United-Manchester-City-August-27-2023-Premier-League,2023-08-28,Sheffield United,Man City,1,Paul Heckingbottom
0844ff10,2324,2023-08-27,fbref_match_cache,/en/matches/0844ff10/Sheffield-United-Manchester-City-August-27-2023-Premier-League,2023-08-28,Man City,Sheffield United,0,Juanma Lillo
e929e225,2324,2023-09-01,fbref_match_cache,/en/matches/e929e225/Luton-Town-West-Ham-United-September-1-2023-Premier-League,2023-09-02,Luton Town,West Ham,1,Rob Edwards
e929e225,2324,2023-09-01,fbref_match_cache,/en/matches/e929e225/Luton-Town-West-Ham-United-September-1-2023-Premier-League,2023-09-02,West Ham,Luton Town,0,David Moyes
e2946b10,2324,2023-09-02,fbref_match_cache,/en/matches/e2946b10/Brentford-Bournemouth-September-2-2023-Premier-League,2023-09-03,Brentford,Bournemouth,1,Thomas Frank
e2946b10,2324,2023-09-02,fbref_match_cache,/en/matches/e2946b10/Brentford-Bournemouth-September-2-2023-Premier-League,2023-09-03,Bournemouth,Brentford,0,Andoni Iraola
4f754e0a,2324,2023-09-02,fbref_match_cache,/en/matches/4f754e0a/Brighton-and-Hove-Albion-Newcastle-United-September-2-2023-Premier-League,2023-09-03,Brighton,Newcastle,1,Roberto De Zerbi
4f754e0a,2324,2023-09-02,fbref_match_cache,/en/matches/4f754e0a/Brighton-and-Hove-Albion-Newcastle-United-September-2-2023-Premier-League,2023-09-03,Newcastle,Brighton,0,Eddie Howe
f1786fb8,2324,2023-09-02,fbref_match_cache,/en/matches/f1786fb8/Burnley-Tottenham-Hotspur-September-2-2023-Premier-League,2023-09-03,Burnley,Tottenham,1,Vincent Kompany
f1786fb8,2324,2023-09-02,fbref_match_cache,/en/matches/f1786fb8/Burnley-Tottenham-Hotspur-September-2-2023-Premier-League,2023-09-03,Tottenham,Burnley,0,Ange Postecoglou
44e89d37,2324,2023-09-02,fbref_match_cache,/en/matches/44e89d37/Chelsea-Nottingham-Forest-September-2-2023-Premier-League,2023-09-03,Chelsea,Nott'm Forest,1,Mauricio Pochettino
44e89d37,2324,2023-09-02,fbref_match_cache,/en/matches/44e89d37/Chelsea-Nottingham-Forest-September-2-2023-Premier-League,2023-09-03,Nott'm Forest,Chelsea,0,Steve Cooper
88066bdf,2324,2023-09-02,fbref_match_cache,/en/matches/88066bdf/Manchester-City-Fulham-September-2-2023-Premier-League,2023-09-03,Man City,Fulham,1,Pep Guardiola
88066bdf,2324,2023-09-02,fbref_match_cache,/en/matches/88066bdf/Manchester-City-Fulham-September-2-2023-Premier-League,2023-09-03,Fulham,Man City,0,Marco Silva
87b46bb9,2324,2023-09-02,fbref_match_cache,/en/matches/87b46bb9/Sheffield-United-Everton-September-2-2023-Premier-League,2023-09-03,Sheffield United,Everton,1,Paul Heckingbottom
87b46bb9,2324,2023-09-02,fbref_match_cache,/en/matches/87b46bb9/Sheffield-United-Everton-September-2-2023-Premier-League,2023-09-03,Everton,Sheffield United,0,Sean Dyche
74125d47,2324,2023-09-03,fbref_match_cache,/en/matches/74125d47/Arsenal-Manchester-United-September-3-2023-Premier-League,2023-09-04,Arsenal,Man United,1,Mikel Arteta
74125d47,2324,2023-09-03,fbref_match_cache,/en/matches/74125d47/Arsenal-Manchester-United-September-3-2023-Premier-League,2023-09-04,Man United,Arsenal,0,Erik ten Hag
f9436d32,2324,2023-09-03,fbref_match_cache,/en/matches/f9436d32/Crystal-Palace-Wolverhampton-Wanderers-September-3-2023-Premier-League,2023-09-04,Crystal Palace,Wolves,1,Roy Hodgson
f9436d32,2324,2023-09-03,fbref_match_cache,/en/matches/f9436d32/Crystal-Palace-Wolverhampton-Wanderers-September-3-2023-Premier-League,2023-09-04,Wolves,Crystal Palace,0,Gary O'Neil
bdbc722e,2324,2023-09-03,fbref_match_cache,/en/matches/bdbc722e/Liverpool-Aston-Villa-September-3-2023-Premier-League,2023-09-04,Liverpool,Aston Villa,1,Jürgen Klopp
bdbc722e,2324,2023-09-03,fbref_match_cache,/en/matches/bdbc722e/Liverpool-Aston-Villa-September-3-2023-Premier-League,2023-09-04,Aston Villa,Liverpool,0,Unai Emery
bc77340e,2324,2023-09-16,fbref_match_cache,/en/matches/bc77340e/Aston-Villa-Crystal-Palace-September-16-2023-Premier-League,2023-09-17,Aston Villa,Crystal Palace,1,Unai Emery
bc77340e,2324,2023-09-16,fbref_match_cache,/en/matches/bc77340e/Aston-Villa-Crystal-Palace-September-16-2023-Premier-League,2023-09-17,Crystal Palace,Aston Villa,0,Roy Hodgson
48b1bdc7,2324,2023-09-16,fbref_match_cache,/en/matches/48b1bdc7/Fulham-Luton-Town-September-16-2023-Premier-League,2023-09-17,Fulham,Luton Town,1,Marco Silva
48b1bdc7,2324,2023-09-16,fbref_match_cache,/en/matches/48b1bdc7/Fulham-Luton-Town-September-16-2023-Premier-League,2023-09-17,Luton Town,Fulham,0,Rob Edwards
ddcf2857,2324,2023-09-16,fbref_match_cache,/en/matches/ddcf2857/Manchester-United-Brighton-and-Hove-Albion-September-16-2023-Premier-League,2023-09-17,Man United,Brighton,1,Erik ten Hag
ddcf2857,2324,2023-09-16,fbref_match_cache,/en/matches/ddcf2857/Manchester-United-Brighton-and-Hove-Albion-September-16-2023-Premier-League,2023-09-17,Brighton,Man United,0,Roberto De Zerbi
71b7e5e2,2324,2023-09-16,fbref_match_cache,/en/matches/71b7e5e2/Newcastle-United-Brentford-September-16-2023-Premier-League,2023-09-17,Newcastle,Brentford,1,Eddie Howe
71b7e5e2,2324,2023-09-16,fbref_match_cache,/en/matches/71b7e5e2/Newcastle-United-Brentford-September-16-2023-Premier-League,2023-09-17,Brentford,Newcastle,0,Thomas Frank
e56e96e1,2324,2023-09-16,fbref_match_cache,/en/matches/e56e96e1/Tottenham-Hotspur-Sheffield-United-September-16-2023-Premier-League,2023-09-17,Tottenham,Sheffield United,1,Ange Postecoglou
e56e96e1,2324,2023-09-16,fbref_match_cache,/en/matches/e56e96e1/Tottenham-Hotspur-Sheffield-United-September-16-2023-Premier-League,2023-09-17,Sheffield United,Tottenham,0,Paul Heckingbottom
64c0a6e2,2324,2023-09-16,fbref_match_cache,/en/matches/64c0a6e2/West-Ham-United-Manchester-City-September-16-2023-Premier-League,2023-09-17,West Ham,Man City,1,David Moyes
64c0a6e2,2324,2023-09-16,fbref_match_cache,/en/matches/64c0a6e2/West-Ham-United-Manchester-City-September-16-2023-Premier-League,2023-09-17,Man City,West Ham,0,Pep Guardiola
38daebd2,2324,2023-09-16,fbref_match_cache,/en/matches/38daebd2/Wolverhampton-Wanderers-Liverpool-September-16-2023-Premier-League,2023-09-17,Wolves,Liverpool,1,Gary O'Neil
38daebd2,2324,2023-09-16,fbref_match_cache,/en/matches/38daebd2/Wolverhampton-Wanderers-Liverpool-September-16-2023-Premier-League,2023-09-17,Liverpool,Wolves,0,Jürgen Klopp
be0cbf88,2324,2023-09-17,fbref_match_cache,/en/matches/be0cbf88/Bournemouth-Chelsea-September-17-2023-Premier-League,2023-09-18,Bournemouth,Chelsea,1,Andoni Iraola
be0cbf88,2324,2023-09-17,fbref_match_cache,/en/matches/be0cbf88/Bournemouth-Chelsea-September-17-2023-Premier-League,2023-09-18,Chelsea,Bournemouth,0,Mauricio Pochettino
b1278924,2324,2023-09-17,fbref_match_cache,/en/matches/b1278924/Everton-Arsenal-September-17-2023-Premier-League,2023-09-18,Everton,Arsenal,1,Sean Dyche
b1278924,2324,2023-09-17,fbref_match_cache,/en/matches/b1278924/Everton-Arsenal-September-17-2023-Premier-League,2023-09-18,Arsenal,Everton,0,Mikel Arteta
ad7ecfad,2324,2023-09-18,fbref_match_cache,/en/matches/ad7ecfad/Nottingham-Forest-Burnley-September-18-2023-Premier-League,2023-09-19,Nott'm Forest,Burnley,1,Steve Cooper
ad7ecfad,2324,2023-09-18,fbref_match_cache,/en/matches/ad7ecfad/Nottingham-Forest-Burnley-September-18-2023-Premier-League,2023-09-19,Burnley,Nott'm Forest,0,Vincent Kompany
96681b93,2324,2023-09-23,fbref_match_cache,/en/matches/96681b93/Brentford-Everton-September-23-2023-Premier-League,2023-09-24,Brentford,Everton,1,Thomas Frank
96681b93,2324,2023-09-23,fbref_match_cache,/en/matches/96681b93/Brentford-Everton-September-23-2023-Premier-League,2023-09-24,Everton,Brentford,0,Sean Dyche
8e26793d,2324,2023-09-23,fbref_match_cache,/en/matches/8e26793d/Burnley-Manchester-United-September-23-2023-Premier-League,2023-09-24,Burnley,Man United,1,Vincent Kompany
8e26793d,2324,2023-09-23,fbref_match_cache,/en/matches/8e26793d/Burnley-Manchester-United-September-23-2023-Premier-League,2023-09-24,Man United,Burnley,0,Erik ten Hag
cf0b2b19,2324,2023-09-23,fbref_match_cache,/en/matches/cf0b2b19/Crystal-Palace-Fulham-September-23-2023-Premier-League,2023-09-24,Crystal Palace,Fulham,1,Roy Hodgson
cf0b2b19,2324,2023-09-23,fbref_match_cache,/en/matches/cf0b2b19/Crystal-Palace-Fulham-September-23-2023-Premier-League,2023-09-24,Fulham,Crystal Palace,0,Marco Silva
76a1421e,2324,2023-09-23,fbref_match_cache,/en/matches/76a1421e/Luton-Town-Wolverhampton-Wanderers-September-23-2023-Premier-League,2023-09-24,Luton Town,Wolves,1,Rob Edwards
76a1421e,2324,2023-09-23,fbref_match_cache,/en/matches/76a1421e/Luton-Town-Wolverhampton-Wanderers-September-23-2023-Premier-League,2023-09-24,Wolves,Luton Town,0,Gary O'Neil
5dc7e234,2324,2023-09-23,fbref_match_cache,/en/matches/5dc7e234/Manchester-City-Nottingham-Forest-September-23-2023-Premier-League,2023-09-24,Man City,Nott'm Forest,1,Pep Guardiola
5dc7e234,2324,2023-09-23,fbref_match_cache,/en/matches/5dc7e234/Manchester-City-Nottingham-Forest-September-23-2023-Premier-League,2023-09-24,Nott'm Forest,Man City,0,Steve Cooper
08947a10,2324,2023-09-24,fbref_match_cache,/en/matches/08947a10/North-London-Derby-Arsenal-Tottenham-Hotspur-September-24-2023-Premier-League,2023-09-25,Arsenal,Tottenham,1,Mikel Arteta
08947a10,2324,2023-09-24,fbref_match_cache,/en/matches/08947a10/North-London-Derby-Arsenal-Tottenham-Hotspur-September-24-2023-Premier-League,2023-09-25,Tottenham,Arsenal,0,Ange Postecoglou
5593f16c,2324,2023-09-24,fbref_match_cache,/en/matches/5593f16c/Brighton-and-Hove-Albion-Bournemouth-September-24-2023-Premier-League,2023-09-25,Brighton,Bournemouth,1,Roberto De Zerbi
5593f16c,2324,2023-09-24,fbref_match_cache,/en/matches/5593f16c/Brighton-and-Hove-Albion-Bournemouth-September-24-2023-Premier-League,2023-09-25,Bournemouth,Brighton,0,Andoni Iraola
7d2c5e05,2324,2023-09-24,fbref_match_cache,/en/matches/7d2c5e05/Chelsea-Aston-Villa-September-24-2023-Premier-League,2023-09-25,Chelsea,Aston Villa,1,Mauricio Pochettino
7d2c5e05,2324,2023-09-24,fbref_match_cache,/en/matches/7d2c5e05/Chelsea-Aston-Villa-September-24-2023-Premier-League,2023-09-25,Aston Villa,Chelsea,0,Unai Emery
90adf8b3,2324,2023-09-24,fbref_match_cache,/en/matches/90adf8b3/Liverpool-West-Ham-United-September-24-2023-Premier-League,2023-09-25,Liverpool,West Ham,1,Jürgen Klopp
90adf8b3,2324,2023-09-24,fbref_match_cache,/en/matches/90adf8b3/Liverpool-West-Ham-United-September-24-2023-Premier-League,2023-09-25,West Ham,Liverpool,0,David Moyes
cf4fef85,2324,2023-09-24,fbref_match_cache,/en/matches/cf4fef85/Sheffield-United-Newcastle-United-September-24-2023-Premier-League,2023-09-25,Sheffield United,Newcastle,1,Paul Heckingbottom
cf4fef85,2324,2023-09-24,fbref_match_cache,/en/matches/cf4fef85/Sheffield-United-Newcastle-United-September-24-2023-Premier-League,2023-09-25,Newcastle,Sheffield United,0,Eddie Howe
2df9a3a1,2324,2023-09-30,fbref_match_cache,/en/matches/2df9a3a1/Aston-Villa-Brighton-and-Hove-Albion-September-30-2023-Premier-League,2023-10-01,Aston Villa,Brighton,1,Unai Emery
2df9a3a1,2324,2023-09-30,fbref_match_cache,/en/matches/2df9a3a1/Aston-Villa-Brighton-and-Hove-Albion-September-30-2023-Premier-League,2023-10-01,Brighton,Aston Villa,0,Roberto De Zerbi
8de4aca0,2324,2023-09-30,fbref_match_cache,/en/matches/8de4aca0/Bournemouth-Arsenal-September-30-2023-Premier-League,2023-10-01,Bournemouth,Arsenal,1,Andoni Iraola
8de4aca0,2324,2023-09-30,fbref_match_cache,/en/matches/8de4aca0/Bournemouth-Arsenal-September-30-2023-Premier-League,2023-10-01,Arsenal,Bournemouth,0,Mikel Arteta
921d5f17,2324,2023-09-30,fbref_match_cache,/en/matches/921d5f17/Everton-Luton-Town-September-30-2023-Premier-League,2023-10-01,Everton,Luton Town,1,Sean Dyche
921d5f17,2324,2023-09-30,fbref_match_cache,/en/matches/921d5f17/Everton-Luton-Town-September-30-2023-Premier-League,2023-10-01,Luton Town,Everton,0,Rob Edwards
ef2b7ab9,2324,2023-09-30,fbref_match_cache,/en/matches/ef2b7ab9/Manchester-United-Crystal-Palace-September-30-2023-Premier-League,2023-10-01,Man United,Crystal Palace,1,Erik ten Hag
ef2b7ab9,2324,2023-09-30,fbref_match_cache,/en/matches/ef2b7ab9/Manchester-United-Crystal-Palace-September-30-2023-Premier-League,2023-10-01,Crystal Palace,Man United,0,Roy Hodgson
a79ff136,2324,2023-09-30,fbref_match_cache,/en/matches/a79ff136/Newcastle-United-Burnley-September-30-2023-Premier-League,2023-10-01,Newcastle,Burnley,1,Eddie Howe
a79ff136,2324,2023-09-30,fbref_match_cache,/en/matches/a79ff136/Newcastle-United-Burnley-September-30-2023-Premier-League,2023-10-01,Burnley,Newcastle,0,Vincent Kompany
ec4145b4,2324,2023-09-30,fbref_match_cache,/en/matches/ec4145b4/Tottenham-Hotspur-Liverpool-September-30-2023-Premier-League,2023-10-01,Tottenham,Liverpool,1,Ange Postecoglou
ec4145b4,2324,2023-09-30,fbref_match_cache,/en/matches/ec4145b4/Tottenham-Hotspur-Liverpool-September-30-2023-Premier-League,2023-10-01,Liverpool,Tottenham,0,Jürgen Klopp
b82be6d7,2324,2023-09-30,fbref_match_cache,/en/matches/b82be6d7/West-Ham-United-Sheffield-United-September-30-2023-Premier-League,2023-10-01,West Ham,Sheffield United,1,David Moyes
b82be6d7,2324,2023-09-30,fbref_match_cache,/en/matches/b82be6d7/West-Ham-United-Sheffield-United-September-30-2023-Premier-League,2023-10-01,Sheffield United,West Ham,0,Paul Heckingbottom
60ce29cd,2324,2023-09-30,fbref_match_cache,/en/matches/60ce29cd/Wolverhampton-Wanderers-Manchester-City-September-30-2023-Premier-League,2023-10-01,Wolves,Man City,1,Gary O'Neil
60ce29cd,2324,2023-09-30,fbref_match_cache,/en/matches/60ce29cd/Wolverhampton-Wanderers-Manchester-City-September-30-2023-Premier-League,2023-10-01,Man City,Wolves,0,Pep Guardiola
923467c5,2324,2023-10-01,fbref_match_cache,/en/matches/923467c5/Nottingham-Forest-Brentford-October-1-2023-Premier-League,2023-10-02,Nott'm Forest,Brentford,1,Steve Cooper
923467c5,2324,2023-10-01,fbref_match_cache,/en/matches/923467c5/Nottingham-Forest-Brentford-October-1-2023-Premier-League,2023-10-02,Brentford,Nott'm Forest,0,Thomas Frank
c9787e60,2324,2023-10-02,fbref_match_cache,/en/matches/c9787e60/Fulham-Chelsea-October-2-2023-Premier-League,2023-10-03,Fulham,Chelsea,1,Marco Silva
c9787e60,2324,2023-10-02,fbref_match_cache,/en/matches/c9787e60/Fulham-Chelsea-October-2-2023-Premier-League,2023-10-03,Chelsea,Fulham,0,Mauricio Pochettino
4f7b3f27,2324,2023-10-03,fbref_match_cache,/en/matches/4f7b3f27/Luton-Town-Burnley-October-3-2023-Premier-League,2023-10-04,Luton Town,Burnley,1,Rob Edwards
4f7b3f27,2324,2023-10-03,fbref_match_cache,/en/matches/4f7b3f27/Luton-Town-Burnley-October-3-2023-Premier-League,2023-10-04,Burnley,Luton Town,0,Vincent Kompany
cfd83ca3,2324,2023-10-07,fbref_match_cache,/en/matches/cfd83ca3/Burnley-Chelsea-October-7-2023-Premier-League,2023-10-08,Burnley,Chelsea,1,Vincent Kompany
cfd83ca3,2324,2023-10-07,fbref_match_cache,/en/matches/cfd83ca3/Burnley-Chelsea-October-7-2023-Premier-League,2023-10-08,Chelsea,Burnley,0,Mauricio Pochettino
1828106c,2324,2023-10-07,fbref_match_cache,/en/matches/1828106c/Crystal-Palace-Nottingham-Forest-October-7-2023-Premier-League,2023-10-08,Crystal Palace,Nott'm Forest,1,Roy Hodgson
1828106c,2324,2023-10-07,fbref_match_cache,/en/matches/1828106c/Crystal-Palace-Nottingham-Forest-October-7-2023-Premier-League,2023-10-08,Nott'm Forest,Crystal Palace,0,Steve Cooper
497b9558,2324,2023-10-07,fbref_match_cache,/en/matches/497b9558/Everton-Bournemouth-October-7-2023-Premier-League,2023-10-08,Everton,Bournemouth,1,Sean Dyche
497b9558,2324,2023-10-07,fbref_match_cache,/en/matches/497b9558/Everton-Bournemouth-October-7-2023-Premier-League,2023-10-08,Bournemouth,Everton,0,Andoni Iraola
ffc59ea8,2324,2023-10-07,fbref_match_cache,/en/matches/ffc59ea8/Fulham-Sheffield-United-October-7-2023-Premier-League,2023-10-08,Fulham,Sheffield United,1,Marco Silva
ffc59ea8,2324,2023-10-07,fbref_match_cache,/en/matches/ffc59ea8/Fulham-Sheffield-United-October-7-2023-Premier-League,2023-10-08,Sheffield United,Fulham,0,Paul Heckingbottom
d021f28f,2324,2023-10-07,fbref_match_cache,/en/matches/d021f28f/Luton-Town-Tottenham-Hotspur-October-7-2023-Premier-League,2023-10-08,Luton Town,Tottenham,1,Rob Edwards
d021f28f,2324,2023-10-07,fbref_match_cache,/en/matches/d021f28f/Luton-Town-Tottenham-Hotspur-October-7-2023-Premier-League,2023-10-08,Tottenham,Luton Town,0,Ange Postecoglou
5006142a,2324,2023-10-07,fbref_match_cache,/en/matches/5006142a/Manchester-United-Brentford-October-7-2023-Premier-League,2023-10-08,Man United,Brentford,1,Erik ten Hag
5006142a,2324,2023-10-07,fbref_match_cache,/en/matches/5006142a/Manchester-United-Brentford-October-7-2023-Premier-League,2023-10-08,Brentford,Man United,0,Thomas Frank
59cd18ae,2324,2023-10-08,fbref_match_cache,/en/matches/59cd18ae/Arsenal-Manchester-City-October-8-2023-Premier-League,2023-10-09,Arsenal,Man City,1,Mikel Arteta
59cd18ae,2324,2023-10-08,fbref_match_cache,/en/matches/59cd18ae/Arsenal-Manchester-City-October-8-2023-Premier-League,2023-10-09,Man City,Arsenal,0,Pep Guardiola
3b1ec657,2324,2023-10-08,fbref_match_cache,/en/matches/3b1ec657/Brighton-and-Hove-Albion-Liverpool-October-8-2023-Premier-League,2023-10-09,Brighton,Liverpool,1,Roberto De Zerbi
3b1ec657,2324,2023-10-08,fbref_match_cache,/en/matches/3b1ec657/Brighton-and-Hove-Albion-Liverpool-October-8-2023-Premier-League,2023-10-09,Liverpool,Brighton,0,Jürgen Klopp
017c9ca5,2324,2023-10-08,fbref_match_cache,/en/matches/017c9ca5/West-Ham-United-Newcastle-United-October-8-2023-Premier-League,2023-10-09,West Ham,Newcastle,1,David Moyes
017c9ca5,2324,2023-10-08,fbref_match_cache,/en/matches/017c9ca5/West-Ham-United-Newcastle-United-October-8-2023-Premier-League,2023-10-09,Newcastle,West Ham,0,Eddie Howe
3292ed35,2324,2023-10-08,fbref_match_cache,/en/matches/3292ed35/Wolverhampton-Wanderers-Aston-Villa-October-8-2023-Premier-League,2023-10-09,Wolves,Aston Villa,1,Gary O'Neil
3292ed35,2324,2023-10-08,fbref_match_cache,/en/matches/3292ed35/Wolverhampton-Wanderers-Aston-Villa-October-8-2023-Premier-League,2023-10-09,Aston Villa,Wolves,0,Unai Emery
007b352e,2324,2023-10-21,fbref_match_cache,/en/matches/007b352e/Bournemouth-Wolverhampton-Wanderers-October-21-2023-Premier-League,2023-10-22,Bournemouth,Wolves,1,Andoni Iraola
007b352e,2324,2023-10-21,fbref_match_cache,/en/matches/007b352e/Bournemouth-Wolverhampton-Wanderers-October-21-2023-Premier-League,2023-10-22,Wolves,Bournemouth,0,Gary O'Neil
52781f37,2324,2023-10-21,fbref_match_cache,/en/matches/52781f37/Brentford-Burnley-October-21-2023-Premier-League,2023-10-22,Brentford,Burnley,1,Thomas Frank
52781f37,2324,2023-10-21,fbref_match_cache,/en/matches/52781f37/Brentford-Burnley-October-21-2023-Premier-League,2023-10-22,Burnley,Brentford,0,Vincent Kompany
a1c336e2,2324,2023-10-21,fbref_match_cache,/en/matches/a1c336e2/North-West-London-Derby-Chelsea-Arsenal-October-21-2023-Premier-League,2023-10-22,Chelsea,Arsenal,1,Mauricio Pochettino
a1c336e2,2324,2023-10-21,fbref_match_cache,/en/matches/a1c336e2/North-West-London-Derby-Chelsea-Arsenal-October-21-2023-Premier-League,2023-10-22,Arsenal,Chelsea,0,Mikel Arteta
e747ddb3,2324,2023-10-21,fbref_match_cache,/en/matches/e747ddb3/Merseyside-Derby-Liverpool-Everton-October-21-2023-Premier-League,2023-10-22,Liverpool,Everton,1,Jürgen Klopp
e747ddb3,2324,2023-10-21,fbref_match_cache,/en/matches/e747ddb3/Merseyside-Derby-Liverpool-Everton-October-21-2023-Premier-League,2023-10-22,Everton,Liverpool,0,Sean Dyche
b782a834,2324,2023-10-21,fbref_match_cache,/en/matches/b782a834/Manchester-City-Brighton-and-Hove-Albion-October-21-2023-Premier-League,2023-10-22,Man City,Brighton,1,Pep Guardiola
b782a834,2324,2023-10-21,fbref_match_cache,/en/matches/b782a834/Manchester-City-Brighton-and-Hove-Albion-October-21-2023-Premier-League,2023-10-22,Brighton,Man City,0,Roberto De Zerbi
21625dde,2324,2023-10-21,fbref_match_cache,/en/matches/21625dde/Newcastle-United-Crystal-Palace-October-21-2023-Premier-League,2023-10-22,Newcastle,Crystal Palace,1,Eddie Howe
21625dde,2324,2023-10-21,fbref_match_cache,/en/matches/21625dde/Newcastle-United-Crystal-Palace-October-21-2023-Premier-League,2023-10-22,Crystal Palace,Newcastle,0,Roy Hodgson
d1671efa,2324,2023-10-21,fbref_match_cache,/en/matches/d1671efa/Nottingham-Forest-Luton-Town-October-21-2023-Premier-League,2023-10-22,Nott'm Forest,Luton Town,1,Steve Cooper
d1671efa,2324,2023-10-21,fbref_match_cache,/en/matches/d1671efa/Nottingham-Forest-Luton-Town-October-21-2023-Premier-League,2023-10-22,Luton Town,Nott'm Forest,0,Rob Edwards
d95b42eb,2324,2023-10-21,fbref_match_cache,/en/matches/d95b42eb/Sheffield-United-Manchester-United-October-21-2023-Premier-League,2023-10-22,Sheffield United,Man United,1,Paul Heckingbottom
d95b42eb,2324,2023-10-21,fbref_match_cache,/en/matches/d95b42eb/Sheffield-United-Manchester-United-October-21-2023-Premier-League,2023-10-22,Man United,Sheffield United,0,Erik ten Hag
7efcc598,2324,2023-10-22,fbref_match_cache,/en/matches/7efcc598/Aston-Villa-West-Ham-United-October-22-2023-Premier-League,2023-10-23,Aston Villa,West Ham,1,Unai Emery
7efcc598,2324,2023-10-22,fbref_match_cache,/en/matches/7efcc598/Aston-Villa-West-Ham-United-October-22-2023-Premier-League,2023-10-23,West Ham,Aston Villa,0,David Moyes
8c6293a3,2324,2023-10-23,fbref_match_cache,/en/matches/8c6293a3/Tottenham-Hotspur-Fulham-October-23-2023-Premier-League,2023-10-24,Tottenham,Fulham,1,Ange Postecoglou
8c6293a3,2324,2023-10-23,fbref_match_cache,/en/matches/8c6293a3/Tottenham-Hotspur-Fulham-October-23-2023-Premier-League,2023-10-24,Fulham,Tottenham,0,Marco Silva
6b0aa474,2324,2023-10-27,fbref_match_cache,/en/matches/6b0aa474/Crystal-Palace-Tottenham-Hotspur-October-27-2023-Premier-League,2023-10-28,Crystal Palace,Tottenham,1,Roy Hodgson
6b0aa474,2324,2023-10-27,fbref_match_cache,/en/matches/6b0aa474/Crystal-Palace-Tottenham-Hotspur-October-27-2023-Premier-League,2023-10-28,Tottenham,Crystal Palace,0,Ange Postecoglou
d498f918,2324,2023-10-28,fbref_match_cache,/en/matches/d498f918/Arsenal-Sheffield-United-October-28-2023-Premier-League,2023-10-29,Arsenal,Sheffield United,1,Mikel Arteta
d498f918,2324,2023-10-28,fbref_match_cache,/en/matches/d498f918/Arsenal-Sheffield-United-October-28-2023-Premier-League,2023-10-29,Sheffield United,Arsenal,0,Paul Heckingbottom
c4c42d3e,2324,2023-10-28,fbref_match_cache,/en/matches/c4c42d3e/Bournemouth-Burnley-October-28-2023-Premier-League,2023-10-29,Bournemouth,Burnley,1,Andoni Iraola
c4c42d3e,2324,2023-10-28,fbref_match_cache,/en/matches/c4c42d3e/Bournemouth-Burnley-October-28-2023-Premier-League,2023-10-29,Burnley,Bournemouth,0,Vincent Kompany
91e3b922,2324,2023-10-28,fbref_match_cache,/en/matches/91e3b922/Chelsea-Brentford-October-28-2023-Premier-League,2023-10-29,Chelsea,Brentford,1,Mauricio Pochettino
91e3b922,2324,2023-10-28,fbref_match_cache,/en/matches/91e3b922/Chelsea-Brentford-October-28-2023-Premier-League,2023-10-29,Brentford,Chelsea,0,Thomas Frank
b84d060a,2324,2023-10-28,fbref_match_cache,/en/matches/b84d060a/Wolverhampton-Wanderers-Newcastle-United-October-28-2023-Premier-League,2023-10-29,Wolves,Newcastle,1,Gary O'Neil
b84d060a,2324,2023-10-28,fbref_match_cache,/en/matches/b84d060a/Wolverhampton-Wanderers-Newcastle-United-October-28-2023-Premier-League,2023-10-29,Newcastle,Wolves,0,Eddie Howe
ee677172,2324,2023-10-29,fbref_match_cache,/en/matches/ee677172/Aston-Villa-Luton-Town-October-29-2023-Premier-League,2023-10-30,Aston Villa,Luton Town,1,Unai Emery
ee677172,2324,2023-10-29,fbref_match_cache,/en/matches/ee677172/Aston-Villa-Luton-Town-October-29-2023-Premier-League,2023-10-30,Luton Town,Aston Villa,0,Rob Edwards
a0c422e9,2324,2023-10-29,fbref_match_cache,/en/matches/a0c422e9/Brighton-and-Hove-Albion-Fulham-October-29-2023-Premier-League,2023-10-30,Brighton,Fulham,1,Roberto De Zerbi
a0c422e9,2324,2023-10-29,fbref_match_cache,/en/matches/a0c422e9/Brighton-and-Hove-Albion-Fulham-October-29-2023-Premier-League,2023-10-30,Fulham,Brighton,0,Marco Silva
79bf0c7f,2324,2023-10-29,fbref_match_cache,/en/matches/79bf0c7f/Liverpool-Nottingham-Forest-October-29-2023-Premier-League,2023-10-30,Liverpool,Nott'm Forest,1,Jürgen Klopp
79bf0c7f,2324,2023-10-29,fbref_match_cache,/en/matches/79bf0c7f/Liverpool-Nottingham-Forest-October-29-2023-Premier-League,2023-10-30,Nott'm Forest,Liverpool,0,Steve Cooper
f6bfec82,2324,2023-10-29,fbref_match_cache,/en/matches/f6bfec82/Manchester-Derby-Manchester-United-Manchester-City-October-29-2023-Premier-League,2023-10-30,Man United,Man City,1,Erik ten Hag
f6bfec82,2324,2023-10-29,fbref_match_cache,/en/matches/f6bfec82/Manchester-Derby-Manchester-United-Manchester-City-October-29-2023-Premier-League,2023-10-30,Man City,Man United,0,Pep Guardiola
868a89be,2324,2023-10-29,fbref_match_cache,/en/matches/868a89be/West-Ham-United-Everton-October-29-2023-Premier-League,2023-10-30,West Ham,Everton,1,David Moyes
868a89be,2324,2023-10-29,fbref_match_cache,/en/matches/868a89be/West-Ham-United-Everton-October-29-2023-Premier-League,2023-10-30,Everton,West Ham,0,Sean Dyche
3235dd6e,2324,2023-11-04,fbref_match_cache,/en/matches/3235dd6e/Brentford-West-Ham-United-November-4-2023-Premier-League,2023-11-05,Brentford,West Ham,1,Thomas Frank
3235dd6e,2324,2023-11-04,fbref_match_cache,/en/matches/3235dd6e/Brentford-West-Ham-United-November-4-2023-Premier-League,2023-11-05,West Ham,Brentford,0,David Moyes
8797f9a9,2324,2023-11-04,fbref_match_cache,/en/matches/8797f9a9/Burnley-Crystal-Palace-November-4-2023-Premier-League,2023-11-05,Burnley,Crystal Palace,1,Vincent Kompany
8797f9a9,2324,2023-11-04,fbref_match_cache,/en/matches/8797f9a9/Burnley-Crystal-Palace-November-4-2023-Premier-League,2023-11-05,Crystal Palace,Burnley,0,Roy Hodgson
6ecb53ac,2324,2023-11-04,fbref_match_cache,/en/matches/6ecb53ac/Everton-Brighton-and-Hove-Albion-November-4-2023-Premier-League,2023-11-05,Everton,Brighton,1,Sean Dyche
6ecb53ac,2324,2023-11-04,fbref_match_cache,/en/matches/6ecb53ac/Everton-Brighton-and-Hove-Albion-November-4-2023-Premier-League,2023-11-05,Brighton,Everton,0,Roberto De Zerbi
31273be0,2324,2023-11-04,fbref_match_cache,/en/matches/31273be0/Fulham-Manchester-United-November-4-2023-Premier-League,2023-11-05,Fulham,Man United,1,Marco Silva
31273be0,2324,2023-11-04,fbref_match_cache,/en/matches/31273be0/Fulham-Manchester-United-November-4-2023-Premier-League,2023-11-05,Man United,Fulham,0,Erik ten Hag
e75a870b,2324,2023-11-04,fbref_match_cache,/en/matches/e75a870b/Manchester-City-Bournemouth-November-4-2023-Premier-League,2023-11-05,Man City,Bournemouth,1,Pep Guardiola
e75a870b,2324,2023-11-04,fbref_match_cache,/en/matches/e75a870b/Manchester-City-Bournemouth-November-4-2023-Premier-League,2023-11-05,Bournemouth,Man City,0,Andoni Iraola
6096abaa,2324,2023-11-04,fbref_match_cache,/en/matches/6096abaa/Newcastle-United-Arsenal-November-4-2023-Premier-League,2023-11-05,Newcastle,Arsenal,1,Eddie Howe
6096abaa,2324,2023-11-04,fbref_match_cache,/en/matches/6096abaa/Newcastle-United-Arsenal-November-4-2023-Premier-League,2023-11-05,Arsenal,Newcastle,0,Mikel Arteta
e841bbac,2324,2023-11-04,fbref_match_cache,/en/matches/e841bbac/Sheffield-United-Wolverhampton-Wanderers-November-4-2023-Premier-League,2023-11-05,Sheffield United,Wolves,1,Paul Heckingbottom
e841bbac,2324,2023-11-04,fbref_match_cache,/en/matches/e841bbac/Sheffield-United-Wolverhampton-Wanderers-November-4-2023-Premier-League,2023-11-05,Wolves,Sheffield United,0,Gary O'Neil
a62b97ba,2324,2023-11-05,fbref_match_cache,/en/matches/a62b97ba/Luton-Town-Liverpool-November-5-2023-Premier-League,2023-11-06,Luton Town,Liverpool,1,Rob Edwards
a62b97ba,2324,2023-11-05,fbref_match_cache,/en/matches/a62b97ba/Luton-Town-Liverpool-November-5-2023-Premier-League,2023-11-06,Liverpool,Luton Town,0,Jürgen Klopp
ac18f108,2324,2023-11-05,fbref_match_cache,/en/matches/ac18f108/Nottingham-Forest-Aston-Villa-November-5-2023-Premier-League,2023-11-06,Nott'm Forest,Aston Villa,1,Steve Cooper
ac18f108,2324,2023-11-05,fbref_match_cache,/en/matches/ac18f108/Nottingham-Forest-Aston-Villa-November-5-2023-Premier-League,2023-11-06,Aston Villa,Nott'm Forest,0,Unai Emery
478e4eb3,2324,2023-11-06,fbref_match_cache,/en/matches/478e4eb3/Tottenham-Hotspur-Chelsea-November-6-2023-Premier-League,2023-11-07,Tottenham,Chelsea,1,Ange Postecoglou
478e4eb3,2324,2023-11-06,fbref_match_cache,/en/matches/478e4eb3/Tottenham-Hotspur-Chelsea-November-6-2023-Premier-League,2023-11-07,Chelsea,Tottenham,0,Mauricio Pochettino
2cb4e4dc,2324,2023-11-11,fbref_match_cache,/en/matches/2cb4e4dc/Arsenal-Burnley-November-11-2023-Premier-League,2023-11-12,Arsenal,Burnley,1,Mikel Arteta
2cb4e4dc,2324,2023-11-11,fbref_match_cache,/en/matches/2cb4e4dc/Arsenal-Burnley-November-11-2023-Premier-League,2023-11-12,Burnley,Arsenal,0,Vincent Kompany
641024cf,2324,2023-11-11,fbref_match_cache,/en/matches/641024cf/Bournemouth-Newcastle-United-November-11-2023-Premier-League,2023-11-12,Bournemouth,Newcastle,1,Andoni Iraola
641024cf,2324,2023-11-11,fbref_match_cache,/en/matches/641024cf/Bournemouth-Newcastle-United-November-11-2023-Premier-League,2023-11-12,Newcastle,Bournemouth,0,Eddie Howe
a4795b68,2324,2023-11-11,fbref_match_cache,/en/matches/a4795b68/Crystal-Palace-Everton-November-11-2023-Premier-League,2023-11-12,Crystal Palace,Everton,1,Roy Hodgson
a4795b68,2324,2023-11-11,fbref_match_cache,/en/matches/a4795b68/Crystal-Palace-Everton-November-11-2023-Premier-League,2023-11-12,Everton,Crystal Palace,0,Sean Dyche
4b9f3f25,2324,2023-11-11,fbref_match_cache,/en/matches/4b9f3f25/Manchester-United-Luton-Town-November-11-2023-Premier-League,2023-11-12,Man United,Luton Town,1,Erik ten Hag
4b9f3f25,2324,2023-11-11,fbref_match_cache,/en/matches/4b9f3f25/Manchester-United-Luton-Town-November-11-2023-Premier-League,2023-11-12,Luton Town,Man United,0,Rob Edwards
1634f066,2324,2023-11-11,fbref_match_cache,/en/matches/1634f066/Wolverhampton-Wanderers-Tottenham-Hotspur-November-11-2023-Premier-League,2023-11-12,Wolves,Tottenham,1,Gary O'Neil
1634f066,2324,2023-11-11,fbref_match_cache,/en/matches/1634f066/Wolverhampton-Wanderers-Tottenham-Hotspur-November-11-2023-Premier-League,2023-11-12,Tottenham,Wolves,0,Ange Postecoglou
d6a70a44,2324,2023-11-12,fbref_match_cache,/en/matches/d6a70a44/Aston-Villa-Fulham-November-12-2023-Premier-League,2023-11-13,Aston Villa,Fulham,1,Unai Emery
d6a70a44,2324,2023-11-12,fbref_match_cache,/en/matches/d6a70a44/Aston-Villa-Fulham-November-12-2023-Premier-League,2023-11-13,Fulham,Aston Villa,0,Marco Silva
ebf41e41,2324,2023-11-12,fbref_match_cache,/en/matches/ebf41e41/Brighton-and-Hove-Albion-Sheffield-United-November-12-2023-Premier-League,2023-11-13,Brighton,Sheffield United,1,Roberto De Zerbi
ebf41e41,2324,2023-11-12,fbref_match_cache,/en/matches/ebf41e41/Brighton-and-Hove-Albion-Sheffield-United-November-12-2023-Premier-League,2023-11-13,Sheffield United,Brighton,0,Paul Heckingbottom
53bb8f30,2324,2023-11-12,fbref_match_cache,/en/matches/53bb8f30/Chelsea-Manchester-City-November-12-2023-Premier-League,2023-11-13,Chelsea,Man City,1,Mauricio Pochettino
53bb8f30,2324,2023-11-12,fbref_match_cache,/en/matches/53bb8f30/Chelsea-Manchester-City-November-12-2023-Premier-League,2023-11-13,Man City,Chelsea,0,Pep Guardiola
996ee990,2324,2023-11-12,fbref_match_cache,/en/matches/996ee990/Liverpool-Brentford-November-12-2023-Premier-League,2023-11-13,Liverpool,Brentford,1,Jürgen Klopp
996ee990,2324,2023-11-12,fbref_match_cache,/en/matches/996ee990/Liverpool-Brentford-November-12-2023-Premier-League,2023-11-13,Brentford,Liverpool,0,Thomas Frank
76b8e568,2324,2023-11-12,fbref_match_cache,/en/matches/76b8e568/West-Ham-United-Nottingham-Forest-November-12-2023-Premier-League,2023-11-13,West Ham,Nott'm Forest,1,David Moyes
76b8e568,2324,2023-11-12,fbref_match_cache,/en/matches/76b8e568/West-Ham-United-Nottingham-Forest-November-12-2023-Premier-League,2023-11-13,Nott'm Forest,West Ham,0,Steve Cooper
626c6561,2324,2023-11-25,fbref_match_cache,/en/matches/626c6561/Brentford-Arsenal-November-25-2023-Premier-League,2023-11-26,Brentford,Arsenal,1,Thomas Frank
626c6561,2324,2023-11-25,fbref_match_cache,/en/matches/626c6561/Brentford-Arsenal-November-25-2023-Premier-League,2023-11-26,Arsenal,Brentford,0,Mikel Arteta
36a64522,2324,2023-11-25,fbref_match_cache,/en/matches/36a64522/Burnley-West-Ham-United-November-25-2023-Premier-League,2023-11-26,Burnley,West Ham,1,Vincent Kompany
36a64522,2324,2023-11-25,fbref_match_cache,/en/matches/36a64522/Burnley-West-Ham-United-November-25-2023-Premier-League,2023-11-26,West Ham,Burnley,0,David Moyes
f4805536,2324,2023-11-25,fbref_match_cache,/en/matches/f4805536/Luton-Town-Crystal-Palace-November-25-2023-Premier-League,2023-11-26,Luton Town,Crystal Palace,1,Rob Edwards
f4805536,2324,2023-11-25,fbref_match_cache,/en/matches/f4805536/Luton-Town-Crystal-Palace-November-25-2023-Premier-League,2023-11-26,Crystal Palace,Luton Town,0,Roy Hodgson
5d4a5006,2324,2023-11-25,fbref_match_cache,/en/matches/5d4a5006/Manchester-City-Liverpool-November-25-2023-Premier-League,2023-11-26,Man City,Liverpool,1,Pep Guardiola
5d4a5006,2324,2023-11-25,fbref_match_cache,/en/matches/5d4a5006/Manchester-City-Liverpool-November-25-2023-Premier-League,2023-11-26,Liverpool,Man City,0,Jürgen Klopp
8c8f48f4,2324,2023-11-25,fbref_match_cache,/en/matches/8c8f48f4/Newcastle-United-Chelsea-November-25-2023-Premier-League,2023-11-26,Newcastle,Chelsea,1,Eddie Howe
8c8f48f4,2324,2023-11-25,fbref_match_cache,/en/matches/8c8f48f4/Newcastle-United-Chelsea-November-25-2023-Premier-League,2023-11-26,Chelsea,Newcastle,0,Mauricio Pochettino
36be5cee,2324,2023-11-25,fbref_match_cache,/en/matches/36be5cee/Nottingham-Forest-Brighton-and-Hove-Albion-November-25-2023-Premier-League,2023-11-26,Nott'm Forest,Brighton,1,Steve Cooper
36be5cee,2324,2023-11-25,fbref_match_cache,/en/matches/36be5cee/Nottingham-Forest-Brighton-and-Hove-Albion-November-25-2023-Premier-League,2023-11-26,Brighton,Nott'm Forest,0,Roberto De Zerbi
799a2c04,2324,2023-11-25,fbref_match_cache,/en/matches/799a2c04/Sheffield-United-Bournemouth-November-25-2023-Premier-League,2023-11-26,Sheffield United,Bournemouth,1,Paul Heckingbottom
799a2c04,2324,2023-11-25,fbref_match_cache,/en/matches/799a2c04/Sheffield-United-Bournemouth-November-25-2023-Premier-League,2023-11-26,Bournemouth,Sheffield United,0,Andoni Iraola
f82a83dd,2324,2023-11-26,fbref_match_cache,/en/matches/f82a83dd/Everton-Manchester-United-November-26-2023-Premier-League,2023-11-27,Everton,Man United,1,Sean Dyche
f82a83dd,2324,2023-11-26,fbref_match_cache,/en/matches/f82a83dd/Everton-Manchester-United-November-26-2023-Premier-League,2023-11-27,Man United,Everton,0,Erik ten Hag
83db7754,2324,2023-11-26,fbref_match_cache,/en/matches/83db7754/Tottenham-Hotspur-Aston-Villa-November-26-2023-Premier-League,2023-11-27,Tottenham,Aston Villa,1,Ange Postecoglou
83db7754,2324,2023-11-26,fbref_match_cache,/en/matches/83db7754/Tottenham-Hotspur-Aston-Villa-November-26-2023-Premier-League,2023-11-27,Aston Villa,Tottenham,0,Unai Emery
b19cc422,2324,2023-11-27,fbref_match_cache,/en/matches/b19cc422/Fulham-Wolverhampton-Wanderers-November-27-2023-Premier-League,2023-11-28,Fulham,Wolves,1,Marco Silva
b19cc422,2324,2023-11-27,fbref_match_cache,/en/matches/b19cc422/Fulham-Wolverhampton-Wanderers-November-27-2023-Premier-League,2023-11-28,Wolves,Fulham,0,Gary O'Neil
6e65df8e,2324,2023-12-02,fbref_match_cache,/en/matches/6e65df8e/Arsenal-Wolverhampton-Wanderers-December-2-2023-Premier-League,2023-12-03,Arsenal,Wolves,1,Mikel Arteta
6e65df8e,2324,2023-12-02,fbref_match_cache,/en/matches/6e65df8e/Arsenal-Wolverhampton-Wanderers-December-2-2023-Premier-League,2023-12-03,Wolves,Arsenal,0,Gary O'Neil
0f71f535,2324,2023-12-02,fbref_match_cache,/en/matches/0f71f535/Brentford-Luton-Town-December-2-2023-Premier-League,2023-12-03,Brentford,Luton Town,1,Thomas Frank
0f71f535,2324,2023-12-02,fbref_match_cache,/en/matches/0f71f535/Brentford-Luton-Town-December-2-2023-Premier-League,2023-12-03,Luton Town,Brentford,0,Rob Edwards
e2c53b0a,2324,2023-12-02,fbref_match_cache,/en/matches/e2c53b0a/Burnley-Sheffield-United-December-2-2023-Premier-League,2023-12-03,Burnley,Sheffield United,1,Vincent Kompany
e2c53b0a,2324,2023-12-02,fbref_match_cache,/en/matches/e2c53b0a/Burnley-Sheffield-United-December-2-2023-Premier-League,2023-12-03,Sheffield United,Burnley,0,Paul Heckingbottom
66a1f3ac,2324,2023-12-02,fbref_match_cache,/en/matches/66a1f3ac/Newcastle-United-Manchester-United-December-2-2023-Premier-League,2023-12-03,Newcastle,Man United,1,Eddie Howe
66a1f3ac,2324,2023-12-02,fbref_match_cache,/en/matches/66a1f3ac/Newcastle-United-Manchester-United-December-2-2023-Premier-League,2023-12-03,Man United,Newcastle,0,Erik ten Hag
0486198b,2324,2023-12-02,fbref_match_cache,/en/matches/0486198b/Nottingham-Forest-Everton-December-2-2023-Premier-League,2023-12-03,Nott'm Forest,Everton,1,Steve Cooper
0486198b,2324,2023-12-02,fbref_match_cache,/en/matches/0486198b/Nottingham-Forest-Everton-December-2-2023-Premier-League,2023-12-03,Everton,Nott'm Forest,0,Sean Dyche
19533403,2324,2023-12-03,fbref_match_cache,/en/matches/19533403/Bournemouth-Aston-Villa-December-3-2023-Premier-League,2023-12-04,Bournemouth,Aston Villa,1,Andoni Iraola
19533403,2324,2023-12-03,fbref_match_cache,/en/matches/19533403/Bournemouth-Aston-Villa-December-3-2023-Premier-League,2023-12-04,Aston Villa,Bournemouth,0,Unai Emery
86b7d24f,2324,2023-12-03,fbref_match_cache,/en/matches/86b7d24f/Chelsea-Brighton-and-Hove-Albion-December-3-2023-Premier-League,2023-12-04,Chelsea,Brighton,1,Mauricio Pochettino
86b7d24f,2324,2023-12-03,fbref_match_cache,/en/matches/86b7d24f/Chelsea-Brighton-and-Hove-Albion-December-3-2023-Premier-League,2023-12-04,Brighton,Chelsea,0,Roberto De Zerbi
4b7e6f44,2324,2023-12-03,fbref_match_cache,/en/matches/4b7e6f44/Liverpool-Fulham-December-3-2023-Premier-League,2023-12-04,Liverpool,Fulham,1,Jürgen Klopp
4b7e6f44,2324,2023-12-03,fbref_match_cache,/en/matches/4b7e6f44/Liverpool-Fulham-December-3-2023-Premier-League,2023-12-04,Fulham,Liverpool,0,Marco Silva
0e39f016,2324,2023-12-03,fbref_match_cache,/en/matches/0e39f016/Manchester-City-Tottenham-Hotspur-December-3-2023-Premier-League,2023-12-04,Man City,Tottenham,1,Pep Guardiola
0e39f016,2324,2023-12-03,fbref_match_cache,/en/matches/0e39f016/Manchester-City-Tottenham-Hotspur-December-3-2023-Premier-League,2023-12-04,Tottenham,Man City,0,Ange Postecoglou
f7fb8049,2324,2023-12-03,fbref_match_cache,/en/matches/f7fb8049/West-Ham-United-Crystal-Palace-December-3-2023-Premier-League,2023-12-04,West Ham,Crystal Palace,1,David Moyes
f7fb8049,2324,2023-12-03,fbref_match_cache,/en/matches/f7fb8049/West-Ham-United-Crystal-Palace-December-3-2023-Premier-League,2023-12-04,Crystal Palace,West Ham,0,Roy Hodgson
dd3a5afc,2324,2023-12-05,fbref_match_cache,/en/matches/dd3a5afc/Luton-Town-Arsenal-December-5-2023-Premier-League,2023-12-06,Luton Town,Arsenal,1,Rob Edwards
dd3a5afc,2324,2023-12-05,fbref_match_cache,/en/matches/dd3a5afc/Luton-Town-Arsenal-December-5-2023-Premier-League,2023-12-06,Arsenal,Luton Town,0,Mikel Arteta
a52ffb27,2324,2023-12-05,fbref_match_cache,/en/matches/a52ffb27/Wolverhampton-Wanderers-Burnley-December-5-2023-Premier-League,2023-12-06,Wolves,Burnley,1,Gary O'Neil
a52ffb27,2324,2023-12-05,fbref_match_cache,/en/matches/a52ffb27/Wolverhampton-Wanderers-Burnley-December-5-2023-Premier-League,2023-12-06,Burnley,Wolves,0,Vincent Kompany
0ad90506,2324,2023-12-06,fbref_match_cache,/en/matches/0ad90506/Aston-Villa-Manchester-City-December-6-2023-Premier-League,2023-12-07,Aston Villa,Man City,1,Unai Emery
0ad90506,2324,2023-12-06,fbref_match_cache,/en/matches/0ad90506/Aston-Villa-Manchester-City-December-6-2023-Premier-League,2023-12-07,Man City,Aston Villa,0,Pep Guardiola
75d21da8,2324,2023-12-06,fbref_match_cache,/en/matches/75d21da8/Brighton-and-Hove-Albion-Brentford-December-6-2023-Premier-League,2023-12-07,Brighton,Brentford,1,Roberto De Zerbi
75d21da8,2324,2023-12-06,fbref_match_cache,/en/matches/75d21da8/Brighton-and-Hove-Albion-Brentford-December-6-2023-Premier-League,2023-12-07,Brentford,Brighton,0,Thomas Frank
09909bf8,2324,2023-12-06,fbref_match_cache,/en/matches/09909bf8/Crystal-Palace-Bournemouth-December-6-2023-Premier-League,2023-12-07,Crystal Palace,Bournemouth,1,Roy Hodgson
09909bf8,2324,2023-12-06,fbref_match_cache,/en/matches/09909bf8/Crystal-Palace-Bournemouth-December-6-2023-Premier-League,2023-12-07,Bournemouth,Crystal Palace,0,Andoni Iraola
fd5606da,2324,2023-12-06,fbref_match_cache,/en/matches/fd5606da/Fulham-Nottingham-Forest-December-6-2023-Premier-League,2023-12-07,Fulham,Nott'm Forest,1,Marco Silva
fd5606da,2324,2023-12-06,fbref_match_cache,/en/matches/fd5606da/Fulham-Nottingham-Forest-December-6-2023-Premier-League,2023-12-07,Nott'm Forest,Fulham,0,Steve Cooper
49f486f6,2324,2023-12-06,fbref_match_cache,/en/matches/49f486f6/Manchester-United-Chelsea-December-6-2023-Premier-League,2023-12-07,Man United,Chelsea,1,Erik ten Hag
49f486f6,2324,2023-12-06,fbref_match_cache,/en/matches/49f486f6/Manchester-United-Chelsea-December-6-2023-Premier-League,2023-12-07,Chelsea,Man United,0,Mauricio Pochettino
01aca132,2324,2023-12-06,fbref_match_cache,/en/matches/01aca132/Sheffield-United-Liverpool-December-6-2023-Premier-League,2023-12-07,Sheffield United,Liverpool,1,Chris Wilder
01aca132,2324,2023-12-06,fbref_match_cache,/en/matches/01aca132/Sheffield-United-Liverpool-December-6-2023-Premier-League,2023-12-07,Liverpool,Sheffield United,0,Jürgen Klopp
2fe9d766,2324,2023-12-07,fbref_match_cache,/en/matches/2fe9d766/Everton-Newcastle-United-December-7-2023-Premier-League,2023-12-08,Everton,Newcastle,1,Sean Dyche
2fe9d766,2324,2023-12-07,fbref_match_cache,/en/matches/2fe9d766/Everton-Newcastle-United-December-7-2023-Premier-League,2023-12-08,Newcastle,Everton,0,Eddie Howe
200af033,2324,2023-12-07,fbref_match_cache,/en/matches/200af033/Tottenham-Hotspur-West-Ham-United-December-7-2023-Premier-League,2023-12-08,Tottenham,West Ham,1,Ange Postecoglou
200af033,2324,2023-12-07,fbref_match_cache,/en/matches/200af033/Tottenham-Hotspur-West-Ham-United-December-7-2023-Premier-League,2023-12-08,West Ham,Tottenham,0,David Moyes
8cf29e50,2324,2023-12-09,fbref_match_cache,/en/matches/8cf29e50/Aston-Villa-Arsenal-December-9-2023-Premier-League,2023-12-10,Aston Villa,Arsenal,1,Unai Emery
8cf29e50,2324,2023-12-09,fbref_match_cache,/en/matches/8cf29e50/Aston-Villa-Arsenal-December-9-2023-Premier-League,2023-12-10,Arsenal,Aston Villa,0,Mikel Arteta
ab18fa97,2324,2023-12-09,fbref_match_cache,/en/matches/ab18fa97/Brighton-and-Hove-Albion-Burnley-December-9-2023-Premier-League,2023-12-10,Brighton,Burnley,1,Roberto De Zerbi
ab18fa97,2324,2023-12-09,fbref_match_cache,/en/matches/ab18fa97/Brighton-and-Hove-Albion-Burnley-December-9-2023-Premier-League,2023-12-10,Burnley,Brighton,0,Vincent Kompany
a1b18af3,2324,2023-12-09,fbref_match_cache,/en/matches/a1b18af3/Crystal-Palace-Liverpool-December-9-2023-Premier-League,2023-12-10,Crystal Palace,Liverpool,1,Roy Hodgson
a1b18af3,2324,2023-12-09,fbref_match_cache,/en/matches/a1b18af3/Crystal-Palace-Liverpool-December-9-2023-Premier-League,2023-12-10,Liverpool,Crystal Palace,0,Jürgen Klopp
0760a568,2324,2023-12-09,fbref_match_cache,/en/matches/0760a568/Manchester-United-Bournemouth-December-9-2023-Premier-League,2023-12-10,Man United,Bournemouth,1,Erik ten Hag
0760a568,2324,2023-12-09,fbref_match_cache,/en/matches/0760a568/Manchester-United-Bournemouth-December-9-2023-Premier-League,2023-12-10,Bournemouth,Man United,0,Andoni Iraola
e268f518,2324,2023-12-09,fbref_match_cache,/en/matches/e268f518/Sheffield-United-Brentford-December-9-2023-Premier-League,2023-12-10,Sheffield United,Brentford,1,Chris Wilder
e268f518,2324,2023-12-09,fbref_match_cache,/en/matches/e268f518/Sheffield-United-Brentford-December-9-2023-Premier-League,2023-12-10,Brentford,Sheffield United,0,Thomas Frank
8c8fdba5,2324,2023-12-09,fbref_match_cache,/en/matches/8c8fdba5/Wolverhampton-Wanderers-Nottingham-Forest-December-9-2023-Premier-League,2023-12-10,Wolves,Nott'm Forest,1,Gary O'Neil
8c8fdba5,2324,2023-12-09,fbref_match_cache,/en/matches/8c8fdba5/Wolverhampton-Wanderers-Nottingham-Forest-December-9-2023-Premier-League,2023-12-10,Nott'm Forest,Wolves,0,Steve Cooper
953b5f9b,2324,2023-12-10,fbref_match_cache,/en/matches/953b5f9b/Everton-Chelsea-December-10-2023-Premier-League,2023-12-11,Everton,Chelsea,1,Sean Dyche
953b5f9b,2324,2023-12-10,fbref_match_cache,/en/matches/953b5f9b/Everton-Chelsea-December-10-2023-Premier-League,2023-12-11,Chelsea,Everton,0,Mauricio Pochettino
d3dd23fb,2324,2023-12-10,fbref_match_cache,/en/matches/d3dd23fb/Fulham-West-Ham-United-December-10-2023-Premier-League,2023-12-11,Fulham,West Ham,1,Marco Silva
d3dd23fb,2324,2023-12-10,fbref_match_cache,/en/matches/d3dd23fb/Fulham-West-Ham-United-December-10-2023-Premier-League,2023-12-11,West Ham,Fulham,0,David Moyes
f6155857,2324,2023-12-10,fbref_match_cache,/en/matches/f6155857/Luton-Town-Manchester-City-December-10-2023-Premier-League,2023-12-11,Luton Town,Man City,1,Rob Edwards
f6155857,2324,2023-12-10,fbref_match_cache,/en/matches/f6155857/Luton-Town-Manchester-City-December-10-2023-Premier-League,2023-12-11,Man City,Luton Town,0,Pep Guardiola
be6d1aac,2324,2023-12-10,fbref_match_cache,/en/matches/be6d1aac/Tottenham-Hotspur-Newcastle-United-December-10-2023-Premier-League,2023-12-11,Tottenham,Newcastle,1,Ange Postecoglou
be6d1aac,2324,2023-12-10,fbref_match_cache,/en/matches/be6d1aac/Tottenham-Hotspur-Newcastle-United-December-10-2023-Premier-League,2023-12-11,Newcastle,Tottenham,0,Eddie Howe
4d9f1a71,2324,2023-12-15,fbref_match_cache,/en/matches/4d9f1a71/Nottingham-Forest-Tottenham-Hotspur-December-15-2023-Premier-League,2023-12-16,Nott'm Forest,Tottenham,1,Steve Cooper
4d9f1a71,2324,2023-12-15,fbref_match_cache,/en/matches/4d9f1a71/Nottingham-Forest-Tottenham-Hotspur-December-15-2023-Premier-League,2023-12-16,Tottenham,Nott'm Forest,0,Ange Postecoglou
01904d1d,2324,2023-12-16,fbref_match_cache,/en/matches/01904d1d/Burnley-Everton-December-16-2023-Premier-League,2023-12-17,Burnley,Everton,1,Vincent Kompany
01904d1d,2324,2023-12-16,fbref_match_cache,/en/matches/01904d1d/Burnley-Everton-December-16-2023-Premier-League,2023-12-17,Everton,Burnley,0,Sean Dyche
3bbbaf15,2324,2023-12-16,fbref_match_cache,/en/matches/3bbbaf15/Chelsea-Sheffield-United-December-16-2023-Premier-League,2023-12-17,Chelsea,Sheffield United,1,Mauricio Pochettino
3bbbaf15,2324,2023-12-16,fbref_match_cache,/en/matches/3bbbaf15/Chelsea-Sheffield-United-December-16-2023-Premier-League,2023-12-17,Sheffield United,Chelsea,0,Chris Wilder
30f3e1ee,2324,2023-12-16,fbref_match_cache,/en/matches/30f3e1ee/Manchester-City-Crystal-Palace-December-16-2023-Premier-League,2023-12-17,Man City,Crystal Palace,1,Pep Guardiola
30f3e1ee,2324,2023-12-16,fbref_match_cache,/en/matches/30f3e1ee/Manchester-City-Crystal-Palace-December-16-2023-Premier-League,2023-12-17,Crystal Palace,Man City,0,Roy Hodgson
5db0f25b,2324,2023-12-16,fbref_match_cache,/en/matches/5db0f25b/Newcastle-United-Fulham-December-16-2023-Premier-League,2023-12-17,Newcastle,Fulham,1,Eddie Howe
5db0f25b,2324,2023-12-16,fbref_match_cache,/en/matches/5db0f25b/Newcastle-United-Fulham-December-16-2023-Premier-League,2023-12-17,Fulham,Newcastle,0,Marco Silva
e3a46a4e,2324,2023-12-17,fbref_match_cache,/en/matches/e3a46a4e/Arsenal-Brighton-and-Hove-Albion-December-17-2023-Premier-League,2023-12-18,Arsenal,Brighton,1,Mikel Arteta
e3a46a4e,2324,2023-12-17,fbref_match_cache,/en/matches/e3a46a4e/Arsenal-Brighton-and-Hove-Albion-December-17-2023-Premier-League,2023-12-18,Brighton,Arsenal,0,Roberto De Zerbi
4a3af0ab,2324,2023-12-17,fbref_match_cache,/en/matches/4a3af0ab/Brentford-Aston-Villa-December-17-2023-Premier-League,2023-12-18,Brentford,Aston Villa,1,Thomas Frank
4a3af0ab,2324,2023-12-17,fbref_match_cache,/en/matches/4a3af0ab/Brentford-Aston-Villa-December-17-2023-Premier-League,2023-12-18,Aston Villa,Brentford,0,Unai Emery
18e98d77,2324,2023-12-17,fbref_match_cache,/en/matches/18e98d77/North-West-Derby-Liverpool-Manchester-United-December-17-2023-Premier-League,2023-12-18,Liverpool,Man United,1,Jürgen Klopp
18e98d77,2324,2023-12-17,fbref_match_cache,/en/matches/18e98d77/North-West-Derby-Liverpool-Manchester-United-December-17-2023-Premier-League,2023-12-18,Man United,Liverpool,0,Erik ten Hag
5f5bc7b3,2324,2023-12-17,fbref_match_cache,/en/matches/5f5bc7b3/West-Ham-United-Wolverhampton-Wanderers-December-17-2023-Premier-League,2023-12-18,West Ham,Wolves,1,David Moyes
5f5bc7b3,2324,2023-12-17,fbref_match_cache,/en/matches/5f5bc7b3/West-Ham-United-Wolverhampton-Wanderers-December-17-2023-Premier-League,2023-12-18,Wolves,West Ham,0,Gary O'Neil
7340be7a,2324,2023-12-21,fbref_match_cache,/en/matches/7340be7a/Crystal-Palace-Brighton-and-Hove-Albion-December-21-2023-Premier-League,2023-12-22,Crystal Palace,Brighton,1,Roy Hodgson
7340be7a,2324,2023-12-21,fbref_match_cache,/en/matches/7340be7a/Crystal-Palace-Brighton-and-Hove-Albion-December-21-2023-Premier-League,2023-12-22,Brighton,Crystal Palace,0,Roberto De Zerbi
37916998,2324,2023-12-22,fbref_match_cache,/en/matches/37916998/Aston-Villa-Sheffield-United-December-22-2023-Premier-League,2023-12-23,Aston Villa,Sheffield United,1,Unai Emery
37916998,2324,2023-12-22,fbref_match_cache,/en/matches/37916998/Aston-Villa-Sheffield-United-December-22-2023-Premier-League,2023-12-23,Sheffield United,Aston Villa,0,Chris Wilder
7dd3c51a,2324,2023-12-23,fbref_match_cache,/en/matches/7dd3c51a/Fulham-Burnley-December-23-2023-Premier-League,2023-12-24,Fulham,Burnley,1,Marco Silva
7dd3c51a,2324,2023-12-23,fbref_match_cache,/en/matches/7dd3c51a/Fulham-Burnley-December-23-2023-Premier-League,2023-12-24,Burnley,Fulham,0,Vincent Kompany
bfbfbbe8,2324,2023-12-23,fbref_match_cache,/en/matches/bfbfbbe8/Liverpool-Arsenal-December-23-2023-Premier-League,2023-12-24,Liverpool,Arsenal,1,Jürgen Klopp
bfbfbbe8,2324,2023-12-23,fbref_match_cache,/en/matches/bfbfbbe8/Liverpool-Arsenal-December-23-2023-Premier-League,2023-12-24,Arsenal,Liverpool,0,Mikel Arteta
46bfb645,2324,2023-12-23,fbref_match_cache,/en/matches/46bfb645/Luton-Town-Newcastle-United-December-23-2023-Premier-League,2023-12-24,Luton Town,Newcastle,1,Rob Edwards
46bfb645,2324,2023-12-23,fbref_match_cache,/en/matches/46bfb645/Luton-Town-Newcastle-United-December-23-2023-Premier-League,2023-12-24,Newcastle,Luton Town,0,Eddie Howe
c5548935,2324,2023-12-23,fbref_match_cache,/en/matches/c5548935/Nottingham-Forest-Bournemouth-December-23-2023-Premier-League,2023-12-24,Nott'm Forest,Bournemouth,1,Nuno Espírito Santo
c5548935,2324,2023-12-23,fbref_match_cache,/en/matches/c5548935/Nottingham-Forest-Bournemouth-December-23-2023-Premier-League,2023-12-24,Bournemouth,Nott'm Forest,0,Andoni Iraola
849071fe,2324,2023-12-23,fbref_match_cache,/en/matches/849071fe/Tottenham-Hotspur-Everton-December-23-2023-Premier-League,2023-12-24,Tottenham,Everton,1,Ange Postecoglou
849071fe,2324,2023-12-23,fbref_match_cache,/en/matches/849071fe/Tottenham-Hotspur-Everton-December-23-2023-Premier-League,2023-12-24,Everton,Tottenham,0,Sean Dyche
328777ed,2324,2023-12-23,fbref_match_cache,/en/matches/328777ed/West-Ham-United-Manchester-United-December-23-2023-Premier-League,2023-12-24,West Ham,Man United,1,David Moyes
328777ed,2324,2023-12-23,fbref_match_cache,/en/matches/328777ed/West-Ham-United-Manchester-United-December-23-2023-Premier-League,2023-12-24,Man United,West Ham,0,Erik ten Hag
8c0b314c,2324,2023-12-24,fbref_match_cache,/en/matches/8c0b314c/Wolverhampton-Wanderers-Chelsea-December-24-2023-Premier-League,2023-12-25,Wolves,Chelsea,1,Gary O'Neil
8c0b314c,2324,2023-12-24,fbref_match_cache,/en/matches/8c0b314c/Wolverhampton-Wanderers-Chelsea-December-24-2023-Premier-League,2023-12-25,Chelsea,Wolves,0,Mauricio Pochettino
331c942d,2324,2023-12-26,fbref_match_cache,/en/matches/331c942d/Bournemouth-Fulham-December-26-2023-Premier-League,2023-12-27,Bournemouth,Fulham,1,Andoni Iraola
331c942d,2324,2023-12-26,fbref_match_cache,/en/matches/331c942d/Bournemouth-Fulham-December-26-2023-Premier-League,2023-12-27,Fulham,Bournemouth,0,Marco Silva
c0904954,2324,2023-12-26,fbref_match_cache,/en/matches/c0904954/Burnley-Liverpool-December-26-2023-Premier-League,2023-12-27,Burnley,Liverpool,1,Vincent Kompany
c0904954,2324,2023-12-26,fbref_match_cache,/en/matches/c0904954/Burnley-Liverpool-December-26-2023-Premier-League,2023-12-27,Liverpool,Burnley,0,Jürgen Klopp
83709fdf,2324,2023-12-26,fbref_match_cache,/en/matches/83709fdf/Manchester-United-Aston-Villa-December-26-2023-Premier-League,2023-12-27,Man United,Aston Villa,1,Erik ten Hag
83709fdf,2324,2023-12-26,fbref_match_cache,/en/matches/83709fdf/Manchester-United-Aston-Villa-December-26-2023-Premier-League,2023-12-27,Aston Villa,Man United,0,Unai Emery
f22a20f0,2324,2023-12-26,fbref_match_cache,/en/matches/f22a20f0/Newcastle-United-Nottingham-Forest-December-26-2023-Premier-League,2023-12-27,Newcastle,Nott'm Forest,1,Eddie Howe
f22a20f0,2324,2023-12-26,fbref_match_cache,/en/matches/f22a20f0/Newcastle-United-Nottingham-Forest-December-26-2023-Premier-League,2023-12-27,Nott'm Forest,Newcastle,0,Nuno Espírito Santo
6269b2e3,2324,2023-12-26,fbref_match_cache,/en/matches/6269b2e3/Sheffield-United-Luton-Town-December-26-2023-Premier-League,2023-12-27,Sheffield United,Luton Town,1,Chris Wilder
6269b2e3,2324,2023-12-26,fbref_match_cache,/en/matches/6269b2e3/Sheffield-United-Luton-Town-December-26-2023-Premier-League,2023-12-27,Luton Town,Sheffield United,0,Rob Edwards
ea28d527,2324,2023-12-27,fbref_match_cache,/en/matches/ea28d527/Brentford-Wolverhampton-Wanderers-December-27-2023-Premier-League,2023-12-28,Brentford,Wolves,1,Thomas Frank
ea28d527,2324,2023-12-27,fbref_match_cache,/en/matches/ea28d527/Brentford-Wolverhampton-Wanderers-December-27-2023-Premier-League,2023-12-28,Wolves,Brentford,0,Gary O'Neil
2bfb6552,2324,2023-12-27,fbref_match_cache,/en/matches/2bfb6552/Chelsea-Crystal-Palace-December-27-2023-Premier-League,2023-12-28,Chelsea,Crystal Palace,1,Mauricio Pochettino
2bfb6552,2324,2023-12-27,fbref_match_cache,/en/matches/2bfb6552/Chelsea-Crystal-Palace-December-27-2023-Premier-League,2023-12-28,Crystal Palace,Chelsea,0,Roy Hodgson
b9f69f01,2324,2023-12-27,fbref_match_cache,/en/matches/b9f69f01/Everton-Manchester-City-December-27-2023-Premier-League,2023-12-28,Everton,Man City,1,Sean Dyche
b9f69f01,2324,2023-12-27,fbref_match_cache,/en/matches/b9f69f01/Everton-Manchester-City-December-27-2023-Premier-League,2023-12-28,Man City,Everton,0,Pep Guardiola
ba570015,2324,2023-12-28,fbref_match_cache,/en/matches/ba570015/Arsenal-West-Ham-United-December-28-2023-Premier-League,2023-12-29,Arsenal,West Ham,1,Mikel Arteta
ba570015,2324,2023-12-28,fbref_match_cache,/en/matches/ba570015/Arsenal-West-Ham-United-December-28-2023-Premier-League,2023-12-29,West Ham,Arsenal,0,David Moyes
3e2e9248,2324,2023-12-28,fbref_match_cache,/en/matches/3e2e9248/Brighton-and-Hove-Albion-Tottenham-Hotspur-December-28-2023-Premier-League,2023-12-29,Brighton,Tottenham,1,Roberto De Zerbi
3e2e9248,2324,2023-12-28,fbref_match_cache,/en/matches/3e2e9248/Brighton-and-Hove-Albion-Tottenham-Hotspur-December-28-2023-Premier-League,2023-12-29,Tottenham,Brighton,0,Ange Postecoglou
2828c5bc,2324,2023-12-30,fbref_match_cache,/en/matches/2828c5bc/Aston-Villa-Burnley-December-30-2023-Premier-League,2023-12-31,Aston Villa,Burnley,1,Unai Emery
2828c5bc,2324,2023-12-30,fbref_match_cache,/en/matches/2828c5bc/Aston-Villa-Burnley-December-30-2023-Premier-League,2023-12-31,Burnley,Aston Villa,0,Vincent Kompany
e9d5dd9b,2324,2023-12-30,fbref_match_cache,/en/matches/e9d5dd9b/Crystal-Palace-Brentford-December-30-2023-Premier-League,2023-12-31,Crystal Palace,Brentford,1,Roy Hodgson
e9d5dd9b,2324,2023-12-30,fbref_match_cache,/en/matches/e9d5dd9b/Crystal-Palace-Brentford-December-30-2023-Premier-League,2023-12-31,Brentford,Crystal Palace,0,Thomas Frank
8e04572c,2324,2023-12-30,fbref_match_cache,/en/matches/8e04572c/Luton-Town-Chelsea-December-30-2023-Premier-League,2023-12-31,Luton Town,Chelsea,1,Rob Edwards
8e04572c,2324,2023-12-30,fbref_match_cache,/en/matches/8e04572c/Luton-Town-Chelsea-December-30-2023-Premier-League,2023-12-31,Chelsea,Luton Town,0,Mauricio Pochettino
aefd7405,2324,2023-12-30,fbref_match_cache,/en/matches/aefd7405/Manchester-City-Sheffield-United-December-30-2023-Premier-League,2023-12-31,Man City,Sheffield United,1,Pep Guardiola
aefd7405,2324,2023-12-30,fbref_match_cache,/en/matches/aefd7405/Manchester-City-Sheffield-United-December-30-2023-Premier-League,2023-12-31,Sheffield United,Man City,0,Chris Wilder
1aa68cba,2324,2023-12-30,fbref_match_cache,/en/matches/1aa68cba/Nottingham-Forest-Manchester-United-December-30-2023-Premier-League,2023-12-31,Nott'm Forest,Man United,1,Nuno Espírito Santo
1aa68cba,2324,2023-12-30,fbref_match_cache,/en/matches/1aa68cba/Nottingham-Forest-Manchester-United-December-30-2023-Premier-League,2023-12-31,Man United,Nott'm Forest,0,Erik ten Hag
7dfc59ca,2324,2023-12-30,fbref_match_cache,/en/matches/7dfc59ca/Wolverhampton-Wanderers-Everton-December-30-2023-Premier-League,2023-12-31,Wolves,Everton,1,Gary O'Neil
7dfc59ca,2324,2023-12-30,fbref_match_cache,/en/matches/7dfc59ca/Wolverhampton-Wanderers-Everton-December-30-2023-Premier-League,2023-12-31,Everton,Wolves,0,Sean Dyche
6c1b6ffc,2324,2023-12-31,fbref_match_cache,/en/matches/6c1b6ffc/Fulham-Arsenal-December-31-2023-Premier-League,2024-01-01,Fulham,Arsenal,1,Marco Silva
6c1b6ffc,2324,2023-12-31,fbref_match_cache,/en/matches/6c1b6ffc/Fulham-Arsenal-December-31-2023-Premier-League,2024-01-01,Arsenal,Fulham,0,Mikel Arteta
3ab71352,2324,2023-12-31,fbref_match_cache,/en/matches/3ab71352/Tottenham-Hotspur-Bournemouth-December-31-2023-Premier-League,2024-01-01,Tottenham,Bournemouth,1,Ange Postecoglou
3ab71352,2324,2023-12-31,fbref_match_cache,/en/matches/3ab71352/Tottenham-Hotspur-Bournemouth-December-31-2023-Premier-League,2024-01-01,Bournemouth,Tottenham,0,Andoni Iraola
107b2d79,2324,2024-01-01,fbref_match_cache,/en/matches/107b2d79/Liverpool-Newcastle-United-January-1-2024-Premier-League,2024-01-02,Liverpool,Newcastle,1,Jürgen Klopp
107b2d79,2324,2024-01-01,fbref_match_cache,/en/matches/107b2d79/Liverpool-Newcastle-United-January-1-2024-Premier-League,2024-01-02,Newcastle,Liverpool,0,Eddie Howe
d557afd0,2324,2024-01-02,fbref_match_cache,/en/matches/d557afd0/West-Ham-United-Brighton-and-Hove-Albion-January-2-2024-Premier-League,2024-01-03,West Ham,Brighton,1,David Moyes
d557afd0,2324,2024-01-02,fbref_match_cache,/en/matches/d557afd0/West-Ham-United-Brighton-and-Hove-Albion-January-2-2024-Premier-League,2024-01-03,Brighton,West Ham,0,Roberto De Zerbi
d62dd931,2324,2024-01-12,fbref_match_cache,/en/matches/d62dd931/Burnley-Luton-Town-January-12-2024-Premier-League,2024-01-13,Burnley,Luton Town,1,Vincent Kompany
d62dd931,2324,2024-01-12,fbref_match_cache,/en/matches/d62dd931/Burnley-Luton-Town-January-12-2024-Premier-League,2024-01-13,Luton Town,Burnley,0,Rob Edwards
dd052c34,2324,2024-01-13,fbref_match_cache,/en/matches/dd052c34/Chelsea-Fulham-January-13-2024-Premier-League,2024-01-14,Chelsea,Fulham,1,Mauricio Pochettino
dd052c34,2324,2024-01-13,fbref_match_cache,/en/matches/dd052c34/Chelsea-Fulham-January-13-2024-Premier-League,2024-01-14,Fulham,Chelsea,0,Marco Silva
738f8c3e,2324,2024-01-13,fbref_match_cache,/en/matches/738f8c3e/Newcastle-United-Manchester-City-January-13-2024-Premier-League,2024-01-14,Newcastle,Man City,1,Eddie Howe
738f8c3e,2324,2024-01-13,fbref_match_cache,/en/matches/738f8c3e/Newcastle-United-Manchester-City-January-13-2024-Premier-League,2024-01-14,Man City,Newcastle,0,Pep Guardiola
1628c63e,2324,2024-01-14,fbref_match_cache,/en/matches/1628c63e/Everton-Aston-Villa-January-14-2024-Premier-League,2024-01-15,Everton,Aston Villa,1,Sean Dyche
1628c63e,2324,2024-01-14,fbref_match_cache,/en/matches/1628c63e/Everton-Aston-Villa-January-14-2024-Premier-League,2024-01-15,Aston Villa,Everton,0,Unai Emery
904ed2f9,2324,2024-01-14,fbref_match_cache,/en/matches/904ed2f9/Manchester-United-Tottenham-Hotspur-January-14-2024-Premier-League,2024-01-15,Man United,Tottenham,1,Erik ten Hag
904ed2f9,2324,2024-01-14,fbref_match_cache,/en/matches/904ed2f9/Manchester-United-Tottenham-Hotspur-January-14-2024-Premier-League,2024-01-15,Tottenham,Man United,0,Ange Postecoglou
006fb5b5,2324,2024-01-20,fbref_match_cache,/en/matches/006fb5b5/Arsenal-Crystal-Palace-January-20-2024-Premier-League,2024-01-21,Arsenal,Crystal Palace,1,Mikel Arteta
006fb5b5,2324,2024-01-20,fbref_match_cache,/en/matches/006fb5b5/Arsenal-Crystal-Palace-January-20-2024-Premier-League,2024-01-21,Crystal Palace,Arsenal,0,Roy Hodgson
e0a9c631,2324,2024-01-20,fbref_match_cache,/en/matches/e0a9c631/Brentford-Nottingham-Forest-January-20-2024-Premier-League,2024-01-21,Brentford,Nott'm Forest,1,Thomas Frank
e0a9c631,2324,2024-01-20,fbref_match_cache,/en/matches/e0a9c631/Brentford-Nottingham-Forest-January-20-2024-Premier-League,2024-01-21,Nott'm Forest,Brentford,0,Nuno Espírito Santo
9a03e25c,2324,2024-01-21,fbref_match_cache,/en/matches/9a03e25c/Bournemouth-Liverpool-January-21-2024-Premier-League,2024-01-22,Bournemouth,Liverpool,1,Andoni Iraola
9a03e25c,2324,2024-01-21,fbref_match_cache,/en/matches/9a03e25c/Bournemouth-Liverpool-January-21-2024-Premier-League,2024-01-22,Liverpool,Bournemouth,0,Jürgen Klopp
abd525b4,2324,2024-01-21,fbref_match_cache,/en/matches/abd525b4/Sheffield-United-West-Ham-United-January-21-2024-Premier-League,2024-01-22,Sheffield United,West Ham,1,Chris Wilder
abd525b4,2324,2024-01-21,fbref_match_cache,/en/matches/abd525b4/Sheffield-United-West-Ham-United-January-21-2024-Premier-League,2024-01-22,West Ham,Sheffield United,0,David Moyes
35fb5bc2,2324,2024-01-22,fbref_match_cache,/en/matches/35fb5bc2/Brighton-and-Hove-Albion-Wolverhampton-Wanderers-January-22-2024-Premier-League,2024-01-23,Brighton,Wolves,1,Roberto De Zerbi
35fb5bc2,2324,2024-01-22,fbref_match_cache,/en/matches/35fb5bc2/Brighton-and-Hove-Albion-Wolverhampton-Wanderers-January-22-2024-Premier-League,2024-01-23,Wolves,Brighton,0,Gary O'Neil
d8679e54,2324,2024-01-30,fbref_match_cache,/en/matches/d8679e54/Aston-Villa-Newcastle-United-January-30-2024-Premier-League,2024-01-31,Aston Villa,Newcastle,1,Unai Emery
d8679e54,2324,2024-01-30,fbref_match_cache,/en/matches/d8679e54/Aston-Villa-Newcastle-United-January-30-2024-Premier-League,2024-01-31,Newcastle,Aston Villa,0,Eddie Howe
9f51ce03,2324,2024-01-30,fbref_match_cache,/en/matches/9f51ce03/Crystal-Palace-Sheffield-United-January-30-2024-Premier-League,2024-01-31,Crystal Palace,Sheffield United,1,Roy Hodgson
9f51ce03,2324,2024-01-30,fbref_match_cache,/en/matches/9f51ce03/Crystal-Palace-Sheffield-United-January-30-2024-Premier-League,2024-01-31,Sheffield United,Crystal Palace,0,Chris Wilder
17d24e01,2324,2024-01-30,fbref_match_cache,/en/matches/17d24e01/Fulham-Everton-January-30-2024-Premier-League,2024-01-31,Fulham,Everton,1,Marco Silva
17d24e01,2324,2024-01-30,fbref_match_cache,/en/matches/17d24e01/Fulham-Everton-January-30-2024-Premier-League,2024-01-31,Everton,Fulham,0,Sean Dyche
381f12be,2324,2024-01-30,fbref_match_cache,/en/matches/381f12be/Luton-Town-Brighton-and-Hove-Albion-January-30-2024-Premier-League,2024-01-31,Luton Town,Brighton,1,Rob Edwards
381f12be,2324,2024-01-30,fbref_match_cache,/en/matches/381f12be/Luton-Town-Brighton-and-Hove-Albion-January-30-2024-Premier-League,2024-01-31,Brighton,Luton Town,0,Roberto De Zerbi
20a16b44,2324,2024-01-30,fbref_match_cache,/en/matches/20a16b44/Nottingham-Forest-Arsenal-January-30-2024-Premier-League,2024-01-31,Nott'm Forest,Arsenal,1,Nuno Espírito Santo
20a16b44,2324,2024-01-30,fbref_match_cache,/en/matches/20a16b44/Nottingham-Forest-Arsenal-January-30-2024-Premier-League,2024-01-31,Arsenal,Nott'm Forest,0,Mikel Arteta
1836d9bd,2324,2024-01-31,fbref_match_cache,/en/matches/1836d9bd/Liverpool-Chelsea-January-31-2024-Premier-League,2024-02-01,Liverpool,Chelsea,1,Jürgen Klopp
1836d9bd,2324,2024-01-31,fbref_match_cache,/en/matches/1836d9bd/Liverpool-Chelsea-January-31-2024-Premier-League,2024-02-01,Chelsea,Liverpool,0,Mauricio Pochettino
d10aaae8,2324,2024-01-31,fbref_match_cache,/en/matches/d10aaae8/Manchester-City-Burnley-January-31-2024-Premier-League,2024-02-01,Man City,Burnley,1,Pep Guardiola
d10aaae8,2324,2024-01-31,fbref_match_cache,/en/matches/d10aaae8/Manchester-City-Burnley-January-31-2024-Premier-League,2024-02-01,Burnley,Man City,0,Vincent Kompany
79ffec97,2324,2024-01-31,fbref_match_cache,/en/matches/79ffec97/Tottenham-Hotspur-Brentford-January-31-2024-Premier-League,2024-02-01,Tottenham,Brentford,1,Ange Postecoglou
79ffec97,2324,2024-01-31,fbref_match_cache,/en/matches/79ffec97/Tottenham-Hotspur-Brentford-January-31-2024-Premier-League,2024-02-01,Brentford,Tottenham,0,Thomas Frank
16dc9951,2324,2024-02-01,fbref_match_cache,/en/matches/16dc9951/West-Ham-United-Bournemouth-February-1-2024-Premier-League,2024-02-02,West Ham,Bournemouth,1,David Moyes
16dc9951,2324,2024-02-01,fbref_match_cache,/en/matches/16dc9951/West-Ham-United-Bournemouth-February-1-2024-Premier-League,2024-02-02,Bournemouth,West Ham,0,Andoni Iraola
457203bc,2324,2024-02-01,fbref_match_cache,/en/matches/457203bc/Wolverhampton-Wanderers-Manchester-United-February-1-2024-Premier-League,2024-02-02,Wolves,Man United,1,Gary O'Neil
457203bc,2324,2024-02-01,fbref_match_cache,/en/matches/457203bc/Wolverhampton-Wanderers-Manchester-United-February-1-2024-Premier-League,2024-02-02,Man United,Wolves,0,Erik ten Hag
689d15cf,2324,2024-02-03,fbref_match_cache,/en/matches/689d15cf/Brighton-and-Hove-Albion-Crystal-Palace-February-3-2024-Premier-League,2024-02-04,Brighton,Crystal Palace,1,Roberto De Zerbi
689d15cf,2324,2024-02-03,fbref_match_cache,/en/matches/689d15cf/Brighton-and-Hove-Albion-Crystal-Palace-February-3-2024-Premier-League,2024-02-04,Crystal Palace,Brighton,0,Roy Hodgson
a2436e30,2324,2024-02-03,fbref_match_cache,/en/matches/a2436e30/Burnley-Fulham-February-3-2024-Premier-League,2024-02-04,Burnley,Fulham,1,Vincent Kompany
a2436e30,2324,2024-02-03,fbref_match_cache,/en/matches/a2436e30/Burnley-Fulham-February-3-2024-Premier-League,2024-02-04,Fulham,Burnley,0,Marco Silva
fd68d50e,2324,2024-02-03,fbref_match_cache,/en/matches/fd68d50e/Everton-Tottenham-Hotspur-February-3-2024-Premier-League,2024-02-04,Everton,Tottenham,1,Sean Dyche
fd68d50e,2324,2024-02-03,fbref_match_cache,/en/matches/fd68d50e/Everton-Tottenham-Hotspur-February-3-2024-Premier-League,2024-02-04,Tottenham,Everton,0,Ange Postecoglou
67cb7a4e,2324,2024-02-03,fbref_match_cache,/en/matches/67cb7a4e/Newcastle-United-Luton-Town-February-3-2024-Premier-League,2024-02-04,Newcastle,Luton Town,1,Eddie Howe
67cb7a4e,2324,2024-02-03,fbref_match_cache,/en/matches/67cb7a4e/Newcastle-United-Luton-Town-February-3-2024-Premier-League,2024-02-04,Luton Town,Newcastle,0,Rob Edwards
b3e195c5,2324,2024-02-03,fbref_match_cache,/en/matches/b3e195c5/Sheffield-United-Aston-Villa-February-3-2024-Premier-League,2024-02-04,Sheffield United,Aston Villa,1,Chris Wilder
b3e195c5,2324,2024-02-03,fbref_match_cache,/en/matches/b3e195c5/Sheffield-United-Aston-Villa-February-3-2024-Premier-League,2024-02-04,Aston Villa,Sheffield United,0,Unai Emery
99020abf,2324,2024-02-04,fbref_match_cache,/en/matches/99020abf/Arsenal-Liverpool-February-4-2024-Premier-League,2024-02-05,Arsenal,Liverpool,1,Mikel Arteta
99020abf,2324,2024-02-04,fbref_match_cache,/en/matches/99020abf/Arsenal-Liverpool-February-4-2024-Premier-League,2024-02-05,Liverpool,Arsenal,0,Jürgen Klopp
29948898,2324,2024-02-04,fbref_match_cache,/en/matches/29948898/Bournemouth-Nottingham-Forest-February-4-2024-Premier-League,2024-02-05,Bournemouth,Nott'm Forest,1,Andoni Iraola
29948898,2324,2024-02-04,fbref_match_cache,/en/matches/29948898/Bournemouth-Nottingham-Forest-February-4-2024-Premier-League,2024-02-05,Nott'm Forest,Bournemouth,0,Nuno Espírito Santo
dfde4bd7,2324,2024-02-04,fbref_match_cache,/en/matches/dfde4bd7/Chelsea-Wolverhampton-Wanderers-February-4-2024-Premier-League,2024-02-05,Chelsea,Wolves,1,Mauricio Pochettino
dfde4bd7,2324,2024-02-04,fbref_match_cache,/en/matches/dfde4bd7/Chelsea-Wolverhampton-Wanderers-February-4-2024-Premier-League,2024-02-05,Wolves,Chelsea,0,Gary O'Neil
dc1428be,2324,2024-02-04,fbref_match_cache,/en/matches/dc1428be/Manchester-United-West-Ham-United-February-4-2024-Premier-League,2024-02-05,Man United,West Ham,1,Erik ten Hag
dc1428be,2324,2024-02-04,fbref_match_cache,/en/matches/dc1428be/Manchester-United-West-Ham-United-February-4-2024-Premier-League,2024-02-05,West Ham,Man United,0,David Moyes
2b3630b6,2324,2024-02-05,fbref_match_cache,/en/matches/2b3630b6/Brentford-Manchester-City-February-5-2024-Premier-League,2024-02-06,Brentford,Man City,1,Thomas Frank
2b3630b6,2324,2024-02-05,fbref_match_cache,/en/matches/2b3630b6/Brentford-Manchester-City-February-5-2024-Premier-League,2024-02-06,Man City,Brentford,0,Pep Guardiola
bf9e0d20,2324,2024-02-10,fbref_match_cache,/en/matches/bf9e0d20/Fulham-Bournemouth-February-10-2024-Premier-League,2024-02-11,Fulham,Bournemouth,1,Marco Silva
bf9e0d20,2324,2024-02-10,fbref_match_cache,/en/matches/bf9e0d20/Fulham-Bournemouth-February-10-2024-Premier-League,2024-02-11,Bournemouth,Fulham,0,Andoni Iraola
29e4d6ac,2324,2024-02-10,fbref_match_cache,/en/matches/29e4d6ac/Liverpool-Burnley-February-10-2024-Premier-League,2024-02-11,Liverpool,Burnley,1,Jürgen Klopp
29e4d6ac,2324,2024-02-10,fbref_match_cache,/en/matches/29e4d6ac/Liverpool-Burnley-February-10-2024-Premier-League,2024-02-11,Burnley,Liverpool,0,Vincent Kompany
1a4e7d02,2324,2024-02-10,fbref_match_cache,/en/matches/1a4e7d02/Luton-Town-Sheffield-United-February-10-2024-Premier-League,2024-02-11,Luton Town,Sheffield United,1,Rob Edwards
1a4e7d02,2324,2024-02-10,fbref_match_cache,/en/matches/1a4e7d02/Luton-Town-Sheffield-United-February-10-2024-Premier-League,2024-02-11,Sheffield United,Luton Town,0,Chris Wilder
00ea7906,2324,2024-02-10,fbref_match_cache,/en/matches/00ea7906/Manchester-City-Everton-February-10-2024-Premier-League,2024-02-11,Man City,Everton,1,Pep Guardiola
00ea7906,2324,2024-02-10,fbref_match_cache,/en/matches/00ea7906/Manchester-City-Everton-February-10-2024-Premier-League,2024-02-11,Everton,Man City,0,Sean Dyche
1c53666a,2324,2024-02-10,fbref_match_cache,/en/matches/1c53666a/Nottingham-Forest-Newcastle-United-February-10-2024-Premier-League,2024-02-11,Nott'm Forest,Newcastle,1,Nuno Espírito Santo
1c53666a,2324,2024-02-10,fbref_match_cache,/en/matches/1c53666a/Nottingham-Forest-Newcastle-United-February-10-2024-Premier-League,2024-02-11,Newcastle,Nott'm Forest,0,Eddie Howe
c0dfccdf,2324,2024-02-10,fbref_match_cache,/en/matches/c0dfccdf/Tottenham-Hotspur-Brighton-and-Hove-Albion-February-10-2024-Premier-League,2024-02-11,Tottenham,Brighton,1,Ange Postecoglou
c0dfccdf,2324,2024-02-10,fbref_match_cache,/en/matches/c0dfccdf/Tottenham-Hotspur-Brighton-and-Hove-Albion-February-10-2024-Premier-League,2024-02-11,Brighton,Tottenham,0,Roberto De Zerbi
922cd256,2324,2024-02-10,fbref_match_cache,/en/matches/922cd256/Wolverhampton-Wanderers-Brentford-February-10-2024-Premier-League,2024-02-11,Wolves,Brentford,1,Gary O'Neil
922cd256,2324,2024-02-10,fbref_match_cache,/en/matches/922cd256/Wolverhampton-Wanderers-Brentford-February-10-2024-Premier-League,2024-02-11,Brentford,Wolves,0,Thomas Frank
fd36479b,2324,2024-02-11,fbref_match_cache,/en/matches/fd36479b/Aston-Villa-Manchester-United-February-11-2024-Premier-League,2024-02-12,Aston Villa,Man United,1,Unai Emery
fd36479b,2324,2024-02-11,fbref_match_cache,/en/matches/fd36479b/Aston-Villa-Manchester-United-February-11-2024-Premier-League,2024-02-12,Man United,Aston Villa,0,Erik ten Hag
a1da23dc,2324,2024-02-11,fbref_match_cache,/en/matches/a1da23dc/West-Ham-United-Arsenal-February-11-2024-Premier-League,2024-02-12,West Ham,Arsenal,1,David Moyes
a1da23dc,2324,2024-02-11,fbref_match_cache,/en/matches/a1da23dc/West-Ham-United-Arsenal-February-11-2024-Premier-League,2024-02-12,Arsenal,West Ham,0,Mikel Arteta
1206b952,2324,2024-02-12,fbref_match_cache,/en/matches/1206b952/Crystal-Palace-Chelsea-February-12-2024-Premier-League,2024-02-13,Crystal Palace,Chelsea,1,Roy Hodgson
1206b952,2324,2024-02-12,fbref_match_cache,/en/matches/1206b952/Crystal-Palace-Chelsea-February-12-2024-Premier-League,2024-02-13,Chelsea,Crystal Palace,0,Mauricio Pochettino
ca1e26a0,2324,2024-02-17,fbref_match_cache,/en/matches/ca1e26a0/Brentford-Liverpool-February-17-2024-Premier-League,2024-02-18,Brentford,Liverpool,1,Thomas Frank
ca1e26a0,2324,2024-02-17,fbref_match_cache,/en/matches/ca1e26a0/Brentford-Liverpool-February-17-2024-Premier-League,2024-02-18,Liverpool,Brentford,0,Jürgen Klopp
59631171,2324,2024-02-17,fbref_match_cache,/en/matches/59631171/Burnley-Arsenal-February-17-2024-Premier-League,2024-02-18,Burnley,Arsenal,1,Vincent Kompany
59631171,2324,2024-02-17,fbref_match_cache,/en/matches/59631171/Burnley-Arsenal-February-17-2024-Premier-League,2024-02-18,Arsenal,Burnley,0,Mikel Arteta
796ff9f0,2324,2024-02-17,fbref_match_cache,/en/matches/796ff9f0/Fulham-Aston-Villa-February-17-2024-Premier-League,2024-02-18,Fulham,Aston Villa,1,Marco Silva
796ff9f0,2324,2024-02-17,fbref_match_cache,/en/matches/796ff9f0/Fulham-Aston-Villa-February-17-2024-Premier-League,2024-02-18,Aston Villa,Fulham,0,Unai Emery
78fb7fc2,2324,2024-02-17,fbref_match_cache,/en/matches/78fb7fc2/Manchester-City-Chelsea-February-17-2024-Premier-League,2024-02-18,Man City,Chelsea,1,Pep Guardiola
78fb7fc2,2324,2024-02-17,fbref_match_cache,/en/matches/78fb7fc2/Manchester-City-Chelsea-February-17-2024-Premier-League,2024-02-18,Chelsea,Man City,0,Mauricio Pochettino
083c4444,2324,2024-02-17,fbref_match_cache,/en/matches/083c4444/Newcastle-United-Bournemouth-February-17-2024-Premier-League,2024-02-18,Newcastle,Bournemouth,1,Eddie Howe
083c4444,2324,2024-02-17,fbref_match_cache,/en/matches/083c4444/Newcastle-United-Bournemouth-February-17-2024-Premier-League,2024-02-18,Bournemouth,Newcastle,0,Andoni Iraola
d657db47,2324,2024-02-17,fbref_match_cache,/en/matches/d657db47/Nottingham-Forest-West-Ham-United-February-17-2024-Premier-League,2024-02-18,Nott'm Forest,West Ham,1,Nuno Espírito Santo
d657db47,2324,2024-02-17,fbref_match_cache,/en/matches/d657db47/Nottingham-Forest-West-Ham-United-February-17-2024-Premier-League,2024-02-18,West Ham,Nott'm Forest,0,David Moyes
30193251,2324,2024-02-17,fbref_match_cache,/en/matches/30193251/Tottenham-Hotspur-Wolverhampton-Wanderers-February-17-2024-Premier-League,2024-02-18,Tottenham,Wolves,1,Ange Postecoglou
30193251,2324,2024-02-17,fbref_match_cache,/en/matches/30193251/Tottenham-Hotspur-Wolverhampton-Wanderers-February-17-2024-Premier-League,2024-02-18,Wolves,Tottenham,0,Gary O'Neil
49523b04,2324,2024-02-18,fbref_match_cache,/en/matches/49523b04/Luton-Town-Manchester-United-February-18-2024-Premier-League,2024-02-19,Luton Town,Man United,1,Rob Edwards
49523b04,2324,2024-02-18,fbref_match_cache,/en/matches/49523b04/Luton-Town-Manchester-United-February-18-2024-Premier-League,2024-02-19,Man United,Luton Town,0,Erik ten Hag
811fa03f,2324,2024-02-18,fbref_match_cache,/en/matches/811fa03f/Sheffield-United-Brighton-and-Hove-Albion-February-18-2024-Premier-League,2024-02-19,Sheffield United,Brighton,1,Chris Wilder
811fa03f,2324,2024-02-18,fbref_match_cache,/en/matches/811fa03f/Sheffield-United-Brighton-and-Hove-Albion-February-18-2024-Premier-League,2024-02-19,Brighton,Sheffield United,0,Roberto De Zerbi
573f2f77,2324,2024-02-19,fbref_match_cache,/en/matches/573f2f77/Everton-Crystal-Palace-February-19-2024-Premier-League,2024-02-20,Everton,Crystal Palace,1,Sean Dyche
573f2f77,2324,2024-02-19,fbref_match_cache,/en/matches/573f2f77/Everton-Crystal-Palace-February-19-2024-Premier-League,2024-02-20,Crystal Palace,Everton,0,Oliver Glasner
af88a1aa,2324,2024-02-20,fbref_match_cache,/en/matches/af88a1aa/Manchester-City-Brentford-February-20-2024-Premier-League,2024-02-21,Man City,Brentford,1,Pep Guardiola
af88a1aa,2324,2024-02-20,fbref_match_cache,/en/matches/af88a1aa/Manchester-City-Brentford-February-20-2024-Premier-League,2024-02-21,Brentford,Man City,0,Thomas Frank
58636a1e,2324,2024-02-21,fbref_match_cache,/en/matches/58636a1e/Liverpool-Luton-Town-February-21-2024-Premier-League,2024-02-22,Liverpool,Luton Town,1,Jürgen Klopp
58636a1e,2324,2024-02-21,fbref_match_cache,/en/matches/58636a1e/Liverpool-Luton-Town-February-21-2024-Premier-League,2024-02-22,Luton Town,Liverpool,0,Rob Edwards
8f922133,2324,2024-02-24,fbref_match_cache,/en/matches/8f922133/Arsenal-Newcastle-United-February-24-2024-Premier-League,2024-02-25,Arsenal,Newcastle,1,Mikel Arteta
8f922133,2324,2024-02-24,fbref_match_cache,/en/matches/8f922133/Arsenal-Newcastle-United-February-24-2024-Premier-League,2024-02-25,Newcastle,Arsenal,0,Eddie Howe
f61fbe36,2324,2024-02-24,fbref_match_cache,/en/matches/f61fbe36/Aston-Villa-Nottingham-Forest-February-24-2024-Premier-League,2024-02-25,Aston Villa,Nott'm Forest,1,Unai Emery
f61fbe36,2324,2024-02-24,fbref_match_cache,/en/matches/f61fbe36/Aston-Villa-Nottingham-Forest-February-24-2024-Premier-League,2024-02-25,Nott'm Forest,Aston Villa,0,Nuno Espírito Santo
f6d6a212,2324,2024-02-24,fbref_match_cache,/en/matches/f6d6a212/Bournemouth-Manchester-City-February-24-2024-Premier-League,2024-02-25,Bournemouth,Man City,1,Andoni Iraola
f6d6a212,2324,2024-02-24,fbref_match_cache,/en/matches/f6d6a212/Bournemouth-Manchester-City-February-24-2024-Premier-League,2024-02-25,Man City,Bournemouth,0,Pep Guardiola
eb7c6993,2324,2024-02-24,fbref_match_cache,/en/matches/eb7c6993/Brighton-and-Hove-Albion-Everton-February-24-2024-Premier-League,2024-02-25,Brighton,Everton,1,Roberto De Zerbi
eb7c6993,2324,2024-02-24,fbref_match_cache,/en/matches/eb7c6993/Brighton-and-Hove-Albion-Everton-February-24-2024-Premier-League,2024-02-25,Everton,Brighton,0,Sean Dyche
89cd2d5e,2324,2024-02-24,fbref_match_cache,/en/matches/89cd2d5e/Crystal-Palace-Burnley-February-24-2024-Premier-League,2024-02-25,Crystal Palace,Burnley,1,Oliver Glasner
89cd2d5e,2324,2024-02-24,fbref_match_cache,/en/matches/89cd2d5e/Crystal-Palace-Burnley-February-24-2024-Premier-League,2024-02-25,Burnley,Crystal Palace,0,Vincent Kompany
45f67948,2324,2024-02-24,fbref_match_cache,/en/matches/45f67948/Manchester-United-Fulham-February-24-2024-Premier-League,2024-02-25,Man United,Fulham,1,Erik ten Hag
45f67948,2324,2024-02-24,fbref_match_cache,/en/matches/45f67948/Manchester-United-Fulham-February-24-2024-Premier-League,2024-02-25,Fulham,Man United,0,Marco Silva
ada09dda,2324,2024-02-25,fbref_match_cache,/en/matches/ada09dda/Wolverhampton-Wanderers-Sheffield-United-February-25-2024-Premier-League,2024-02-26,Wolves,Sheffield United,1,Gary O'Neil
ada09dda,2324,2024-02-25,fbref_match_cache,/en/matches/ada09dda/Wolverhampton-Wanderers-Sheffield-United-February-25-2024-Premier-League,2024-02-26,Sheffield United,Wolves,0,Chris Wilder
15a04102,2324,2024-02-26,fbref_match_cache,/en/matches/15a04102/West-Ham-United-Brentford-February-26-2024-Premier-League,2024-02-27,West Ham,Brentford,1,David Moyes
15a04102,2324,2024-02-26,fbref_match_cache,/en/matches/15a04102/West-Ham-United-Brentford-February-26-2024-Premier-League,2024-02-27,Brentford,West Ham,0,Thomas Frank
ba1992b0,2324,2024-03-02,fbref_match_cache,/en/matches/ba1992b0/Brentford-Chelsea-March-2-2024-Premier-League,2024-03-03,Brentford,Chelsea,1,Thomas Frank
ba1992b0,2324,2024-03-02,fbref_match_cache,/en/matches/ba1992b0/Brentford-Chelsea-March-2-2024-Premier-League,2024-03-03,Chelsea,Brentford,0,Mauricio Pochettino
e9183936,2324,2024-03-02,fbref_match_cache,/en/matches/e9183936/Everton-West-Ham-United-March-2-2024-Premier-League,2024-03-03,Everton,West Ham,1,Sean Dyche
e9183936,2324,2024-03-02,fbref_match_cache,/en/matches/e9183936/Everton-West-Ham-United-March-2-2024-Premier-League,2024-03-03,West Ham,Everton,0,David Moyes
20278247,2324,2024-03-02,fbref_match_cache,/en/matches/20278247/Fulham-Brighton-and-Hove-Albion-March-2-2024-Premier-League,2024-03-03,Fulham,Brighton,1,Marco Silva
20278247,2324,2024-03-02,fbref_match_cache,/en/matches/20278247/Fulham-Brighton-and-Hove-Albion-March-2-2024-Premier-League,2024-03-03,Brighton,Fulham,0,Roberto De Zerbi
59f4adc0,2324,2024-03-02,fbref_match_cache,/en/matches/59f4adc0/Luton-Town-Aston-Villa-March-2-2024-Premier-League,2024-03-03,Luton Town,Aston Villa,1,Rob Edwards
59f4adc0,2324,2024-03-02,fbref_match_cache,/en/matches/59f4adc0/Luton-Town-Aston-Villa-March-2-2024-Premier-League,2024-03-03,Aston Villa,Luton Town,0,Unai Emery
bbae8356,2324,2024-03-02,fbref_match_cache,/en/matches/bbae8356/Newcastle-United-Wolverhampton-Wanderers-March-2-2024-Premier-League,2024-03-03,Newcastle,Wolves,1,Eddie Howe
bbae8356,2324,2024-03-02,fbref_match_cache,/en/matches/bbae8356/Newcastle-United-Wolverhampton-Wanderers-March-2-2024-Premier-League,2024-03-03,Wolves,Newcastle,0,Gary O'Neil
d1a00cf0,2324,2024-03-02,fbref_match_cache,/en/matches/d1a00cf0/Nottingham-Forest-Liverpool-March-2-2024-Premier-League,2024-03-03,Nott'm Forest,Liverpool,1,Nuno Espírito Santo
d1a00cf0,2324,2024-03-02,fbref_match_cache,/en/matches/d1a00cf0/Nottingham-Forest-Liverpool-March-2-2024-Premier-League,2024-03-03,Liverpool,Nott'm Forest,0,Jürgen Klopp
8812bfd9,2324,2024-03-02,fbref_match_cache,/en/matches/8812bfd9/Tottenham-Hotspur-Crystal-Palace-March-2-2024-Premier-League,2024-03-03,Tottenham,Crystal Palace,1,Ange Postecoglou
8812bfd9,2324,2024-03-02,fbref_match_cache,/en/matches/8812bfd9/Tottenham-Hotspur-Crystal-Palace-March-2-2024-Premier-League,2024-03-03,Crystal Palace,Tottenham,0,Oliver Glasner
f7674d8b,2324,2024-03-03,fbref_match_cache,/en/matches/f7674d8b/Burnley-Bournemouth-March-3-2024-Premier-League,2024-03-04,Burnley,Bournemouth,1,Vincent Kompany
f7674d8b,2324,2024-03-03,fbref_match_cache,/en/matches/f7674d8b/Burnley-Bournemouth-March-3-2024-Premier-League,2024-03-04,Bournemouth,Burnley,0,Andoni Iraola
615eff06,2324,2024-03-03,fbref_match_cache,/en/matches/615eff06/Manchester-Derby-Manchester-City-Manchester-United-March-3-2024-Premier-League,2024-03-04,Man City,Man United,1,Pep Guardiola
615eff06,2324,2024-03-03,fbref_match_cache,/en/matches/615eff06/Manchester-Derby-Manchester-City-Manchester-United-March-3-2024-Premier-League,2024-03-04,Man United,Man City,0,Erik ten Hag
2eca8900,2324,2024-03-04,fbref_match_cache,/en/matches/2eca8900/Sheffield-United-Arsenal-March-4-2024-Premier-League,2024-03-05,Sheffield United,Arsenal,1,Chris Wilder
2eca8900,2324,2024-03-04,fbref_match_cache,/en/matches/2eca8900/Sheffield-United-Arsenal-March-4-2024-Premier-League,2024-03-05,Arsenal,Sheffield United,0,Mikel Arteta
0e9002ec,2324,2024-03-09,fbref_match_cache,/en/matches/0e9002ec/Arsenal-Brentford-March-9-2024-Premier-League,2024-03-10,Arsenal,Brentford,1,Mikel Arteta
0e9002ec,2324,2024-03-09,fbref_match_cache,/en/matches/0e9002ec/Arsenal-Brentford-March-9-2024-Premier-League,2024-03-10,Brentford,Arsenal,0,Thomas Frank
81b6715a,2324,2024-03-09,fbref_match_cache,/en/matches/81b6715a/Bournemouth-Sheffield-United-March-9-2024-Premier-League,2024-03-10,Bournemouth,Sheffield United,1,Andoni Iraola
81b6715a,2324,2024-03-09,fbref_match_cache,/en/matches/81b6715a/Bournemouth-Sheffield-United-March-9-2024-Premier-League,2024-03-10,Sheffield United,Bournemouth,0,Chris Wilder
fd693c8e,2324,2024-03-09,fbref_match_cache,/en/matches/fd693c8e/Crystal-Palace-Luton-Town-March-9-2024-Premier-League,2024-03-10,Crystal Palace,Luton Town,1,Oliver Glasner
fd693c8e,2324,2024-03-09,fbref_match_cache,/en/matches/fd693c8e/Crystal-Palace-Luton-Town-March-9-2024-Premier-League,2024-03-10,Luton Town,Crystal Palace,0,Rob Edwards
fede7f6e,2324,2024-03-09,fbref_match_cache,/en/matches/fede7f6e/Manchester-United-Everton-March-9-2024-Premier-League,2024-03-10,Man United,Everton,1,Erik ten Hag
fede7f6e,2324,2024-03-09,fbref_match_cache,/en/matches/fede7f6e/Manchester-United-Everton-March-9-2024-Premier-League,2024-03-10,Everton,Man United,0,Sean Dyche
b606cbde,2324,2024-03-09,fbref_match_cache,/en/matches/b606cbde/Wolverhampton-Wanderers-Fulham-March-9-2024-Premier-League,2024-03-10,Wolves,Fulham,1,Gary O'Neil
b606cbde,2324,2024-03-09,fbref_match_cache,/en/matches/b606cbde/Wolverhampton-Wanderers-Fulham-March-9-2024-Premier-League,2024-03-10,Fulham,Wolves,0,Marco Silva
a32a7069,2324,2024-03-10,fbref_match_cache,/en/matches/a32a7069/Aston-Villa-Tottenham-Hotspur-March-10-2024-Premier-League,2024-03-11,Aston Villa,Tottenham,1,Unai Emery
a32a7069,2324,2024-03-10,fbref_match_cache,/en/matches/a32a7069/Aston-Villa-Tottenham-Hotspur-March-10-2024-Premier-League,2024-03-11,Tottenham,Aston Villa,0,Ange Postecoglou
f17d9ccd,2324,2024-03-10,fbref_match_cache,/en/matches/f17d9ccd/Brighton-and-Hove-Albion-Nottingham-Forest-March-10-2024-Premier-League,2024-03-11,Brighton,Nott'm Forest,1,Roberto De Zerbi
f17d9ccd,2324,2024-03-10,fbref_match_cache,/en/matches/f17d9ccd/Brighton-and-Hove-Albion-Nottingham-Forest-March-10-2024-Premier-League,2024-03-11,Nott'm Forest,Brighton,0,Nuno Espírito Santo
96da3e29,2324,2024-03-10,fbref_match_cache,/en/matches/96da3e29/Liverpool-Manchester-City-March-10-2024-Premier-League,2024-03-11,Liverpool,Man City,1,Jürgen Klopp
96da3e29,2324,2024-03-10,fbref_match_cache,/en/matches/96da3e29/Liverpool-Manchester-City-March-10-2024-Premier-League,2024-03-11,Man City,Liverpool,0,Pep Guardiola
9ef133d6,2324,2024-03-10,fbref_match_cache,/en/matches/9ef133d6/West-Ham-United-Burnley-March-10-2024-Premier-League,2024-03-11,West Ham,Burnley,1,David Moyes
9ef133d6,2324,2024-03-10,fbref_match_cache,/en/matches/9ef133d6/West-Ham-United-Burnley-March-10-2024-Premier-League,2024-03-11,Burnley,West Ham,0,Vincent Kompany
d4b4c06f,2324,2024-03-11,fbref_match_cache,/en/matches/d4b4c06f/Chelsea-Newcastle-United-March-11-2024-Premier-League,2024-03-12,Chelsea,Newcastle,1,Mauricio Pochettino
d4b4c06f,2324,2024-03-11,fbref_match_cache,/en/matches/d4b4c06f/Chelsea-Newcastle-United-March-11-2024-Premier-League,2024-03-12,Newcastle,Chelsea,0,Eddie Howe
a32a8157,2324,2024-03-13,fbref_match_cache,/en/matches/a32a8157/Bournemouth-Luton-Town-March-13-2024-Premier-League,2024-03-14,Bournemouth,Luton Town,1,Andoni Iraola
a32a8157,2324,2024-03-13,fbref_match_cache,/en/matches/a32a8157/Bournemouth-Luton-Town-March-13-2024-Premier-League,2024-03-14,Luton Town,Bournemouth,0,Rob Edwards
b280b66a,2324,2024-03-16,fbref_match_cache,/en/matches/b280b66a/Burnley-Brentford-March-16-2024-Premier-League,2024-03-17,Burnley,Brentford,1,Vincent Kompany
b280b66a,2324,2024-03-16,fbref_match_cache,/en/matches/b280b66a/Burnley-Brentford-March-16-2024-Premier-League,2024-03-17,Brentford,Burnley,0,Thomas Frank
8a009cc4,2324,2024-03-16,fbref_match_cache,/en/matches/8a009cc4/Fulham-Tottenham-Hotspur-March-16-2024-Premier-League,2024-03-17,Fulham,Tottenham,1,Marco Silva
8a009cc4,2324,2024-03-16,fbref_match_cache,/en/matches/8a009cc4/Fulham-Tottenham-Hotspur-March-16-2024-Premier-League,2024-03-17,Tottenham,Fulham,0,Ange Postecoglou
76d09384,2324,2024-03-16,fbref_match_cache,/en/matches/76d09384/Luton-Town-Nottingham-Forest-March-16-2024-Premier-League,2024-03-17,Luton Town,Nott'm Forest,1,Rob Edwards
76d09384,2324,2024-03-16,fbref_match_cache,/en/matches/76d09384/Luton-Town-Nottingham-Forest-March-16-2024-Premier-League,2024-03-17,Nott'm Forest,Luton Town,0,Nuno Espírito Santo
fc356c59,2324,2024-03-17,fbref_match_cache,/en/matches/fc356c59/West-Ham-United-Aston-Villa-March-17-2024-Premier-League,2024-03-18,West Ham,Aston Villa,1,David Moyes
fc356c59,2324,2024-03-17,fbref_match_cache,/en/matches/fc356c59/West-Ham-United-Aston-Villa-March-17-2024-Premier-League,2024-03-18,Aston Villa,West Ham,0,Unai Emery
5f218b76,2324,2024-03-30,fbref_match_cache,/en/matches/5f218b76/Aston-Villa-Wolverhampton-Wanderers-March-30-2024-Premier-League,2024-03-31,Aston Villa,Wolves,1,Unai Emery
5f218b76,2324,2024-03-30,fbref_match_cache,/en/matches/5f218b76/Aston-Villa-Wolverhampton-Wanderers-March-30-2024-Premier-League,2024-03-31,Wolves,Aston Villa,0,Gary O'Neil
0eaaf0ab,2324,2024-03-30,fbref_match_cache,/en/matches/0eaaf0ab/Bournemouth-Everton-March-30-2024-Premier-League,2024-03-31,Bournemouth,Everton,1,Andoni Iraola
0eaaf0ab,2324,2024-03-30,fbref_match_cache,/en/matches/0eaaf0ab/Bournemouth-Everton-March-30-2024-Premier-League,2024-03-31,Everton,Bournemouth,0,Sean Dyche
43a07892,2324,2024-03-30,fbref_match_cache,/en/matches/43a07892/Brentford-Manchester-United-March-30-2024-Premier-League,2024-03-31,Brentford,Man United,1,Thomas Frank
43a07892,2324,2024-03-30,fbref_match_cache,/en/matches/43a07892/Brentford-Manchester-United-March-30-2024-Premier-League,2024-03-31,Man United,Brentford,0,Erik ten Hag
e68ec2a9,2324,2024-03-30,fbref_match_cache,/en/matches/e68ec2a9/Chelsea-Burnley-March-30-2024-Premier-League,2024-03-31,Chelsea,Burnley,1,Mauricio Pochettino
e68ec2a9,2324,2024-03-30,fbref_match_cache,/en/matches/e68ec2a9/Chelsea-Burnley-March-30-2024-Premier-League,2024-03-31,Burnley,Chelsea,0,Vincent Kompany
10600f89,2324,2024-03-30,fbref_match_cache,/en/matches/10600f89/Newcastle-United-West-Ham-United-March-30-2024-Premier-League,2024-03-31,Newcastle,West Ham,1,Eddie Howe
10600f89,2324,2024-03-30,fbref_match_cache,/en/matches/10600f89/Newcastle-United-West-Ham-United-March-30-2024-Premier-League,2024-03-31,West Ham,Newcastle,0,David Moyes
791fc95a,2324,2024-03-30,fbref_match_cache,/en/matches/791fc95a/Nottingham-Forest-Crystal-Palace-March-30-2024-Premier-League,2024-03-31,Nott'm Forest,Crystal Palace,1,Nuno Espírito Santo
791fc95a,2324,2024-03-30,fbref_match_cache,/en/matches/791fc95a/Nottingham-Forest-Crystal-Palace-March-30-2024-Premier-League,2024-03-31,Crystal Palace,Nott'm Forest,0,Oliver Glasner
ad4a1302,2324,2024-03-30,fbref_match_cache,/en/matches/ad4a1302/Sheffield-United-Fulham-March-30-2024-Premier-League,2024-03-31,Sheffield United,Fulham,1,Chris Wilder
ad4a1302,2324,2024-03-30,fbref_match_cache,/en/matches/ad4a1302/Sheffield-United-Fulham-March-30-2024-Premier-League,2024-03-31,Fulham,Sheffield United,0,Marco Silva
6397e2af,2324,2024-03-30,fbref_match_cache,/en/matches/6397e2af/Tottenham-Hotspur-Luton-Town-March-30-2024-Premier-League,2024-03-31,Tottenham,Luton Town,1,Ange Postecoglou
6397e2af,2324,2024-03-30,fbref_match_cache,/en/matches/6397e2af/Tottenham-Hotspur-Luton-Town-March-30-2024-Premier-League,2024-03-31,Luton Town,Tottenham,0,Rob Edwards
b763b73e,2324,2024-03-31,fbref_match_cache,/en/matches/b763b73e/Liverpool-Brighton-and-Hove-Albion-March-31-2024-Premier-League,2024-04-01,Liverpool,Brighton,1,Jürgen Klopp
b763b73e,2324,2024-03-31,fbref_match_cache,/en/matches/b763b73e/Liverpool-Brighton-and-Hove-Albion-March-31-2024-Premier-League,2024-04-01,Brighton,Liverpool,0,Roberto De Zerbi
76b4b194,2324,2024-03-31,fbref_match_cache,/en/matches/76b4b194/Manchester-City-Arsenal-March-31-2024-Premier-League,2024-04-01,Man City,Arsenal,1,Pep Guardiola
76b4b194,2324,2024-03-31,fbref_match_cache,/en/matches/76b4b194/Manchester-City-Arsenal-March-31-2024-Premier-League,2024-04-01,Arsenal,Man City,0,Mikel Arteta
1ef36f8d,2324,2024-04-02,fbref_match_cache,/en/matches/1ef36f8d/Bournemouth-Crystal-Palace-April-2-2024-Premier-League,2024-04-03,Bournemouth,Crystal Palace,1,Andoni Iraola
1ef36f8d,2324,2024-04-02,fbref_match_cache,/en/matches/1ef36f8d/Bournemouth-Crystal-Palace-April-2-2024-Premier-League,2024-04-03,Crystal Palace,Bournemouth,0,Oliver Glasner
feadec6f,2324,2024-04-02,fbref_match_cache,/en/matches/feadec6f/Burnley-Wolverhampton-Wanderers-April-2-2024-Premier-League,2024-04-03,Burnley,Wolves,1,Vincent Kompany
feadec6f,2324,2024-04-02,fbref_match_cache,/en/matches/feadec6f/Burnley-Wolverhampton-Wanderers-April-2-2024-Premier-League,2024-04-03,Wolves,Burnley,0,Gary O'Neil
52846bc3,2324,2024-04-02,fbref_match_cache,/en/matches/52846bc3/Newcastle-United-Everton-April-2-2024-Premier-League,2024-04-03,Newcastle,Everton,1,Eddie Howe
52846bc3,2324,2024-04-02,fbref_match_cache,/en/matches/52846bc3/Newcastle-United-Everton-April-2-2024-Premier-League,2024-04-03,Everton,Newcastle,0,Sean Dyche
55996670,2324,2024-04-02,fbref_match_cache,/en/matches/55996670/Nottingham-Forest-Fulham-April-2-2024-Premier-League,2024-04-03,Nott'm Forest,Fulham,1,Nuno Espírito Santo
55996670,2324,2024-04-02,fbref_match_cache,/en/matches/55996670/Nottingham-Forest-Fulham-April-2-2024-Premier-League,2024-04-03,Fulham,Nott'm Forest,0,Marco Silva
2600ff86,2324,2024-04-02,fbref_match_cache,/en/matches/2600ff86/West-Ham-United-Tottenham-Hotspur-April-2-2024-Premier-League,2024-04-03,West Ham,Tottenham,1,David Moyes
2600ff86,2324,2024-04-02,fbref_match_cache,/en/matches/2600ff86/West-Ham-United-Tottenham-Hotspur-April-2-2024-Premier-League,2024-04-03,Tottenham,West Ham,0,Ange Postecoglou
77d7e2d6,2324,2024-04-03,fbref_match_cache,/en/matches/77d7e2d6/Arsenal-Luton-Town-April-3-2024-Premier-League,2024-04-04,Arsenal,Luton Town,1,Mikel Arteta
77d7e2d6,2324,2024-04-03,fbref_match_cache,/en/matches/77d7e2d6/Arsenal-Luton-Town-April-3-2024-Premier-League,2024-04-04,Luton Town,Arsenal,0,Rob Edwards
8ec55f05,2324,2024-04-03,fbref_match_cache,/en/matches/8ec55f05/Brentford-Brighton-and-Hove-Albion-April-3-2024-Premier-League,2024-04-04,Brentford,Brighton,1,Thomas Frank
8ec55f05,2324,2024-04-03,fbref_match_cache,/en/matches/8ec55f05/Brentford-Brighton-and-Hove-Albion-April-3-2024-Premier-League,2024-04-04,Brighton,Brentford,0,Roberto De Zerbi
ae3ba8e8,2324,2024-04-03,fbref_match_cache,/en/matches/ae3ba8e8/Manchester-City-Aston-Villa-April-3-2024-Premier-League,2024-04-04,Man City,Aston Villa,1,Pep Guardiola
ae3ba8e8,2324,2024-04-03,fbref_match_cache,/en/matches/ae3ba8e8/Manchester-City-Aston-Villa-April-3-2024-Premier-League,2024-04-04,Aston Villa,Man City,0,Unai Emery
c6079c2f,2324,2024-04-04,fbref_match_cache,/en/matches/c6079c2f/Chelsea-Manchester-United-April-4-2024-Premier-League,2024-04-05,Chelsea,Man United,1,Mauricio Pochettino
c6079c2f,2324,2024-04-04,fbref_match_cache,/en/matches/c6079c2f/Chelsea-Manchester-United-April-4-2024-Premier-League,2024-04-05,Man United,Chelsea,0,Erik ten Hag
1f5973e2,2324,2024-04-04,fbref_match_cache,/en/matches/1f5973e2/Liverpool-Sheffield-United-April-4-2024-Premier-League,2024-04-05,Liverpool,Sheffield United,1,Jürgen Klopp
1f5973e2,2324,2024-04-04,fbref_match_cache,/en/matches/1f5973e2/Liverpool-Sheffield-United-April-4-2024-Premier-League,2024-04-05,Sheffield United,Liverpool,0,Chris Wilder
e8f307a3,2324,2024-04-06,fbref_match_cache,/en/matches/e8f307a3/Aston-Villa-Brentford-April-6-2024-Premier-League,2024-04-07,Aston Villa,Brentford,1,Unai Emery
e8f307a3,2324,2024-04-06,fbref_match_cache,/en/matches/e8f307a3/Aston-Villa-Brentford-April-6-2024-Premier-League,2024-04-07,Brentford,Aston Villa,0,Thomas Frank
2047cc32,2324,2024-04-06,fbref_match_cache,/en/matches/2047cc32/Brighton-and-Hove-Albion-Arsenal-April-6-2024-Premier-League,2024-04-07,Brighton,Arsenal,1,Roberto De Zerbi
2047cc32,2324,2024-04-06,fbref_match_cache,/en/matches/2047cc32/Brighton-and-Hove-Albion-Arsenal-April-6-2024-Premier-League,2024-04-07,Arsenal,Brighton,0,Mikel Arteta
fca82852,2324,2024-04-06,fbref_match_cache,/en/matches/fca82852/Crystal-Palace-Manchester-City-April-6-2024-Premier-League,2024-04-07,Crystal Palace,Man City,1,Oliver Glasner
fca82852,2324,2024-04-06,fbref_match_cache,/en/matches/fca82852/Crystal-Palace-Manchester-City-April-6-2024-Premier-League,2024-04-07,Man City,Crystal Palace,0,Pep Guardiola
cc7efb48,2324,2024-04-06,fbref_match_cache,/en/matches/cc7efb48/Everton-Burnley-April-6-2024-Premier-League,2024-04-07,Everton,Burnley,1,Sean Dyche
cc7efb48,2324,2024-04-06,fbref_match_cache,/en/matches/cc7efb48/Everton-Burnley-April-6-2024-Premier-League,2024-04-07,Burnley,Everton,0,Vincent Kompany
a9d2819f,2324,2024-04-06,fbref_match_cache,/en/matches/a9d2819f/Fulham-Newcastle-United-April-6-2024-Premier-League,2024-04-07,Fulham,Newcastle,1,Marco Silva
a9d2819f,2324,2024-04-06,fbref_match_cache,/en/matches/a9d2819f/Fulham-Newcastle-United-April-6-2024-Premier-League,2024-04-07,Newcastle,Fulham,0,Eddie Howe
08114c35,2324,2024-04-06,fbref_match_cache,/en/matches/08114c35/Luton-Town-Bournemouth-April-6-2024-Premier-League,2024-04-07,Luton Town,Bournemouth,1,Rob Edwards
08114c35,2324,2024-04-06,fbref_match_cache,/en/matches/08114c35/Luton-Town-Bournemouth-April-6-2024-Premier-League,2024-04-07,Bournemouth,Luton Town,0,Andoni Iraola
4f0b227b,2324,2024-04-06,fbref_match_cache,/en/matches/4f0b227b/Wolverhampton-Wanderers-West-Ham-United-April-6-2024-Premier-League,2024-04-07,Wolves,West Ham,1,Gary O'Neil
4f0b227b,2324,2024-04-06,fbref_match_cache,/en/matches/4f0b227b/Wolverhampton-Wanderers-West-Ham-United-April-6-2024-Premier-League,2024-04-07,West Ham,Wolves,0,David Moyes
d57ffe1a,2324,2024-04-07,fbref_match_cache,/en/matches/d57ffe1a/North-West-Derby-Manchester-United-Liverpool-April-7-2024-Premier-League,2024-04-08,Man United,Liverpool,1,Erik ten Hag
d57ffe1a,2324,2024-04-07,fbref_match_cache,/en/matches/d57ffe1a/North-West-Derby-Manchester-United-Liverpool-April-7-2024-Premier-League,2024-04-08,Liverpool,Man United,0,Jürgen Klopp
d3850c26,2324,2024-04-07,fbref_match_cache,/en/matches/d3850c26/Sheffield-United-Chelsea-April-7-2024-Premier-League,2024-04-08,Sheffield United,Chelsea,1,Chris Wilder
d3850c26,2324,2024-04-07,fbref_match_cache,/en/matches/d3850c26/Sheffield-United-Chelsea-April-7-2024-Premier-League,2024-04-08,Chelsea,Sheffield United,0,Mauricio Pochettino
7598049f,2324,2024-04-07,fbref_match_cache,/en/matches/7598049f/Tottenham-Hotspur-Nottingham-Forest-April-7-2024-Premier-League,2024-04-08,Tottenham,Nott'm Forest,1,Ange Postecoglou
7598049f,2324,2024-04-07,fbref_match_cache,/en/matches/7598049f/Tottenham-Hotspur-Nottingham-Forest-April-7-2024-Premier-League,2024-04-08,Nott'm Forest,Tottenham,0,Nuno Espírito Santo
32a8be36,2324,2024-04-13,fbref_match_cache,/en/matches/32a8be36/Bournemouth-Manchester-United-April-13-2024-Premier-League,2024-04-14,Bournemouth,Man United,1,Andoni Iraola
32a8be36,2324,2024-04-13,fbref_match_cache,/en/matches/32a8be36/Bournemouth-Manchester-United-April-13-2024-Premier-League,2024-04-14,Man United,Bournemouth,0,Erik ten Hag
4a4d2976,2324,2024-04-13,fbref_match_cache,/en/matches/4a4d2976/Brentford-Sheffield-United-April-13-2024-Premier-League,2024-04-14,Brentford,Sheffield United,1,Thomas Frank
4a4d2976,2324,2024-04-13,fbref_match_cache,/en/matches/4a4d2976/Brentford-Sheffield-United-April-13-2024-Premier-League,2024-04-14,Sheffield United,Brentford,0,Chris Wilder
c9ab1f95,2324,2024-04-13,fbref_match_cache,/en/matches/c9ab1f95/Burnley-Brighton-and-Hove-Albion-April-13-2024-Premier-League,2024-04-14,Burnley,Brighton,1,Vincent Kompany
c9ab1f95,2324,2024-04-13,fbref_match_cache,/en/matches/c9ab1f95/Burnley-Brighton-and-Hove-Albion-April-13-2024-Premier-League,2024-04-14,Brighton,Burnley,0,Roberto De Zerbi
40128bc4,2324,2024-04-13,fbref_match_cache,/en/matches/40128bc4/Manchester-City-Luton-Town-April-13-2024-Premier-League,2024-04-14,Man City,Luton Town,1,Pep Guardiola
40128bc4,2324,2024-04-13,fbref_match_cache,/en/matches/40128bc4/Manchester-City-Luton-Town-April-13-2024-Premier-League,2024-04-14,Luton Town,Man City,0,Rob Edwards
50db3243,2324,2024-04-13,fbref_match_cache,/en/matches/50db3243/Newcastle-United-Tottenham-Hotspur-April-13-2024-Premier-League,2024-04-14,Newcastle,Tottenham,1,Eddie Howe
50db3243,2324,2024-04-13,fbref_match_cache,/en/matches/50db3243/Newcastle-United-Tottenham-Hotspur-April-13-2024-Premier-League,2024-04-14,Tottenham,Newcastle,0,Ange Postecoglou
4460b6c5,2324,2024-04-13,fbref_match_cache,/en/matches/4460b6c5/Nottingham-Forest-Wolverhampton-Wanderers-April-13-2024-Premier-League,2024-04-14,Nott'm Forest,Wolves,1,Nuno Espírito Santo
4460b6c5,2324,2024-04-13,fbref_match_cache,/en/matches/4460b6c5/Nottingham-Forest-Wolverhampton-Wanderers-April-13-2024-Premier-League,2024-04-14,Wolves,Nott'm Forest,0,Gary O'Neil
c1739ced,2324,2024-04-14,fbref_match_cache,/en/matches/c1739ced/Arsenal-Aston-Villa-April-14-2024-Premier-League,2024-04-15,Arsenal,Aston Villa,1,Mikel Arteta
c1739ced,2324,2024-04-14,fbref_match_cache,/en/matches/c1739ced/Arsenal-Aston-Villa-April-14-2024-Premier-League,2024-04-15,Aston Villa,Arsenal,0,Unai Emery
99113ef3,2324,2024-04-14,fbref_match_cache,/en/matches/99113ef3/Liverpool-Crystal-Palace-April-14-2024-Premier-League,2024-04-15,Liverpool,Crystal Palace,1,Jürgen Klopp
99113ef3,2324,2024-04-14,fbref_match_cache,/en/matches/99113ef3/Liverpool-Crystal-Palace-April-14-2024-Premier-League,2024-04-15,Crystal Palace,Liverpool,0,Oliver Glasner
bd62891f,2324,2024-04-14,fbref_match_cache,/en/matches/bd62891f/West-Ham-United-Fulham-April-14-2024-Premier-League,2024-04-15,West Ham,Fulham,1,David Moyes
bd62891f,2324,2024-04-14,fbref_match_cache,/en/matches/bd62891f/West-Ham-United-Fulham-April-14-2024-Premier-League,2024-04-15,Fulham,West Ham,0,Marco Silva
1a41ac25,2324,2024-04-15,fbref_match_cache,/en/matches/1a41ac25/Chelsea-Everton-April-15-2024-Premier-League,2024-04-16,Chelsea,Everton,1,Mauricio Pochettino
1a41ac25,2324,2024-04-15,fbref_match_cache,/en/matches/1a41ac25/Chelsea-Everton-April-15-2024-Premier-League,2024-04-16,Everton,Chelsea,0,Sean Dyche
c98abeb4,2324,2024-04-20,fbref_match_cache,/en/matches/c98abeb4/Luton-Town-Brentford-April-20-2024-Premier-League,2024-04-21,Luton Town,Brentford,1,Rob Edwards
c98abeb4,2324,2024-04-20,fbref_match_cache,/en/matches/c98abeb4/Luton-Town-Brentford-April-20-2024-Premier-League,2024-04-21,Brentford,Luton Town,0,Thomas Frank
ee8223ec,2324,2024-04-20,fbref_match_cache,/en/matches/ee8223ec/Sheffield-United-Burnley-April-20-2024-Premier-League,2024-04-21,Sheffield United,Burnley,1,Chris Wilder
ee8223ec,2324,2024-04-20,fbref_match_cache,/en/matches/ee8223ec/Sheffield-United-Burnley-April-20-2024-Premier-League,2024-04-21,Burnley,Sheffield United,0,Vincent Kompany
22881ea2,2324,2024-04-20,fbref_match_cache,/en/matches/22881ea2/Wolverhampton-Wanderers-Arsenal-April-20-2024-Premier-League,2024-04-21,Wolves,Arsenal,1,Gary O'Neil
22881ea2,2324,2024-04-20,fbref_match_cache,/en/matches/22881ea2/Wolverhampton-Wanderers-Arsenal-April-20-2024-Premier-League,2024-04-21,Arsenal,Wolves,0,Mikel Arteta
6236de96,2324,2024-04-21,fbref_match_cache,/en/matches/6236de96/Aston-Villa-Bournemouth-April-21-2024-Premier-League,2024-04-22,Aston Villa,Bournemouth,1,Unai Emery
6236de96,2324,2024-04-21,fbref_match_cache,/en/matches/6236de96/Aston-Villa-Bournemouth-April-21-2024-Premier-League,2024-04-22,Bournemouth,Aston Villa,0,Andoni Iraola
6ef6966a,2324,2024-04-21,fbref_match_cache,/en/matches/6ef6966a/Crystal-Palace-West-Ham-United-April-21-2024-Premier-League,2024-04-22,Crystal Palace,West Ham,1,Oliver Glasner
6ef6966a,2324,2024-04-21,fbref_match_cache,/en/matches/6ef6966a/Crystal-Palace-West-Ham-United-April-21-2024-Premier-League,2024-04-22,West Ham,Crystal Palace,0,David Moyes
3025d010,2324,2024-04-21,fbref_match_cache,/en/matches/3025d010/Everton-Nottingham-Forest-April-21-2024-Premier-League,2024-04-22,Everton,Nott'm Forest,1,Sean Dyche
3025d010,2324,2024-04-21,fbref_match_cache,/en/matches/3025d010/Everton-Nottingham-Forest-April-21-2024-Premier-League,2024-04-22,Nott'm Forest,Everton,0,Nuno Espírito Santo
9dcb5084,2324,2024-04-21,fbref_match_cache,/en/matches/9dcb5084/Fulham-Liverpool-April-21-2024-Premier-League,2024-04-22,Fulham,Liverpool,1,Marco Silva
9dcb5084,2324,2024-04-21,fbref_match_cache,/en/matches/9dcb5084/Fulham-Liverpool-April-21-2024-Premier-League,2024-04-22,Liverpool,Fulham,0,Jürgen Klopp
3435dfcc,2324,2024-04-23,fbref_match_cache,/en/matches/3435dfcc/North-West-London-Derby-Arsenal-Chelsea-April-23-2024-Premier-League,2024-04-24,Arsenal,Chelsea,1,Mikel Arteta
3435dfcc,2324,2024-04-23,fbref_match_cache,/en/matches/3435dfcc/North-West-London-Derby-Arsenal-Chelsea-April-23-2024-Premier-League,2024-04-24,Chelsea,Arsenal,0,Mauricio Pochettino
ee21eba2,2324,2024-04-24,fbref_match_cache,/en/matches/ee21eba2/Crystal-Palace-Newcastle-United-April-24-2024-Premier-League,2024-04-25,Crystal Palace,Newcastle,1,Oliver Glasner
ee21eba2,2324,2024-04-24,fbref_match_cache,/en/matches/ee21eba2/Crystal-Palace-Newcastle-United-April-24-2024-Premier-League,2024-04-25,Newcastle,Crystal Palace,0,Eddie Howe
971e0a29,2324,2024-04-24,fbref_match_cache,/en/matches/971e0a29/Merseyside-Derby-Everton-Liverpool-April-24-2024-Premier-League,2024-04-25,Everton,Liverpool,1,Sean Dyche
971e0a29,2324,2024-04-24,fbref_match_cache,/en/matches/971e0a29/Merseyside-Derby-Everton-Liverpool-April-24-2024-Premier-League,2024-04-25,Liverpool,Everton,0,Jürgen Klopp
70770e72,2324,2024-04-24,fbref_match_cache,/en/matches/70770e72/Manchester-United-Sheffield-United-April-24-2024-Premier-League,2024-04-25,Man United,Sheffield United,1,Erik ten Hag
70770e72,2324,2024-04-24,fbref_match_cache,/en/matches/70770e72/Manchester-United-Sheffield-United-April-24-2024-Premier-League,2024-04-25,Sheffield United,Man United,0,Chris Wilder
2e209def,2324,2024-04-24,fbref_match_cache,/en/matches/2e209def/Wolverhampton-Wanderers-Bournemouth-April-24-2024-Premier-League,2024-04-25,Wolves,Bournemouth,1,Gary O'Neil
2e209def,2324,2024-04-24,fbref_match_cache,/en/matches/2e209def/Wolverhampton-Wanderers-Bournemouth-April-24-2024-Premier-League,2024-04-25,Bournemouth,Wolves,0,Andoni Iraola
45bb8cac,2324,2024-04-25,fbref_match_cache,/en/matches/45bb8cac/Brighton-and-Hove-Albion-Manchester-City-April-25-2024-Premier-League,2024-04-26,Brighton,Man City,1,Roberto De Zerbi
45bb8cac,2324,2024-04-25,fbref_match_cache,/en/matches/45bb8cac/Brighton-and-Hove-Albion-Manchester-City-April-25-2024-Premier-League,2024-04-26,Man City,Brighton,0,Pep Guardiola
a88dc35f,2324,2024-04-27,fbref_match_cache,/en/matches/a88dc35f/Aston-Villa-Chelsea-April-27-2024-Premier-League,2024-04-28,Aston Villa,Chelsea,1,Unai Emery
a88dc35f,2324,2024-04-27,fbref_match_cache,/en/matches/a88dc35f/Aston-Villa-Chelsea-April-27-2024-Premier-League,2024-04-28,Chelsea,Aston Villa,0,Mauricio Pochettino
c813a2ae,2324,2024-04-27,fbref_match_cache,/en/matches/c813a2ae/Everton-Brentford-April-27-2024-Premier-League,2024-04-28,Everton,Brentford,1,Sean Dyche
c813a2ae,2324,2024-04-27,fbref_match_cache,/en/matches/c813a2ae/Everton-Brentford-April-27-2024-Premier-League,2024-04-28,Brentford,Everton,0,Thomas Frank
9fe4ec6e,2324,2024-04-27,fbref_match_cache,/en/matches/9fe4ec6e/Fulham-Crystal-Palace-April-27-2024-Premier-League,2024-04-28,Fulham,Crystal Palace,1,Marco Silva
9fe4ec6e,2324,2024-04-27,fbref_match_cache,/en/matches/9fe4ec6e/Fulham-Crystal-Palace-April-27-2024-Premier-League,2024-04-28,Crystal Palace,Fulham,0,Oliver Glasner
e8eb637d,2324,2024-04-27,fbref_match_cache,/en/matches/e8eb637d/Manchester-United-Burnley-April-27-2024-Premier-League,2024-04-28,Man United,Burnley,1,Erik ten Hag
e8eb637d,2324,2024-04-27,fbref_match_cache,/en/matches/e8eb637d/Manchester-United-Burnley-April-27-2024-Premier-League,2024-04-28,Burnley,Man United,0,Vincent Kompany
e92d40be,2324,2024-04-27,fbref_match_cache,/en/matches/e92d40be/Newcastle-United-Sheffield-United-April-27-2024-Premier-League,2024-04-28,Newcastle,Sheffield United,1,Eddie Howe
e92d40be,2324,2024-04-27,fbref_match_cache,/en/matches/e92d40be/Newcastle-United-Sheffield-United-April-27-2024-Premier-League,2024-04-28,Sheffield United,Newcastle,0,Chris Wilder
ba04d7d8,2324,2024-04-27,fbref_match_cache,/en/matches/ba04d7d8/West-Ham-United-Liverpool-April-27-2024-Premier-League,2024-04-28,West Ham,Liverpool,1,David Moyes
ba04d7d8,2324,2024-04-27,fbref_match_cache,/en/matches/ba04d7d8/West-Ham-United-Liverpool-April-27-2024-Premier-League,2024-04-28,Liverpool,West Ham,0,Jürgen Klopp
55d68500,2324,2024-04-27,fbref_match_cache,/en/matches/55d68500/Wolverhampton-Wanderers-Luton-Town-April-27-2024-Premier-League,2024-04-28,Wolves,Luton Town,1,Gary O'Neil
55d68500,2324,2024-04-27,fbref_match_cache,/en/matches/55d68500/Wolverhampton-Wanderers-Luton-Town-April-27-2024-Premier-League,2024-04-28,Luton Town,Wolves,0,Rob Edwards
fa3c7491,2324,2024-04-28,fbref_match_cache,/en/matches/fa3c7491/Bournemouth-Brighton-and-Hove-Albion-April-28-2024-Premier-League,2024-04-29,Bournemouth,Brighton,1,Andoni Iraola
fa3c7491,2324,2024-04-28,fbref_match_cache,/en/matches/fa3c7491/Bournemouth-Brighton-and-Hove-Albion-April-28-2024-Premier-League,2024-04-29,Brighton,Bournemouth,0,Roberto De Zerbi
80bbb25e,2324,2024-04-28,fbref_match_cache,/en/matches/80bbb25e/Nottingham-Forest-Manchester-City-April-28-2024-Premier-League,2024-04-29,Nott'm Forest,Man City,1,Nuno Espírito Santo
80bbb25e,2324,2024-04-28,fbref_match_cache,/en/matches/80bbb25e/Nottingham-Forest-Manchester-City-April-28-2024-Premier-League,2024-04-29,Man City,Nott'm Forest,0,Pep Guardiola
d98c9a99,2324,2024-04-28,fbref_match_cache,/en/matches/d98c9a99/North-London-Derby-Tottenham-Hotspur-Arsenal-April-28-2024-Premier-League,2024-04-29,Tottenham,Arsenal,1,Ange Postecoglou
d98c9a99,2324,2024-04-28,fbref_match_cache,/en/matches/d98c9a99/North-London-Derby-Tottenham-Hotspur-Arsenal-April-28-2024-Premier-League,2024-04-29,Arsenal,Tottenham,0,Mikel Arteta
6b489131,2324,2024-05-02,fbref_match_cache,/en/matches/6b489131/Chelsea-Tottenham-Hotspur-May-2-2024-Premier-League,2024-05-03,Chelsea,Tottenham,1,Mauricio Pochettino
6b489131,2324,2024-05-02,fbref_match_cache,/en/matches/6b489131/Chelsea-Tottenham-Hotspur-May-2-2024-Premier-League,2024-05-03,Tottenham,Chelsea,0,Ange Postecoglou
76d10c7d,2324,2024-05-03,fbref_match_cache,/en/matches/76d10c7d/Luton-Town-Everton-May-3-2024-Premier-League,2024-05-04,Luton Town,Everton,1,Rob Edwards
76d10c7d,2324,2024-05-03,fbref_match_cache,/en/matches/76d10c7d/Luton-Town-Everton-May-3-2024-Premier-League,2024-05-04,Everton,Luton Town,0,Sean Dyche
00bcfc31,2324,2024-05-04,fbref_match_cache,/en/matches/00bcfc31/Arsenal-Bournemouth-May-4-2024-Premier-League,2024-05-05,Arsenal,Bournemouth,1,Mikel Arteta
00bcfc31,2324,2024-05-04,fbref_match_cache,/en/matches/00bcfc31/Arsenal-Bournemouth-May-4-2024-Premier-League,2024-05-05,Bournemouth,Arsenal,0,Andoni Iraola
a388fc69,2324,2024-05-04,fbref_match_cache,/en/matches/a388fc69/Brentford-Fulham-May-4-2024-Premier-League,2024-05-05,Brentford,Fulham,1,Thomas Frank
a388fc69,2324,2024-05-04,fbref_match_cache,/en/matches/a388fc69/Brentford-Fulham-May-4-2024-Premier-League,2024-05-05,Fulham,Brentford,0,Marco Silva
070bf86d,2324,2024-05-04,fbref_match_cache,/en/matches/070bf86d/Burnley-Newcastle-United-May-4-2024-Premier-League,2024-05-05,Burnley,Newcastle,1,Vincent Kompany
070bf86d,2324,2024-05-04,fbref_match_cache,/en/matches/070bf86d/Burnley-Newcastle-United-May-4-2024-Premier-League,2024-05-05,Newcastle,Burnley,0,Eddie Howe
5a9032bf,2324,2024-05-04,fbref_match_cache,/en/matches/5a9032bf/Manchester-City-Wolverhampton-Wanderers-May-4-2024-Premier-League,2024-05-05,Man City,Wolves,1,Pep Guardiola
5a9032bf,2324,2024-05-04,fbref_match_cache,/en/matches/5a9032bf/Manchester-City-Wolverhampton-Wanderers-May-4-2024-Premier-League,2024-05-05,Wolves,Man City,0,Gary O'Neil
91a2da3b,2324,2024-05-04,fbref_match_cache,/en/matches/91a2da3b/Sheffield-United-Nottingham-Forest-May-4-2024-Premier-League,2024-05-05,Sheffield United,Nott'm Forest,1,Chris Wilder
91a2da3b,2324,2024-05-04,fbref_match_cache,/en/matches/91a2da3b/Sheffield-United-Nottingham-Forest-May-4-2024-Premier-League,2024-05-05,Nott'm Forest,Sheffield United,0,Nuno Espírito Santo
5d5f6155,2324,2024-05-05,fbref_match_cache,/en/matches/5d5f6155/Brighton-and-Hove-Albion-Aston-Villa-May-5-2024-Premier-League,2024-05-06,Brighton,Aston Villa,1,Roberto De Zerbi
5d5f6155,2324,2024-05-05,fbref_match_cache,/en/matches/5d5f6155/Brighton-and-Hove-Albion-Aston-Villa-May-5-2024-Premier-League,2024-05-06,Aston Villa,Brighton,0,Unai Emery
f8a0189a,2324,2024-05-05,fbref_match_cache,/en/matches/f8a0189a/Chelsea-West-Ham-United-May-5-2024-Premier-League,2024-05-06,Chelsea,West Ham,1,Mauricio Pochettino
f8a0189a,2324,2024-05-05,fbref_match_cache,/en/matches/f8a0189a/Chelsea-West-Ham-United-May-5-2024-Premier-League,2024-05-06,West Ham,Chelsea,0,David Moyes
08341569,2324,2024-05-05,fbref_match_cache,/en/matches/08341569/Liverpool-Tottenham-Hotspur-May-5-2024-Premier-League,2024-05-06,Liverpool,Tottenham,1,Jürgen Klopp
08341569,2324,2024-05-05,fbref_match_cache,/en/matches/08341569/Liverpool-Tottenham-Hotspur-May-5-2024-Premier-League,2024-05-06,Tottenham,Liverpool,0,Ange Postecoglou
8c4bf9e7,2324,2024-05-06,fbref_match_cache,/en/matches/8c4bf9e7/Crystal-Palace-Manchester-United-May-6-2024-Premier-League,2024-05-07,Crystal Palace,Man United,1,Oliver Glasner
8c4bf9e7,2324,2024-05-06,fbref_match_cache,/en/matches/8c4bf9e7/Crystal-Palace-Manchester-United-May-6-2024-Premier-League,2024-05-07,Man United,Crystal Palace,0,Erik ten Hag
e7b6ebb6,2324,2024-05-11,fbref_match_cache,/en/matches/e7b6ebb6/Bournemouth-Brentford-May-11-2024-Premier-League,2024-05-12,Bournemouth,Brentford,1,Andoni Iraola
e7b6ebb6,2324,2024-05-11,fbref_match_cache,/en/matches/e7b6ebb6/Bournemouth-Brentford-May-11-2024-Premier-League,2024-05-12,Brentford,Bournemouth,0,Thomas Frank
482e6ce4,2324,2024-05-11,fbref_match_cache,/en/matches/482e6ce4/Everton-Sheffield-United-May-11-2024-Premier-League,2024-05-12,Everton,Sheffield United,1,Sean Dyche
482e6ce4,2324,2024-05-11,fbref_match_cache,/en/matches/482e6ce4/Everton-Sheffield-United-May-11-2024-Premier-League,2024-05-12,Sheffield United,Everton,0,Chris Wilder
4e211d29,2324,2024-05-11,fbref_match_cache,/en/matches/4e211d29/Fulham-Manchester-City-May-11-2024-Premier-League,2024-05-12,Fulham,Man City,1,Marco Silva
4e211d29,2324,2024-05-11,fbref_match_cache,/en/matches/4e211d29/Fulham-Manchester-City-May-11-2024-Premier-League,2024-05-12,Man City,Fulham,0,Pep Guardiola
6dbd7d72,2324,2024-05-11,fbref_match_cache,/en/matches/6dbd7d72/Newcastle-United-Brighton-and-Hove-Albion-May-11-2024-Premier-League,2024-05-12,Newcastle,Brighton,1,Eddie Howe
6dbd7d72,2324,2024-05-11,fbref_match_cache,/en/matches/6dbd7d72/Newcastle-United-Brighton-and-Hove-Albion-May-11-2024-Premier-League,2024-05-12,Brighton,Newcastle,0,Roberto De Zerbi
384547b8,2324,2024-05-11,fbref_match_cache,/en/matches/384547b8/Nottingham-Forest-Chelsea-May-11-2024-Premier-League,2024-05-12,Nott'm Forest,Chelsea,1,Nuno Espírito Santo
384547b8,2324,2024-05-11,fbref_match_cache,/en/matches/384547b8/Nottingham-Forest-Chelsea-May-11-2024-Premier-League,2024-05-12,Chelsea,Nott'm Forest,0,Mauricio Pochettino
45c36efd,2324,2024-05-11,fbref_match_cache,/en/matches/45c36efd/Tottenham-Hotspur-Burnley-May-11-2024-Premier-League,2024-05-12,Tottenham,Burnley,1,Ange Postecoglou
45c36efd,2324,2024-05-11,fbref_match_cache,/en/matches/45c36efd/Tottenham-Hotspur-Burnley-May-11-2024-Premier-League,2024-05-12,Burnley,Tottenham,0,Vincent Kompany
17e9dbbf,2324,2024-05-11,fbref_match_cache,/en/matches/17e9dbbf/West-Ham-United-Luton-Town-May-11-2024-Premier-League,2024-05-12,West Ham,Luton Town,1,David Moyes
17e9dbbf,2324,2024-05-11,fbref_match_cache,/en/matches/17e9dbbf/West-Ham-United-Luton-Town-May-11-2024-Premier-League,2024-05-12,Luton Town,West Ham,0,Rob Edwards
16d5b6aa,2324,2024-05-11,fbref_match_cache,/en/matches/16d5b6aa/Wolverhampton-Wanderers-Crystal-Palace-May-11-2024-Premier-League,2024-05-12,Wolves,Crystal Palace,1,Gary O'Neil
16d5b6aa,2324,2024-05-11,fbref_match_cache,/en/matches/16d5b6aa/Wolverhampton-Wanderers-Crystal-Palace-May-11-2024-Premier-League,2024-05-12,Crystal Palace,Wolves,0,Oliver Glasner
ab9827f2,2324,2024-05-12,fbref_match_cache,/en/matches/ab9827f2/Manchester-United-Arsenal-May-12-2024-Premier-League,2024-05-13,Man United,Arsenal,1,Erik ten Hag
ab9827f2,2324,2024-05-12,fbref_match_cache,/en/matches/ab9827f2/Manchester-United-Arsenal-May-12-2024-Premier-League,2024-05-13,Arsenal,Man United,0,Mikel Arteta
72c0709d,2324,2024-05-13,fbref_match_cache,/en/matches/72c0709d/Aston-Villa-Liverpool-May-13-2024-Premier-League,2024-05-14,Aston Villa,Liverpool,1,Unai Emery
72c0709d,2324,2024-05-13,fbref_match_cache,/en/matches/72c0709d/Aston-Villa-Liverpool-May-13-2024-Premier-League,2024-05-14,Liverpool,Aston Villa,0,Jürgen Klopp
2ba17e6d,2324,2024-05-14,fbref_match_cache,/en/matches/2ba17e6d/Tottenham-Hotspur-Manchester-City-May-14-2024-Premier-League,2024-05-15,Tottenham,Man City,1,Ange Postecoglou
2ba17e6d,2324,2024-05-14,fbref_match_cache,/en/matches/2ba17e6d/Tottenham-Hotspur-Manchester-City-May-14-2024-Premier-League,2024-05-15,Man City,Tottenham,0,Pep Guardiola
b42b7907,2324,2024-05-15,fbref_match_cache,/en/matches/b42b7907/Brighton-and-Hove-Albion-Chelsea-May-15-2024-Premier-League,2024-05-16,Brighton,Chelsea,1,Roberto De Zerbi
b42b7907,2324,2024-05-15,fbref_match_cache,/en/matches/b42b7907/Brighton-and-Hove-Albion-Chelsea-May-15-2024-Premier-League,2024-05-16,Chelsea,Brighton,0,Mauricio Pochettino
e43e8597,2324,2024-05-15,fbref_match_cache,/en/matches/e43e8597/Manchester-United-Newcastle-United-May-15-2024-Premier-League,2024-05-16,Man United,Newcastle,1,Erik ten Hag
e43e8597,2324,2024-05-15,fbref_match_cache,/en/matches/e43e8597/Manchester-United-Newcastle-United-May-15-2024-Premier-League,2024-05-16,Newcastle,Man United,0,Eddie Howe
3e33bd98,2324,2024-05-19,fbref_match_cache,/en/matches/3e33bd98/Arsenal-Everton-May-19-2024-Premier-League,2024-05-20,Arsenal,Everton,1,Mikel Arteta
3e33bd98,2324,2024-05-19,fbref_match_cache,/en/matches/3e33bd98/Arsenal-Everton-May-19-2024-Premier-League,2024-05-20,Everton,Arsenal,0,Sean Dyche
546e1a3d,2324,2024-05-19,fbref_match_cache,/en/matches/546e1a3d/Brentford-Newcastle-United-May-19-2024-Premier-League,2024-05-20,Brentford,Newcastle,1,Thomas Frank
546e1a3d,2324,2024-05-19,fbref_match_cache,/en/matches/546e1a3d/Brentford-Newcastle-United-May-19-2024-Premier-League,2024-05-20,Newcastle,Brentford,0,Eddie Howe
47ecdc19,2324,2024-05-19,fbref_match_cache,/en/matches/47ecdc19/Brighton-and-Hove-Albion-Manchester-United-May-19-2024-Premier-League,2024-05-20,Brighton,Man United,1,Roberto De Zerbi
47ecdc19,2324,2024-05-19,fbref_match_cache,/en/matches/47ecdc19/Brighton-and-Hove-Albion-Manchester-United-May-19-2024-Premier-League,2024-05-20,Man United,Brighton,0,Erik ten Hag
dafb05fe,2324,2024-05-19,fbref_match_cache,/en/matches/dafb05fe/Burnley-Nottingham-Forest-May-19-2024-Premier-League,2024-05-20,Burnley,Nott'm Forest,1,Vincent Kompany
dafb05fe,2324,2024-05-19,fbref_match_cache,/en/matches/dafb05fe/Burnley-Nottingham-Forest-May-19-2024-Premier-League,2024-05-20,Nott'm Forest,Burnley,0,Nuno Espírito Santo
7c034003,2324,2024-05-19,fbref_match_cache,/en/matches/7c034003/Chelsea-Bournemouth-May-19-2024-Premier-League,2024-05-20,Chelsea,Bournemouth,1,Mauricio Pochettino
7c034003,2324,2024-05-19,fbref_match_cache,/en/matches/7c034003/Chelsea-Bournemouth-May-19-2024-Premier-League,2024-05-20,Bournemouth,Chelsea,0,Andoni Iraola
c975c7a6,2324,2024-05-19,fbref_match_cache,/en/matches/c975c7a6/Crystal-Palace-Aston-Villa-May-19-2024-Premier-League,2024-05-20,Crystal Palace,Aston Villa,1,Oliver Glasner
c975c7a6,2324,2024-05-19,fbref_match_cache,/en/matches/c975c7a6/Crystal-Palace-Aston-Villa-May-19-2024-Premier-League,2024-05-20,Aston Villa,Crystal Palace,0,Unai Emery
d4823ed5,2324,2024-05-19,fbref_match_cache,/en/matches/d4823ed5/Liverpool-Wolverhampton-Wanderers-May-19-2024-Premier-League,2024-05-20,Liverpool,Wolves,1,Jürgen Klopp
d4823ed5,2324,2024-05-19,fbref_match_cache,/en/matches/d4823ed5/Liverpool-Wolverhampton-Wanderers-May-19-2024-Premier-League,2024-05-20,Wolves,Liverpool,0,Gary O'Neil
0fde9d70,2324,2024-05-19,fbref_match_cache,/en/matches/0fde9d70/Luton-Town-Fulham-May-19-2024-Premier-League,2024-05-20,Luton Town,Fulham,1,Rob Edwards
0fde9d70,2324,2024-05-19,fbref_match_cache,/en/matches/0fde9d70/Luton-Town-Fulham-May-19-2024-Premier-League,2024-05-20,Fulham,Luton Town,0,Marco Silva
29335211,2324,2024-05-19,fbref_match_cache,/en/matches/29335211/Manchester-City-West-Ham-United-May-19-2024-Premier-League,2024-05-20,Man City,West Ham,1,Pep Guardiola
29335211,2324,2024-05-19,fbref_match_cache,/en/matches/29335211/Manchester-City-West-Ham-United-May-19-2024-Premier-League,2024-05-20,West Ham,Man City,0,David Moyes
273a89b4,2324,2024-05-19,fbref_match_cache,/en/matches/273a89b4/Sheffield-United-Tottenham-Hotspur-May-19-2024-Premier-League,2024-05-20,Sheffield United,Tottenham,1,Chris Wilder
273a89b4,2324,2024-05-19,fbref_match_cache,/en/matches/273a89b4/Sheffield-United-Tottenham-Hotspur-May-19-2024-Premier-League,2024-05-20,Tottenham,Sheffield United,0,Ange Postecoglou
cc5b4244,2425,2024-08-16,fbref_match_cache,/en/matches/cc5b4244/Manchester-United-Fulham-August-16-2024-Premier-League,2024-08-17,Man United,Fulham,1,Erik ten Hag
cc5b4244,2425,2024-08-16,fbref_match_cache,/en/matches/cc5b4244/Manchester-United-Fulham-August-16-2024-Premier-League,2024-08-17,Fulham,Man United,0,Marco Silva
c0e3342a,2425,2024-08-17,fbref_match_cache,/en/matches/c0e3342a/Arsenal-Wolverhampton-Wanderers-August-17-2024-Premier-League,2024-08-18,Arsenal,Wolves,1,Mikel Arteta
c0e3342a,2425,2024-08-17,fbref_match_cache,/en/matches/c0e3342a/Arsenal-Wolverhampton-Wanderers-August-17-2024-Premier-League,2024-08-18,Wolves,Arsenal,0,Gary O'Neil
71618ace,2425,2024-08-17,fbref_match_cache,/en/matches/71618ace/Everton-Brighton-and-Hove-Albion-August-17-2024-Premier-League,2024-08-18,Everton,Brighton,1,Sean Dyche
71618ace,2425,2024-08-17,fbref_match_cache,/en/matches/71618ace/Everton-Brighton-and-Hove-Albion-August-17-2024-Premier-League,2024-08-18,Brighton,Everton,0,Fabian Hürzeler
a1d0d529,2425,2024-08-17,fbref_match_cache,/en/matches/a1d0d529/Ipswich-Town-Liverpool-August-17-2024-Premier-League,2024-08-18,Ipswich,Liverpool,1,Kieran McKenna
a1d0d529,2425,2024-08-17,fbref_match_cache,/en/matches/a1d0d529/Ipswich-Town-Liverpool-August-17-2024-Premier-League,2024-08-18,Liverpool,Ipswich,0,Arne Slot
34557647,2425,2024-08-17,fbref_match_cache,/en/matches/34557647/Newcastle-United-Southampton-August-17-2024-Premier-League,2024-08-18,Newcastle,Southampton,1,Eddie Howe
34557647,2425,2024-08-17,fbref_match_cache,/en/matches/34557647/Newcastle-United-Southampton-August-17-2024-Premier-League,2024-08-18,Southampton,Newcastle,0,Russell Martin
4efc72e4,2425,2024-08-17,fbref_match_cache,/en/matches/4efc72e4/Nottingham-Forest-Bournemouth-August-17-2024-Premier-League,2024-08-18,Nott'm Forest,Bournemouth,1,Nuno Espírito Santo
4efc72e4,2425,2024-08-17,fbref_match_cache,/en/matches/4efc72e4/Nottingham-Forest-Bournemouth-August-17-2024-Premier-League,2024-08-18,Bournemouth,Nott'm Forest,0,Andoni Iraola
eac7c00b,2425,2024-08-17,fbref_match_cache,/en/matches/eac7c00b/West-Ham-United-Aston-Villa-August-17-2024-Premier-League,2024-08-18,West Ham,Aston Villa,1,Julen Lopetegui
eac7c00b,2425,2024-08-17,fbref_match_cache,/en/matches/eac7c00b/West-Ham-United-Aston-Villa-August-17-2024-Premier-League,2024-08-18,Aston Villa,West Ham,0,Unai Emery
b63822b9,2425,2024-08-18,fbref_match_cache,/en/matches/b63822b9/Brentford-Crystal-Palace-August-18-2024-Premier-League,2024-08-19,Brentford,Crystal Palace,1,Thomas Frank
b63822b9,2425,2024-08-18,fbref_match_cache,/en/matches/b63822b9/Brentford-Crystal-Palace-August-18-2024-Premier-League,2024-08-19,Crystal Palace,Brentford,0,Oliver Glasner
67a0c715,2425,2024-08-18,fbref_match_cache,/en/matches/67a0c715/Chelsea-Manchester-City-August-18-2024-Premier-League,2024-08-19,Chelsea,Man City,1,Enzo Maresca
67a0c715,2425,2024-08-18,fbref_match_cache,/en/matches/67a0c715/Chelsea-Manchester-City-August-18-2024-Premier-League,2024-08-19,Man City,Chelsea,0,Pep Guardiola
62eea1d6,2425,2024-08-19,fbref_match_cache,/en/matches/62eea1d6/Leicester-City-Tottenham-Hotspur-August-19-2024-Premier-League,2024-08-20,Leicester,Tottenham,1,Steve Cooper
62eea1d6,2425,2024-08-19,fbref_match_cache,/en/matches/62eea1d6/Leicester-City-Tottenham-Hotspur-August-19-2024-Premier-League,2024-08-20,Tottenham,Leicester,0,Ange Postecoglou
4692171a,2425,2024-08-24,fbref_match_cache,/en/matches/4692171a/Aston-Villa-Arsenal-August-24-2024-Premier-League,2024-08-25,Aston Villa,Arsenal,1,Unai Emery
4692171a,2425,2024-08-24,fbref_match_cache,/en/matches/4692171a/Aston-Villa-Arsenal-August-24-2024-Premier-League,2024-08-25,Arsenal,Aston Villa,0,Mikel Arteta
fc8ab8b2,2425,2024-08-24,fbref_match_cache,/en/matches/fc8ab8b2/Brighton-and-Hove-Albion-Manchester-United-August-24-2024-Premier-League,2024-08-25,Brighton,Man United,1,Fabian Hürzeler
fc8ab8b2,2425,2024-08-24,fbref_match_cache,/en/matches/fc8ab8b2/Brighton-and-Hove-Albion-Manchester-United-August-24-2024-Premier-League,2024-08-25,Man United,Brighton,0,Erik ten Hag
540cfb68,2425,2024-08-24,fbref_match_cache,/en/matches/540cfb68/Crystal-Palace-West-Ham-United-August-24-2024-Premier-League,2024-08-25,Crystal Palace,West Ham,1,Oliver Glasner
540cfb68,2425,2024-08-24,fbref_match_cache,/en/matches/540cfb68/Crystal-Palace-West-Ham-United-August-24-2024-Premier-League,2024-08-25,West Ham,Crystal Palace,0,Julen Lopetegui
4d0079fb,2425,2024-08-24,fbref_match_cache,/en/matches/4d0079fb/Fulham-Leicester-City-August-24-2024-Premier-League,2024-08-25,Fulham,Leicester,1,Marco Silva
4d0079fb,2425,2024-08-24,fbref_match_cache,/en/matches/4d0079fb/Fulham-Leicester-City-August-24-2024-Premier-League,2024-08-25,Leicester,Fulham,0,Steve Cooper
a24b7a43,2425,2024-08-24,fbref_match_cache,/en/matches/a24b7a43/Manchester-City-Ipswich-Town-August-24-2024-Premier-League,2024-08-25,Man City,Ipswich,1,Pep Guardiola
a24b7a43,2425,2024-08-24,fbref_match_cache,/en/matches/a24b7a43/Manchester-City-Ipswich-Town-August-24-2024-Premier-League,2024-08-25,Ipswich,Man City,0,Kieran McKenna
a641f3a0,2425,2024-08-24,fbref_match_cache,/en/matches/a641f3a0/Southampton-Nottingham-Forest-August-24-2024-Premier-League,2024-08-25,Southampton,Nott'm Forest,1,Russell Martin
a641f3a0,2425,2024-08-24,fbref_match_cache,/en/matches/a641f3a0/Southampton-Nottingham-Forest-August-24-2024-Premier-League,2024-08-25,Nott'm Forest,Southampton,0,Nuno Espírito Santo
1eef1717,2425,2024-08-24,fbref_match_cache,/en/matches/1eef1717/Tottenham-Hotspur-Everton-August-24-2024-Premier-League,2024-08-25,Tottenham,Everton,1,Ange Postecoglou
1eef1717,2425,2024-08-24,fbref_match_cache,/en/matches/1eef1717/Tottenham-Hotspur-Everton-August-24-2024-Premier-League,2024-08-25,Everton,Tottenham,0,Sean Dyche
1934f267,2425,2024-08-25,fbref_match_cache,/en/matches/1934f267/Bournemouth-Newcastle-United-August-25-2024-Premier-League,2024-08-26,Bournemouth,Newcastle,1,Andoni Iraola
1934f267,2425,2024-08-25,fbref_match_cache,/en/matches/1934f267/Bournemouth-Newcastle-United-August-25-2024-Premier-League,2024-08-26,Newcastle,Bournemouth,0,Eddie Howe
09b1742e,2425,2024-08-25,fbref_match_cache,/en/matches/09b1742e/Liverpool-Brentford-August-25-2024-Premier-League,2024-08-26,Liverpool,Brentford,1,Arne Slot
09b1742e,2425,2024-08-25,fbref_match_cache,/en/matches/09b1742e/Liverpool-Brentford-August-25-2024-Premier-League,2024-08-26,Brentford,Liverpool,0,Thomas Frank
e76c15c9,2425,2024-08-25,fbref_match_cache,/en/matches/e76c15c9/Wolverhampton-Wanderers-Chelsea-August-25-2024-Premier-League,2024-08-26,Wolves,Chelsea,1,Gary O'Neil
e76c15c9,2425,2024-08-25,fbref_match_cache,/en/matches/e76c15c9/Wolverhampton-Wanderers-Chelsea-August-25-2024-Premier-League,2024-08-26,Chelsea,Wolves,0,Enzo Maresca
a843d023,2425,2024-08-31,fbref_match_cache,/en/matches/a843d023/Arsenal-Brighton-and-Hove-Albion-August-31-2024-Premier-League,2024-09-01,Arsenal,Brighton,1,Mikel Arteta
a843d023,2425,2024-08-31,fbref_match_cache,/en/matches/a843d023/Arsenal-Brighton-and-Hove-Albion-August-31-2024-Premier-League,2024-09-01,Brighton,Arsenal,0,Fabian Hürzeler
fec3438b,2425,2024-08-31,fbref_match_cache,/en/matches/fec3438b/Brentford-Southampton-August-31-2024-Premier-League,2024-09-01,Brentford,Southampton,1,Thomas Frank
fec3438b,2425,2024-08-31,fbref_match_cache,/en/matches/fec3438b/Brentford-Southampton-August-31-2024-Premier-League,2024-09-01,Southampton,Brentford,0,Russell Martin
58bbe046,2425,2024-08-31,fbref_match_cache,/en/matches/58bbe046/Everton-Bournemouth-August-31-2024-Premier-League,2024-09-01,Everton,Bournemouth,1,Sean Dyche
58bbe046,2425,2024-08-31,fbref_match_cache,/en/matches/58bbe046/Everton-Bournemouth-August-31-2024-Premier-League,2024-09-01,Bournemouth,Everton,0,Andoni Iraola
cec85838,2425,2024-08-31,fbref_match_cache,/en/matches/cec85838/Ipswich-Town-Fulham-August-31-2024-Premier-League,2024-09-01,Ipswich,Fulham,1,Kieran McKenna
cec85838,2425,2024-08-31,fbref_match_cache,/en/matches/cec85838/Ipswich-Town-Fulham-August-31-2024-Premier-League,2024-09-01,Fulham,Ipswich,0,Marco Silva
5af68b76,2425,2024-08-31,fbref_match_cache,/en/matches/5af68b76/Leicester-City-Aston-Villa-August-31-2024-Premier-League,2024-09-01,Leicester,Aston Villa,1,Steve Cooper
5af68b76,2425,2024-08-31,fbref_match_cache,/en/matches/5af68b76/Leicester-City-Aston-Villa-August-31-2024-Premier-League,2024-09-01,Aston Villa,Leicester,0,Unai Emery
837f0304,2425,2024-08-31,fbref_match_cache,/en/matches/837f0304/Nottingham-Forest-Wolverhampton-Wanderers-August-31-2024-Premier-League,2024-09-01,Nott'm Forest,Wolves,1,Nuno Espírito Santo
837f0304,2425,2024-08-31,fbref_match_cache,/en/matches/837f0304/Nottingham-Forest-Wolverhampton-Wanderers-August-31-2024-Premier-League,2024-09-01,Wolves,Nott'm Forest,0,Gary O'Neil
97ce60d4,2425,2024-08-31,fbref_match_cache,/en/matches/97ce60d4/West-Ham-United-Manchester-City-August-31-2024-Premier-League,2024-09-01,West Ham,Man City,1,Julen Lopetegui
97ce60d4,2425,2024-08-31,fbref_match_cache,/en/matches/97ce60d4/West-Ham-United-Manchester-City-August-31-2024-Premier-League,2024-09-01,Man City,West Ham,0,Pep Guardiola
3387c2c8,2425,2024-09-01,fbref_match_cache,/en/matches/3387c2c8/Chelsea-Crystal-Palace-September-1-2024-Premier-League,2024-09-02,Chelsea,Crystal Palace,1,Enzo Maresca
3387c2c8,2425,2024-09-01,fbref_match_cache,/en/matches/3387c2c8/Chelsea-Crystal-Palace-September-1-2024-Premier-League,2024-09-02,Crystal Palace,Chelsea,0,Oliver Glasner
a7ab7a12,2425,2024-09-01,fbref_match_cache,/en/matches/a7ab7a12/North-West-Derby-Manchester-United-Liverpool-September-1-2024-Premier-League,2024-09-02,Man United,Liverpool,1,Erik ten Hag
a7ab7a12,2425,2024-09-01,fbref_match_cache,/en/matches/a7ab7a12/North-West-Derby-Manchester-United-Liverpool-September-1-2024-Premier-League,2024-09-02,Liverpool,Man United,0,Arne Slot
0c994746,2425,2024-09-01,fbref_match_cache,/en/matches/0c994746/Newcastle-United-Tottenham-Hotspur-September-1-2024-Premier-League,2024-09-02,Newcastle,Tottenham,1,Eddie Howe
0c994746,2425,2024-09-01,fbref_match_cache,/en/matches/0c994746/Newcastle-United-Tottenham-Hotspur-September-1-2024-Premier-League,2024-09-02,Tottenham,Newcastle,0,Ange Postecoglou
cdb4c33b,2425,2024-09-14,fbref_match_cache,/en/matches/cdb4c33b/Aston-Villa-Everton-September-14-2024-Premier-League,2024-09-15,Aston Villa,Everton,1,Unai Emery
cdb4c33b,2425,2024-09-14,fbref_match_cache,/en/matches/cdb4c33b/Aston-Villa-Everton-September-14-2024-Premier-League,2024-09-15,Everton,Aston Villa,0,Sean Dyche
456b4762,2425,2024-09-14,fbref_match_cache,/en/matches/456b4762/Bournemouth-Chelsea-September-14-2024-Premier-League,2024-09-15,Bournemouth,Chelsea,1,Andoni Iraola
456b4762,2425,2024-09-14,fbref_match_cache,/en/matches/456b4762/Bournemouth-Chelsea-September-14-2024-Premier-League,2024-09-15,Chelsea,Bournemouth,0,Enzo Maresca
2ffa4354,2425,2024-09-14,fbref_match_cache,/en/matches/2ffa4354/Brighton-and-Hove-Albion-Ipswich-Town-September-14-2024-Premier-League,2024-09-15,Brighton,Ipswich,1,Fabian Hürzeler
2ffa4354,2425,2024-09-14,fbref_match_cache,/en/matches/2ffa4354/Brighton-and-Hove-Albion-Ipswich-Town-September-14-2024-Premier-League,2024-09-15,Ipswich,Brighton,0,Kieran McKenna
430cce12,2425,2024-09-14,fbref_match_cache,/en/matches/430cce12/Crystal-Palace-Leicester-City-September-14-2024-Premier-League,2024-09-15,Crystal Palace,Leicester,1,Oliver Glasner
430cce12,2425,2024-09-14,fbref_match_cache,/en/matches/430cce12/Crystal-Palace-Leicester-City-September-14-2024-Premier-League,2024-09-15,Leicester,Crystal Palace,0,Steve Cooper
fa2b1777,2425,2024-09-14,fbref_match_cache,/en/matches/fa2b1777/Fulham-West-Ham-United-September-14-2024-Premier-League,2024-09-15,Fulham,West Ham,1,Marco Silva
fa2b1777,2425,2024-09-14,fbref_match_cache,/en/matches/fa2b1777/Fulham-West-Ham-United-September-14-2024-Premier-League,2024-09-15,West Ham,Fulham,0,Julen Lopetegui
674bfe9e,2425,2024-09-14,fbref_match_cache,/en/matches/674bfe9e/Liverpool-Nottingham-Forest-September-14-2024-Premier-League,2024-09-15,Liverpool,Nott'm Forest,1,Arne Slot
674bfe9e,2425,2024-09-14,fbref_match_cache,/en/matches/674bfe9e/Liverpool-Nottingham-Forest-September-14-2024-Premier-League,2024-09-15,Nott'm Forest,Liverpool,0,Nuno Espírito Santo
54405f8a,2425,2024-09-14,fbref_match_cache,/en/matches/54405f8a/Manchester-City-Brentford-September-14-2024-Premier-League,2024-09-15,Man City,Brentford,1,Pep Guardiola
54405f8a,2425,2024-09-14,fbref_match_cache,/en/matches/54405f8a/Manchester-City-Brentford-September-14-2024-Premier-League,2024-09-15,Brentford,Man City,0,Thomas Frank
b96c3759,2425,2024-09-14,fbref_match_cache,/en/matches/b96c3759/Southampton-Manchester-United-September-14-2024-Premier-League,2024-09-15,Southampton,Man United,1,Russell Martin
b96c3759,2425,2024-09-14,fbref_match_cache,/en/matches/b96c3759/Southampton-Manchester-United-September-14-2024-Premier-League,2024-09-15,Man United,Southampton,0,Erik ten Hag
17774a57,2425,2024-09-15,fbref_match_cache,/en/matches/17774a57/North-London-Derby-Tottenham-Hotspur-Arsenal-September-15-2024-Premier-League,2024-09-16,Tottenham,Arsenal,1,Ange Postecoglou
17774a57,2425,2024-09-15,fbref_match_cache,/en/matches/17774a57/North-London-Derby-Tottenham-Hotspur-Arsenal-September-15-2024-Premier-League,2024-09-16,Arsenal,Tottenham,0,Mikel Arteta
4b01981e,2425,2024-09-15,fbref_match_cache,/en/matches/4b01981e/Wolverhampton-Wanderers-Newcastle-United-September-15-2024-Premier-League,2024-09-16,Wolves,Newcastle,1,Gary O'Neil
4b01981e,2425,2024-09-15,fbref_match_cache,/en/matches/4b01981e/Wolverhampton-Wanderers-Newcastle-United-September-15-2024-Premier-League,2024-09-16,Newcastle,Wolves,0,Eddie Howe
e2b62260,2425,2024-09-21,fbref_match_cache,/en/matches/e2b62260/Aston-Villa-Wolverhampton-Wanderers-September-21-2024-Premier-League,2024-09-22,Aston Villa,Wolves,1,Unai Emery
e2b62260,2425,2024-09-21,fbref_match_cache,/en/matches/e2b62260/Aston-Villa-Wolverhampton-Wanderers-September-21-2024-Premier-League,2024-09-22,Wolves,Aston Villa,0,Gary O'Neil
929e225f,2425,2024-09-21,fbref_match_cache,/en/matches/929e225f/Crystal-Palace-Manchester-United-September-21-2024-Premier-League,2024-09-22,Crystal Palace,Man United,1,Oliver Glasner
929e225f,2425,2024-09-21,fbref_match_cache,/en/matches/929e225f/Crystal-Palace-Manchester-United-September-21-2024-Premier-League,2024-09-22,Man United,Crystal Palace,0,Erik ten Hag
de7298df,2425,2024-09-21,fbref_match_cache,/en/matches/de7298df/Fulham-Newcastle-United-September-21-2024-Premier-League,2024-09-22,Fulham,Newcastle,1,Marco Silva
de7298df,2425,2024-09-21,fbref_match_cache,/en/matches/de7298df/Fulham-Newcastle-United-September-21-2024-Premier-League,2024-09-22,Newcastle,Fulham,0,Eddie Howe
4e6e1cc7,2425,2024-09-21,fbref_match_cache,/en/matches/4e6e1cc7/Leicester-City-Everton-September-21-2024-Premier-League,2024-09-22,Leicester,Everton,1,Steve Cooper
4e6e1cc7,2425,2024-09-21,fbref_match_cache,/en/matches/4e6e1cc7/Leicester-City-Everton-September-21-2024-Premier-League,2024-09-22,Everton,Leicester,0,Sean Dyche
32a9539b,2425,2024-09-21,fbref_match_cache,/en/matches/32a9539b/Liverpool-Bournemouth-September-21-2024-Premier-League,2024-09-22,Liverpool,Bournemouth,1,Arne Slot
32a9539b,2425,2024-09-21,fbref_match_cache,/en/matches/32a9539b/Liverpool-Bournemouth-September-21-2024-Premier-League,2024-09-22,Bournemouth,Liverpool,0,Andoni Iraola
948d52cc,2425,2024-09-21,fbref_match_cache,/en/matches/948d52cc/Southampton-Ipswich-Town-September-21-2024-Premier-League,2024-09-22,Southampton,Ipswich,1,Russell Martin
948d52cc,2425,2024-09-21,fbref_match_cache,/en/matches/948d52cc/Southampton-Ipswich-Town-September-21-2024-Premier-League,2024-09-22,Ipswich,Southampton,0,Kieran McKenna
9511708f,2425,2024-09-21,fbref_match_cache,/en/matches/9511708f/Tottenham-Hotspur-Brentford-September-21-2024-Premier-League,2024-09-22,Tottenham,Brentford,1,Ange Postecoglou
9511708f,2425,2024-09-21,fbref_match_cache,/en/matches/9511708f/Tottenham-Hotspur-Brentford-September-21-2024-Premier-League,2024-09-22,Brentford,Tottenham,0,Thomas Frank
ce0fb1f5,2425,2024-09-21,fbref_match_cache,/en/matches/ce0fb1f5/West-Ham-United-Chelsea-September-21-2024-Premier-League,2024-09-22,West Ham,Chelsea,1,Julen Lopetegui
ce0fb1f5,2425,2024-09-21,fbref_match_cache,/en/matches/ce0fb1f5/West-Ham-United-Chelsea-September-21-2024-Premier-League,2024-09-22,Chelsea,West Ham,0,Enzo Maresca
d701a1df,2425,2024-09-22,fbref_match_cache,/en/matches/d701a1df/Brighton-and-Hove-Albion-Nottingham-Forest-September-22-2024-Premier-League,2024-09-23,Brighton,Nott'm Forest,1,Fabian Hürzeler
d701a1df,2425,2024-09-22,fbref_match_cache,/en/matches/d701a1df/Brighton-and-Hove-Albion-Nottingham-Forest-September-22-2024-Premier-League,2024-09-23,Nott'm Forest,Brighton,0,Nuno Espírito Santo
d7538020,2425,2024-09-22,fbref_match_cache,/en/matches/d7538020/Manchester-City-Arsenal-September-22-2024-Premier-League,2024-09-23,Man City,Arsenal,1,Pep Guardiola
d7538020,2425,2024-09-22,fbref_match_cache,/en/matches/d7538020/Manchester-City-Arsenal-September-22-2024-Premier-League,2024-09-23,Arsenal,Man City,0,Mikel Arteta
2ee60ac7,2425,2024-09-28,fbref_match_cache,/en/matches/2ee60ac7/Arsenal-Leicester-City-September-28-2024-Premier-League,2024-09-29,Arsenal,Leicester,1,Mikel Arteta
2ee60ac7,2425,2024-09-28,fbref_match_cache,/en/matches/2ee60ac7/Arsenal-Leicester-City-September-28-2024-Premier-League,2024-09-29,Leicester,Arsenal,0,Steve Cooper
9c4f2bcd,2425,2024-09-28,fbref_match_cache,/en/matches/9c4f2bcd/Brentford-West-Ham-United-September-28-2024-Premier-League,2024-09-29,Brentford,West Ham,1,Thomas Frank
9c4f2bcd,2425,2024-09-28,fbref_match_cache,/en/matches/9c4f2bcd/Brentford-West-Ham-United-September-28-2024-Premier-League,2024-09-29,West Ham,Brentford,0,Julen Lopetegui
1714cebe,2425,2024-09-28,fbref_match_cache,/en/matches/1714cebe/Chelsea-Brighton-and-Hove-Albion-September-28-2024-Premier-League,2024-09-29,Chelsea,Brighton,1,Enzo Maresca
1714cebe,2425,2024-09-28,fbref_match_cache,/en/matches/1714cebe/Chelsea-Brighton-and-Hove-Albion-September-28-2024-Premier-League,2024-09-29,Brighton,Chelsea,0,Fabian Hürzeler
d47382cd,2425,2024-09-28,fbref_match_cache,/en/matches/d47382cd/Everton-Crystal-Palace-September-28-2024-Premier-League,2024-09-29,Everton,Crystal Palace,1,Sean Dyche
d47382cd,2425,2024-09-28,fbref_match_cache,/en/matches/d47382cd/Everton-Crystal-Palace-September-28-2024-Premier-League,2024-09-29,Crystal Palace,Everton,0,Oliver Glasner
b4df0bca,2425,2024-09-28,fbref_match_cache,/en/matches/b4df0bca/Newcastle-United-Manchester-City-September-28-2024-Premier-League,2024-09-29,Newcastle,Man City,1,Eddie Howe
b4df0bca,2425,2024-09-28,fbref_match_cache,/en/matches/b4df0bca/Newcastle-United-Manchester-City-September-28-2024-Premier-League,2024-09-29,Man City,Newcastle,0,Pep Guardiola
ee7d3371,2425,2024-09-28,fbref_match_cache,/en/matches/ee7d3371/Nottingham-Forest-Fulham-September-28-2024-Premier-League,2024-09-29,Nott'm Forest,Fulham,1,Nuno Espírito Santo
ee7d3371,2425,2024-09-28,fbref_match_cache,/en/matches/ee7d3371/Nottingham-Forest-Fulham-September-28-2024-Premier-League,2024-09-29,Fulham,Nott'm Forest,0,Marco Silva
f2633f1d,2425,2024-09-28,fbref_match_cache,/en/matches/f2633f1d/Wolverhampton-Wanderers-Liverpool-September-28-2024-Premier-League,2024-09-29,Wolves,Liverpool,1,Gary O'Neil
f2633f1d,2425,2024-09-28,fbref_match_cache,/en/matches/f2633f1d/Wolverhampton-Wanderers-Liverpool-September-28-2024-Premier-League,2024-09-29,Liverpool,Wolves,0,Arne Slot
ef742b9c,2425,2024-09-29,fbref_match_cache,/en/matches/ef742b9c/Ipswich-Town-Aston-Villa-September-29-2024-Premier-League,2024-09-30,Ipswich,Aston Villa,1,Kieran McKenna
ef742b9c,2425,2024-09-29,fbref_match_cache,/en/matches/ef742b9c/Ipswich-Town-Aston-Villa-September-29-2024-Premier-League,2024-09-30,Aston Villa,Ipswich,0,Unai Emery
c4b97377,2425,2024-09-29,fbref_match_cache,/en/matches/c4b97377/Manchester-United-Tottenham-Hotspur-September-29-2024-Premier-League,2024-09-30,Man United,Tottenham,1,Erik ten Hag
c4b97377,2425,2024-09-29,fbref_match_cache,/en/matches/c4b97377/Manchester-United-Tottenham-Hotspur-September-29-2024-Premier-League,2024-09-30,Tottenham,Man United,0,Ange Postecoglou
04d2cc03,2425,2024-09-30,fbref_match_cache,/en/matches/04d2cc03/Bournemouth-Southampton-September-30-2024-Premier-League,2024-10-01,Bournemouth,Southampton,1,Andoni Iraola
04d2cc03,2425,2024-09-30,fbref_match_cache,/en/matches/04d2cc03/Bournemouth-Southampton-September-30-2024-Premier-League,2024-10-01,Southampton,Bournemouth,0,Russell Martin
c6439e5b,2425,2024-10-05,fbref_match_cache,/en/matches/c6439e5b/Arsenal-Southampton-October-5-2024-Premier-League,2024-10-06,Arsenal,Southampton,1,Mikel Arteta
c6439e5b,2425,2024-10-05,fbref_match_cache,/en/matches/c6439e5b/Arsenal-Southampton-October-5-2024-Premier-League,2024-10-06,Southampton,Arsenal,0,Russell Martin
909090f8,2425,2024-10-05,fbref_match_cache,/en/matches/909090f8/Brentford-Wolverhampton-Wanderers-October-5-2024-Premier-League,2024-10-06,Brentford,Wolves,1,Thomas Frank
909090f8,2425,2024-10-05,fbref_match_cache,/en/matches/909090f8/Brentford-Wolverhampton-Wanderers-October-5-2024-Premier-League,2024-10-06,Wolves,Brentford,0,Gary O'Neil
49ea224b,2425,2024-10-05,fbref_match_cache,/en/matches/49ea224b/Crystal-Palace-Liverpool-October-5-2024-Premier-League,2024-10-06,Crystal Palace,Liverpool,1,Oliver Glasner
49ea224b,2425,2024-10-05,fbref_match_cache,/en/matches/49ea224b/Crystal-Palace-Liverpool-October-5-2024-Premier-League,2024-10-06,Liverpool,Crystal Palace,0,Arne Slot
e99a7857,2425,2024-10-05,fbref_match_cache,/en/matches/e99a7857/Everton-Newcastle-United-October-5-2024-Premier-League,2024-10-06,Everton,Newcastle,1,Sean Dyche
e99a7857,2425,2024-10-05,fbref_match_cache,/en/matches/e99a7857/Everton-Newcastle-United-October-5-2024-Premier-League,2024-10-06,Newcastle,Everton,0,Eddie Howe
d153872e,2425,2024-10-05,fbref_match_cache,/en/matches/d153872e/Leicester-City-Bournemouth-October-5-2024-Premier-League,2024-10-06,Leicester,Bournemouth,1,Steve Cooper
d153872e,2425,2024-10-05,fbref_match_cache,/en/matches/d153872e/Leicester-City-Bournemouth-October-5-2024-Premier-League,2024-10-06,Bournemouth,Leicester,0,Andoni Iraola
61d60f62,2425,2024-10-05,fbref_match_cache,/en/matches/61d60f62/Manchester-City-Fulham-October-5-2024-Premier-League,2024-10-06,Man City,Fulham,1,Pep Guardiola
61d60f62,2425,2024-10-05,fbref_match_cache,/en/matches/61d60f62/Manchester-City-Fulham-October-5-2024-Premier-League,2024-10-06,Fulham,Man City,0,Marco Silva
93e19c5e,2425,2024-10-05,fbref_match_cache,/en/matches/93e19c5e/West-Ham-United-Ipswich-Town-October-5-2024-Premier-League,2024-10-06,West Ham,Ipswich,1,Julen Lopetegui
93e19c5e,2425,2024-10-05,fbref_match_cache,/en/matches/93e19c5e/West-Ham-United-Ipswich-Town-October-5-2024-Premier-League,2024-10-06,Ipswich,West Ham,0,Kieran McKenna
abef5f2a,2425,2024-10-06,fbref_match_cache,/en/matches/abef5f2a/Aston-Villa-Manchester-United-October-6-2024-Premier-League,2024-10-07,Aston Villa,Man United,1,Unai Emery
abef5f2a,2425,2024-10-06,fbref_match_cache,/en/matches/abef5f2a/Aston-Villa-Manchester-United-October-6-2024-Premier-League,2024-10-07,Man United,Aston Villa,0,Erik ten Hag
dac142c7,2425,2024-10-06,fbref_match_cache,/en/matches/dac142c7/Brighton-and-Hove-Albion-Tottenham-Hotspur-October-6-2024-Premier-League,2024-10-07,Brighton,Tottenham,1,Fabian Hürzeler
dac142c7,2425,2024-10-06,fbref_match_cache,/en/matches/dac142c7/Brighton-and-Hove-Albion-Tottenham-Hotspur-October-6-2024-Premier-League,2024-10-07,Tottenham,Brighton,0,Ange Postecoglou
b9e00aac,2425,2024-10-06,fbref_match_cache,/en/matches/b9e00aac/Chelsea-Nottingham-Forest-October-6-2024-Premier-League,2024-10-07,Chelsea,Nott'm Forest,1,Enzo Maresca
b9e00aac,2425,2024-10-06,fbref_match_cache,/en/matches/b9e00aac/Chelsea-Nottingham-Forest-October-6-2024-Premier-League,2024-10-07,Nott'm Forest,Chelsea,0,Nuno Espírito Santo
01e63a1f,2425,2024-10-19,fbref_match_cache,/en/matches/01e63a1f/Bournemouth-Arsenal-October-19-2024-Premier-League,2024-10-20,Bournemouth,Arsenal,1,Andoni Iraola
01e63a1f,2425,2024-10-19,fbref_match_cache,/en/matches/01e63a1f/Bournemouth-Arsenal-October-19-2024-Premier-League,2024-10-20,Arsenal,Bournemouth,0,Mikel Arteta
615d637e,2425,2024-10-19,fbref_match_cache,/en/matches/615d637e/Fulham-Aston-Villa-October-19-2024-Premier-League,2024-10-20,Fulham,Aston Villa,1,Marco Silva
615d637e,2425,2024-10-19,fbref_match_cache,/en/matches/615d637e/Fulham-Aston-Villa-October-19-2024-Premier-League,2024-10-20,Aston Villa,Fulham,0,Unai Emery
2273e126,2425,2024-10-19,fbref_match_cache,/en/matches/2273e126/Ipswich-Town-Everton-October-19-2024-Premier-League,2024-10-20,Ipswich,Everton,1,Kieran McKenna
2273e126,2425,2024-10-19,fbref_match_cache,/en/matches/2273e126/Ipswich-Town-Everton-October-19-2024-Premier-League,2024-10-20,Everton,Ipswich,0,Sean Dyche
7f2c3291,2425,2024-10-19,fbref_match_cache,/en/matches/7f2c3291/Manchester-United-Brentford-October-19-2024-Premier-League,2024-10-20,Man United,Brentford,1,Erik ten Hag
7f2c3291,2425,2024-10-19,fbref_match_cache,/en/matches/7f2c3291/Manchester-United-Brentford-October-19-2024-Premier-League,2024-10-20,Brentford,Man United,0,Thomas Frank
48081db0,2425,2024-10-19,fbref_match_cache,/en/matches/48081db0/Newcastle-United-Brighton-and-Hove-Albion-October-19-2024-Premier-League,2024-10-20,Newcastle,Brighton,1,Eddie Howe
48081db0,2425,2024-10-19,fbref_match_cache,/en/matches/48081db0/Newcastle-United-Brighton-and-Hove-Albion-October-19-2024-Premier-League,2024-10-20,Brighton,Newcastle,0,Fabian Hürzeler
03d28c48,2425,2024-10-19,fbref_match_cache,/en/matches/03d28c48/Southampton-Leicester-City-October-19-2024-Premier-League,2024-10-20,Southampton,Leicester,1,Russell Martin
03d28c48,2425,2024-10-19,fbref_match_cache,/en/matches/03d28c48/Southampton-Leicester-City-October-19-2024-Premier-League,2024-10-20,Leicester,Southampton,0,Steve Cooper
923bfab0,2425,2024-10-19,fbref_match_cache,/en/matches/923bfab0/Tottenham-Hotspur-West-Ham-United-October-19-2024-Premier-League,2024-10-20,Tottenham,West Ham,1,Ange Postecoglou
923bfab0,2425,2024-10-19,fbref_match_cache,/en/matches/923bfab0/Tottenham-Hotspur-West-Ham-United-October-19-2024-Premier-League,2024-10-20,West Ham,Tottenham,0,Julen Lopetegui
99b4737c,2425,2024-10-20,fbref_match_cache,/en/matches/99b4737c/Liverpool-Chelsea-October-20-2024-Premier-League,2024-10-21,Liverpool,Chelsea,1,Arne Slot
99b4737c,2425,2024-10-20,fbref_match_cache,/en/matches/99b4737c/Liverpool-Chelsea-October-20-2024-Premier-League,2024-10-21,Chelsea,Liverpool,0,Enzo Maresca
90b22cd5,2425,2024-10-20,fbref_match_cache,/en/matches/90b22cd5/Wolverhampton-Wanderers-Manchester-City-October-20-2024-Premier-League,2024-10-21,Wolves,Man City,1,Gary O'Neil
90b22cd5,2425,2024-10-20,fbref_match_cache,/en/matches/90b22cd5/Wolverhampton-Wanderers-Manchester-City-October-20-2024-Premier-League,2024-10-21,Man City,Wolves,0,Pep Guardiola
5ed3894e,2425,2024-10-21,fbref_match_cache,/en/matches/5ed3894e/Nottingham-Forest-Crystal-Palace-October-21-2024-Premier-League,2024-10-22,Nott'm Forest,Crystal Palace,1,Nuno Espírito Santo
5ed3894e,2425,2024-10-21,fbref_match_cache,/en/matches/5ed3894e/Nottingham-Forest-Crystal-Palace-October-21-2024-Premier-League,2024-10-22,Crystal Palace,Nott'm Forest,0,Oliver Glasner
292d8bc4,2425,2024-10-25,fbref_match_cache,/en/matches/292d8bc4/Leicester-City-Nottingham-Forest-October-25-2024-Premier-League,2024-10-26,Leicester,Nott'm Forest,1,Steve Cooper
292d8bc4,2425,2024-10-25,fbref_match_cache,/en/matches/292d8bc4/Leicester-City-Nottingham-Forest-October-25-2024-Premier-League,2024-10-26,Nott'm Forest,Leicester,0,Nuno Espírito Santo
bce300b2,2425,2024-10-26,fbref_match_cache,/en/matches/bce300b2/Aston-Villa-Bournemouth-October-26-2024-Premier-League,2024-10-27,Aston Villa,Bournemouth,1,Unai Emery
bce300b2,2425,2024-10-26,fbref_match_cache,/en/matches/bce300b2/Aston-Villa-Bournemouth-October-26-2024-Premier-League,2024-10-27,Bournemouth,Aston Villa,0,Andoni Iraola
1fb2dcde,2425,2024-10-26,fbref_match_cache,/en/matches/1fb2dcde/Brentford-Ipswich-Town-October-26-2024-Premier-League,2024-10-27,Brentford,Ipswich,1,Thomas Frank
1fb2dcde,2425,2024-10-26,fbref_match_cache,/en/matches/1fb2dcde/Brentford-Ipswich-Town-October-26-2024-Premier-League,2024-10-27,Ipswich,Brentford,0,Kieran McKenna
9487e056,2425,2024-10-26,fbref_match_cache,/en/matches/9487e056/Brighton-and-Hove-Albion-Wolverhampton-Wanderers-October-26-2024-Premier-League,2024-10-27,Brighton,Wolves,1,Fabian Hürzeler
9487e056,2425,2024-10-26,fbref_match_cache,/en/matches/9487e056/Brighton-and-Hove-Albion-Wolverhampton-Wanderers-October-26-2024-Premier-League,2024-10-27,Wolves,Brighton,0,Gary O'Neil
1e5152bf,2425,2024-10-26,fbref_match_cache,/en/matches/1e5152bf/Everton-Fulham-October-26-2024-Premier-League,2024-10-27,Everton,Fulham,1,Sean Dyche
1e5152bf,2425,2024-10-26,fbref_match_cache,/en/matches/1e5152bf/Everton-Fulham-October-26-2024-Premier-League,2024-10-27,Fulham,Everton,0,Marco Silva
b66f6389,2425,2024-10-26,fbref_match_cache,/en/matches/b66f6389/Manchester-City-Southampton-October-26-2024-Premier-League,2024-10-27,Man City,Southampton,1,Pep Guardiola
b66f6389,2425,2024-10-26,fbref_match_cache,/en/matches/b66f6389/Manchester-City-Southampton-October-26-2024-Premier-League,2024-10-27,Southampton,Man City,0,Russell Martin
68aa1099,2425,2024-10-27,fbref_match_cache,/en/matches/68aa1099/Arsenal-Liverpool-October-27-2024-Premier-League,2024-10-28,Arsenal,Liverpool,1,Mikel Arteta
68aa1099,2425,2024-10-27,fbref_match_cache,/en/matches/68aa1099/Arsenal-Liverpool-October-27-2024-Premier-League,2024-10-28,Liverpool,Arsenal,0,Arne Slot
33571b04,2425,2024-10-27,fbref_match_cache,/en/matches/33571b04/Chelsea-Newcastle-United-October-27-2024-Premier-League,2024-10-28,Chelsea,Newcastle,1,Enzo Maresca
33571b04,2425,2024-10-27,fbref_match_cache,/en/matches/33571b04/Chelsea-Newcastle-United-October-27-2024-Premier-League,2024-10-28,Newcastle,Chelsea,0,Eddie Howe
e995d937,2425,2024-10-27,fbref_match_cache,/en/matches/e995d937/Crystal-Palace-Tottenham-Hotspur-October-27-2024-Premier-League,2024-10-28,Crystal Palace,Tottenham,1,Oliver Glasner
e995d937,2425,2024-10-27,fbref_match_cache,/en/matches/e995d937/Crystal-Palace-Tottenham-Hotspur-October-27-2024-Premier-League,2024-10-28,Tottenham,Crystal Palace,0,Ange Postecoglou
38c31a07,2425,2024-10-27,fbref_match_cache,/en/matches/38c31a07/West-Ham-United-Manchester-United-October-27-2024-Premier-League,2024-10-28,West Ham,Man United,1,Julen Lopetegui
38c31a07,2425,2024-10-27,fbref_match_cache,/en/matches/38c31a07/West-Ham-United-Manchester-United-October-27-2024-Premier-League,2024-10-28,Man United,West Ham,0,Erik ten Hag
ed970fef,2425,2024-11-02,fbref_match_cache,/en/matches/ed970fef/Bournemouth-Manchester-City-November-2-2024-Premier-League,2024-11-03,Bournemouth,Man City,1,Andoni Iraola
ed970fef,2425,2024-11-02,fbref_match_cache,/en/matches/ed970fef/Bournemouth-Manchester-City-November-2-2024-Premier-League,2024-11-03,Man City,Bournemouth,0,Pep Guardiola
ed8f93a0,2425,2024-11-02,fbref_match_cache,/en/matches/ed8f93a0/Ipswich-Town-Leicester-City-November-2-2024-Premier-League,2024-11-03,Ipswich,Leicester,1,Kieran McKenna
ed8f93a0,2425,2024-11-02,fbref_match_cache,/en/matches/ed8f93a0/Ipswich-Town-Leicester-City-November-2-2024-Premier-League,2024-11-03,Leicester,Ipswich,0,Steve Cooper
7d114c70,2425,2024-11-02,fbref_match_cache,/en/matches/7d114c70/Liverpool-Brighton-and-Hove-Albion-November-2-2024-Premier-League,2024-11-03,Liverpool,Brighton,1,Arne Slot
7d114c70,2425,2024-11-02,fbref_match_cache,/en/matches/7d114c70/Liverpool-Brighton-and-Hove-Albion-November-2-2024-Premier-League,2024-11-03,Brighton,Liverpool,0,Fabian Hürzeler
cc960c22,2425,2024-11-02,fbref_match_cache,/en/matches/cc960c22/Newcastle-United-Arsenal-November-2-2024-Premier-League,2024-11-03,Newcastle,Arsenal,1,Eddie Howe
cc960c22,2425,2024-11-02,fbref_match_cache,/en/matches/cc960c22/Newcastle-United-Arsenal-November-2-2024-Premier-League,2024-11-03,Arsenal,Newcastle,0,Mikel Arteta
c2505640,2425,2024-11-02,fbref_match_cache,/en/matches/c2505640/Nottingham-Forest-West-Ham-United-November-2-2024-Premier-League,2024-11-03,Nott'm Forest,West Ham,1,Nuno Espírito Santo
c2505640,2425,2024-11-02,fbref_match_cache,/en/matches/c2505640/Nottingham-Forest-West-Ham-United-November-2-2024-Premier-League,2024-11-03,West Ham,Nott'm Forest,0,Julen Lopetegui
2be42fdb,2425,2024-11-02,fbref_match_cache,/en/matches/2be42fdb/Southampton-Everton-November-2-2024-Premier-League,2024-11-03,Southampton,Everton,1,Russell Martin
2be42fdb,2425,2024-11-02,fbref_match_cache,/en/matches/2be42fdb/Southampton-Everton-November-2-2024-Premier-League,2024-11-03,Everton,Southampton,0,Sean Dyche
a4251fae,2425,2024-11-02,fbref_match_cache,/en/matches/a4251fae/Wolverhampton-Wanderers-Crystal-Palace-November-2-2024-Premier-League,2024-11-03,Wolves,Crystal Palace,1,Gary O'Neil
a4251fae,2425,2024-11-02,fbref_match_cache,/en/matches/a4251fae/Wolverhampton-Wanderers-Crystal-Palace-November-2-2024-Premier-League,2024-11-03,Crystal Palace,Wolves,0,Oliver Glasner
1273ae28,2425,2024-11-03,fbref_match_cache,/en/matches/1273ae28/Manchester-United-Chelsea-November-3-2024-Premier-League,2024-11-04,Man United,Chelsea,1,Ruud van Nistelrooy
1273ae28,2425,2024-11-03,fbref_match_cache,/en/matches/1273ae28/Manchester-United-Chelsea-November-3-2024-Premier-League,2024-11-04,Chelsea,Man United,0,Enzo Maresca
8fa951f9,2425,2024-11-03,fbref_match_cache,/en/matches/8fa951f9/Tottenham-Hotspur-Aston-Villa-November-3-2024-Premier-League,2024-11-04,Tottenham,Aston Villa,1,Ange Postecoglou
8fa951f9,2425,2024-11-03,fbref_match_cache,/en/matches/8fa951f9/Tottenham-Hotspur-Aston-Villa-November-3-2024-Premier-League,2024-11-04,Aston Villa,Tottenham,0,Unai Emery
e1590847,2425,2024-11-04,fbref_match_cache,/en/matches/e1590847/Fulham-Brentford-November-4-2024-Premier-League,2024-11-05,Fulham,Brentford,1,Marco Silva
e1590847,2425,2024-11-04,fbref_match_cache,/en/matches/e1590847/Fulham-Brentford-November-4-2024-Premier-League,2024-11-05,Brentford,Fulham,0,Thomas Frank
1c998ef5,2425,2024-11-09,fbref_match_cache,/en/matches/1c998ef5/Brentford-Bournemouth-November-9-2024-Premier-League,2024-11-10,Brentford,Bournemouth,1,Thomas Frank
1c998ef5,2425,2024-11-09,fbref_match_cache,/en/matches/1c998ef5/Brentford-Bournemouth-November-9-2024-Premier-League,2024-11-10,Bournemouth,Brentford,0,Andoni Iraola
62aa7905,2425,2024-11-09,fbref_match_cache,/en/matches/62aa7905/Brighton-and-Hove-Albion-Manchester-City-November-9-2024-Premier-League,2024-11-10,Brighton,Man City,1,Fabian Hürzeler
62aa7905,2425,2024-11-09,fbref_match_cache,/en/matches/62aa7905/Brighton-and-Hove-Albion-Manchester-City-November-9-2024-Premier-League,2024-11-10,Man City,Brighton,0,Pep Guardiola
d5015ba4,2425,2024-11-09,fbref_match_cache,/en/matches/d5015ba4/Crystal-Palace-Fulham-November-9-2024-Premier-League,2024-11-10,Crystal Palace,Fulham,1,Oliver Glasner
d5015ba4,2425,2024-11-09,fbref_match_cache,/en/matches/d5015ba4/Crystal-Palace-Fulham-November-9-2024-Premier-League,2024-11-10,Fulham,Crystal Palace,0,Marco Silva
737af5bf,2425,2024-11-09,fbref_match_cache,/en/matches/737af5bf/Liverpool-Aston-Villa-November-9-2024-Premier-League,2024-11-10,Liverpool,Aston Villa,1,Arne Slot
737af5bf,2425,2024-11-09,fbref_match_cache,/en/matches/737af5bf/Liverpool-Aston-Villa-November-9-2024-Premier-League,2024-11-10,Aston Villa,Liverpool,0,Unai Emery
a4cf40b4,2425,2024-11-09,fbref_match_cache,/en/matches/a4cf40b4/West-Ham-United-Everton-November-9-2024-Premier-League,2024-11-10,West Ham,Everton,1,Julen Lopetegui
a4cf40b4,2425,2024-11-09,fbref_match_cache,/en/matches/a4cf40b4/West-Ham-United-Everton-November-9-2024-Premier-League,2024-11-10,Everton,West Ham,0,Sean Dyche
dbec2d40,2425,2024-11-09,fbref_match_cache,/en/matches/dbec2d40/Wolverhampton-Wanderers-Southampton-November-9-2024-Premier-League,2024-11-10,Wolves,Southampton,1,Gary O'Neil
dbec2d40,2425,2024-11-09,fbref_match_cache,/en/matches/dbec2d40/Wolverhampton-Wanderers-Southampton-November-9-2024-Premier-League,2024-11-10,Southampton,Wolves,0,Russell Martin
2874d56e,2425,2024-11-10,fbref_match_cache,/en/matches/2874d56e/North-West-London-Derby-Chelsea-Arsenal-November-10-2024-Premier-League,2024-11-11,Chelsea,Arsenal,1,Enzo Maresca
2874d56e,2425,2024-11-10,fbref_match_cache,/en/matches/2874d56e/North-West-London-Derby-Chelsea-Arsenal-November-10-2024-Premier-League,2024-11-11,Arsenal,Chelsea,0,Mikel Arteta
35888afe,2425,2024-11-10,fbref_match_cache,/en/matches/35888afe/Manchester-United-Leicester-City-November-10-2024-Premier-League,2024-11-11,Man United,Leicester,1,Ruud van Nistelrooy
35888afe,2425,2024-11-10,fbref_match_cache,/en/matches/35888afe/Manchester-United-Leicester-City-November-10-2024-Premier-League,2024-11-11,Leicester,Man United,0,Steve Cooper
a41ce5c3,2425,2024-11-10,fbref_match_cache,/en/matches/a41ce5c3/Nottingham-Forest-Newcastle-United-November-10-2024-Premier-League,2024-11-11,Nott'm Forest,Newcastle,1,Nuno Espírito Santo
a41ce5c3,2425,2024-11-10,fbref_match_cache,/en/matches/a41ce5c3/Nottingham-Forest-Newcastle-United-November-10-2024-Premier-League,2024-11-11,Newcastle,Nott'm Forest,0,Eddie Howe
f9b9c3c4,2425,2024-11-10,fbref_match_cache,/en/matches/f9b9c3c4/Tottenham-Hotspur-Ipswich-Town-November-10-2024-Premier-League,2024-11-11,Tottenham,Ipswich,1,Ange Postecoglou
f9b9c3c4,2425,2024-11-10,fbref_match_cache,/en/matches/f9b9c3c4/Tottenham-Hotspur-Ipswich-Town-November-10-2024-Premier-League,2024-11-11,Ipswich,Tottenham,0,Kieran McKenna
0cb4129b,2425,2024-11-23,fbref_match_cache,/en/matches/0cb4129b/Arsenal-Nottingham-Forest-November-23-2024-Premier-League,2024-11-24,Arsenal,Nott'm Forest,1,Mikel Arteta
0cb4129b,2425,2024-11-23,fbref_match_cache,/en/matches/0cb4129b/Arsenal-Nottingham-Forest-November-23-2024-Premier-League,2024-11-24,Nott'm Forest,Arsenal,0,Nuno Espírito Santo
bf2e07a1,2425,2024-11-23,fbref_match_cache,/en/matches/bf2e07a1/Aston-Villa-Crystal-Palace-November-23-2024-Premier-League,2024-11-24,Aston Villa,Crystal Palace,1,Unai Emery
bf2e07a1,2425,2024-11-23,fbref_match_cache,/en/matches/bf2e07a1/Aston-Villa-Crystal-Palace-November-23-2024-Premier-League,2024-11-24,Crystal Palace,Aston Villa,0,Oliver Glasner
4708a5bf,2425,2024-11-23,fbref_match_cache,/en/matches/4708a5bf/Bournemouth-Brighton-and-Hove-Albion-November-23-2024-Premier-League,2024-11-24,Bournemouth,Brighton,1,Andoni Iraola
4708a5bf,2425,2024-11-23,fbref_match_cache,/en/matches/4708a5bf/Bournemouth-Brighton-and-Hove-Albion-November-23-2024-Premier-League,2024-11-24,Brighton,Bournemouth,0,Fabian Hürzeler
dd7675a7,2425,2024-11-23,fbref_match_cache,/en/matches/dd7675a7/Everton-Brentford-November-23-2024-Premier-League,2024-11-24,Everton,Brentford,1,Sean Dyche
dd7675a7,2425,2024-11-23,fbref_match_cache,/en/matches/dd7675a7/Everton-Brentford-November-23-2024-Premier-League,2024-11-24,Brentford,Everton,0,Thomas Frank
ed24aeb8,2425,2024-11-23,fbref_match_cache,/en/matches/ed24aeb8/Fulham-Wolverhampton-Wanderers-November-23-2024-Premier-League,2024-11-24,Fulham,Wolves,1,Marco Silva
ed24aeb8,2425,2024-11-23,fbref_match_cache,/en/matches/ed24aeb8/Fulham-Wolverhampton-Wanderers-November-23-2024-Premier-League,2024-11-24,Wolves,Fulham,0,Gary O'Neil
bb885467,2425,2024-11-23,fbref_match_cache,/en/matches/bb885467/Leicester-City-Chelsea-November-23-2024-Premier-League,2024-11-24,Leicester,Chelsea,1,Steve Cooper
bb885467,2425,2024-11-23,fbref_match_cache,/en/matches/bb885467/Leicester-City-Chelsea-November-23-2024-Premier-League,2024-11-24,Chelsea,Leicester,0,Enzo Maresca
c48b896c,2425,2024-11-23,fbref_match_cache,/en/matches/c48b896c/Manchester-City-Tottenham-Hotspur-November-23-2024-Premier-League,2024-11-24,Man City,Tottenham,1,Pep Guardiola
c48b896c,2425,2024-11-23,fbref_match_cache,/en/matches/c48b896c/Manchester-City-Tottenham-Hotspur-November-23-2024-Premier-League,2024-11-24,Tottenham,Man City,0,Ange Postecoglou
db1e4ea5,2425,2024-11-24,fbref_match_cache,/en/matches/db1e4ea5/Ipswich-Town-Manchester-United-November-24-2024-Premier-League,2024-11-25,Ipswich,Man United,1,Kieran McKenna
db1e4ea5,2425,2024-11-24,fbref_match_cache,/en/matches/db1e4ea5/Ipswich-Town-Manchester-United-November-24-2024-Premier-League,2024-11-25,Man United,Ipswich,0,Rúben Amorim
eb6f8e39,2425,2024-11-24,fbref_match_cache,/en/matches/eb6f8e39/Southampton-Liverpool-November-24-2024-Premier-League,2024-11-25,Southampton,Liverpool,1,Russell Martin
eb6f8e39,2425,2024-11-24,fbref_match_cache,/en/matches/eb6f8e39/Southampton-Liverpool-November-24-2024-Premier-League,2024-11-25,Liverpool,Southampton,0,Arne Slot
79f46eec,2425,2024-11-25,fbref_match_cache,/en/matches/79f46eec/Newcastle-United-West-Ham-United-November-25-2024-Premier-League,2024-11-26,Newcastle,West Ham,1,Eddie Howe
79f46eec,2425,2024-11-25,fbref_match_cache,/en/matches/79f46eec/Newcastle-United-West-Ham-United-November-25-2024-Premier-League,2024-11-26,West Ham,Newcastle,0,Julen Lopetegui
d38c4a31,2425,2024-11-29,fbref_match_cache,/en/matches/d38c4a31/Brighton-and-Hove-Albion-Southampton-November-29-2024-Premier-League,2024-11-30,Brighton,Southampton,1,Fabian Hürzeler
d38c4a31,2425,2024-11-29,fbref_match_cache,/en/matches/d38c4a31/Brighton-and-Hove-Albion-Southampton-November-29-2024-Premier-League,2024-11-30,Southampton,Brighton,0,Russell Martin
f4f9a64f,2425,2024-11-30,fbref_match_cache,/en/matches/f4f9a64f/Brentford-Leicester-City-November-30-2024-Premier-League,2024-12-01,Brentford,Leicester,1,Thomas Frank
f4f9a64f,2425,2024-11-30,fbref_match_cache,/en/matches/f4f9a64f/Brentford-Leicester-City-November-30-2024-Premier-League,2024-12-01,Leicester,Brentford,0,Ben Dawson
a4f03af0,2425,2024-11-30,fbref_match_cache,/en/matches/a4f03af0/Crystal-Palace-Newcastle-United-November-30-2024-Premier-League,2024-12-01,Crystal Palace,Newcastle,1,Oliver Glasner
a4f03af0,2425,2024-11-30,fbref_match_cache,/en/matches/a4f03af0/Crystal-Palace-Newcastle-United-November-30-2024-Premier-League,2024-12-01,Newcastle,Crystal Palace,0,Eddie Howe
ddc8856c,2425,2024-11-30,fbref_match_cache,/en/matches/ddc8856c/Nottingham-Forest-Ipswich-Town-November-30-2024-Premier-League,2024-12-01,Nott'm Forest,Ipswich,1,Nuno Espírito Santo
ddc8856c,2425,2024-11-30,fbref_match_cache,/en/matches/ddc8856c/Nottingham-Forest-Ipswich-Town-November-30-2024-Premier-League,2024-12-01,Ipswich,Nott'm Forest,0,Kieran McKenna
f78bee62,2425,2024-11-30,fbref_match_cache,/en/matches/f78bee62/West-Ham-United-Arsenal-November-30-2024-Premier-League,2024-12-01,West Ham,Arsenal,1,Julen Lopetegui
f78bee62,2425,2024-11-30,fbref_match_cache,/en/matches/f78bee62/West-Ham-United-Arsenal-November-30-2024-Premier-League,2024-12-01,Arsenal,West Ham,0,Mikel Arteta
adfb1b89,2425,2024-11-30,fbref_match_cache,/en/matches/adfb1b89/Wolverhampton-Wanderers-Bournemouth-November-30-2024-Premier-League,2024-12-01,Wolves,Bournemouth,1,Gary O'Neil
adfb1b89,2425,2024-11-30,fbref_match_cache,/en/matches/adfb1b89/Wolverhampton-Wanderers-Bournemouth-November-30-2024-Premier-League,2024-12-01,Bournemouth,Wolves,0,Andoni Iraola
080b797b,2425,2024-12-01,fbref_match_cache,/en/matches/080b797b/Chelsea-Aston-Villa-December-1-2024-Premier-League,2024-12-02,Chelsea,Aston Villa,1,Enzo Maresca
080b797b,2425,2024-12-01,fbref_match_cache,/en/matches/080b797b/Chelsea-Aston-Villa-December-1-2024-Premier-League,2024-12-02,Aston Villa,Chelsea,0,Unai Emery
0bd6ad44,2425,2024-12-01,fbref_match_cache,/en/matches/0bd6ad44/Liverpool-Manchester-City-December-1-2024-Premier-League,2024-12-02,Liverpool,Man City,1,Arne Slot
0bd6ad44,2425,2024-12-01,fbref_match_cache,/en/matches/0bd6ad44/Liverpool-Manchester-City-December-1-2024-Premier-League,2024-12-02,Man City,Liverpool,0,Pep Guardiola
e6eef20f,2425,2024-12-01,fbref_match_cache,/en/matches/e6eef20f/Manchester-United-Everton-December-1-2024-Premier-League,2024-12-02,Man United,Everton,1,Rúben Amorim
e6eef20f,2425,2024-12-01,fbref_match_cache,/en/matches/e6eef20f/Manchester-United-Everton-December-1-2024-Premier-League,2024-12-02,Everton,Man United,0,Sean Dyche
9aaa6ed5,2425,2024-12-01,fbref_match_cache,/en/matches/9aaa6ed5/Tottenham-Hotspur-Fulham-December-1-2024-Premier-League,2024-12-02,Tottenham,Fulham,1,Ange Postecoglou
9aaa6ed5,2425,2024-12-01,fbref_match_cache,/en/matches/9aaa6ed5/Tottenham-Hotspur-Fulham-December-1-2024-Premier-League,2024-12-02,Fulham,Tottenham,0,Marco Silva
f7a96e82,2425,2024-12-03,fbref_match_cache,/en/matches/f7a96e82/Ipswich-Town-Crystal-Palace-December-3-2024-Premier-League,2024-12-04,Ipswich,Crystal Palace,1,Kieran McKenna
f7a96e82,2425,2024-12-03,fbref_match_cache,/en/matches/f7a96e82/Ipswich-Town-Crystal-Palace-December-3-2024-Premier-League,2024-12-04,Crystal Palace,Ipswich,0,Oliver Glasner
355fd8ce,2425,2024-12-03,fbref_match_cache,/en/matches/355fd8ce/Leicester-City-West-Ham-United-December-3-2024-Premier-League,2024-12-04,Leicester,West Ham,1,Ruud van Nistelrooy
355fd8ce,2425,2024-12-03,fbref_match_cache,/en/matches/355fd8ce/Leicester-City-West-Ham-United-December-3-2024-Premier-League,2024-12-04,West Ham,Leicester,0,Julen Lopetegui
9938aa27,2425,2024-12-04,fbref_match_cache,/en/matches/9938aa27/Arsenal-Manchester-United-December-4-2024-Premier-League,2024-12-05,Arsenal,Man United,1,Mikel Arteta
9938aa27,2425,2024-12-04,fbref_match_cache,/en/matches/9938aa27/Arsenal-Manchester-United-December-4-2024-Premier-League,2024-12-05,Man United,Arsenal,0,Rúben Amorim
c24a734b,2425,2024-12-04,fbref_match_cache,/en/matches/c24a734b/Aston-Villa-Brentford-December-4-2024-Premier-League,2024-12-05,Aston Villa,Brentford,1,Unai Emery
c24a734b,2425,2024-12-04,fbref_match_cache,/en/matches/c24a734b/Aston-Villa-Brentford-December-4-2024-Premier-League,2024-12-05,Brentford,Aston Villa,0,Thomas Frank
71f00b04,2425,2024-12-04,fbref_match_cache,/en/matches/71f00b04/Everton-Wolverhampton-Wanderers-December-4-2024-Premier-League,2024-12-05,Everton,Wolves,1,Sean Dyche
71f00b04,2425,2024-12-04,fbref_match_cache,/en/matches/71f00b04/Everton-Wolverhampton-Wanderers-December-4-2024-Premier-League,2024-12-05,Wolves,Everton,0,Gary O'Neil
dedb0eee,2425,2024-12-04,fbref_match_cache,/en/matches/dedb0eee/Manchester-City-Nottingham-Forest-December-4-2024-Premier-League,2024-12-05,Man City,Nott'm Forest,1,Pep Guardiola
dedb0eee,2425,2024-12-04,fbref_match_cache,/en/matches/dedb0eee/Manchester-City-Nottingham-Forest-December-4-2024-Premier-League,2024-12-05,Nott'm Forest,Man City,0,Nuno Espírito Santo
ca898c29,2425,2024-12-04,fbref_match_cache,/en/matches/ca898c29/Newcastle-United-Liverpool-December-4-2024-Premier-League,2024-12-05,Newcastle,Liverpool,1,Eddie Howe
ca898c29,2425,2024-12-04,fbref_match_cache,/en/matches/ca898c29/Newcastle-United-Liverpool-December-4-2024-Premier-League,2024-12-05,Liverpool,Newcastle,0,Arne Slot
e4480630,2425,2024-12-04,fbref_match_cache,/en/matches/e4480630/Southampton-Chelsea-December-4-2024-Premier-League,2024-12-05,Southampton,Chelsea,1,Russell Martin
e4480630,2425,2024-12-04,fbref_match_cache,/en/matches/e4480630/Southampton-Chelsea-December-4-2024-Premier-League,2024-12-05,Chelsea,Southampton,0,Enzo Maresca
c7e59a0a,2425,2024-12-05,fbref_match_cache,/en/matches/c7e59a0a/Bournemouth-Tottenham-Hotspur-December-5-2024-Premier-League,2024-12-06,Bournemouth,Tottenham,1,Andoni Iraola
c7e59a0a,2425,2024-12-05,fbref_match_cache,/en/matches/c7e59a0a/Bournemouth-Tottenham-Hotspur-December-5-2024-Premier-League,2024-12-06,Tottenham,Bournemouth,0,Ange Postecoglou
32aaf579,2425,2024-12-05,fbref_match_cache,/en/matches/32aaf579/Fulham-Brighton-and-Hove-Albion-December-5-2024-Premier-League,2024-12-06,Fulham,Brighton,1,Marco Silva
32aaf579,2425,2024-12-05,fbref_match_cache,/en/matches/32aaf579/Fulham-Brighton-and-Hove-Albion-December-5-2024-Premier-League,2024-12-06,Brighton,Fulham,0,Fabian Hürzeler
92cfde2c,2425,2024-12-07,fbref_match_cache,/en/matches/92cfde2c/Aston-Villa-Southampton-December-7-2024-Premier-League,2024-12-08,Aston Villa,Southampton,1,Unai Emery
92cfde2c,2425,2024-12-07,fbref_match_cache,/en/matches/92cfde2c/Aston-Villa-Southampton-December-7-2024-Premier-League,2024-12-08,Southampton,Aston Villa,0,Russell Martin
1042592d,2425,2024-12-07,fbref_match_cache,/en/matches/1042592d/Brentford-Newcastle-United-December-7-2024-Premier-League,2024-12-08,Brentford,Newcastle,1,Thomas Frank
1042592d,2425,2024-12-07,fbref_match_cache,/en/matches/1042592d/Brentford-Newcastle-United-December-7-2024-Premier-League,2024-12-08,Newcastle,Brentford,0,Eddie Howe
6b7fbda1,2425,2024-12-07,fbref_match_cache,/en/matches/6b7fbda1/Crystal-Palace-Manchester-City-December-7-2024-Premier-League,2024-12-08,Crystal Palace,Man City,1,Oliver Glasner
6b7fbda1,2425,2024-12-07,fbref_match_cache,/en/matches/6b7fbda1/Crystal-Palace-Manchester-City-December-7-2024-Premier-League,2024-12-08,Man City,Crystal Palace,0,Pep Guardiola
08966ea6,2425,2024-12-07,fbref_match_cache,/en/matches/08966ea6/Manchester-United-Nottingham-Forest-December-7-2024-Premier-League,2024-12-08,Man United,Nott'm Forest,1,Rúben Amorim
08966ea6,2425,2024-12-07,fbref_match_cache,/en/matches/08966ea6/Manchester-United-Nottingham-Forest-December-7-2024-Premier-League,2024-12-08,Nott'm Forest,Man United,0,Nuno Espírito Santo
038dfa98,2425,2024-12-08,fbref_match_cache,/en/matches/038dfa98/Fulham-Arsenal-December-8-2024-Premier-League,2024-12-09,Fulham,Arsenal,1,Marco Silva
038dfa98,2425,2024-12-08,fbref_match_cache,/en/matches/038dfa98/Fulham-Arsenal-December-8-2024-Premier-League,2024-12-09,Arsenal,Fulham,0,Mikel Arteta
392c7b1f,2425,2024-12-08,fbref_match_cache,/en/matches/392c7b1f/Ipswich-Town-Bournemouth-December-8-2024-Premier-League,2024-12-09,Ipswich,Bournemouth,1,Kieran McKenna
392c7b1f,2425,2024-12-08,fbref_match_cache,/en/matches/392c7b1f/Ipswich-Town-Bournemouth-December-8-2024-Premier-League,2024-12-09,Bournemouth,Ipswich,0,Andoni Iraola
7b549f8f,2425,2024-12-08,fbref_match_cache,/en/matches/7b549f8f/Leicester-City-Brighton-and-Hove-Albion-December-8-2024-Premier-League,2024-12-09,Leicester,Brighton,1,Ruud van Nistelrooy
7b549f8f,2425,2024-12-08,fbref_match_cache,/en/matches/7b549f8f/Leicester-City-Brighton-and-Hove-Albion-December-8-2024-Premier-League,2024-12-09,Brighton,Leicester,0,Fabian Hürzeler
abff9b73,2425,2024-12-08,fbref_match_cache,/en/matches/abff9b73/Tottenham-Hotspur-Chelsea-December-8-2024-Premier-League,2024-12-09,Tottenham,Chelsea,1,Ange Postecoglou
abff9b73,2425,2024-12-08,fbref_match_cache,/en/matches/abff9b73/Tottenham-Hotspur-Chelsea-December-8-2024-Premier-League,2024-12-09,Chelsea,Tottenham,0,Enzo Maresca
4d72ec87,2425,2024-12-09,fbref_match_cache,/en/matches/4d72ec87/West-Ham-United-Wolverhampton-Wanderers-December-9-2024-Premier-League,2024-12-10,West Ham,Wolves,1,Julen Lopetegui
4d72ec87,2425,2024-12-09,fbref_match_cache,/en/matches/4d72ec87/West-Ham-United-Wolverhampton-Wanderers-December-9-2024-Premier-League,2024-12-10,Wolves,West Ham,0,Gary O'Neil
32aa9e8e,2425,2024-12-14,fbref_match_cache,/en/matches/32aa9e8e/Arsenal-Everton-December-14-2024-Premier-League,2024-12-15,Arsenal,Everton,1,Mikel Arteta
32aa9e8e,2425,2024-12-14,fbref_match_cache,/en/matches/32aa9e8e/Arsenal-Everton-December-14-2024-Premier-League,2024-12-15,Everton,Arsenal,0,Sean Dyche
a436996c,2425,2024-12-14,fbref_match_cache,/en/matches/a436996c/Liverpool-Fulham-December-14-2024-Premier-League,2024-12-15,Liverpool,Fulham,1,Arne Slot
a436996c,2425,2024-12-14,fbref_match_cache,/en/matches/a436996c/Liverpool-Fulham-December-14-2024-Premier-League,2024-12-15,Fulham,Liverpool,0,Marco Silva
0b6fe43f,2425,2024-12-14,fbref_match_cache,/en/matches/0b6fe43f/Newcastle-United-Leicester-City-December-14-2024-Premier-League,2024-12-15,Newcastle,Leicester,1,Eddie Howe
0b6fe43f,2425,2024-12-14,fbref_match_cache,/en/matches/0b6fe43f/Newcastle-United-Leicester-City-December-14-2024-Premier-League,2024-12-15,Leicester,Newcastle,0,Ruud van Nistelrooy
26926fd3,2425,2024-12-14,fbref_match_cache,/en/matches/26926fd3/Nottingham-Forest-Aston-Villa-December-14-2024-Premier-League,2024-12-15,Nott'm Forest,Aston Villa,1,Nuno Espírito Santo
26926fd3,2425,2024-12-14,fbref_match_cache,/en/matches/26926fd3/Nottingham-Forest-Aston-Villa-December-14-2024-Premier-League,2024-12-15,Aston Villa,Nott'm Forest,0,Unai Emery
46d52e33,2425,2024-12-14,fbref_match_cache,/en/matches/46d52e33/Wolverhampton-Wanderers-Ipswich-Town-December-14-2024-Premier-League,2024-12-15,Wolves,Ipswich,1,Gary O'Neil
46d52e33,2425,2024-12-14,fbref_match_cache,/en/matches/46d52e33/Wolverhampton-Wanderers-Ipswich-Town-December-14-2024-Premier-League,2024-12-15,Ipswich,Wolves,0,Kieran McKenna
c8314a05,2425,2024-12-15,fbref_match_cache,/en/matches/c8314a05/Brighton-and-Hove-Albion-Crystal-Palace-December-15-2024-Premier-League,2024-12-16,Brighton,Crystal Palace,1,Fabian Hürzeler
c8314a05,2425,2024-12-15,fbref_match_cache,/en/matches/c8314a05/Brighton-and-Hove-Albion-Crystal-Palace-December-15-2024-Premier-League,2024-12-16,Crystal Palace,Brighton,0,Oliver Glasner
5f0803f7,2425,2024-12-15,fbref_match_cache,/en/matches/5f0803f7/Chelsea-Brentford-December-15-2024-Premier-League,2024-12-16,Chelsea,Brentford,1,Enzo Maresca
5f0803f7,2425,2024-12-15,fbref_match_cache,/en/matches/5f0803f7/Chelsea-Brentford-December-15-2024-Premier-League,2024-12-16,Brentford,Chelsea,0,Thomas Frank
3d772028,2425,2024-12-15,fbref_match_cache,/en/matches/3d772028/Manchester-Derby-Manchester-City-Manchester-United-December-15-2024-Premier-League,2024-12-16,Man City,Man United,1,Pep Guardiola
3d772028,2425,2024-12-15,fbref_match_cache,/en/matches/3d772028/Manchester-Derby-Manchester-City-Manchester-United-December-15-2024-Premier-League,2024-12-16,Man United,Man City,0,Rúben Amorim
37afd6da,2425,2024-12-15,fbref_match_cache,/en/matches/37afd6da/Southampton-Tottenham-Hotspur-December-15-2024-Premier-League,2024-12-16,Southampton,Tottenham,1,Russell Martin
37afd6da,2425,2024-12-15,fbref_match_cache,/en/matches/37afd6da/Southampton-Tottenham-Hotspur-December-15-2024-Premier-League,2024-12-16,Tottenham,Southampton,0,Ange Postecoglou
49cd674b,2425,2024-12-16,fbref_match_cache,/en/matches/49cd674b/Bournemouth-West-Ham-United-December-16-2024-Premier-League,2024-12-17,Bournemouth,West Ham,1,Andoni Iraola
49cd674b,2425,2024-12-16,fbref_match_cache,/en/matches/49cd674b/Bournemouth-West-Ham-United-December-16-2024-Premier-League,2024-12-17,West Ham,Bournemouth,0,Julen Lopetegui
ce9dc982,2425,2024-12-21,fbref_match_cache,/en/matches/ce9dc982/Aston-Villa-Manchester-City-December-21-2024-Premier-League,2024-12-22,Aston Villa,Man City,1,Unai Emery
ce9dc982,2425,2024-12-21,fbref_match_cache,/en/matches/ce9dc982/Aston-Villa-Manchester-City-December-21-2024-Premier-League,2024-12-22,Man City,Aston Villa,0,Pep Guardiola
1c60d037,2425,2024-12-21,fbref_match_cache,/en/matches/1c60d037/Brentford-Nottingham-Forest-December-21-2024-Premier-League,2024-12-22,Brentford,Nott'm Forest,1,Thomas Frank
1c60d037,2425,2024-12-21,fbref_match_cache,/en/matches/1c60d037/Brentford-Nottingham-Forest-December-21-2024-Premier-League,2024-12-22,Nott'm Forest,Brentford,0,Nuno Espírito Santo
5e7aa707,2425,2024-12-21,fbref_match_cache,/en/matches/5e7aa707/Crystal-Palace-Arsenal-December-21-2024-Premier-League,2024-12-22,Crystal Palace,Arsenal,1,Oliver Glasner
5e7aa707,2425,2024-12-21,fbref_match_cache,/en/matches/5e7aa707/Crystal-Palace-Arsenal-December-21-2024-Premier-League,2024-12-22,Arsenal,Crystal Palace,0,Mikel Arteta
764fc51e,2425,2024-12-21,fbref_match_cache,/en/matches/764fc51e/Ipswich-Town-Newcastle-United-December-21-2024-Premier-League,2024-12-22,Ipswich,Newcastle,1,Kieran McKenna
764fc51e,2425,2024-12-21,fbref_match_cache,/en/matches/764fc51e/Ipswich-Town-Newcastle-United-December-21-2024-Premier-League,2024-12-22,Newcastle,Ipswich,0,Eddie Howe
04be8e87,2425,2024-12-21,fbref_match_cache,/en/matches/04be8e87/West-Ham-United-Brighton-and-Hove-Albion-December-21-2024-Premier-League,2024-12-22,West Ham,Brighton,1,Julen Lopetegui
04be8e87,2425,2024-12-21,fbref_match_cache,/en/matches/04be8e87/West-Ham-United-Brighton-and-Hove-Albion-December-21-2024-Premier-League,2024-12-22,Brighton,West Ham,0,Fabian Hürzeler
de72140c,2425,2024-12-22,fbref_match_cache,/en/matches/de72140c/Everton-Chelsea-December-22-2024-Premier-League,2024-12-23,Everton,Chelsea,1,Sean Dyche
de72140c,2425,2024-12-22,fbref_match_cache,/en/matches/de72140c/Everton-Chelsea-December-22-2024-Premier-League,2024-12-23,Chelsea,Everton,0,Enzo Maresca
ba3fcb1e,2425,2024-12-22,fbref_match_cache,/en/matches/ba3fcb1e/Fulham-Southampton-December-22-2024-Premier-League,2024-12-23,Fulham,Southampton,1,Marco Silva
ba3fcb1e,2425,2024-12-22,fbref_match_cache,/en/matches/ba3fcb1e/Fulham-Southampton-December-22-2024-Premier-League,2024-12-23,Southampton,Fulham,0,Simon Rusk
ecd6cb1d,2425,2024-12-22,fbref_match_cache,/en/matches/ecd6cb1d/Leicester-City-Wolverhampton-Wanderers-December-22-2024-Premier-League,2024-12-23,Leicester,Wolves,1,Ruud van Nistelrooy
ecd6cb1d,2425,2024-12-22,fbref_match_cache,/en/matches/ecd6cb1d/Leicester-City-Wolverhampton-Wanderers-December-22-2024-Premier-League,2024-12-23,Wolves,Leicester,0,Vítor Pereira
8381ba53,2425,2024-12-22,fbref_match_cache,/en/matches/8381ba53/Manchester-United-Bournemouth-December-22-2024-Premier-League,2024-12-23,Man United,Bournemouth,1,Rúben Amorim
8381ba53,2425,2024-12-22,fbref_match_cache,/en/matches/8381ba53/Manchester-United-Bournemouth-December-22-2024-Premier-League,2024-12-23,Bournemouth,Man United,0,Andoni Iraola
1e1cea4c,2425,2024-12-22,fbref_match_cache,/en/matches/1e1cea4c/Tottenham-Hotspur-Liverpool-December-22-2024-Premier-League,2024-12-23,Tottenham,Liverpool,1,Ange Postecoglou
1e1cea4c,2425,2024-12-22,fbref_match_cache,/en/matches/1e1cea4c/Tottenham-Hotspur-Liverpool-December-22-2024-Premier-League,2024-12-23,Liverpool,Tottenham,0,Arne Slot
886ca6b3,2425,2024-12-26,fbref_match_cache,/en/matches/886ca6b3/Bournemouth-Crystal-Palace-December-26-2024-Premier-League,2024-12-27,Bournemouth,Crystal Palace,1,Andoni Iraola
886ca6b3,2425,2024-12-26,fbref_match_cache,/en/matches/886ca6b3/Bournemouth-Crystal-Palace-December-26-2024-Premier-League,2024-12-27,Crystal Palace,Bournemouth,0,Oliver Glasner
03d6159c,2425,2024-12-26,fbref_match_cache,/en/matches/03d6159c/Chelsea-Fulham-December-26-2024-Premier-League,2024-12-27,Chelsea,Fulham,1,Enzo Maresca
03d6159c,2425,2024-12-26,fbref_match_cache,/en/matches/03d6159c/Chelsea-Fulham-December-26-2024-Premier-League,2024-12-27,Fulham,Chelsea,0,Marco Silva
1f604fbd,2425,2024-12-26,fbref_match_cache,/en/matches/1f604fbd/Liverpool-Leicester-City-December-26-2024-Premier-League,2024-12-27,Liverpool,Leicester,1,Arne Slot
1f604fbd,2425,2024-12-26,fbref_match_cache,/en/matches/1f604fbd/Liverpool-Leicester-City-December-26-2024-Premier-League,2024-12-27,Leicester,Liverpool,0,Ruud van Nistelrooy
87f2d794,2425,2024-12-26,fbref_match_cache,/en/matches/87f2d794/Manchester-City-Everton-December-26-2024-Premier-League,2024-12-27,Man City,Everton,1,Pep Guardiola
87f2d794,2425,2024-12-26,fbref_match_cache,/en/matches/87f2d794/Manchester-City-Everton-December-26-2024-Premier-League,2024-12-27,Everton,Man City,0,Sean Dyche
9985f304,2425,2024-12-26,fbref_match_cache,/en/matches/9985f304/Newcastle-United-Aston-Villa-December-26-2024-Premier-League,2024-12-27,Newcastle,Aston Villa,1,Eddie Howe
9985f304,2425,2024-12-26,fbref_match_cache,/en/matches/9985f304/Newcastle-United-Aston-Villa-December-26-2024-Premier-League,2024-12-27,Aston Villa,Newcastle,0,Unai Emery
eb738106,2425,2024-12-26,fbref_match_cache,/en/matches/eb738106/Nottingham-Forest-Tottenham-Hotspur-December-26-2024-Premier-League,2024-12-27,Nott'm Forest,Tottenham,1,Nuno Espírito Santo
eb738106,2425,2024-12-26,fbref_match_cache,/en/matches/eb738106/Nottingham-Forest-Tottenham-Hotspur-December-26-2024-Premier-League,2024-12-27,Tottenham,Nott'm Forest,0,Ange Postecoglou
8050686b,2425,2024-12-26,fbref_match_cache,/en/matches/8050686b/Southampton-West-Ham-United-December-26-2024-Premier-League,2024-12-27,Southampton,West Ham,1,Ivan Jurić
8050686b,2425,2024-12-26,fbref_match_cache,/en/matches/8050686b/Southampton-West-Ham-United-December-26-2024-Premier-League,2024-12-27,West Ham,Southampton,0,Julen Lopetegui
77bcad49,2425,2024-12-26,fbref_match_cache,/en/matches/77bcad49/Wolverhampton-Wanderers-Manchester-United-December-26-2024-Premier-League,2024-12-27,Wolves,Man United,1,Vítor Pereira
77bcad49,2425,2024-12-26,fbref_match_cache,/en/matches/77bcad49/Wolverhampton-Wanderers-Manchester-United-December-26-2024-Premier-League,2024-12-27,Man United,Wolves,0,Rúben Amorim
668dad03,2425,2024-12-27,fbref_match_cache,/en/matches/668dad03/Arsenal-Ipswich-Town-December-27-2024-Premier-League,2024-12-28,Arsenal,Ipswich,1,Mikel Arteta
668dad03,2425,2024-12-27,fbref_match_cache,/en/matches/668dad03/Arsenal-Ipswich-Town-December-27-2024-Premier-League,2024-12-28,Ipswich,Arsenal,0,Kieran McKenna
15b10b33,2425,2024-12-27,fbref_match_cache,/en/matches/15b10b33/Brighton-and-Hove-Albion-Brentford-December-27-2024-Premier-League,2024-12-28,Brighton,Brentford,1,Fabian Hürzeler
15b10b33,2425,2024-12-27,fbref_match_cache,/en/matches/15b10b33/Brighton-and-Hove-Albion-Brentford-December-27-2024-Premier-League,2024-12-28,Brentford,Brighton,0,Thomas Frank
6d06b29c,2425,2024-12-29,fbref_match_cache,/en/matches/6d06b29c/Crystal-Palace-Southampton-December-29-2024-Premier-League,2024-12-30,Crystal Palace,Southampton,1,Oliver Glasner
6d06b29c,2425,2024-12-29,fbref_match_cache,/en/matches/6d06b29c/Crystal-Palace-Southampton-December-29-2024-Premier-League,2024-12-30,Southampton,Crystal Palace,0,Ivan Jurić
5fa986dc,2425,2024-12-29,fbref_match_cache,/en/matches/5fa986dc/Everton-Nottingham-Forest-December-29-2024-Premier-League,2024-12-30,Everton,Nott'm Forest,1,Sean Dyche
5fa986dc,2425,2024-12-29,fbref_match_cache,/en/matches/5fa986dc/Everton-Nottingham-Forest-December-29-2024-Premier-League,2024-12-30,Nott'm Forest,Everton,0,Nuno Espírito Santo
4b4023dc,2425,2024-12-29,fbref_match_cache,/en/matches/4b4023dc/Fulham-Bournemouth-December-29-2024-Premier-League,2024-12-30,Fulham,Bournemouth,1,Marco Silva
4b4023dc,2425,2024-12-29,fbref_match_cache,/en/matches/4b4023dc/Fulham-Bournemouth-December-29-2024-Premier-League,2024-12-30,Bournemouth,Fulham,0,Andoni Iraola
8bbb6d95,2425,2024-12-29,fbref_match_cache,/en/matches/8bbb6d95/Leicester-City-Manchester-City-December-29-2024-Premier-League,2024-12-30,Leicester,Man City,1,Ruud van Nistelrooy
8bbb6d95,2425,2024-12-29,fbref_match_cache,/en/matches/8bbb6d95/Leicester-City-Manchester-City-December-29-2024-Premier-League,2024-12-30,Man City,Leicester,0,Pep Guardiola
3d2ef5b4,2425,2024-12-29,fbref_match_cache,/en/matches/3d2ef5b4/Tottenham-Hotspur-Wolverhampton-Wanderers-December-29-2024-Premier-League,2024-12-30,Tottenham,Wolves,1,Ange Postecoglou
3d2ef5b4,2425,2024-12-29,fbref_match_cache,/en/matches/3d2ef5b4/Tottenham-Hotspur-Wolverhampton-Wanderers-December-29-2024-Premier-League,2024-12-30,Wolves,Tottenham,0,Vítor Pereira
c1a66ac0,2425,2024-12-29,fbref_match_cache,/en/matches/c1a66ac0/West-Ham-United-Liverpool-December-29-2024-Premier-League,2024-12-30,West Ham,Liverpool,1,Julen Lopetegui
c1a66ac0,2425,2024-12-29,fbref_match_cache,/en/matches/c1a66ac0/West-Ham-United-Liverpool-December-29-2024-Premier-League,2024-12-30,Liverpool,West Ham,0,Arne Slot
5e8340e9,2425,2024-12-30,fbref_match_cache,/en/matches/5e8340e9/Aston-Villa-Brighton-and-Hove-Albion-December-30-2024-Premier-League,2024-12-31,Aston Villa,Brighton,1,Unai Emery
5e8340e9,2425,2024-12-30,fbref_match_cache,/en/matches/5e8340e9/Aston-Villa-Brighton-and-Hove-Albion-December-30-2024-Premier-League,2024-12-31,Brighton,Aston Villa,0,Fabian Hürzeler
88073205,2425,2024-12-30,fbref_match_cache,/en/matches/88073205/Ipswich-Town-Chelsea-December-30-2024-Premier-League,2024-12-31,Ipswich,Chelsea,1,Kieran McKenna
88073205,2425,2024-12-30,fbref_match_cache,/en/matches/88073205/Ipswich-Town-Chelsea-December-30-2024-Premier-League,2024-12-31,Chelsea,Ipswich,0,Enzo Maresca
8cff7a63,2425,2024-12-30,fbref_match_cache,/en/matches/8cff7a63/Manchester-United-Newcastle-United-December-30-2024-Premier-League,2024-12-31,Man United,Newcastle,1,Rúben Amorim
8cff7a63,2425,2024-12-30,fbref_match_cache,/en/matches/8cff7a63/Manchester-United-Newcastle-United-December-30-2024-Premier-League,2024-12-31,Newcastle,Man United,0,Eddie Howe
7e6892e4,2425,2025-01-01,fbref_match_cache,/en/matches/7e6892e4/Brentford-Arsenal-January-1-2025-Premier-League,2025-01-02,Brentford,Arsenal,1,Thomas Frank
7e6892e4,2425,2025-01-01,fbref_match_cache,/en/matches/7e6892e4/Brentford-Arsenal-January-1-2025-Premier-League,2025-01-02,Arsenal,Brentford,0,Mikel Arteta
f5ae8d7d,2425,2025-01-04,fbref_match_cache,/en/matches/f5ae8d7d/Aston-Villa-Leicester-City-January-4-2025-Premier-League,2025-01-05,Aston Villa,Leicester,1,Unai Emery
f5ae8d7d,2425,2025-01-04,fbref_match_cache,/en/matches/f5ae8d7d/Aston-Villa-Leicester-City-January-4-2025-Premier-League,2025-01-05,Leicester,Aston Villa,0,Ruud van Nistelrooy
43f0c302,2425,2025-01-04,fbref_match_cache,/en/matches/43f0c302/Bournemouth-Everton-January-4-2025-Premier-League,2025-01-05,Bournemouth,Everton,1,Andoni Iraola
43f0c302,2425,2025-01-04,fbref_match_cache,/en/matches/43f0c302/Bournemouth-Everton-January-4-2025-Premier-League,2025-01-05,Everton,Bournemouth,0,Sean Dyche
52186da4,2425,2025-01-04,fbref_match_cache,/en/matches/52186da4/Brighton-and-Hove-Albion-Arsenal-January-4-2025-Premier-League,2025-01-05,Brighton,Arsenal,1,Fabian Hürzeler
52186da4,2425,2025-01-04,fbref_match_cache,/en/matches/52186da4/Brighton-and-Hove-Albion-Arsenal-January-4-2025-Premier-League,2025-01-05,Arsenal,Brighton,0,Mikel Arteta
cd9861d5,2425,2025-01-04,fbref_match_cache,/en/matches/cd9861d5/Crystal-Palace-Chelsea-January-4-2025-Premier-League,2025-01-05,Crystal Palace,Chelsea,1,Oliver Glasner
cd9861d5,2425,2025-01-04,fbref_match_cache,/en/matches/cd9861d5/Crystal-Palace-Chelsea-January-4-2025-Premier-League,2025-01-05,Chelsea,Crystal Palace,0,Enzo Maresca
d7773a4c,2425,2025-01-04,fbref_match_cache,/en/matches/d7773a4c/Manchester-City-West-Ham-United-January-4-2025-Premier-League,2025-01-05,Man City,West Ham,1,Pep Guardiola
d7773a4c,2425,2025-01-04,fbref_match_cache,/en/matches/d7773a4c/Manchester-City-West-Ham-United-January-4-2025-Premier-League,2025-01-05,West Ham,Man City,0,Julen Lopetegui
36fc576a,2425,2025-01-04,fbref_match_cache,/en/matches/36fc576a/Southampton-Brentford-January-4-2025-Premier-League,2025-01-05,Southampton,Brentford,1,Ivan Jurić
36fc576a,2425,2025-01-04,fbref_match_cache,/en/matches/36fc576a/Southampton-Brentford-January-4-2025-Premier-League,2025-01-05,Brentford,Southampton,0,Thomas Frank
be247ac3,2425,2025-01-04,fbref_match_cache,/en/matches/be247ac3/Tottenham-Hotspur-Newcastle-United-January-4-2025-Premier-League,2025-01-05,Tottenham,Newcastle,1,Ange Postecoglou
be247ac3,2425,2025-01-04,fbref_match_cache,/en/matches/be247ac3/Tottenham-Hotspur-Newcastle-United-January-4-2025-Premier-League,2025-01-05,Newcastle,Tottenham,0,Eddie Howe
8b69ef69,2425,2025-01-05,fbref_match_cache,/en/matches/8b69ef69/Fulham-Ipswich-Town-January-5-2025-Premier-League,2025-01-06,Fulham,Ipswich,1,Marco Silva
8b69ef69,2425,2025-01-05,fbref_match_cache,/en/matches/8b69ef69/Fulham-Ipswich-Town-January-5-2025-Premier-League,2025-01-06,Ipswich,Fulham,0,Kieran McKenna
4cef863f,2425,2025-01-05,fbref_match_cache,/en/matches/4cef863f/North-West-Derby-Liverpool-Manchester-United-January-5-2025-Premier-League,2025-01-06,Liverpool,Man United,1,Arne Slot
4cef863f,2425,2025-01-05,fbref_match_cache,/en/matches/4cef863f/North-West-Derby-Liverpool-Manchester-United-January-5-2025-Premier-League,2025-01-06,Man United,Liverpool,0,Rúben Amorim
56c4250a,2425,2025-01-06,fbref_match_cache,/en/matches/56c4250a/Wolverhampton-Wanderers-Nottingham-Forest-January-6-2025-Premier-League,2025-01-07,Wolves,Nott'm Forest,1,Vítor Pereira
56c4250a,2425,2025-01-06,fbref_match_cache,/en/matches/56c4250a/Wolverhampton-Wanderers-Nottingham-Forest-January-6-2025-Premier-League,2025-01-07,Nott'm Forest,Wolves,0,Nuno Espírito Santo
68c2e6b8,2425,2025-01-14,fbref_match_cache,/en/matches/68c2e6b8/Brentford-Manchester-City-January-14-2025-Premier-League,2025-01-15,Brentford,Man City,1,Thomas Frank
68c2e6b8,2425,2025-01-14,fbref_match_cache,/en/matches/68c2e6b8/Brentford-Manchester-City-January-14-2025-Premier-League,2025-01-15,Man City,Brentford,0,Pep Guardiola
fff671a9,2425,2025-01-14,fbref_match_cache,/en/matches/fff671a9/Chelsea-Bournemouth-January-14-2025-Premier-League,2025-01-15,Chelsea,Bournemouth,1,Enzo Maresca
fff671a9,2425,2025-01-14,fbref_match_cache,/en/matches/fff671a9/Chelsea-Bournemouth-January-14-2025-Premier-League,2025-01-15,Bournemouth,Chelsea,0,Andoni Iraola
118f8df8,2425,2025-01-14,fbref_match_cache,/en/matches/118f8df8/Nottingham-Forest-Liverpool-January-14-2025-Premier-League,2025-01-15,Nott'm Forest,Liverpool,1,Nuno Espírito Santo
118f8df8,2425,2025-01-14,fbref_match_cache,/en/matches/118f8df8/Nottingham-Forest-Liverpool-January-14-2025-Premier-League,2025-01-15,Liverpool,Nott'm Forest,0,Arne Slot
c6168c73,2425,2025-01-14,fbref_match_cache,/en/matches/c6168c73/West-Ham-United-Fulham-January-14-2025-Premier-League,2025-01-15,West Ham,Fulham,1,Graham Potter
c6168c73,2425,2025-01-14,fbref_match_cache,/en/matches/c6168c73/West-Ham-United-Fulham-January-14-2025-Premier-League,2025-01-15,Fulham,West Ham,0,Marco Silva
ee9ce5e2,2425,2025-01-15,fbref_match_cache,/en/matches/ee9ce5e2/North-London-Derby-Arsenal-Tottenham-Hotspur-January-15-2025-Premier-League,2025-01-16,Arsenal,Tottenham,1,Mikel Arteta
ee9ce5e2,2425,2025-01-15,fbref_match_cache,/en/matches/ee9ce5e2/North-London-Derby-Arsenal-Tottenham-Hotspur-January-15-2025-Premier-League,2025-01-16,Tottenham,Arsenal,0,Ange Postecoglou
3e70b855,2425,2025-01-15,fbref_match_cache,/en/matches/3e70b855/Everton-Aston-Villa-January-15-2025-Premier-League,2025-01-16,Everton,Aston Villa,1,David Moyes
3e70b855,2425,2025-01-15,fbref_match_cache,/en/matches/3e70b855/Everton-Aston-Villa-January-15-2025-Premier-League,2025-01-16,Aston Villa,Everton,0,Unai Emery
99eb6105,2425,2025-01-15,fbref_match_cache,/en/matches/99eb6105/Leicester-City-Crystal-Palace-January-15-2025-Premier-League,2025-01-16,Leicester,Crystal Palace,1,Ruud van Nistelrooy
99eb6105,2425,2025-01-15,fbref_match_cache,/en/matches/99eb6105/Leicester-City-Crystal-Palace-January-15-2025-Premier-League,2025-01-16,Crystal Palace,Leicester,0,Oliver Glasner
535d70d7,2425,2025-01-15,fbref_match_cache,/en/matches/535d70d7/Newcastle-United-Wolverhampton-Wanderers-January-15-2025-Premier-League,2025-01-16,Newcastle,Wolves,1,Eddie Howe
535d70d7,2425,2025-01-15,fbref_match_cache,/en/matches/535d70d7/Newcastle-United-Wolverhampton-Wanderers-January-15-2025-Premier-League,2025-01-16,Wolves,Newcastle,0,Vítor Pereira
ace86fcc,2425,2025-01-16,fbref_match_cache,/en/matches/ace86fcc/Ipswich-Town-Brighton-and-Hove-Albion-January-16-2025-Premier-League,2025-01-17,Ipswich,Brighton,1,Kieran McKenna
ace86fcc,2425,2025-01-16,fbref_match_cache,/en/matches/ace86fcc/Ipswich-Town-Brighton-and-Hove-Albion-January-16-2025-Premier-League,2025-01-17,Brighton,Ipswich,0,Fabian Hürzeler
f443a602,2425,2025-01-16,fbref_match_cache,/en/matches/f443a602/Manchester-United-Southampton-January-16-2025-Premier-League,2025-01-17,Man United,Southampton,1,Rúben Amorim
f443a602,2425,2025-01-16,fbref_match_cache,/en/matches/f443a602/Manchester-United-Southampton-January-16-2025-Premier-League,2025-01-17,Southampton,Man United,0,Ivan Jurić
1fdaaaba,2425,2025-01-18,fbref_match_cache,/en/matches/1fdaaaba/Arsenal-Aston-Villa-January-18-2025-Premier-League,2025-01-19,Arsenal,Aston Villa,1,Mikel Arteta
1fdaaaba,2425,2025-01-18,fbref_match_cache,/en/matches/1fdaaaba/Arsenal-Aston-Villa-January-18-2025-Premier-League,2025-01-19,Aston Villa,Arsenal,0,Unai Emery
5e8445c1,2425,2025-01-18,fbref_match_cache,/en/matches/5e8445c1/Brentford-Liverpool-January-18-2025-Premier-League,2025-01-19,Brentford,Liverpool,1,Thomas Frank
5e8445c1,2425,2025-01-18,fbref_match_cache,/en/matches/5e8445c1/Brentford-Liverpool-January-18-2025-Premier-League,2025-01-19,Liverpool,Brentford,0,Arne Slot
bc3ae18e,2425,2025-01-18,fbref_match_cache,/en/matches/bc3ae18e/Leicester-City-Fulham-January-18-2025-Premier-League,2025-01-19,Leicester,Fulham,1,Ruud van Nistelrooy
bc3ae18e,2425,2025-01-18,fbref_match_cache,/en/matches/bc3ae18e/Leicester-City-Fulham-January-18-2025-Premier-League,2025-01-19,Fulham,Leicester,0,Marco Silva
99d11a39,2425,2025-01-18,fbref_match_cache,/en/matches/99d11a39/Newcastle-United-Bournemouth-January-18-2025-Premier-League,2025-01-19,Newcastle,Bournemouth,1,Eddie Howe
99d11a39,2425,2025-01-18,fbref_match_cache,/en/matches/99d11a39/Newcastle-United-Bournemouth-January-18-2025-Premier-League,2025-01-19,Bournemouth,Newcastle,0,Andoni Iraola
03ac4a9c,2425,2025-01-18,fbref_match_cache,/en/matches/03ac4a9c/West-Ham-United-Crystal-Palace-January-18-2025-Premier-League,2025-01-19,West Ham,Crystal Palace,1,Graham Potter
03ac4a9c,2425,2025-01-18,fbref_match_cache,/en/matches/03ac4a9c/West-Ham-United-Crystal-Palace-January-18-2025-Premier-League,2025-01-19,Crystal Palace,West Ham,0,Oliver Glasner
e9f61cb0,2425,2025-01-19,fbref_match_cache,/en/matches/e9f61cb0/Everton-Tottenham-Hotspur-January-19-2025-Premier-League,2025-01-20,Everton,Tottenham,1,David Moyes
e9f61cb0,2425,2025-01-19,fbref_match_cache,/en/matches/e9f61cb0/Everton-Tottenham-Hotspur-January-19-2025-Premier-League,2025-01-20,Tottenham,Everton,0,Ange Postecoglou
6c829b8f,2425,2025-01-19,fbref_match_cache,/en/matches/6c829b8f/Ipswich-Town-Manchester-City-January-19-2025-Premier-League,2025-01-20,Ipswich,Man City,1,Kieran McKenna
6c829b8f,2425,2025-01-19,fbref_match_cache,/en/matches/6c829b8f/Ipswich-Town-Manchester-City-January-19-2025-Premier-League,2025-01-20,Man City,Ipswich,0,Pep Guardiola
45028d5b,2425,2025-01-19,fbref_match_cache,/en/matches/45028d5b/Manchester-United-Brighton-and-Hove-Albion-January-19-2025-Premier-League,2025-01-20,Man United,Brighton,1,Rúben Amorim
45028d5b,2425,2025-01-19,fbref_match_cache,/en/matches/45028d5b/Manchester-United-Brighton-and-Hove-Albion-January-19-2025-Premier-League,2025-01-20,Brighton,Man United,0,Fabian Hürzeler
e0f90407,2425,2025-01-19,fbref_match_cache,/en/matches/e0f90407/Nottingham-Forest-Southampton-January-19-2025-Premier-League,2025-01-20,Nott'm Forest,Southampton,1,Nuno Espírito Santo
e0f90407,2425,2025-01-19,fbref_match_cache,/en/matches/e0f90407/Nottingham-Forest-Southampton-January-19-2025-Premier-League,2025-01-20,Southampton,Nott'm Forest,0,Ivan Jurić
e62cfa12,2425,2025-01-20,fbref_match_cache,/en/matches/e62cfa12/Chelsea-Wolverhampton-Wanderers-January-20-2025-Premier-League,2025-01-21,Chelsea,Wolves,1,Enzo Maresca
e62cfa12,2425,2025-01-20,fbref_match_cache,/en/matches/e62cfa12/Chelsea-Wolverhampton-Wanderers-January-20-2025-Premier-League,2025-01-21,Wolves,Chelsea,0,Vítor Pereira
efa8ddd7,2425,2025-01-25,fbref_match_cache,/en/matches/efa8ddd7/Bournemouth-Nottingham-Forest-January-25-2025-Premier-League,2025-01-26,Bournemouth,Nott'm Forest,1,Andoni Iraola
efa8ddd7,2425,2025-01-25,fbref_match_cache,/en/matches/efa8ddd7/Bournemouth-Nottingham-Forest-January-25-2025-Premier-League,2025-01-26,Nott'm Forest,Bournemouth,0,Nuno Espírito Santo
b54aac79,2425,2025-01-25,fbref_match_cache,/en/matches/b54aac79/Brighton-and-Hove-Albion-Everton-January-25-2025-Premier-League,2025-01-26,Brighton,Everton,1,Fabian Hürzeler
b54aac79,2425,2025-01-25,fbref_match_cache,/en/matches/b54aac79/Brighton-and-Hove-Albion-Everton-January-25-2025-Premier-League,2025-01-26,Everton,Brighton,0,David Moyes
ee59115f,2425,2025-01-25,fbref_match_cache,/en/matches/ee59115f/Liverpool-Ipswich-Town-January-25-2025-Premier-League,2025-01-26,Liverpool,Ipswich,1,Arne Slot
ee59115f,2425,2025-01-25,fbref_match_cache,/en/matches/ee59115f/Liverpool-Ipswich-Town-January-25-2025-Premier-League,2025-01-26,Ipswich,Liverpool,0,Kieran McKenna
bfd54040,2425,2025-01-25,fbref_match_cache,/en/matches/bfd54040/Manchester-City-Chelsea-January-25-2025-Premier-League,2025-01-26,Man City,Chelsea,1,Pep Guardiola
bfd54040,2425,2025-01-25,fbref_match_cache,/en/matches/bfd54040/Manchester-City-Chelsea-January-25-2025-Premier-League,2025-01-26,Chelsea,Man City,0,Enzo Maresca
7d05223b,2425,2025-01-25,fbref_match_cache,/en/matches/7d05223b/Southampton-Newcastle-United-January-25-2025-Premier-League,2025-01-26,Southampton,Newcastle,1,Ivan Jurić
7d05223b,2425,2025-01-25,fbref_match_cache,/en/matches/7d05223b/Southampton-Newcastle-United-January-25-2025-Premier-League,2025-01-26,Newcastle,Southampton,0,Eddie Howe
0b39252e,2425,2025-01-25,fbref_match_cache,/en/matches/0b39252e/Wolverhampton-Wanderers-Arsenal-January-25-2025-Premier-League,2025-01-26,Wolves,Arsenal,1,Vítor Pereira
0b39252e,2425,2025-01-25,fbref_match_cache,/en/matches/0b39252e/Wolverhampton-Wanderers-Arsenal-January-25-2025-Premier-League,2025-01-26,Arsenal,Wolves,0,Mikel Arteta
bb05246c,2425,2025-01-26,fbref_match_cache,/en/matches/bb05246c/Aston-Villa-West-Ham-United-January-26-2025-Premier-League,2025-01-27,Aston Villa,West Ham,1,Unai Emery
bb05246c,2425,2025-01-26,fbref_match_cache,/en/matches/bb05246c/Aston-Villa-West-Ham-United-January-26-2025-Premier-League,2025-01-27,West Ham,Aston Villa,0,Graham Potter
68d6e8fe,2425,2025-01-26,fbref_match_cache,/en/matches/68d6e8fe/Crystal-Palace-Brentford-January-26-2025-Premier-League,2025-01-27,Crystal Palace,Brentford,1,Oliver Glasner
68d6e8fe,2425,2025-01-26,fbref_match_cache,/en/matches/68d6e8fe/Crystal-Palace-Brentford-January-26-2025-Premier-League,2025-01-27,Brentford,Crystal Palace,0,Thomas Frank
eb14e391,2425,2025-01-26,fbref_match_cache,/en/matches/eb14e391/Fulham-Manchester-United-January-26-2025-Premier-League,2025-01-27,Fulham,Man United,1,Marco Silva
eb14e391,2425,2025-01-26,fbref_match_cache,/en/matches/eb14e391/Fulham-Manchester-United-January-26-2025-Premier-League,2025-01-27,Man United,Fulham,0,Rúben Amorim
8226bca2,2425,2025-01-26,fbref_match_cache,/en/matches/8226bca2/Tottenham-Hotspur-Leicester-City-January-26-2025-Premier-League,2025-01-27,Tottenham,Leicester,1,Ange Postecoglou
8226bca2,2425,2025-01-26,fbref_match_cache,/en/matches/8226bca2/Tottenham-Hotspur-Leicester-City-January-26-2025-Premier-League,2025-01-27,Leicester,Tottenham,0,Ruud van Nistelrooy
886603cd,2425,2025-02-01,fbref_match_cache,/en/matches/886603cd/Bournemouth-Liverpool-February-1-2025-Premier-League,2025-02-02,Bournemouth,Liverpool,1,Andoni Iraola
886603cd,2425,2025-02-01,fbref_match_cache,/en/matches/886603cd/Bournemouth-Liverpool-February-1-2025-Premier-League,2025-02-02,Liverpool,Bournemouth,0,Arne Slot
475670fb,2425,2025-02-01,fbref_match_cache,/en/matches/475670fb/Everton-Leicester-City-February-1-2025-Premier-League,2025-02-02,Everton,Leicester,1,David Moyes
475670fb,2425,2025-02-01,fbref_match_cache,/en/matches/475670fb/Everton-Leicester-City-February-1-2025-Premier-League,2025-02-02,Leicester,Everton,0,Ruud van Nistelrooy
1098cac0,2425,2025-02-01,fbref_match_cache,/en/matches/1098cac0/Ipswich-Town-Southampton-February-1-2025-Premier-League,2025-02-02,Ipswich,Southampton,1,Kieran McKenna
1098cac0,2425,2025-02-01,fbref_match_cache,/en/matches/1098cac0/Ipswich-Town-Southampton-February-1-2025-Premier-League,2025-02-02,Southampton,Ipswich,0,Ivan Jurić
5ec3f48b,2425,2025-02-01,fbref_match_cache,/en/matches/5ec3f48b/Newcastle-United-Fulham-February-1-2025-Premier-League,2025-02-02,Newcastle,Fulham,1,Eddie Howe
5ec3f48b,2425,2025-02-01,fbref_match_cache,/en/matches/5ec3f48b/Newcastle-United-Fulham-February-1-2025-Premier-League,2025-02-02,Fulham,Newcastle,0,Marco Silva
897ab235,2425,2025-02-01,fbref_match_cache,/en/matches/897ab235/Nottingham-Forest-Brighton-and-Hove-Albion-February-1-2025-Premier-League,2025-02-02,Nott'm Forest,Brighton,1,Nuno Espírito Santo
897ab235,2425,2025-02-01,fbref_match_cache,/en/matches/897ab235/Nottingham-Forest-Brighton-and-Hove-Albion-February-1-2025-Premier-League,2025-02-02,Brighton,Nott'm Forest,0,Fabian Hürzeler
693ab427,2425,2025-02-01,fbref_match_cache,/en/matches/693ab427/Wolverhampton-Wanderers-Aston-Villa-February-1-2025-Premier-League,2025-02-02,Wolves,Aston Villa,1,Vítor Pereira
693ab427,2425,2025-02-01,fbref_match_cache,/en/matches/693ab427/Wolverhampton-Wanderers-Aston-Villa-February-1-2025-Premier-League,2025-02-02,Aston Villa,Wolves,0,Unai Emery
2906e921,2425,2025-02-02,fbref_match_cache,/en/matches/2906e921/Arsenal-Manchester-City-February-2-2025-Premier-League,2025-02-03,Arsenal,Man City,1,Mikel Arteta
2906e921,2425,2025-02-02,fbref_match_cache,/en/matches/2906e921/Arsenal-Manchester-City-February-2-2025-Premier-League,2025-02-03,Man City,Arsenal,0,Pep Guardiola
7193a229,2425,2025-02-02,fbref_match_cache,/en/matches/7193a229/Brentford-Tottenham-Hotspur-February-2-2025-Premier-League,2025-02-03,Brentford,Tottenham,1,Thomas Frank
7193a229,2425,2025-02-02,fbref_match_cache,/en/matches/7193a229/Brentford-Tottenham-Hotspur-February-2-2025-Premier-League,2025-02-03,Tottenham,Brentford,0,Ange Postecoglou
83dba981,2425,2025-02-02,fbref_match_cache,/en/matches/83dba981/Manchester-United-Crystal-Palace-February-2-2025-Premier-League,2025-02-03,Man United,Crystal Palace,1,Rúben Amorim
83dba981,2425,2025-02-02,fbref_match_cache,/en/matches/83dba981/Manchester-United-Crystal-Palace-February-2-2025-Premier-League,2025-02-03,Crystal Palace,Man United,0,Oliver Glasner
ed7df9b1,2425,2025-02-03,fbref_match_cache,/en/matches/ed7df9b1/Chelsea-West-Ham-United-February-3-2025-Premier-League,2025-02-04,Chelsea,West Ham,1,Enzo Maresca
ed7df9b1,2425,2025-02-03,fbref_match_cache,/en/matches/ed7df9b1/Chelsea-West-Ham-United-February-3-2025-Premier-League,2025-02-04,West Ham,Chelsea,0,Graham Potter
92627434,2425,2025-02-12,fbref_match_cache,/en/matches/92627434/Merseyside-Derby-Everton-Liverpool-February-12-2025-Premier-League,2025-02-13,Everton,Liverpool,1,David Moyes
92627434,2425,2025-02-12,fbref_match_cache,/en/matches/92627434/Merseyside-Derby-Everton-Liverpool-February-12-2025-Premier-League,2025-02-13,Liverpool,Everton,0,Arne Slot
ed780e1d,2425,2025-02-14,fbref_match_cache,/en/matches/ed780e1d/Brighton-and-Hove-Albion-Chelsea-February-14-2025-Premier-League,2025-02-15,Brighton,Chelsea,1,Fabian Hürzeler
ed780e1d,2425,2025-02-14,fbref_match_cache,/en/matches/ed780e1d/Brighton-and-Hove-Albion-Chelsea-February-14-2025-Premier-League,2025-02-15,Chelsea,Brighton,0,Enzo Maresca
06fee8c4,2425,2025-02-15,fbref_match_cache,/en/matches/06fee8c4/Aston-Villa-Ipswich-Town-February-15-2025-Premier-League,2025-02-16,Aston Villa,Ipswich,1,Unai Emery
06fee8c4,2425,2025-02-15,fbref_match_cache,/en/matches/06fee8c4/Aston-Villa-Ipswich-Town-February-15-2025-Premier-League,2025-02-16,Ipswich,Aston Villa,0,Kieran McKenna
35ee3617,2425,2025-02-15,fbref_match_cache,/en/matches/35ee3617/Crystal-Palace-Everton-February-15-2025-Premier-League,2025-02-16,Crystal Palace,Everton,1,Oliver Glasner
35ee3617,2425,2025-02-15,fbref_match_cache,/en/matches/35ee3617/Crystal-Palace-Everton-February-15-2025-Premier-League,2025-02-16,Everton,Crystal Palace,0,David Moyes
5968d7ad,2425,2025-02-15,fbref_match_cache,/en/matches/5968d7ad/Fulham-Nottingham-Forest-February-15-2025-Premier-League,2025-02-16,Fulham,Nott'm Forest,1,Marco Silva
5968d7ad,2425,2025-02-15,fbref_match_cache,/en/matches/5968d7ad/Fulham-Nottingham-Forest-February-15-2025-Premier-League,2025-02-16,Nott'm Forest,Fulham,0,Nuno Espírito Santo
af8aa0dd,2425,2025-02-15,fbref_match_cache,/en/matches/af8aa0dd/Leicester-City-Arsenal-February-15-2025-Premier-League,2025-02-16,Leicester,Arsenal,1,Ruud van Nistelrooy
af8aa0dd,2425,2025-02-15,fbref_match_cache,/en/matches/af8aa0dd/Leicester-City-Arsenal-February-15-2025-Premier-League,2025-02-16,Arsenal,Leicester,0,Mikel Arteta
8c51fa01,2425,2025-02-15,fbref_match_cache,/en/matches/8c51fa01/Manchester-City-Newcastle-United-February-15-2025-Premier-League,2025-02-16,Man City,Newcastle,1,Pep Guardiola
8c51fa01,2425,2025-02-15,fbref_match_cache,/en/matches/8c51fa01/Manchester-City-Newcastle-United-February-15-2025-Premier-League,2025-02-16,Newcastle,Man City,0,Eddie Howe
ce3da486,2425,2025-02-15,fbref_match_cache,/en/matches/ce3da486/Southampton-Bournemouth-February-15-2025-Premier-League,2025-02-16,Southampton,Bournemouth,1,Ivan Jurić
ce3da486,2425,2025-02-15,fbref_match_cache,/en/matches/ce3da486/Southampton-Bournemouth-February-15-2025-Premier-League,2025-02-16,Bournemouth,Southampton,0,Andoni Iraola
79406a7e,2425,2025-02-15,fbref_match_cache,/en/matches/79406a7e/West-Ham-United-Brentford-February-15-2025-Premier-League,2025-02-16,West Ham,Brentford,1,Graham Potter
79406a7e,2425,2025-02-15,fbref_match_cache,/en/matches/79406a7e/West-Ham-United-Brentford-February-15-2025-Premier-League,2025-02-16,Brentford,West Ham,0,Thomas Frank
6a917c79,2425,2025-02-16,fbref_match_cache,/en/matches/6a917c79/Liverpool-Wolverhampton-Wanderers-February-16-2025-Premier-League,2025-02-17,Liverpool,Wolves,1,Arne Slot
6a917c79,2425,2025-02-16,fbref_match_cache,/en/matches/6a917c79/Liverpool-Wolverhampton-Wanderers-February-16-2025-Premier-League,2025-02-17,Wolves,Liverpool,0,Vítor Pereira
09db2a2f,2425,2025-02-16,fbref_match_cache,/en/matches/09db2a2f/Tottenham-Hotspur-Manchester-United-February-16-2025-Premier-League,2025-02-17,Tottenham,Man United,1,Ange Postecoglou
09db2a2f,2425,2025-02-16,fbref_match_cache,/en/matches/09db2a2f/Tottenham-Hotspur-Manchester-United-February-16-2025-Premier-League,2025-02-17,Man United,Tottenham,0,Rúben Amorim
39c7b656,2425,2025-02-19,fbref_match_cache,/en/matches/39c7b656/Aston-Villa-Liverpool-February-19-2025-Premier-League,2025-02-20,Aston Villa,Liverpool,1,Unai Emery
39c7b656,2425,2025-02-19,fbref_match_cache,/en/matches/39c7b656/Aston-Villa-Liverpool-February-19-2025-Premier-League,2025-02-20,Liverpool,Aston Villa,0,Arne Slot
da5a149a,2425,2025-02-21,fbref_match_cache,/en/matches/da5a149a/Leicester-City-Brentford-February-21-2025-Premier-League,2025-02-22,Leicester,Brentford,1,Ruud van Nistelrooy
da5a149a,2425,2025-02-21,fbref_match_cache,/en/matches/da5a149a/Leicester-City-Brentford-February-21-2025-Premier-League,2025-02-22,Brentford,Leicester,0,Thomas Frank
e511e91c,2425,2025-02-22,fbref_match_cache,/en/matches/e511e91c/Arsenal-West-Ham-United-February-22-2025-Premier-League,2025-02-23,Arsenal,West Ham,1,Mikel Arteta
e511e91c,2425,2025-02-22,fbref_match_cache,/en/matches/e511e91c/Arsenal-West-Ham-United-February-22-2025-Premier-League,2025-02-23,West Ham,Arsenal,0,Graham Potter
5109d405,2425,2025-02-22,fbref_match_cache,/en/matches/5109d405/Aston-Villa-Chelsea-February-22-2025-Premier-League,2025-02-23,Aston Villa,Chelsea,1,Unai Emery
5109d405,2425,2025-02-22,fbref_match_cache,/en/matches/5109d405/Aston-Villa-Chelsea-February-22-2025-Premier-League,2025-02-23,Chelsea,Aston Villa,0,Enzo Maresca
ccdda6d3,2425,2025-02-22,fbref_match_cache,/en/matches/ccdda6d3/Bournemouth-Wolverhampton-Wanderers-February-22-2025-Premier-League,2025-02-23,Bournemouth,Wolves,1,Andoni Iraola
ccdda6d3,2425,2025-02-22,fbref_match_cache,/en/matches/ccdda6d3/Bournemouth-Wolverhampton-Wanderers-February-22-2025-Premier-League,2025-02-23,Wolves,Bournemouth,0,Vítor Pereira
e5b45c4d,2425,2025-02-22,fbref_match_cache,/en/matches/e5b45c4d/Everton-Manchester-United-February-22-2025-Premier-League,2025-02-23,Everton,Man United,1,David Moyes
e5b45c4d,2425,2025-02-22,fbref_match_cache,/en/matches/e5b45c4d/Everton-Manchester-United-February-22-2025-Premier-League,2025-02-23,Man United,Everton,0,Rúben Amorim
7289bcdf,2425,2025-02-22,fbref_match_cache,/en/matches/7289bcdf/Fulham-Crystal-Palace-February-22-2025-Premier-League,2025-02-23,Fulham,Crystal Palace,1,Marco Silva
7289bcdf,2425,2025-02-22,fbref_match_cache,/en/matches/7289bcdf/Fulham-Crystal-Palace-February-22-2025-Premier-League,2025-02-23,Crystal Palace,Fulham,0,Oliver Glasner
7853cd1a,2425,2025-02-22,fbref_match_cache,/en/matches/7853cd1a/Ipswich-Town-Tottenham-Hotspur-February-22-2025-Premier-League,2025-02-23,Ipswich,Tottenham,1,Kieran McKenna
7853cd1a,2425,2025-02-22,fbref_match_cache,/en/matches/7853cd1a/Ipswich-Town-Tottenham-Hotspur-February-22-2025-Premier-League,2025-02-23,Tottenham,Ipswich,0,Ange Postecoglou
e757bea1,2425,2025-02-22,fbref_match_cache,/en/matches/e757bea1/Southampton-Brighton-and-Hove-Albion-February-22-2025-Premier-League,2025-02-23,Southampton,Brighton,1,Ivan Jurić
e757bea1,2425,2025-02-22,fbref_match_cache,/en/matches/e757bea1/Southampton-Brighton-and-Hove-Albion-February-22-2025-Premier-League,2025-02-23,Brighton,Southampton,0,Fabian Hürzeler
e51a316b,2425,2025-02-23,fbref_match_cache,/en/matches/e51a316b/Manchester-City-Liverpool-February-23-2025-Premier-League,2025-02-24,Man City,Liverpool,1,Pep Guardiola
e51a316b,2425,2025-02-23,fbref_match_cache,/en/matches/e51a316b/Manchester-City-Liverpool-February-23-2025-Premier-League,2025-02-24,Liverpool,Man City,0,Arne Slot
93caf0bc,2425,2025-02-23,fbref_match_cache,/en/matches/93caf0bc/Newcastle-United-Nottingham-Forest-February-23-2025-Premier-League,2025-02-24,Newcastle,Nott'm Forest,1,Eddie Howe
93caf0bc,2425,2025-02-23,fbref_match_cache,/en/matches/93caf0bc/Newcastle-United-Nottingham-Forest-February-23-2025-Premier-League,2025-02-24,Nott'm Forest,Newcastle,0,Nuno Espírito Santo
fade9277,2425,2025-02-25,fbref_match_cache,/en/matches/fade9277/Brighton-and-Hove-Albion-Bournemouth-February-25-2025-Premier-League,2025-02-26,Brighton,Bournemouth,1,Fabian Hürzeler
fade9277,2425,2025-02-25,fbref_match_cache,/en/matches/fade9277/Brighton-and-Hove-Albion-Bournemouth-February-25-2025-Premier-League,2025-02-26,Bournemouth,Brighton,0,Andoni Iraola
21d4a457,2425,2025-02-25,fbref_match_cache,/en/matches/21d4a457/Chelsea-Southampton-February-25-2025-Premier-League,2025-02-26,Chelsea,Southampton,1,Enzo Maresca
21d4a457,2425,2025-02-25,fbref_match_cache,/en/matches/21d4a457/Chelsea-Southampton-February-25-2025-Premier-League,2025-02-26,Southampton,Chelsea,0,Ivan Jurić
0a97629a,2425,2025-02-25,fbref_match_cache,/en/matches/0a97629a/Crystal-Palace-Aston-Villa-February-25-2025-Premier-League,2025-02-26,Crystal Palace,Aston Villa,1,Oliver Glasner
0a97629a,2425,2025-02-25,fbref_match_cache,/en/matches/0a97629a/Crystal-Palace-Aston-Villa-February-25-2025-Premier-League,2025-02-26,Aston Villa,Crystal Palace,0,Unai Emery
7aecfc4c,2425,2025-02-25,fbref_match_cache,/en/matches/7aecfc4c/Wolverhampton-Wanderers-Fulham-February-25-2025-Premier-League,2025-02-26,Wolves,Fulham,1,Vítor Pereira
7aecfc4c,2425,2025-02-25,fbref_match_cache,/en/matches/7aecfc4c/Wolverhampton-Wanderers-Fulham-February-25-2025-Premier-League,2025-02-26,Fulham,Wolves,0,Marco Silva
1218933c,2425,2025-02-26,fbref_match_cache,/en/matches/1218933c/Brentford-Everton-February-26-2025-Premier-League,2025-02-27,Brentford,Everton,1,Thomas Frank
1218933c,2425,2025-02-26,fbref_match_cache,/en/matches/1218933c/Brentford-Everton-February-26-2025-Premier-League,2025-02-27,Everton,Brentford,0,David Moyes
a0975f8c,2425,2025-02-26,fbref_match_cache,/en/matches/a0975f8c/Liverpool-Newcastle-United-February-26-2025-Premier-League,2025-02-27,Liverpool,Newcastle,1,Arne Slot
a0975f8c,2425,2025-02-26,fbref_match_cache,/en/matches/a0975f8c/Liverpool-Newcastle-United-February-26-2025-Premier-League,2025-02-27,Newcastle,Liverpool,0,Eddie Howe
bf6aa8ee,2425,2025-02-26,fbref_match_cache,/en/matches/bf6aa8ee/Manchester-United-Ipswich-Town-February-26-2025-Premier-League,2025-02-27,Man United,Ipswich,1,Rúben Amorim
bf6aa8ee,2425,2025-02-26,fbref_match_cache,/en/matches/bf6aa8ee/Manchester-United-Ipswich-Town-February-26-2025-Premier-League,2025-02-27,Ipswich,Man United,0,Kieran McKenna
d4387bc1,2425,2025-02-26,fbref_match_cache,/en/matches/d4387bc1/Nottingham-Forest-Arsenal-February-26-2025-Premier-League,2025-02-27,Nott'm Forest,Arsenal,1,Nuno Espírito Santo
d4387bc1,2425,2025-02-26,fbref_match_cache,/en/matches/d4387bc1/Nottingham-Forest-Arsenal-February-26-2025-Premier-League,2025-02-27,Arsenal,Nott'm Forest,0,Mikel Arteta
3b8160bd,2425,2025-02-26,fbref_match_cache,/en/matches/3b8160bd/Tottenham-Hotspur-Manchester-City-February-26-2025-Premier-League,2025-02-27,Tottenham,Man City,1,Ange Postecoglou
3b8160bd,2425,2025-02-26,fbref_match_cache,/en/matches/3b8160bd/Tottenham-Hotspur-Manchester-City-February-26-2025-Premier-League,2025-02-27,Man City,Tottenham,0,Pep Guardiola
08b1b7de,2425,2025-02-27,fbref_match_cache,/en/matches/08b1b7de/West-Ham-United-Leicester-City-February-27-2025-Premier-League,2025-02-28,West Ham,Leicester,1,Graham Potter
08b1b7de,2425,2025-02-27,fbref_match_cache,/en/matches/08b1b7de/West-Ham-United-Leicester-City-February-27-2025-Premier-League,2025-02-28,Leicester,West Ham,0,Ruud van Nistelrooy
fb9126ab,2425,2025-03-08,fbref_match_cache,/en/matches/fb9126ab/Brentford-Aston-Villa-March-8-2025-Premier-League,2025-03-09,Brentford,Aston Villa,1,Thomas Frank
fb9126ab,2425,2025-03-08,fbref_match_cache,/en/matches/fb9126ab/Brentford-Aston-Villa-March-8-2025-Premier-League,2025-03-09,Aston Villa,Brentford,0,Unai Emery
fb4bb61d,2425,2025-03-08,fbref_match_cache,/en/matches/fb4bb61d/Brighton-and-Hove-Albion-Fulham-March-8-2025-Premier-League,2025-03-09,Brighton,Fulham,1,Fabian Hürzeler
fb4bb61d,2425,2025-03-08,fbref_match_cache,/en/matches/fb4bb61d/Brighton-and-Hove-Albion-Fulham-March-8-2025-Premier-League,2025-03-09,Fulham,Brighton,0,Marco Silva
b1ad79e4,2425,2025-03-08,fbref_match_cache,/en/matches/b1ad79e4/Crystal-Palace-Ipswich-Town-March-8-2025-Premier-League,2025-03-09,Crystal Palace,Ipswich,1,Oliver Glasner
b1ad79e4,2425,2025-03-08,fbref_match_cache,/en/matches/b1ad79e4/Crystal-Palace-Ipswich-Town-March-8-2025-Premier-League,2025-03-09,Ipswich,Crystal Palace,0,Kieran McKenna
049341ab,2425,2025-03-08,fbref_match_cache,/en/matches/049341ab/Liverpool-Southampton-March-8-2025-Premier-League,2025-03-09,Liverpool,Southampton,1,Arne Slot
049341ab,2425,2025-03-08,fbref_match_cache,/en/matches/049341ab/Liverpool-Southampton-March-8-2025-Premier-League,2025-03-09,Southampton,Liverpool,0,Ivan Jurić
d53c0405,2425,2025-03-08,fbref_match_cache,/en/matches/d53c0405/Nottingham-Forest-Manchester-City-March-8-2025-Premier-League,2025-03-09,Nott'm Forest,Man City,1,Nuno Espírito Santo
d53c0405,2425,2025-03-08,fbref_match_cache,/en/matches/d53c0405/Nottingham-Forest-Manchester-City-March-8-2025-Premier-League,2025-03-09,Man City,Nott'm Forest,0,Pep Guardiola
2ac7408b,2425,2025-03-08,fbref_match_cache,/en/matches/2ac7408b/Wolverhampton-Wanderers-Everton-March-8-2025-Premier-League,2025-03-09,Wolves,Everton,1,Vítor Pereira
2ac7408b,2425,2025-03-08,fbref_match_cache,/en/matches/2ac7408b/Wolverhampton-Wanderers-Everton-March-8-2025-Premier-League,2025-03-09,Everton,Wolves,0,David Moyes
236640be,2425,2025-03-09,fbref_match_cache,/en/matches/236640be/Chelsea-Leicester-City-March-9-2025-Premier-League,2025-03-10,Chelsea,Leicester,1,Enzo Maresca
236640be,2425,2025-03-09,fbref_match_cache,/en/matches/236640be/Chelsea-Leicester-City-March-9-2025-Premier-League,2025-03-10,Leicester,Chelsea,0,Ruud van Nistelrooy
8efec987,2425,2025-03-09,fbref_match_cache,/en/matches/8efec987/Manchester-United-Arsenal-March-9-2025-Premier-League,2025-03-10,Man United,Arsenal,1,Rúben Amorim
8efec987,2425,2025-03-09,fbref_match_cache,/en/matches/8efec987/Manchester-United-Arsenal-March-9-2025-Premier-League,2025-03-10,Arsenal,Man United,0,Mikel Arteta
81575514,2425,2025-03-09,fbref_match_cache,/en/matches/81575514/Tottenham-Hotspur-Bournemouth-March-9-2025-Premier-League,2025-03-10,Tottenham,Bournemouth,1,Ange Postecoglou
81575514,2425,2025-03-09,fbref_match_cache,/en/matches/81575514/Tottenham-Hotspur-Bournemouth-March-9-2025-Premier-League,2025-03-10,Bournemouth,Tottenham,0,Andoni Iraola
61ad9d6a,2425,2025-03-10,fbref_match_cache,/en/matches/61ad9d6a/West-Ham-United-Newcastle-United-March-10-2025-Premier-League,2025-03-11,West Ham,Newcastle,1,Graham Potter
61ad9d6a,2425,2025-03-10,fbref_match_cache,/en/matches/61ad9d6a/West-Ham-United-Newcastle-United-March-10-2025-Premier-League,2025-03-11,Newcastle,West Ham,0,Eddie Howe
f3480c01,2425,2025-03-15,fbref_match_cache,/en/matches/f3480c01/Bournemouth-Brentford-March-15-2025-Premier-League,2025-03-16,Bournemouth,Brentford,1,Andoni Iraola
f3480c01,2425,2025-03-15,fbref_match_cache,/en/matches/f3480c01/Bournemouth-Brentford-March-15-2025-Premier-League,2025-03-16,Brentford,Bournemouth,0,Thomas Frank
d4bd829f,2425,2025-03-15,fbref_match_cache,/en/matches/d4bd829f/Everton-West-Ham-United-March-15-2025-Premier-League,2025-03-16,Everton,West Ham,1,David Moyes
d4bd829f,2425,2025-03-15,fbref_match_cache,/en/matches/d4bd829f/Everton-West-Ham-United-March-15-2025-Premier-League,2025-03-16,West Ham,Everton,0,Graham Potter
a44e04e9,2425,2025-03-15,fbref_match_cache,/en/matches/a44e04e9/Ipswich-Town-Nottingham-Forest-March-15-2025-Premier-League,2025-03-16,Ipswich,Nott'm Forest,1,Kieran McKenna
a44e04e9,2425,2025-03-15,fbref_match_cache,/en/matches/a44e04e9/Ipswich-Town-Nottingham-Forest-March-15-2025-Premier-League,2025-03-16,Nott'm Forest,Ipswich,0,Nuno Espírito Santo
83fc3d29,2425,2025-03-15,fbref_match_cache,/en/matches/83fc3d29/Manchester-City-Brighton-and-Hove-Albion-March-15-2025-Premier-League,2025-03-16,Man City,Brighton,1,Pep Guardiola
83fc3d29,2425,2025-03-15,fbref_match_cache,/en/matches/83fc3d29/Manchester-City-Brighton-and-Hove-Albion-March-15-2025-Premier-League,2025-03-16,Brighton,Man City,0,Fabian Hürzeler
eea61e7f,2425,2025-03-15,fbref_match_cache,/en/matches/eea61e7f/Southampton-Wolverhampton-Wanderers-March-15-2025-Premier-League,2025-03-16,Southampton,Wolves,1,Ivan Jurić
eea61e7f,2425,2025-03-15,fbref_match_cache,/en/matches/eea61e7f/Southampton-Wolverhampton-Wanderers-March-15-2025-Premier-League,2025-03-16,Wolves,Southampton,0,Vítor Pereira
22de525d,2425,2025-03-16,fbref_match_cache,/en/matches/22de525d/North-West-London-Derby-Arsenal-Chelsea-March-16-2025-Premier-League,2025-03-17,Arsenal,Chelsea,1,Mikel Arteta
22de525d,2425,2025-03-16,fbref_match_cache,/en/matches/22de525d/North-West-London-Derby-Arsenal-Chelsea-March-16-2025-Premier-League,2025-03-17,Chelsea,Arsenal,0,Enzo Maresca
61428001,2425,2025-03-16,fbref_match_cache,/en/matches/61428001/Fulham-Tottenham-Hotspur-March-16-2025-Premier-League,2025-03-17,Fulham,Tottenham,1,Marco Silva
61428001,2425,2025-03-16,fbref_match_cache,/en/matches/61428001/Fulham-Tottenham-Hotspur-March-16-2025-Premier-League,2025-03-17,Tottenham,Fulham,0,Ange Postecoglou
7bab156e,2425,2025-03-16,fbref_match_cache,/en/matches/7bab156e/Leicester-City-Manchester-United-March-16-2025-Premier-League,2025-03-17,Leicester,Man United,1,Ruud van Nistelrooy
7bab156e,2425,2025-03-16,fbref_match_cache,/en/matches/7bab156e/Leicester-City-Manchester-United-March-16-2025-Premier-League,2025-03-17,Man United,Leicester,0,Rúben Amorim
777d595c,2425,2025-04-01,fbref_match_cache,/en/matches/777d595c/Arsenal-Fulham-April-1-2025-Premier-League,2025-04-02,Arsenal,Fulham,1,Mikel Arteta
777d595c,2425,2025-04-01,fbref_match_cache,/en/matches/777d595c/Arsenal-Fulham-April-1-2025-Premier-League,2025-04-02,Fulham,Arsenal,0,Marco Silva
9f8a856e,2425,2025-04-01,fbref_match_cache,/en/matches/9f8a856e/Nottingham-Forest-Manchester-United-April-1-2025-Premier-League,2025-04-02,Nott'm Forest,Man United,1,Nuno Espírito Santo
9f8a856e,2425,2025-04-01,fbref_match_cache,/en/matches/9f8a856e/Nottingham-Forest-Manchester-United-April-1-2025-Premier-League,2025-04-02,Man United,Nott'm Forest,0,Rúben Amorim
6e6e9d8b,2425,2025-04-01,fbref_match_cache,/en/matches/6e6e9d8b/Wolverhampton-Wanderers-West-Ham-United-April-1-2025-Premier-League,2025-04-02,Wolves,West Ham,1,Vítor Pereira
6e6e9d8b,2425,2025-04-01,fbref_match_cache,/en/matches/6e6e9d8b/Wolverhampton-Wanderers-West-Ham-United-April-1-2025-Premier-League,2025-04-02,West Ham,Wolves,0,Graham Potter
19c54be2,2425,2025-04-02,fbref_match_cache,/en/matches/19c54be2/Bournemouth-Ipswich-Town-April-2-2025-Premier-League,2025-04-03,Bournemouth,Ipswich,1,Andoni Iraola
19c54be2,2425,2025-04-02,fbref_match_cache,/en/matches/19c54be2/Bournemouth-Ipswich-Town-April-2-2025-Premier-League,2025-04-03,Ipswich,Bournemouth,0,Kieran McKenna
158e64b3,2425,2025-04-02,fbref_match_cache,/en/matches/158e64b3/Brighton-and-Hove-Albion-Aston-Villa-April-2-2025-Premier-League,2025-04-03,Brighton,Aston Villa,1,Fabian Hürzeler
158e64b3,2425,2025-04-02,fbref_match_cache,/en/matches/158e64b3/Brighton-and-Hove-Albion-Aston-Villa-April-2-2025-Premier-League,2025-04-03,Aston Villa,Brighton,0,Unai Emery
7e2a8ebe,2425,2025-04-02,fbref_match_cache,/en/matches/7e2a8ebe/Merseyside-Derby-Liverpool-Everton-April-2-2025-Premier-League,2025-04-03,Liverpool,Everton,1,Arne Slot
7e2a8ebe,2425,2025-04-02,fbref_match_cache,/en/matches/7e2a8ebe/Merseyside-Derby-Liverpool-Everton-April-2-2025-Premier-League,2025-04-03,Everton,Liverpool,0,David Moyes
464a9c6c,2425,2025-04-02,fbref_match_cache,/en/matches/464a9c6c/Manchester-City-Leicester-City-April-2-2025-Premier-League,2025-04-03,Man City,Leicester,1,Pep Guardiola
464a9c6c,2425,2025-04-02,fbref_match_cache,/en/matches/464a9c6c/Manchester-City-Leicester-City-April-2-2025-Premier-League,2025-04-03,Leicester,Man City,0,Ruud van Nistelrooy
e202c3b7,2425,2025-04-02,fbref_match_cache,/en/matches/e202c3b7/Newcastle-United-Brentford-April-2-2025-Premier-League,2025-04-03,Newcastle,Brentford,1,Eddie Howe
e202c3b7,2425,2025-04-02,fbref_match_cache,/en/matches/e202c3b7/Newcastle-United-Brentford-April-2-2025-Premier-League,2025-04-03,Brentford,Newcastle,0,Thomas Frank
1c75bcda,2425,2025-04-02,fbref_match_cache,/en/matches/1c75bcda/Southampton-Crystal-Palace-April-2-2025-Premier-League,2025-04-03,Southampton,Crystal Palace,1,Ivan Jurić
1c75bcda,2425,2025-04-02,fbref_match_cache,/en/matches/1c75bcda/Southampton-Crystal-Palace-April-2-2025-Premier-League,2025-04-03,Crystal Palace,Southampton,0,Oliver Glasner
33e26065,2425,2025-04-03,fbref_match_cache,/en/matches/33e26065/Chelsea-Tottenham-Hotspur-April-3-2025-Premier-League,2025-04-04,Chelsea,Tottenham,1,Enzo Maresca
33e26065,2425,2025-04-03,fbref_match_cache,/en/matches/33e26065/Chelsea-Tottenham-Hotspur-April-3-2025-Premier-League,2025-04-04,Tottenham,Chelsea,0,Ange Postecoglou
7b024699,2425,2025-04-05,fbref_match_cache,/en/matches/7b024699/Aston-Villa-Nottingham-Forest-April-5-2025-Premier-League,2025-04-06,Aston Villa,Nott'm Forest,1,Unai Emery
7b024699,2425,2025-04-05,fbref_match_cache,/en/matches/7b024699/Aston-Villa-Nottingham-Forest-April-5-2025-Premier-League,2025-04-06,Nott'm Forest,Aston Villa,0,Nuno Espírito Santo
e9cb51b4,2425,2025-04-05,fbref_match_cache,/en/matches/e9cb51b4/Crystal-Palace-Brighton-and-Hove-Albion-April-5-2025-Premier-League,2025-04-06,Crystal Palace,Brighton,1,Oliver Glasner
e9cb51b4,2425,2025-04-05,fbref_match_cache,/en/matches/e9cb51b4/Crystal-Palace-Brighton-and-Hove-Albion-April-5-2025-Premier-League,2025-04-06,Brighton,Crystal Palace,0,Fabian Hürzeler
8a72e3dc,2425,2025-04-05,fbref_match_cache,/en/matches/8a72e3dc/Everton-Arsenal-April-5-2025-Premier-League,2025-04-06,Everton,Arsenal,1,David Moyes
8a72e3dc,2425,2025-04-05,fbref_match_cache,/en/matches/8a72e3dc/Everton-Arsenal-April-5-2025-Premier-League,2025-04-06,Arsenal,Everton,0,Mikel Arteta
b6f200da,2425,2025-04-05,fbref_match_cache,/en/matches/b6f200da/Ipswich-Town-Wolverhampton-Wanderers-April-5-2025-Premier-League,2025-04-06,Ipswich,Wolves,1,Kieran McKenna
b6f200da,2425,2025-04-05,fbref_match_cache,/en/matches/b6f200da/Ipswich-Town-Wolverhampton-Wanderers-April-5-2025-Premier-League,2025-04-06,Wolves,Ipswich,0,Vítor Pereira
3812dc28,2425,2025-04-05,fbref_match_cache,/en/matches/3812dc28/West-Ham-United-Bournemouth-April-5-2025-Premier-League,2025-04-06,West Ham,Bournemouth,1,Graham Potter
3812dc28,2425,2025-04-05,fbref_match_cache,/en/matches/3812dc28/West-Ham-United-Bournemouth-April-5-2025-Premier-League,2025-04-06,Bournemouth,West Ham,0,Andoni Iraola
5984e216,2425,2025-04-06,fbref_match_cache,/en/matches/5984e216/Brentford-Chelsea-April-6-2025-Premier-League,2025-04-07,Brentford,Chelsea,1,Thomas Frank
5984e216,2425,2025-04-06,fbref_match_cache,/en/matches/5984e216/Brentford-Chelsea-April-6-2025-Premier-League,2025-04-07,Chelsea,Brentford,0,Enzo Maresca
b34400d3,2425,2025-04-06,fbref_match_cache,/en/matches/b34400d3/Fulham-Liverpool-April-6-2025-Premier-League,2025-04-07,Fulham,Liverpool,1,Marco Silva
b34400d3,2425,2025-04-06,fbref_match_cache,/en/matches/b34400d3/Fulham-Liverpool-April-6-2025-Premier-League,2025-04-07,Liverpool,Fulham,0,Arne Slot
53e359bb,2425,2025-04-06,fbref_match_cache,/en/matches/53e359bb/Manchester-Derby-Manchester-United-Manchester-City-April-6-2025-Premier-League,2025-04-07,Man United,Man City,1,Rúben Amorim
53e359bb,2425,2025-04-06,fbref_match_cache,/en/matches/53e359bb/Manchester-Derby-Manchester-United-Manchester-City-April-6-2025-Premier-League,2025-04-07,Man City,Man United,0,Pep Guardiola
f671e515,2425,2025-04-06,fbref_match_cache,/en/matches/f671e515/Tottenham-Hotspur-Southampton-April-6-2025-Premier-League,2025-04-07,Tottenham,Southampton,1,Ange Postecoglou
f671e515,2425,2025-04-06,fbref_match_cache,/en/matches/f671e515/Tottenham-Hotspur-Southampton-April-6-2025-Premier-League,2025-04-07,Southampton,Tottenham,0,Ivan Jurić
d8efb6cc,2425,2025-04-07,fbref_match_cache,/en/matches/d8efb6cc/Leicester-City-Newcastle-United-April-7-2025-Premier-League,2025-04-08,Leicester,Newcastle,1,Ruud van Nistelrooy
d8efb6cc,2425,2025-04-07,fbref_match_cache,/en/matches/d8efb6cc/Leicester-City-Newcastle-United-April-7-2025-Premier-League,2025-04-08,Newcastle,Leicester,0,Eddie Howe
471d2141,2425,2025-04-12,fbref_match_cache,/en/matches/471d2141/Arsenal-Brentford-April-12-2025-Premier-League,2025-04-13,Arsenal,Brentford,1,Mikel Arteta
471d2141,2425,2025-04-12,fbref_match_cache,/en/matches/471d2141/Arsenal-Brentford-April-12-2025-Premier-League,2025-04-13,Brentford,Arsenal,0,Thomas Frank
6c4e0e71,2425,2025-04-12,fbref_match_cache,/en/matches/6c4e0e71/Brighton-and-Hove-Albion-Leicester-City-April-12-2025-Premier-League,2025-04-13,Brighton,Leicester,1,Fabian Hürzeler
6c4e0e71,2425,2025-04-12,fbref_match_cache,/en/matches/6c4e0e71/Brighton-and-Hove-Albion-Leicester-City-April-12-2025-Premier-League,2025-04-13,Leicester,Brighton,0,Ruud van Nistelrooy
7be33a60,2425,2025-04-12,fbref_match_cache,/en/matches/7be33a60/Manchester-City-Crystal-Palace-April-12-2025-Premier-League,2025-04-13,Man City,Crystal Palace,1,Pep Guardiola
7be33a60,2425,2025-04-12,fbref_match_cache,/en/matches/7be33a60/Manchester-City-Crystal-Palace-April-12-2025-Premier-League,2025-04-13,Crystal Palace,Man City,0,Oliver Glasner
83138c75,2425,2025-04-12,fbref_match_cache,/en/matches/83138c75/Nottingham-Forest-Everton-April-12-2025-Premier-League,2025-04-13,Nott'm Forest,Everton,1,Nuno Espírito Santo
83138c75,2425,2025-04-12,fbref_match_cache,/en/matches/83138c75/Nottingham-Forest-Everton-April-12-2025-Premier-League,2025-04-13,Everton,Nott'm Forest,0,David Moyes
eb58af0b,2425,2025-04-12,fbref_match_cache,/en/matches/eb58af0b/Southampton-Aston-Villa-April-12-2025-Premier-League,2025-04-13,Southampton,Aston Villa,1,Simon Rusk
eb58af0b,2425,2025-04-12,fbref_match_cache,/en/matches/eb58af0b/Southampton-Aston-Villa-April-12-2025-Premier-League,2025-04-13,Aston Villa,Southampton,0,Unai Emery
a45626b5,2425,2025-04-13,fbref_match_cache,/en/matches/a45626b5/Chelsea-Ipswich-Town-April-13-2025-Premier-League,2025-04-14,Chelsea,Ipswich,1,Enzo Maresca
a45626b5,2425,2025-04-13,fbref_match_cache,/en/matches/a45626b5/Chelsea-Ipswich-Town-April-13-2025-Premier-League,2025-04-14,Ipswich,Chelsea,0,Kieran McKenna
4975981b,2425,2025-04-13,fbref_match_cache,/en/matches/4975981b/Liverpool-West-Ham-United-April-13-2025-Premier-League,2025-04-14,Liverpool,West Ham,1,Arne Slot
4975981b,2425,2025-04-13,fbref_match_cache,/en/matches/4975981b/Liverpool-West-Ham-United-April-13-2025-Premier-League,2025-04-14,West Ham,Liverpool,0,Graham Potter
4254acea,2425,2025-04-13,fbref_match_cache,/en/matches/4254acea/Newcastle-United-Manchester-United-April-13-2025-Premier-League,2025-04-14,Newcastle,Man United,1,Eddie Howe
4254acea,2425,2025-04-13,fbref_match_cache,/en/matches/4254acea/Newcastle-United-Manchester-United-April-13-2025-Premier-League,2025-04-14,Man United,Newcastle,0,Rúben Amorim
5a44bda9,2425,2025-04-13,fbref_match_cache,/en/matches/5a44bda9/Wolverhampton-Wanderers-Tottenham-Hotspur-April-13-2025-Premier-League,2025-04-14,Wolves,Tottenham,1,Vítor Pereira
5a44bda9,2425,2025-04-13,fbref_match_cache,/en/matches/5a44bda9/Wolverhampton-Wanderers-Tottenham-Hotspur-April-13-2025-Premier-League,2025-04-14,Tottenham,Wolves,0,Ange Postecoglou
12ecaa9f,2425,2025-04-14,fbref_match_cache,/en/matches/12ecaa9f/Bournemouth-Fulham-April-14-2025-Premier-League,2025-04-15,Bournemouth,Fulham,1,Andoni Iraola
12ecaa9f,2425,2025-04-14,fbref_match_cache,/en/matches/12ecaa9f/Bournemouth-Fulham-April-14-2025-Premier-League,2025-04-15,Fulham,Bournemouth,0,Marco Silva
6e87f6cf,2425,2025-04-16,fbref_match_cache,/en/matches/6e87f6cf/Newcastle-United-Crystal-Palace-April-16-2025-Premier-League,2025-04-17,Newcastle,Crystal Palace,1,Eddie Howe
6e87f6cf,2425,2025-04-16,fbref_match_cache,/en/matches/6e87f6cf/Newcastle-United-Crystal-Palace-April-16-2025-Premier-League,2025-04-17,Crystal Palace,Newcastle,0,Oliver Glasner
45a3960e,2425,2025-04-19,fbref_match_cache,/en/matches/45a3960e/Aston-Villa-Newcastle-United-April-19-2025-Premier-League,2025-04-20,Aston Villa,Newcastle,1,Unai Emery
45a3960e,2425,2025-04-19,fbref_match_cache,/en/matches/45a3960e/Aston-Villa-Newcastle-United-April-19-2025-Premier-League,2025-04-20,Newcastle,Aston Villa,0,Eddie Howe
36afccb6,2425,2025-04-19,fbref_match_cache,/en/matches/36afccb6/Brentford-Brighton-and-Hove-Albion-April-19-2025-Premier-League,2025-04-20,Brentford,Brighton,1,Thomas Frank
36afccb6,2425,2025-04-19,fbref_match_cache,/en/matches/36afccb6/Brentford-Brighton-and-Hove-Albion-April-19-2025-Premier-League,2025-04-20,Brighton,Brentford,0,Fabian Hürzeler
9d095ebf,2425,2025-04-19,fbref_match_cache,/en/matches/9d095ebf/Crystal-Palace-Bournemouth-April-19-2025-Premier-League,2025-04-20,Crystal Palace,Bournemouth,1,Oliver Glasner
9d095ebf,2425,2025-04-19,fbref_match_cache,/en/matches/9d095ebf/Crystal-Palace-Bournemouth-April-19-2025-Premier-League,2025-04-20,Bournemouth,Crystal Palace,0,Andoni Iraola
a95e25da,2425,2025-04-19,fbref_match_cache,/en/matches/a95e25da/Everton-Manchester-City-April-19-2025-Premier-League,2025-04-20,Everton,Man City,1,David Moyes
a95e25da,2425,2025-04-19,fbref_match_cache,/en/matches/a95e25da/Everton-Manchester-City-April-19-2025-Premier-League,2025-04-20,Man City,Everton,0,Pep Guardiola
8d613b28,2425,2025-04-19,fbref_match_cache,/en/matches/8d613b28/West-Ham-United-Southampton-April-19-2025-Premier-League,2025-04-20,West Ham,Southampton,1,Graham Potter
8d613b28,2425,2025-04-19,fbref_match_cache,/en/matches/8d613b28/West-Ham-United-Southampton-April-19-2025-Premier-League,2025-04-20,Southampton,West Ham,0,Simon Rusk
aaac9748,2425,2025-04-20,fbref_match_cache,/en/matches/aaac9748/Fulham-Chelsea-April-20-2025-Premier-League,2025-04-21,Fulham,Chelsea,1,Marco Silva
aaac9748,2425,2025-04-20,fbref_match_cache,/en/matches/aaac9748/Fulham-Chelsea-April-20-2025-Premier-League,2025-04-21,Chelsea,Fulham,0,Enzo Maresca
2b599f1a,2425,2025-04-20,fbref_match_cache,/en/matches/2b599f1a/Ipswich-Town-Arsenal-April-20-2025-Premier-League,2025-04-21,Ipswich,Arsenal,1,Kieran McKenna
2b599f1a,2425,2025-04-20,fbref_match_cache,/en/matches/2b599f1a/Ipswich-Town-Arsenal-April-20-2025-Premier-League,2025-04-21,Arsenal,Ipswich,0,Mikel Arteta
0a2030a0,2425,2025-04-20,fbref_match_cache,/en/matches/0a2030a0/Leicester-City-Liverpool-April-20-2025-Premier-League,2025-04-21,Leicester,Liverpool,1,Ruud van Nistelrooy
0a2030a0,2425,2025-04-20,fbref_match_cache,/en/matches/0a2030a0/Leicester-City-Liverpool-April-20-2025-Premier-League,2025-04-21,Liverpool,Leicester,0,Arne Slot
e50fd749,2425,2025-04-20,fbref_match_cache,/en/matches/e50fd749/Manchester-United-Wolverhampton-Wanderers-April-20-2025-Premier-League,2025-04-21,Man United,Wolves,1,Rúben Amorim
e50fd749,2425,2025-04-20,fbref_match_cache,/en/matches/e50fd749/Manchester-United-Wolverhampton-Wanderers-April-20-2025-Premier-League,2025-04-21,Wolves,Man United,0,Vítor Pereira
708743bf,2425,2025-04-21,fbref_match_cache,/en/matches/708743bf/Tottenham-Hotspur-Nottingham-Forest-April-21-2025-Premier-League,2025-04-22,Tottenham,Nott'm Forest,1,Ange Postecoglou
708743bf,2425,2025-04-21,fbref_match_cache,/en/matches/708743bf/Tottenham-Hotspur-Nottingham-Forest-April-21-2025-Premier-League,2025-04-22,Nott'm Forest,Tottenham,0,Nuno Espírito Santo
3de68b91,2425,2025-04-22,fbref_match_cache,/en/matches/3de68b91/Manchester-City-Aston-Villa-April-22-2025-Premier-League,2025-04-23,Man City,Aston Villa,1,Pep Guardiola
3de68b91,2425,2025-04-22,fbref_match_cache,/en/matches/3de68b91/Manchester-City-Aston-Villa-April-22-2025-Premier-League,2025-04-23,Aston Villa,Man City,0,Unai Emery
67651145,2425,2025-04-23,fbref_match_cache,/en/matches/67651145/Arsenal-Crystal-Palace-April-23-2025-Premier-League,2025-04-24,Arsenal,Crystal Palace,1,Mikel Arteta
67651145,2425,2025-04-23,fbref_match_cache,/en/matches/67651145/Arsenal-Crystal-Palace-April-23-2025-Premier-League,2025-04-24,Crystal Palace,Arsenal,0,Oliver Glasner
e1669507,2425,2025-04-26,fbref_match_cache,/en/matches/e1669507/Brighton-and-Hove-Albion-West-Ham-United-April-26-2025-Premier-League,2025-04-27,Brighton,West Ham,1,Fabian Hürzeler
e1669507,2425,2025-04-26,fbref_match_cache,/en/matches/e1669507/Brighton-and-Hove-Albion-West-Ham-United-April-26-2025-Premier-League,2025-04-27,West Ham,Brighton,0,Graham Potter
06c5f0ab,2425,2025-04-26,fbref_match_cache,/en/matches/06c5f0ab/Chelsea-Everton-April-26-2025-Premier-League,2025-04-27,Chelsea,Everton,1,Enzo Maresca
06c5f0ab,2425,2025-04-26,fbref_match_cache,/en/matches/06c5f0ab/Chelsea-Everton-April-26-2025-Premier-League,2025-04-27,Everton,Chelsea,0,David Moyes
3402b61b,2425,2025-04-26,fbref_match_cache,/en/matches/3402b61b/Newcastle-United-Ipswich-Town-April-26-2025-Premier-League,2025-04-27,Newcastle,Ipswich,1,Eddie Howe
3402b61b,2425,2025-04-26,fbref_match_cache,/en/matches/3402b61b/Newcastle-United-Ipswich-Town-April-26-2025-Premier-League,2025-04-27,Ipswich,Newcastle,0,Kieran McKenna
9c6532bc,2425,2025-04-26,fbref_match_cache,/en/matches/9c6532bc/Southampton-Fulham-April-26-2025-Premier-League,2025-04-27,Southampton,Fulham,1,Simon Rusk
9c6532bc,2425,2025-04-26,fbref_match_cache,/en/matches/9c6532bc/Southampton-Fulham-April-26-2025-Premier-League,2025-04-27,Fulham,Southampton,0,Marco Silva
1ced4069,2425,2025-04-26,fbref_match_cache,/en/matches/1ced4069/Wolverhampton-Wanderers-Leicester-City-April-26-2025-Premier-League,2025-04-27,Wolves,Leicester,1,Vítor Pereira
1ced4069,2425,2025-04-26,fbref_match_cache,/en/matches/1ced4069/Wolverhampton-Wanderers-Leicester-City-April-26-2025-Premier-League,2025-04-27,Leicester,Wolves,0,Ruud van Nistelrooy
81b6c6b4,2425,2025-04-27,fbref_match_cache,/en/matches/81b6c6b4/Bournemouth-Manchester-United-April-27-2025-Premier-League,2025-04-28,Bournemouth,Man United,1,Andoni Iraola
81b6c6b4,2425,2025-04-27,fbref_match_cache,/en/matches/81b6c6b4/Bournemouth-Manchester-United-April-27-2025-Premier-League,2025-04-28,Man United,Bournemouth,0,Rúben Amorim
64bc833f,2425,2025-04-27,fbref_match_cache,/en/matches/64bc833f/Liverpool-Tottenham-Hotspur-April-27-2025-Premier-League,2025-04-28,Liverpool,Tottenham,1,Arne Slot
64bc833f,2425,2025-04-27,fbref_match_cache,/en/matches/64bc833f/Liverpool-Tottenham-Hotspur-April-27-2025-Premier-League,2025-04-28,Tottenham,Liverpool,0,Ange Postecoglou
a896a308,2425,2025-05-01,fbref_match_cache,/en/matches/a896a308/Nottingham-Forest-Brentford-May-1-2025-Premier-League,2025-05-02,Nott'm Forest,Brentford,1,Nuno Espírito Santo
a896a308,2425,2025-05-01,fbref_match_cache,/en/matches/a896a308/Nottingham-Forest-Brentford-May-1-2025-Premier-League,2025-05-02,Brentford,Nott'm Forest,0,Thomas Frank
6a433468,2425,2025-05-02,fbref_match_cache,/en/matches/6a433468/Manchester-City-Wolverhampton-Wanderers-May-2-2025-Premier-League,2025-05-03,Man City,Wolves,1,Pep Guardiola
6a433468,2425,2025-05-02,fbref_match_cache,/en/matches/6a433468/Manchester-City-Wolverhampton-Wanderers-May-2-2025-Premier-League,2025-05-03,Wolves,Man City,0,Vítor Pereira
ad3827f3,2425,2025-05-03,fbref_match_cache,/en/matches/ad3827f3/Arsenal-Bournemouth-May-3-2025-Premier-League,2025-05-04,Arsenal,Bournemouth,1,Mikel Arteta
ad3827f3,2425,2025-05-03,fbref_match_cache,/en/matches/ad3827f3/Arsenal-Bournemouth-May-3-2025-Premier-League,2025-05-04,Bournemouth,Arsenal,0,Andoni Iraola
d8e391ab,2425,2025-05-03,fbref_match_cache,/en/matches/d8e391ab/Aston-Villa-Fulham-May-3-2025-Premier-League,2025-05-04,Aston Villa,Fulham,1,Unai Emery
d8e391ab,2425,2025-05-03,fbref_match_cache,/en/matches/d8e391ab/Aston-Villa-Fulham-May-3-2025-Premier-League,2025-05-04,Fulham,Aston Villa,0,Marco Silva
b93c98b0,2425,2025-05-03,fbref_match_cache,/en/matches/b93c98b0/Everton-Ipswich-Town-May-3-2025-Premier-League,2025-05-04,Everton,Ipswich,1,David Moyes
b93c98b0,2425,2025-05-03,fbref_match_cache,/en/matches/b93c98b0/Everton-Ipswich-Town-May-3-2025-Premier-League,2025-05-04,Ipswich,Everton,0,Kieran McKenna
e89fe486,2425,2025-05-03,fbref_match_cache,/en/matches/e89fe486/Leicester-City-Southampton-May-3-2025-Premier-League,2025-05-04,Leicester,Southampton,1,Ruud van Nistelrooy
e89fe486,2425,2025-05-03,fbref_match_cache,/en/matches/e89fe486/Leicester-City-Southampton-May-3-2025-Premier-League,2025-05-04,Southampton,Leicester,0,Simon Rusk
29dbd7d1,2425,2025-05-04,fbref_match_cache,/en/matches/29dbd7d1/Brentford-Manchester-United-May-4-2025-Premier-League,2025-05-05,Brentford,Man United,1,Thomas Frank
29dbd7d1,2425,2025-05-04,fbref_match_cache,/en/matches/29dbd7d1/Brentford-Manchester-United-May-4-2025-Premier-League,2025-05-05,Man United,Brentford,0,Rúben Amorim
e09b4b94,2425,2025-05-04,fbref_match_cache,/en/matches/e09b4b94/Brighton-and-Hove-Albion-Newcastle-United-May-4-2025-Premier-League,2025-05-05,Brighton,Newcastle,1,Fabian Hürzeler
e09b4b94,2425,2025-05-04,fbref_match_cache,/en/matches/e09b4b94/Brighton-and-Hove-Albion-Newcastle-United-May-4-2025-Premier-League,2025-05-05,Newcastle,Brighton,0,Eddie Howe
157740ee,2425,2025-05-04,fbref_match_cache,/en/matches/157740ee/Chelsea-Liverpool-May-4-2025-Premier-League,2025-05-05,Chelsea,Liverpool,1,Enzo Maresca
157740ee,2425,2025-05-04,fbref_match_cache,/en/matches/157740ee/Chelsea-Liverpool-May-4-2025-Premier-League,2025-05-05,Liverpool,Chelsea,0,Arne Slot
70dcad6e,2425,2025-05-04,fbref_match_cache,/en/matches/70dcad6e/West-Ham-United-Tottenham-Hotspur-May-4-2025-Premier-League,2025-05-05,West Ham,Tottenham,1,Graham Potter
70dcad6e,2425,2025-05-04,fbref_match_cache,/en/matches/70dcad6e/West-Ham-United-Tottenham-Hotspur-May-4-2025-Premier-League,2025-05-05,Tottenham,West Ham,0,Ange Postecoglou
89cb2963,2425,2025-05-05,fbref_match_cache,/en/matches/89cb2963/Crystal-Palace-Nottingham-Forest-May-5-2025-Premier-League,2025-05-06,Crystal Palace,Nott'm Forest,1,Oliver Glasner
89cb2963,2425,2025-05-05,fbref_match_cache,/en/matches/89cb2963/Crystal-Palace-Nottingham-Forest-May-5-2025-Premier-League,2025-05-06,Nott'm Forest,Crystal Palace,0,Nuno Espírito Santo
dd48659a,2425,2025-05-10,fbref_match_cache,/en/matches/dd48659a/Bournemouth-Aston-Villa-May-10-2025-Premier-League,2025-05-11,Bournemouth,Aston Villa,1,Andoni Iraola
dd48659a,2425,2025-05-10,fbref_match_cache,/en/matches/dd48659a/Bournemouth-Aston-Villa-May-10-2025-Premier-League,2025-05-11,Aston Villa,Bournemouth,0,Unai Emery
a637fb4e,2425,2025-05-10,fbref_match_cache,/en/matches/a637fb4e/Fulham-Everton-May-10-2025-Premier-League,2025-05-11,Fulham,Everton,1,Marco Silva
a637fb4e,2425,2025-05-10,fbref_match_cache,/en/matches/a637fb4e/Fulham-Everton-May-10-2025-Premier-League,2025-05-11,Everton,Fulham,0,David Moyes
ea2685e0,2425,2025-05-10,fbref_match_cache,/en/matches/ea2685e0/Ipswich-Town-Brentford-May-10-2025-Premier-League,2025-05-11,Ipswich,Brentford,1,Kieran McKenna
ea2685e0,2425,2025-05-10,fbref_match_cache,/en/matches/ea2685e0/Ipswich-Town-Brentford-May-10-2025-Premier-League,2025-05-11,Brentford,Ipswich,0,Thomas Frank
35a46606,2425,2025-05-10,fbref_match_cache,/en/matches/35a46606/Southampton-Manchester-City-May-10-2025-Premier-League,2025-05-11,Southampton,Man City,1,Simon Rusk
35a46606,2425,2025-05-10,fbref_match_cache,/en/matches/35a46606/Southampton-Manchester-City-May-10-2025-Premier-League,2025-05-11,Man City,Southampton,0,Pep Guardiola
f1bf04cb,2425,2025-05-10,fbref_match_cache,/en/matches/f1bf04cb/Wolverhampton-Wanderers-Brighton-and-Hove-Albion-May-10-2025-Premier-League,2025-05-11,Wolves,Brighton,1,Vítor Pereira
f1bf04cb,2425,2025-05-10,fbref_match_cache,/en/matches/f1bf04cb/Wolverhampton-Wanderers-Brighton-and-Hove-Albion-May-10-2025-Premier-League,2025-05-11,Brighton,Wolves,0,Fabian Hürzeler
0dc9bdd9,2425,2025-05-11,fbref_match_cache,/en/matches/0dc9bdd9/Liverpool-Arsenal-May-11-2025-Premier-League,2025-05-12,Liverpool,Arsenal,1,Arne Slot
0dc9bdd9,2425,2025-05-11,fbref_match_cache,/en/matches/0dc9bdd9/Liverpool-Arsenal-May-11-2025-Premier-League,2025-05-12,Arsenal,Liverpool,0,Mikel Arteta
c4548397,2425,2025-05-11,fbref_match_cache,/en/matches/c4548397/Manchester-United-West-Ham-United-May-11-2025-Premier-League,2025-05-12,Man United,West Ham,1,Rúben Amorim
c4548397,2425,2025-05-11,fbref_match_cache,/en/matches/c4548397/Manchester-United-West-Ham-United-May-11-2025-Premier-League,2025-05-12,West Ham,Man United,0,Graham Potter
b409de42,2425,2025-05-11,fbref_match_cache,/en/matches/b409de42/Newcastle-United-Chelsea-May-11-2025-Premier-League,2025-05-12,Newcastle,Chelsea,1,Eddie Howe
b409de42,2425,2025-05-11,fbref_match_cache,/en/matches/b409de42/Newcastle-United-Chelsea-May-11-2025-Premier-League,2025-05-12,Chelsea,Newcastle,0,Enzo Maresca
c3e242fc,2425,2025-05-11,fbref_match_cache,/en/matches/c3e242fc/Nottingham-Forest-Leicester-City-May-11-2025-Premier-League,2025-05-12,Nott'm Forest,Leicester,1,Nuno Espírito Santo
c3e242fc,2425,2025-05-11,fbref_match_cache,/en/matches/c3e242fc/Nottingham-Forest-Leicester-City-May-11-2025-Premier-League,2025-05-12,Leicester,Nott'm Forest,0,Ruud van Nistelrooy
a442e11f,2425,2025-05-11,fbref_match_cache,/en/matches/a442e11f/Tottenham-Hotspur-Crystal-Palace-May-11-2025-Premier-League,2025-05-12,Tottenham,Crystal Palace,1,Ange Postecoglou
a442e11f,2425,2025-05-11,fbref_match_cache,/en/matches/a442e11f/Tottenham-Hotspur-Crystal-Palace-May-11-2025-Premier-League,2025-05-12,Crystal Palace,Tottenham,0,Oliver Glasner
b2651680,2425,2025-05-16,fbref_match_cache,/en/matches/b2651680/Aston-Villa-Tottenham-Hotspur-May-16-2025-Premier-League,2025-05-17,Aston Villa,Tottenham,1,Unai Emery
b2651680,2425,2025-05-16,fbref_match_cache,/en/matches/b2651680/Aston-Villa-Tottenham-Hotspur-May-16-2025-Premier-League,2025-05-17,Tottenham,Aston Villa,0,Ange Postecoglou
c95dd208,2425,2025-05-16,fbref_match_cache,/en/matches/c95dd208/Chelsea-Manchester-United-May-16-2025-Premier-League,2025-05-17,Chelsea,Man United,1,Enzo Maresca
c95dd208,2425,2025-05-16,fbref_match_cache,/en/matches/c95dd208/Chelsea-Manchester-United-May-16-2025-Premier-League,2025-05-17,Man United,Chelsea,0,Rúben Amorim
0a51acae,2425,2025-05-18,fbref_match_cache,/en/matches/0a51acae/Arsenal-Newcastle-United-May-18-2025-Premier-League,2025-05-19,Arsenal,Newcastle,1,Mikel Arteta
0a51acae,2425,2025-05-18,fbref_match_cache,/en/matches/0a51acae/Arsenal-Newcastle-United-May-18-2025-Premier-League,2025-05-19,Newcastle,Arsenal,0,Eddie Howe
064e6a34,2425,2025-05-18,fbref_match_cache,/en/matches/064e6a34/Brentford-Fulham-May-18-2025-Premier-League,2025-05-19,Brentford,Fulham,1,Thomas Frank
064e6a34,2425,2025-05-18,fbref_match_cache,/en/matches/064e6a34/Brentford-Fulham-May-18-2025-Premier-League,2025-05-19,Fulham,Brentford,0,Marco Silva
9e338dfb,2425,2025-05-18,fbref_match_cache,/en/matches/9e338dfb/Everton-Southampton-May-18-2025-Premier-League,2025-05-19,Everton,Southampton,1,David Moyes
9e338dfb,2425,2025-05-18,fbref_match_cache,/en/matches/9e338dfb/Everton-Southampton-May-18-2025-Premier-League,2025-05-19,Southampton,Everton,0,Simon Rusk
20b5a00b,2425,2025-05-18,fbref_match_cache,/en/matches/20b5a00b/Leicester-City-Ipswich-Town-May-18-2025-Premier-League,2025-05-19,Leicester,Ipswich,1,Ruud van Nistelrooy
20b5a00b,2425,2025-05-18,fbref_match_cache,/en/matches/20b5a00b/Leicester-City-Ipswich-Town-May-18-2025-Premier-League,2025-05-19,Ipswich,Leicester,0,Kieran McKenna
79180ca6,2425,2025-05-18,fbref_match_cache,/en/matches/79180ca6/West-Ham-United-Nottingham-Forest-May-18-2025-Premier-League,2025-05-19,West Ham,Nott'm Forest,1,Graham Potter
79180ca6,2425,2025-05-18,fbref_match_cache,/en/matches/79180ca6/West-Ham-United-Nottingham-Forest-May-18-2025-Premier-League,2025-05-19,Nott'm Forest,West Ham,0,Nuno Espírito Santo
1f3db37a,2425,2025-05-19,fbref_match_cache,/en/matches/1f3db37a/Brighton-and-Hove-Albion-Liverpool-May-19-2025-Premier-League,2025-05-20,Brighton,Liverpool,1,Fabian Hürzeler
1f3db37a,2425,2025-05-19,fbref_match_cache,/en/matches/1f3db37a/Brighton-and-Hove-Albion-Liverpool-May-19-2025-Premier-League,2025-05-20,Liverpool,Brighton,0,Arne Slot
f85454d3,2425,2025-05-20,fbref_match_cache,/en/matches/f85454d3/Crystal-Palace-Wolverhampton-Wanderers-May-20-2025-Premier-League,2025-05-21,Crystal Palace,Wolves,1,Oliver Glasner
f85454d3,2425,2025-05-20,fbref_match_cache,/en/matches/f85454d3/Crystal-Palace-Wolverhampton-Wanderers-May-20-2025-Premier-League,2025-05-21,Wolves,Crystal Palace,0,Vítor Pereira
e5e516e9,2425,2025-05-20,fbref_match_cache,/en/matches/e5e516e9/Manchester-City-Bournemouth-May-20-2025-Premier-League,2025-05-21,Man City,Bournemouth,1,Pep Guardiola
e5e516e9,2425,2025-05-20,fbref_match_cache,/en/matches/e5e516e9/Manchester-City-Bournemouth-May-20-2025-Premier-League,2025-05-21,Bournemouth,Man City,0,Andoni Iraola
1ff370e8,2425,2025-05-25,fbref_match_cache,/en/matches/1ff370e8/Bournemouth-Leicester-City-May-25-2025-Premier-League,2025-05-26,Bournemouth,Leicester,1,Andoni Iraola
1ff370e8,2425,2025-05-25,fbref_match_cache,/en/matches/1ff370e8/Bournemouth-Leicester-City-May-25-2025-Premier-League,2025-05-26,Leicester,Bournemouth,0,Ruud van Nistelrooy
3d22336e,2425,2025-05-25,fbref_match_cache,/en/matches/3d22336e/Fulham-Manchester-City-May-25-2025-Premier-League,2025-05-26,Fulham,Man City,1,Marco Silva
3d22336e,2425,2025-05-25,fbref_match_cache,/en/matches/3d22336e/Fulham-Manchester-City-May-25-2025-Premier-League,2025-05-26,Man City,Fulham,0,Pep Guardiola
15559cff,2425,2025-05-25,fbref_match_cache,/en/matches/15559cff/Ipswich-Town-West-Ham-United-May-25-2025-Premier-League,2025-05-26,Ipswich,West Ham,1,Kieran McKenna
15559cff,2425,2025-05-25,fbref_match_cache,/en/matches/15559cff/Ipswich-Town-West-Ham-United-May-25-2025-Premier-League,2025-05-26,West Ham,Ipswich,0,Graham Potter
0958eb7a,2425,2025-05-25,fbref_match_cache,/en/matches/0958eb7a/Liverpool-Crystal-Palace-May-25-2025-Premier-League,2025-05-26,Liverpool,Crystal Palace,1,Arne Slot
0958eb7a,2425,2025-05-25,fbref_match_cache,/en/matches/0958eb7a/Liverpool-Crystal-Palace-May-25-2025-Premier-League,2025-05-26,Crystal Palace,Liverpool,0,Oliver Glasner
7ea43929,2425,2025-05-25,fbref_match_cache,/en/matches/7ea43929/Manchester-United-Aston-Villa-May-25-2025-Premier-League,2025-05-26,Man United,Aston Villa,1,Rúben Amorim
7ea43929,2425,2025-05-25,fbref_match_cache,/en/matches/7ea43929/Manchester-United-Aston-Villa-May-25-2025-Premier-League,2025-05-26,Aston Villa,Man United,0,Unai Emery
36844e73,2425,2025-05-25,fbref_match_cache,/en/matches/36844e73/Newcastle-United-Everton-May-25-2025-Premier-League,2025-05-26,Newcastle,Everton,1,Eddie Howe
36844e73,2425,2025-05-25,fbref_match_cache,/en/matches/36844e73/Newcastle-United-Everton-May-25-2025-Premier-League,2025-05-26,Everton,Newcastle,0,David Moyes
464cbad6,2425,2025-05-25,fbref_match_cache,/en/matches/464cbad6/Nottingham-Forest-Chelsea-May-25-2025-Premier-League,2025-05-26,Nott'm Forest,Chelsea,1,Nuno Espírito Santo
464cbad6,2425,2025-05-25,fbref_match_cache,/en/matches/464cbad6/Nottingham-Forest-Chelsea-May-25-2025-Premier-League,2025-05-26,Chelsea,Nott'm Forest,0,Enzo Maresca
01d155b4,2425,2025-05-25,fbref_match_cache,/en/matches/01d155b4/Southampton-Arsenal-May-25-2025-Premier-League,2025-05-26,Southampton,Arsenal,1,Simon Rusk
01d155b4,2425,2025-05-25,fbref_match_cache,/en/matches/01d155b4/Southampton-Arsenal-May-25-2025-Premier-League,2025-05-26,Arsenal,Southampton,0,Mikel Arteta
e4bb1c35,2425,2025-05-25,fbref_match_cache,/en/matches/e4bb1c35/Tottenham-Hotspur-Brighton-and-Hove-Albion-May-25-2025-Premier-League,2025-05-26,Tottenham,Brighton,1,Ange Postecoglou
e4bb1c35,2425,2025-05-25,fbref_match_cache,/en/matches/e4bb1c35/Tottenham-Hotspur-Brighton-and-Hove-Albion-May-25-2025-Premier-League,2025-05-26,Brighton,Tottenham,0,Fabian Hürzeler
812ef8ad,2425,2025-05-25,fbref_match_cache,/en/matches/812ef8ad/Wolverhampton-Wanderers-Brentford-May-25-2025-Premier-League,2025-05-26,Wolves,Brentford,1,Vítor Pereira
812ef8ad,2425,2025-05-25,fbref_match_cache,/en/matches/812ef8ad/Wolverhampton-Wanderers-Brentford-May-25-2025-Premier-League,2025-05-26,Brentford,Wolves,0,Thomas Frank
