match_id,season,date,team,opponent,is_home,source,source_collected_at,venue,possession,passes_attempted,passes_completed,pass_completion_pct,progressive_passes,progressive_carries,crosses,long_balls,shots,shots_on_target,tackles,interceptions,blocks,average_possession,possession_score,passes_per_sequence,build_up_speed,long_pass_ratio,progression_score,directness_score,PPDA,high_press_events,press_success_rate,turnovers_forced,counterpress_actions,press_intensity_score,crosses_per_match,crossing_score,through_balls,counter_attacks,fast_break_frequency,attacking_pressure_score,attacking_width_score,attacking_verticality_score,defensive_line_height_proxy,low_block_score,high_line_score,defensive_activity_score,defensive_aggression_score
1920_20190809_liverpool_norwich,1920,2019-08-09,Norwich,Liverpool,0,football-data.co.uk,2019-08-10,away,,,,,,,,,12,5,,,,,,,,,,,,,,,,,,,,,,22.0,,,,,,,
1920_20190809_liverpool_norwich,1920,2019-08-09,Liverpool,Norwich,1,football-data.co.uk,2019-08-10,home,,,,,,,,,15,7,,,,,,,,,,,,,,,,,,,,,,29.0,,,,,,,
1920_20190810_bournemouth_sheffield_united,1920,2019-08-10,Sheffield United,Bournemouth,0,football-data.co.uk,2019-08-11,away,,,,,,,,,8,3,,,,,,,,,,,,,,,,,,,,,,14.0,,,,,,,
1920_20190810_bournemouth_sheffield_united,1920,2019-08-10,Bournemouth,Sheffield United,1,football-data.co.uk,2019-08-11,home,,,,,,,,,13,3,,,,,,,,,,,,,,,,,,,,,,19.0,,,,,,,
1920_20190810_burnley_southampton,1920,2019-08-10,Southampton,Burnley,0,football-data.co.uk,2019-08-11,away,,,,,,,,,11,3,,,,,,,,,,,,,,,,,,,,,,17.0,,,,,,,
1920_20190810_burnley_southampton,1920,2019-08-10,Burnley,Southampton,1,football-data.co.uk,2019-08-11,home,,,,,,,,,10,4,,,,,,,,,,,,,,,,,,,,,,18.0,,,,,,,
1920_20190810_crystal_palace_everton,1920,2019-08-10,Everton,Crystal Palace,0,football-data.co.uk,2019-08-11,away,,,,,,,,,10,3,,,,,,,,,,,,,,,,,,,,,,16.0,,,,,,,
1920_20190810_crystal_palace_everton,1920,2019-08-10,Crystal Palace,Everton,1,football-data.co.uk,2019-08-11,home,,,,,,,,,6,2,,,,,,,,,,,,,,,,,,,,,,10.0,,,,,,,
1920_20190810_tottenham_aston_villa,1920,2019-08-10,Aston Villa,Tottenham,0,football-data.co.uk,2019-08-11,away,,,,,,,,,7,4,,,,,,,,,,,,,,,,,,,,,,15.0,,,,,,,
1920_20190810_tottenham_aston_villa,1920,2019-08-10,Tottenham,Aston Villa,1,football-data.co.uk,2019-08-11,home,,,,,,,,,31,7,,,,,,,,,,,,,,,,,,,,,,45.0,,,,,,,
1920_20190810_watford_brighton,1920,2019-08-10,Brighton,Watford,0,football-data.co.uk,2019-08-11,away,,,,,,,,,5,3,,,,,,,,,,,,,,,,,,,,,,11.0,,,,,,,
1920_20190810_watford_brighton,1920,2019-08-10,Watford,Brighton,1,football-data.co.uk,2019-08-11,home,,,,,,,,,11,3,,,,,,,,,,,,,,,,,,,,,,17.0,,,,,,,
1920_20190810_west_ham_man_city,1920,2019-08-10,Man City,West Ham,0,football-data.co.uk,2019-08-11,away,,,,,,,,,14,9,,,,,,,,,,,,,,,,,,,,,,32.0,,,,,,,
1920_20190810_west_ham_man_city,1920,2019-08-10,West Ham,Man City,1,football-data.co.uk,2019-08-11,home,,,,,,,,,5,3,,,,,,,,,,,,,,,,,,,,,,11.0,,,,,,,
1920_20190811_leicester_wolves,1920,2019-08-11,Wolves,Leicester,0,football-data.co.uk,2019-08-12,away,,,,,,,,,8,2,,,,,,,,,,,,,,,,,,,,,,12.0,,,,,,,
1920_20190811_leicester_wolves,1920,2019-08-11,Leicester,Wolves,1,football-data.co.uk,2019-08-12,home,,,,,,,,,15,1,,,,,,,,,,,,,,,,,,,,,,17.0,,,,,,,
1920_20190811_man_united_chelsea,1920,2019-08-11,Chelsea,Man United,0,football-data.co.uk,2019-08-12,away,,,,,,,,,18,7,,,,,,,,,,,,,,,,,,,,,,32.0,,,,,,,
1920_20190811_man_united_chelsea,1920,2019-08-11,Man United,Chelsea,1,football-data.co.uk,2019-08-12,home,,,,,,,,,11,5,,,,,,,,,,,,,,,,,,,,,,21.0,,,,,,,
1920_20190811_newcastle_arsenal,1920,2019-08-11,Arsenal,Newcastle,0,football-data.co.uk,2019-08-12,away,,,,,,,,,8,2,,,,,,,,,,,,,,,,,,,,,,12.0,,,,,,,
1920_20190811_newcastle_arsenal,1920,2019-08-11,Newcastle,Arsenal,1,football-data.co.uk,2019-08-12,home,,,,,,,,,9,2,,,,,,,,,,,,,,,,,,,,,,13.0,,,,,,,
1920_20190817_arsenal_burnley,1920,2019-08-17,Burnley,Arsenal,0,football-data.co.uk,2019-08-18,away,,,,,,,,,18,5,,,,,,,,,,,,,,,,,,,,,,28.0,,,,,,,
1920_20190817_arsenal_burnley,1920,2019-08-17,Arsenal,Burnley,1,football-data.co.uk,2019-08-18,home,,,,,,,,,16,9,,,,,,,,,,,,,,,,,,,,,,34.0,,,,,,,
1920_20190817_aston_villa_bournemouth,1920,2019-08-17,Bournemouth,Aston Villa,0,football-data.co.uk,2019-08-18,away,,,,,,,,,12,4,,,,,,,,,,,,,,,,,,,,,,20.0,,,,,,,
1920_20190817_aston_villa_bournemouth,1920,2019-08-17,Aston Villa,Bournemouth,1,football-data.co.uk,2019-08-18,home,,,,,,,,,22,7,,,,,,,,,,,,,,,,,,,,,,36.0,,,,,,,
1920_20190817_brighton_west_ham,1920,2019-08-17,West Ham,Brighton,0,football-data.co.uk,2019-08-18,away,,,,,,,,,8,3,,,,,,,,,,,,,,,,,,,,,,14.0,,,,,,,
1920_20190817_brighton_west_ham,1920,2019-08-17,Brighton,West Ham,1,football-data.co.uk,2019-08-18,home,,,,,,,,,16,4,,,,,,,,,,,,,,,,,,,,,,24.0,,,,,,,
1920_20190817_everton_watford,1920,2019-08-17,Watford,Everton,0,football-data.co.uk,2019-08-18,away,,,,,,,,,8,2,,,,,,,,,,,,,,,,,,,,,,12.0,,,,,,,
1920_20190817_everton_watford,1920,2019-08-17,Everton,Watford,1,football-data.co.uk,2019-08-18,home,,,,,,,,,12,2,,,,,,,,,,,,,,,,,,,,,,16.0,,,,,,,
1920_20190817_man_city_tottenham,1920,2019-08-17,Tottenham,Man City,0,football-data.co.uk,2019-08-18,away,,,,,,,,,3,2,,,,,,,,,,,,,,,,,,,,,,7.0,,,,,,,
1920_20190817_man_city_tottenham,1920,2019-08-17,Man City,Tottenham,1,football-data.co.uk,2019-08-18,home,,,,,,,,,30,10,,,,,,,,,,,,,,,,,,,,,,50.0,,,,,,,
1920_20190817_norwich_newcastle,1920,2019-08-17,Newcastle,Norwich,0,football-data.co.uk,2019-08-18,away,,,,,,,,,10,3,,,,,,,,,,,,,,,,,,,,,,16.0,,,,,,,
1920_20190817_norwich_newcastle,1920,2019-08-17,Norwich,Newcastle,1,football-data.co.uk,2019-08-18,home,,,,,,,,,15,8,,,,,,,,,,,,,,,,,,,,,,31.0,,,,,,,
1920_20190817_southampton_liverpool,1920,2019-08-17,Liverpool,Southampton,0,football-data.co.uk,2019-08-18,away,,,,,,,,,15,6,,,,,,,,,,,,,,,,,,,,,,27.0,,,,,,,
1920_20190817_southampton_liverpool,1920,2019-08-17,Southampton,Liverpool,1,football-data.co.uk,2019-08-18,home,,,,,,,,,14,3,,,,,,,,,,,,,,,,,,,,,,20.0,,,,,,,
1920_20190818_chelsea_leicester,1920,2019-08-18,Leicester,Chelsea,0,football-data.co.uk,2019-08-19,away,,,,,,,,,12,3,,,,,,,,,,,,,,,,,,,,,,18.0,,,,,,,
1920_20190818_chelsea_leicester,1920,2019-08-18,Chelsea,Leicester,1,football-data.co.uk,2019-08-19,home,,,,,,,,,14,5,,,,,,,,,,,,,,,,,,,,,,24.0,,,,,,,
1920_20190818_sheffield_united_crystal_palace,1920,2019-08-18,Crystal Palace,Sheffield United,0,football-data.co.uk,2019-08-19,away,,,,,,,,,6,4,,,,,,,,,,,,,,,,,,,,,,14.0,,,,,,,
1920_20190818_sheffield_united_crystal_palace,1920,2019-08-18,Sheffield United,Crystal Palace,1,football-data.co.uk,2019-08-19,home,,,,,,,,,15,3,,,,,,,,,,,,,,,,,,,,,,21.0,,,,,,,
1920_20190819_wolves_man_united,1920,2019-08-19,Man United,Wolves,0,football-data.co.uk,2019-08-20,away,,,,,,,,,9,2,,,,,,,,,,,,,,,,,,,,,,13.0,,,,,,,
1920_20190819_wolves_man_united,1920,2019-08-19,Wolves,Man United,1,football-data.co.uk,2019-08-20,home,,,,,,,,,6,2,,,,,,,,,,,,,,,,,,,,,,10.0,,,,,,,
1920_20190823_aston_villa_everton,1920,2019-08-23,Everton,Aston Villa,0,football-data.co.uk,2019-08-24,away,,,,,,,,,12,1,,,,,,,,,,,,,,,,,,,,,,14.0,,,,,,,
1920_20190823_aston_villa_everton,1920,2019-08-23,Aston Villa,Everton,1,football-data.co.uk,2019-08-24,home,,,,,,,,,7,3,,,,,,,,,,,,,,,,,,,,,,13.0,,,,,,,
1920_20190824_brighton_southampton,1920,2019-08-24,Southampton,Brighton,0,football-data.co.uk,2019-08-25,away,,,,,,,,,12,4,,,,,,,,,,,,,,,,,,,,,,20.0,,,,,,,
1920_20190824_brighton_southampton,1920,2019-08-24,Brighton,Southampton,1,football-data.co.uk,2019-08-25,home,,,,,,,,,12,3,,,,,,,,,,,,,,,,,,,,,,18.0,,,,,,,
1920_20190824_liverpool_arsenal,1920,2019-08-24,Arsenal,Liverpool,0,football-data.co.uk,2019-08-25,away,,,,,,,,,9,3,,,,,,,,,,,,,,,,,,,,,,15.0,,,,,,,
1920_20190824_liverpool_arsenal,1920,2019-08-24,Liverpool,Arsenal,1,football-data.co.uk,2019-08-25,home,,,,,,,,,25,5,,,,,,,,,,,,,,,,,,,,,,35.0,,,,,,,
1920_20190824_man_united_crystal_palace,1920,2019-08-24,Crystal Palace,Man United,0,football-data.co.uk,2019-08-25,away,,,,,,,,,5,3,,,,,,,,,,,,,,,,,,,,,,11.0,,,,,,,
1920_20190824_man_united_crystal_palace,1920,2019-08-24,Man United,Crystal Palace,1,football-data.co.uk,2019-08-25,home,,,,,,,,,22,3,,,,,,,,,,,,,,,,,,,,,,28.0,,,,,,,
1920_20190824_norwich_chelsea,1920,2019-08-24,Chelsea,Norwich,0,football-data.co.uk,2019-08-25,away,,,,,,,,,23,8,,,,,,,,,,,,,,,,,,,,,,39.0,,,,,,,
1920_20190824_norwich_chelsea,1920,2019-08-24,Norwich,Chelsea,1,football-data.co.uk,2019-08-25,home,,,,,,,,,6,5,,,,,,,,,,,,,,,,,,,,,,16.0,,,,,,,
1920_20190824_sheffield_united_leicester,1920,2019-08-24,Leicester,Sheffield United,0,football-data.co.uk,2019-08-25,away,,,,,,,,,10,2,,,,,,,,,,,,,,,,,,,,,,14.0,,,,,,,
1920_20190824_sheffield_united_leicester,1920,2019-08-24,Sheffield United,Leicester,1,football-data.co.uk,2019-08-25,home,,,,,,,,,8,3,,,,,,,,,,,,,,,,,,,,,,14.0,,,,,,,
1920_20190824_watford_west_ham,1920,2019-08-24,West Ham,Watford,0,football-data.co.uk,2019-08-25,away,,,,,,,,,16,10,,,,,,,,,,,,,,,,,,,,,,36.0,,,,,,,
1920_20190824_watford_west_ham,1920,2019-08-24,Watford,West Ham,1,football-data.co.uk,2019-08-25,home,,,,,,,,,23,3,,,,,,,,,,,,,,,,,,,,,,29.0,,,,,,,
1920_20190825_bournemouth_man_city,1920,2019-08-25,Man City,Bournemouth,0,football-data.co.uk,2019-08-26,away,,,,,,,,,19,5,,,,,,,,,,,,,,,,,,,,,,29.0,,,,,,,
1920_20190825_bournemouth_man_city,1920,2019-08-25,Bournemouth,Man City,1,football-data.co.uk,2019-08-26,home,,,,,,,,,10,7,,,,,,,,,,,,,,,,,,,,,,24.0,,,,,,,
1920_20190825_tottenham_newcastle,1920,2019-08-25,Newcastle,Tottenham,0,football-data.co.uk,2019-08-26,away,,,,,,,,,8,3,,,,,,,,,,,,,,,,,,,,,,14.0,,,,,,,
1920_20190825_tottenham_newcastle,1920,2019-08-25,Tottenham,Newcastle,1,football-data.co.uk,2019-08-26,home,,,,,,,,,17,2,,,,,,,,,,,,,,,,,,,,,,21.0,,,,,,,
1920_20190825_wolves_burnley,1920,2019-08-25,Burnley,Wolves,0,football-data.co.uk,2019-08-26,away,,,,,,,,,13,4,,,,,,,,,,,,,,,,,,,,,,21.0,,,,,,,
1920_20190825_wolves_burnley,1920,2019-08-25,Wolves,Burnley,1,football-data.co.uk,2019-08-26,home,,,,,,,,,17,2,,,,,,,,,,,,,,,,,,,,,,21.0,,,,,,,
1920_20190831_burnley_liverpool,1920,2019-08-31,Liverpool,Burnley,0,football-data.co.uk,2019-09-01,away,,,,,,,,,15,7,,,,,,,,,,,,,,,,,,,,,,29.0,,,,,,,
1920_20190831_burnley_liverpool,1920,2019-08-31,Burnley,Liverpool,1,football-data.co.uk,2019-09-01,home,,,,,,,,,7,2,,,,,,,,,,,,,,,,,,,,,,11.0,,,,,,,
1920_20190831_chelsea_sheffield_united,1920,2019-08-31,Sheffield United,Chelsea,0,football-data.co.uk,2019-09-01,away,,,,,,,,,8,2,,,,,,,,,,,,,,,,,,,,,,12.0,,,,,,,
1920_20190831_chelsea_sheffield_united,1920,2019-08-31,Chelsea,Sheffield United,1,football-data.co.uk,2019-09-01,home,,,,,,,,,13,5,,,,,,,,,,,,,,,,,,,,,,23.0,,,,,,,
1920_20190831_crystal_palace_aston_villa,1920,2019-08-31,Aston Villa,Crystal Palace,0,football-data.co.uk,2019-09-01,away,,,,,,,,,10,2,,,,,,,,,,,,,,,,,,,,,,14.0,,,,,,,
1920_20190831_crystal_palace_aston_villa,1920,2019-08-31,Crystal Palace,Aston Villa,1,football-data.co.uk,2019-09-01,home,,,,,,,,,22,5,,,,,,,,,,,,,,,,,,,,,,32.0,,,,,,,
1920_20190831_leicester_bournemouth,1920,2019-08-31,Bournemouth,Leicester,0,football-data.co.uk,2019-09-01,away,,,,,,,,,8,2,,,,,,,,,,,,,,,,,,,,,,12.0,,,,,,,
1920_20190831_leicester_bournemouth,1920,2019-08-31,Leicester,Bournemouth,1,football-data.co.uk,2019-09-01,home,,,,,,,,,13,5,,,,,,,,,,,,,,,,,,,,,,23.0,,,,,,,
1920_20190831_man_city_brighton,1920,2019-08-31,Brighton,Man City,0,football-data.co.uk,2019-09-01,away,,,,,,,,,6,2,,,,,,,,,,,,,,,,,,,,,,10.0,,,,,,,
1920_20190831_man_city_brighton,1920,2019-08-31,Man City,Brighton,1,football-data.co.uk,2019-09-01,home,,,,,,,,,15,6,,,,,,,,,,,,,,,,,,,,,,27.0,,,,,,,
1920_20190831_newcastle_watford,1920,2019-08-31,Watford,Newcastle,0,football-data.co.uk,2019-09-01,away,,,,,,,,,13,3,,,,,,,,,,,,,,,,,,,,,,19.0,,,,,,,
1920_20190831_newcastle_watford,1920,2019-08-31,Newcastle,Watford,1,football-data.co.uk,2019-09-01,home,,,,,,,,,13,5,,,,,,,,,,,,,,,,,,,,,,23.0,,,,,,,
1920_20190831_southampton_man_united,1920,2019-08-31,Man United,Southampton,0,football-data.co.uk,2019-09-01,away,,,,,,,,,21,8,,,,,,,,,,,,,,,,,,,,,,37.0,,,,,,,
1920_20190831_southampton_man_united,1920,2019-08-31,Southampton,Man United,1,football-data.co.uk,2019-09-01,home,,,,,,,,,10,2,,,,,,,,,,,,,,,,,,,,,,14.0,,,,,,,
1920_20190831_west_ham_norwich,1920,2019-08-31,Norwich,West Ham,0,football-data.co.uk,2019-09-01,away,,,,,,,,,8,3,,,,,,,,,,,,,,,,,,,,,,14.0,,,,,,,
1920_20190831_west_ham_norwich,1920,2019-08-31,West Ham,Norwich,1,football-data.co.uk,2019-09-01,home,,,,,,,,,18,8,,,,,,,,,,,,,,,,,,,,,,34.0,,,,,,,
1920_20190901_arsenal_tottenham,1920,2019-09-01,Tottenham,Arsenal,0,football-data.co.uk,2019-09-02,away,,,,,,,,,13,9,,,,,,,,,,,,,,,,,,,,,,31.0,,,,,,,
1920_20190901_arsenal_tottenham,1920,2019-09-01,Arsenal,Tottenham,1,football-data.co.uk,2019-09-02,home,,,,,,,,,26,8,,,,,,,,,,,,,,,,,,,,,,42.0,,,,,,,
1920_20190901_everton_wolves,1920,2019-09-01,Wolves,Everton,0,football-data.co.uk,2019-09-02,away,,,,,,,,,8,5,,,,,,,,,,,,,,,,,,,,,,18.0,,,,,,,
1920_20190901_everton_wolves,1920,2019-09-01,Everton,Wolves,1,football-data.co.uk,2019-09-02,home,,,,,,,,,15,6,,,,,,,,,,,,,,,,,,,,,,27.0,,,,,,,
1920_20190914_brighton_burnley,1920,2019-09-14,Burnley,Brighton,0,football-data.co.uk,2019-09-15,away,,,,,,,,,7,1,,,,,,,,,,,,,,,,,,,,,,9.0,,,,,,,
1920_20190914_brighton_burnley,1920,2019-09-14,Brighton,Burnley,1,football-data.co.uk,2019-09-15,home,,,,,,,,,14,5,,,,,,,,,,,,,,,,,,,,,,24.0,,,,,,,
1920_20190914_liverpool_newcastle,1920,2019-09-14,Newcastle,Liverpool,0,football-data.co.uk,2019-09-15,away,,,,,,,,,8,1,,,,,,,,,,,,,,,,,,,,,,10.0,,,,,,,
1920_20190914_liverpool_newcastle,1920,2019-09-14,Liverpool,Newcastle,1,football-data.co.uk,2019-09-15,home,,,,,,,,,21,9,,,,,,,,,,,,,,,,,,,,,,39.0,,,,,,,
1920_20190914_man_united_leicester,1920,2019-09-14,Leicester,Man United,0,football-data.co.uk,2019-09-15,away,,,,,,,,,9,3,,,,,,,,,,,,,,,,,,,,,,15.0,,,,,,,
1920_20190914_man_united_leicester,1920,2019-09-14,Man United,Leicester,1,football-data.co.uk,2019-09-15,home,,,,,,,,,10,5,,,,,,,,,,,,,,,,,,,,,,20.0,,,,,,,
1920_20190914_norwich_man_city,1920,2019-09-14,Man City,Norwich,0,football-data.co.uk,2019-09-15,away,,,,,,,,,25,8,,,,,,,,,,,,,,,,,,,,,,41.0,,,,,,,
1920_20190914_norwich_man_city,1920,2019-09-14,Norwich,Man City,1,football-data.co.uk,2019-09-15,home,,,,,,,,,7,3,,,,,,,,,,,,,,,,,,,,,,13.0,,,,,,,
1920_20190914_sheffield_united_southampton,1920,2019-09-14,Southampton,Sheffield United,0,football-data.co.uk,2019-09-15,away,,,,,,,,,11,7,,,,,,,,,,,,,,,,,,,,,,25.0,,,,,,,
1920_20190914_sheffield_united_southampton,1920,2019-09-14,Sheffield United,Southampton,1,football-data.co.uk,2019-09-15,home,,,,,,,,,17,4,,,,,,,,,,,,,,,,,,,,,,25.0,,,,,,,
1920_20190914_tottenham_crystal_palace,1920,2019-09-14,Crystal Palace,Tottenham,0,football-data.co.uk,2019-09-15,away,,,,,,,,,11,6,,,,,,,,,,,,,,,,,,,,,,23.0,,,,,,,
1920_20190914_tottenham_crystal_palace,1920,2019-09-14,Tottenham,Crystal Palace,1,football-data.co.uk,2019-09-15,home,,,,,,,,,13,5,,,,,,,,,,,,,,,,,,,,,,23.0,,,,,,,
1920_20190914_wolves_chelsea,1920,2019-09-14,Chelsea,Wolves,0,football-data.co.uk,2019-09-15,away,,,,,,,,,15,6,,,,,,,,,,,,,,,,,,,,,,27.0,,,,,,,
1920_20190914_wolves_chelsea,1920,2019-09-14,Wolves,Chelsea,1,football-data.co.uk,2019-09-15,home,,,,,,,,,11,4,,,,,,,,,,,,,,,,,,,,,,19.0,,,,,,,
1920_20190915_bournemouth_everton,1920,2019-09-15,Everton,Bournemouth,0,football-data.co.uk,2019-09-16,away,,,,,,,,,14,5,,,,,,,,,,,,,,,,,,,,,,24.0,,,,,,,
1920_20190915_bournemouth_everton,1920,2019-09-15,Bournemouth,Everton,1,football-data.co.uk,2019-09-16,home,,,,,,,,,13,6,,,,,,,,,,,,,,,,,,,,,,25.0,,,,,,,
1920_20190915_watford_arsenal,1920,2019-09-15,Arsenal,Watford,0,football-data.co.uk,2019-09-16,away,,,,,,,,,10,4,,,,,,,,,,,,,,,,,,,,,,18.0,,,,,,,
1920_20190915_watford_arsenal,1920,2019-09-15,Watford,Arsenal,1,football-data.co.uk,2019-09-16,home,,,,,,,,,31,7,,,,,,,,,,,,,,,,,,,,,,45.0,,,,,,,
1920_20190916_aston_villa_west_ham,1920,2019-09-16,West Ham,Aston Villa,0,football-data.co.uk,2019-09-17,away,,,,,,,,,13,1,,,,,,,,,,,,,,,,,,,,,,15.0,,,,,,,
1920_20190916_aston_villa_west_ham,1920,2019-09-16,Aston Villa,West Ham,1,football-data.co.uk,2019-09-17,home,,,,,,,,,10,5,,,,,,,,,,,,,,,,,,,,,,20.0,,,,,,,
1920_20190920_southampton_bournemouth,1920,2019-09-20,Bournemouth,Southampton,0,football-data.co.uk,2019-09-21,away,,,,,,,,,6,3,,,,,,,,,,,,,,,,,,,,,,12.0,,,,,,,
1920_20190920_southampton_bournemouth,1920,2019-09-20,Southampton,Bournemouth,1,football-data.co.uk,2019-09-21,home,,,,,,,,,25,6,,,,,,,,,,,,,,,,,,,,,,37.0,,,,,,,
1920_20190921_burnley_norwich,1920,2019-09-21,Norwich,Burnley,0,football-data.co.uk,2019-09-22,away,,,,,,,,,11,2,,,,,,,,,,,,,,,,,,,,,,15.0,,,,,,,
1920_20190921_burnley_norwich,1920,2019-09-21,Burnley,Norwich,1,football-data.co.uk,2019-09-22,home,,,,,,,,,13,6,,,,,,,,,,,,,,,,,,,,,,25.0,,,,,,,
1920_20190921_everton_sheffield_united,1920,2019-09-21,Sheffield United,Everton,0,football-data.co.uk,2019-09-22,away,,,,,,,,,2,1,,,,,,,,,,,,,,,,,,,,,,4.0,,,,,,,
1920_20190921_everton_sheffield_united,1920,2019-09-21,Everton,Sheffield United,1,football-data.co.uk,2019-09-22,home,,,,,,,,,16,3,,,,,,,,,,,,,,,,,,,,,,22.0,,,,,,,
1920_20190921_leicester_tottenham,1920,2019-09-21,Tottenham,Leicester,0,football-data.co.uk,2019-09-22,away,,,,,,,,,11,4,,,,,,,,,,,,,,,,,,,,,,19.0,,,,,,,
1920_20190921_leicester_tottenham,1920,2019-09-21,Leicester,Tottenham,1,football-data.co.uk,2019-09-22,home,,,,,,,,,16,7,,,,,,,,,,,,,,,,,,,,,,30.0,,,,,,,
1920_20190921_man_city_watford,1920,2019-09-21,Watford,Man City,0,football-data.co.uk,2019-09-22,away,,,,,,,,,5,4,,,,,,,,,,,,,,,,,,,,,,13.0,,,,,,,
1920_20190921_man_city_watford,1920,2019-09-21,Man City,Watford,1,football-data.co.uk,2019-09-22,home,,,,,,,,,28,11,,,,,,,,,,,,,,,,,,,,,,50.0,,,,,,,
1920_20190921_newcastle_brighton,1920,2019-09-21,Brighton,Newcastle,0,football-data.co.uk,2019-09-22,away,,,,,,,,,16,3,,,,,,,,,,,,,,,,,,,,,,22.0,,,,,,,
1920_20190921_newcastle_brighton,1920,2019-09-21,Newcastle,Brighton,1,football-data.co.uk,2019-09-22,home,,,,,,,,,11,4,,,,,,,,,,,,,,,,,,,,,,19.0,,,,,,,
1920_20190922_arsenal_aston_villa,1920,2019-09-22,Aston Villa,Arsenal,0,football-data.co.uk,2019-09-23,away,,,,,,,,,14,9,,,,,,,,,,,,,,,,,,,,,,32.0,,,,,,,
1920_20190922_arsenal_aston_villa,1920,2019-09-22,Arsenal,Aston Villa,1,football-data.co.uk,2019-09-23,home,,,,,,,,,21,6,,,,,,,,,,,,,,,,,,,,,,33.0,,,,,,,
1920_20190922_chelsea_liverpool,1920,2019-09-22,Liverpool,Chelsea,0,football-data.co.uk,2019-09-23,away,,,,,,,,,6,3,,,,,,,,,,,,,,,,,,,,,,12.0,,,,,,,
1920_20190922_chelsea_liverpool,1920,2019-09-22,Chelsea,Liverpool,1,football-data.co.uk,2019-09-23,home,,,,,,,,,13,2,,,,,,,,,,,,,,,,,,,,,,17.0,,,,,,,
1920_20190922_crystal_palace_wolves,1920,2019-09-22,Wolves,Crystal Palace,0,football-data.co.uk,2019-09-23,away,,,,,,,,,14,4,,,,,,,,,,,,,,,,,,,,,,22.0,,,,,,,
1920_20190922_crystal_palace_wolves,1920,2019-09-22,Crystal Palace,Wolves,1,football-data.co.uk,2019-09-23,home,,,,,,,,,13,4,,,,,,,,,,,,,,,,,,,,,,21.0,,,,,,,
1920_20190922_west_ham_man_united,1920,2019-09-22,Man United,West Ham,0,football-data.co.uk,2019-09-23,away,,,,,,,,,9,3,,,,,,,,,,,,,,,,,,,,,,15.0,,,,,,,
1920_20190922_west_ham_man_united,1920,2019-09-22,West Ham,Man United,1,football-data.co.uk,2019-09-23,home,,,,,,,,,8,6,,,,,,,,,,,,,,,,,,,,,,20.0,,,,,,,
1920_20190928_aston_villa_burnley,1920,2019-09-28,Burnley,Aston Villa,0,football-data.co.uk,2019-09-29,away,,,,,,,,,10,3,,,,,,,,,,,,,,,,,,,,,,16.0,,,,,,,
1920_20190928_aston_villa_burnley,1920,2019-09-28,Aston Villa,Burnley,1,football-data.co.uk,2019-09-29,home,,,,,,,,,16,3,,,,,,,,,,,,,,,,,,,,,,22.0,,,,,,,
1920_20190928_bournemouth_west_ham,1920,2019-09-28,West Ham,Bournemouth,0,football-data.co.uk,2019-09-29,away,,,,,,,,,17,6,,,,,,,,,,,,,,,,,,,,,,29.0,,,,,,,
1920_20190928_bournemouth_west_ham,1920,2019-09-28,Bournemouth,West Ham,1,football-data.co.uk,2019-09-29,home,,,,,,,,,13,5,,,,,,,,,,,,,,,,,,,,,,23.0,,,,,,,
1920_20190928_chelsea_brighton,1920,2019-09-28,Brighton,Chelsea,0,football-data.co.uk,2019-09-29,away,,,,,,,,,8,1,,,,,,,,,,,,,,,,,,,,,,10.0,,,,,,,
1920_20190928_chelsea_brighton,1920,2019-09-28,Chelsea,Brighton,1,football-data.co.uk,2019-09-29,home,,,,,,,,,24,10,,,,,,,,,,,,,,,,,,,,,,44.0,,,,,,,
1920_20190928_crystal_palace_norwich,1920,2019-09-28,Norwich,Crystal Palace,0,football-data.co.uk,2019-09-29,away,,,,,,,,,10,3,,,,,,,,,,,,,,,,,,,,,,16.0,,,,,,,
1920_20190928_crystal_palace_norwich,1920,2019-09-28,Crystal Palace,Norwich,1,football-data.co.uk,2019-09-29,home,,,,,,,,,15,3,,,,,,,,,,,,,,,,,,,,,,21.0,,,,,,,
1920_20190928_everton_man_city,1920,2019-09-28,Man City,Everton,0,football-data.co.uk,2019-09-29,away,,,,,,,,,20,9,,,,,,,,,,,,,,,,,,,,,,38.0,,,,,,,
1920_20190928_everton_man_city,1920,2019-09-28,Everton,Man City,1,football-data.co.uk,2019-09-29,home,,,,,,,,,12,8,,,,,,,,,,,,,,,,,,,,,,28.0,,,,,,,
1920_20190928_sheffield_united_liverpool,1920,2019-09-28,Liverpool,Sheffield United,0,football-data.co.uk,2019-09-29,away,,,,,,,,,16,4,,,,,,,,,,,,,,,,,,,,,,24.0,,,,,,,
1920_20190928_sheffield_united_liverpool,1920,2019-09-28,Sheffield United,Liverpool,1,football-data.co.uk,2019-09-29,home,,,,,,,,,12,2,,,,,,,,,,,,,,,,,,,,,,16.0,,,,,,,
1920_20190928_tottenham_southampton,1920,2019-09-28,Southampton,Tottenham,0,football-data.co.uk,2019-09-29,away,,,,,,,,,14,6,,,,,,,,,,,,,,,,,,,,,,26.0,,,,,,,
1920_20190928_tottenham_southampton,1920,2019-09-28,Tottenham,Southampton,1,football-data.co.uk,2019-09-29,home,,,,,,,,,9,4,,,,,,,,,,,,,,,,,,,,,,17.0,,,,,,,
1920_20190928_wolves_watford,1920,2019-09-28,Watford,Wolves,0,football-data.co.uk,2019-09-29,away,,,,,,,,,14,5,,,,,,,,,,,,,,,,,,,,,,24.0,,,,,,,
1920_20190928_wolves_watford,1920,2019-09-28,Wolves,Watford,1,football-data.co.uk,2019-09-29,home,,,,,,,,,6,2,,,,,,,,,,,,,,,,,,,,,,10.0,,,,,,,
1920_20190929_leicester_newcastle,1920,2019-09-29,Newcastle,Leicester,0,football-data.co.uk,2019-09-30,away,,,,,,,,,3,0,,,,,,,,,,,,,,,,,,,,,,3.0,,,,,,,
1920_20190929_leicester_newcastle,1920,2019-09-29,Leicester,Newcastle,1,football-data.co.uk,2019-09-30,home,,,,,,,,,13,5,,,,,,,,,,,,,,,,,,,,,,23.0,,,,,,,
1920_20190930_man_united_arsenal,1920,2019-09-30,Arsenal,Man United,0,football-data.co.uk,2019-10-01,away,,,,,,,,,10,5,,,,,,,,,,,,,,,,,,,,,,20.0,,,,,,,
1920_20190930_man_united_arsenal,1920,2019-09-30,Man United,Arsenal,1,football-data.co.uk,2019-10-01,home,,,,,,,,,16,4,,,,,,,,,,,,,,,,,,,,,,24.0,,,,,,,
1920_20191005_brighton_tottenham,1920,2019-10-05,Tottenham,Brighton,0,football-data.co.uk,2019-10-06,away,,,,,,,,,8,3,,,,,,,,,,,,,,,,,,,,,,14.0,,,,,,,
1920_20191005_brighton_tottenham,1920,2019-10-05,Brighton,Tottenham,1,football-data.co.uk,2019-10-06,home,,,,,,,,,17,6,,,,,,,,,,,,,,,,,,,,,,29.0,,,,,,,
1920_20191005_burnley_everton,1920,2019-10-05,Everton,Burnley,0,football-data.co.uk,2019-10-06,away,,,,,,,,,11,2,,,,,,,,,,,,,,,,,,,,,,15.0,,,,,,,
1920_20191005_burnley_everton,1920,2019-10-05,Burnley,Everton,1,football-data.co.uk,2019-10-06,home,,,,,,,,,9,3,,,,,,,,,,,,,,,,,,,,,,15.0,,,,,,,
1920_20191005_liverpool_leicester,1920,2019-10-05,Leicester,Liverpool,0,football-data.co.uk,2019-10-06,away,,,,,,,,,2,1,,,,,,,,,,,,,,,,,,,,,,4.0,,,,,,,
1920_20191005_liverpool_leicester,1920,2019-10-05,Liverpool,Leicester,1,football-data.co.uk,2019-10-06,home,,,,,,,,,18,8,,,,,,,,,,,,,,,,,,,,,,34.0,,,,,,,
1920_20191005_norwich_aston_villa,1920,2019-10-05,Aston Villa,Norwich,0,football-data.co.uk,2019-10-06,away,,,,,,,,,22,12,,,,,,,,,,,,,,,,,,,,,,46.0,,,,,,,
1920_20191005_norwich_aston_villa,1920,2019-10-05,Norwich,Aston Villa,1,football-data.co.uk,2019-10-06,home,,,,,,,,,21,5,,,,,,,,,,,,,,,,,,,,,,31.0,,,,,,,
1920_20191005_watford_sheffield_united,1920,2019-10-05,Sheffield United,Watford,0,football-data.co.uk,2019-10-06,away,,,,,,,,,9,3,,,,,,,,,,,,,,,,,,,,,,15.0,,,,,,,
1920_20191005_watford_sheffield_united,1920,2019-10-05,Watford,Sheffield United,1,football-data.co.uk,2019-10-06,home,,,,,,,,,8,2,,,,,,,,,,,,,,,,,,,,,,12.0,,,,,,,
1920_20191005_west_ham_crystal_palace,1920,2019-10-05,Crystal Palace,West Ham,0,football-data.co.uk,2019-10-06,away,,,,,,,,,7,4,,,,,,,,,,,,,,,,,,,,,,15.0,,,,,,,
1920_20191005_west_ham_crystal_palace,1920,2019-10-05,West Ham,Crystal Palace,1,football-data.co.uk,2019-10-06,home,,,,,,,,,9,4,,,,,,,,,,,,,,,,,,,,,,17.0,,,,,,,
1920_20191006_arsenal_bournemouth,1920,2019-10-06,Bournemouth,Arsenal,0,football-data.co.uk,2019-10-07,away,,,,,,,,,10,2,,,,,,,,,,,,,,,,,,,,,,14.0,,,,,,,
1920_20191006_arsenal_bournemouth,1920,2019-10-06,Arsenal,Bournemouth,1,football-data.co.uk,2019-10-07,home,,,,,,,,,12,2,,,,,,,,,,,,,,,,,,,,,,16.0,,,,,,,
1920_20191006_man_city_wolves,1920,2019-10-06,Wolves,Man City,0,football-data.co.uk,2019-10-07,away,,,,,,,,,7,2,,,,,,,,,,,,,,,,,,,,,,11.0,,,,,,,
1920_20191006_man_city_wolves,1920,2019-10-06,Man City,Wolves,1,football-data.co.uk,2019-10-07,home,,,,,,,,,18,2,,,,,,,,,,,,,,,,,,,,,,22.0,,,,,,,
1920_20191006_newcastle_man_united,1920,2019-10-06,Man United,Newcastle,0,football-data.co.uk,2019-10-07,away,,,,,,,,,12,3,,,,,,,,,,,,,,,,,,,,,,18.0,,,,,,,
1920_20191006_newcastle_man_united,1920,2019-10-06,Newcastle,Man United,1,football-data.co.uk,2019-10-07,home,,,,,,,,,12,2,,,,,,,,,,,,,,,,,,,,,,16.0,,,,,,,
1920_20191006_southampton_chelsea,1920,2019-10-06,Chelsea,Southampton,0,football-data.co.uk,2019-10-07,away,,,,,,,,,13,7,,,,,,,,,,,,,,,,,,,,,,27.0,,,,,,,
1920_20191006_southampton_chelsea,1920,2019-10-06,Southampton,Chelsea,1,football-data.co.uk,2019-10-07,home,,,,,,,,,10,3,,,,,,,,,,,,,,,,,,,,,,16.0,,,,,,,
1920_20191019_aston_villa_brighton,1920,2019-10-19,Brighton,Aston Villa,0,football-data.co.uk,2019-10-20,away,,,,,,,,,20,5,,,,,,,,,,,,,,,,,,,,,,30.0,,,,,,,
1920_20191019_aston_villa_brighton,1920,2019-10-19,Aston Villa,Brighton,1,football-data.co.uk,2019-10-20,home,,,,,,,,,24,8,,,,,,,,,,,,,,,,,,,,,,40.0,,,,,,,
1920_20191019_bournemouth_norwich,1920,2019-10-19,Norwich,Bournemouth,0,football-data.co.uk,2019-10-20,away,,,,,,,,,10,1,,,,,,,,,,,,,,,,,,,,,,12.0,,,,,,,
1920_20191019_bournemouth_norwich,1920,2019-10-19,Bournemouth,Norwich,1,football-data.co.uk,2019-10-20,home,,,,,,,,,11,2,,,,,,,,,,,,,,,,,,,,,,15.0,,,,,,,
1920_20191019_chelsea_newcastle,1920,2019-10-19,Newcastle,Chelsea,0,football-data.co.uk,2019-10-20,away,,,,,,,,,5,0,,,,,,,,,,,,,,,,,,,,,,5.0,,,,,,,
1920_20191019_chelsea_newcastle,1920,2019-10-19,Chelsea,Newcastle,1,football-data.co.uk,2019-10-20,home,,,,,,,,,16,8,,,,,,,,,,,,,,,,,,,,,,32.0,,,,,,,
1920_20191019_crystal_palace_man_city,1920,2019-10-19,Man City,Crystal Palace,0,football-data.co.uk,2019-10-20,away,,,,,,,,,21,10,,,,,,,,,,,,,,,,,,,,,,41.0,,,,,,,
1920_20191019_crystal_palace_man_city,1920,2019-10-19,Crystal Palace,Man City,1,football-data.co.uk,2019-10-20,home,,,,,,,,,7,2,,,,,,,,,,,,,,,,,,,,,,11.0,,,,,,,
1920_20191019_everton_west_ham,1920,2019-10-19,West Ham,Everton,0,football-data.co.uk,2019-10-20,away,,,,,,,,,8,4,,,,,,,,,,,,,,,,,,,,,,16.0,,,,,,,
1920_20191019_everton_west_ham,1920,2019-10-19,Everton,West Ham,1,football-data.co.uk,2019-10-20,home,,,,,,,,,19,10,,,,,,,,,,,,,,,,,,,,,,39.0,,,,,,,
1920_20191019_leicester_burnley,1920,2019-10-19,Burnley,Leicester,0,football-data.co.uk,2019-10-20,away,,,,,,,,,13,4,,,,,,,,,,,,,,,,,,,,,,21.0,,,,,,,
1920_20191019_leicester_burnley,1920,2019-10-19,Leicester,Burnley,1,football-data.co.uk,2019-10-20,home,,,,,,,,,19,3,,,,,,,,,,,,,,,,,,,,,,25.0,,,,,,,
1920_20191019_tottenham_watford,1920,2019-10-19,Watford,Tottenham,0,football-data.co.uk,2019-10-20,away,,,,,,,,,7,2,,,,,,,,,,,,,,,,,,,,,,11.0,,,,,,,
1920_20191019_tottenham_watford,1920,2019-10-19,Tottenham,Watford,1,football-data.co.uk,2019-10-20,home,,,,,,,,,12,2,,,,,,,,,,,,,,,,,,,,,,16.0,,,,,,,
1920_20191019_wolves_southampton,1920,2019-10-19,Southampton,Wolves,0,football-data.co.uk,2019-10-20,away,,,,,,,,,14,5,,,,,,,,,,,,,,,,,,,,,,24.0,,,,,,,
1920_20191019_wolves_southampton,1920,2019-10-19,Wolves,Southampton,1,football-data.co.uk,2019-10-20,home,,,,,,,,,4,1,,,,,,,,,,,,,,,,,,,,,,6.0,,,,,,,
1920_20191020_man_united_liverpool,1920,2019-10-20,Liverpool,Man United,0,football-data.co.uk,2019-10-21,away,,,,,,,,,10,4,,,,,,,,,,,,,,,,,,,,,,18.0,,,,,,,
1920_20191020_man_united_liverpool,1920,2019-10-20,Man United,Liverpool,1,football-data.co.uk,2019-10-21,home,,,,,,,,,7,2,,,,,,,,,,,,,,,,,,,,,,11.0,,,,,,,
1920_20191021_sheffield_united_arsenal,1920,2019-10-21,Arsenal,Sheffield United,0,football-data.co.uk,2019-10-22,away,,,,,,,,,9,3,,,,,,,,,,,,,,,,,,,,,,15.0,,,,,,,
1920_20191021_sheffield_united_arsenal,1920,2019-10-21,Sheffield United,Arsenal,1,football-data.co.uk,2019-10-22,home,,,,,,,,,8,2,,,,,,,,,,,,,,,,,,,,,,12.0,,,,,,,
1920_20191025_southampton_leicester,1920,2019-10-25,Leicester,Southampton,0,football-data.co.uk,2019-10-26,away,,,,,,,,,25,15,,,,,,,,,,,,,,,,,,,,,,55.0,,,,,,,
1920_20191025_southampton_leicester,1920,2019-10-25,Southampton,Leicester,1,football-data.co.uk,2019-10-26,home,,,,,,,,,6,3,,,,,,,,,,,,,,,,,,,,,,12.0,,,,,,,
1920_20191026_brighton_everton,1920,2019-10-26,Everton,Brighton,0,football-data.co.uk,2019-10-27,away,,,,,,,,,10,6,,,,,,,,,,,,,,,,,,,,,,22.0,,,,,,,
1920_20191026_brighton_everton,1920,2019-10-26,Brighton,Everton,1,football-data.co.uk,2019-10-27,home,,,,,,,,,8,4,,,,,,,,,,,,,,,,,,,,,,16.0,,,,,,,
1920_20191026_burnley_chelsea,1920,2019-10-26,Chelsea,Burnley,0,football-data.co.uk,2019-10-27,away,,,,,,,,,16,7,,,,,,,,,,,,,,,,,,,,,,30.0,,,,,,,
1920_20191026_burnley_chelsea,1920,2019-10-26,Burnley,Chelsea,1,football-data.co.uk,2019-10-27,home,,,,,,,,,13,5,,,,,,,,,,,,,,,,,,,,,,23.0,,,,,,,
1920_20191026_man_city_aston_villa,1920,2019-10-26,Aston Villa,Man City,0,football-data.co.uk,2019-10-27,away,,,,,,,,,11,5,,,,,,,,,,,,,,,,,,,,,,21.0,,,,,,,
1920_20191026_man_city_aston_villa,1920,2019-10-26,Man City,Aston Villa,1,football-data.co.uk,2019-10-27,home,,,,,,,,,25,9,,,,,,,,,,,,,,,,,,,,,,43.0,,,,,,,
1920_20191026_watford_bournemouth,1920,2019-10-26,Bournemouth,Watford,0,football-data.co.uk,2019-10-27,away,,,,,,,,,15,5,,,,,,,,,,,,,,,,,,,,,,25.0,,,,,,,
1920_20191026_watford_bournemouth,1920,2019-10-26,Watford,Bournemouth,1,football-data.co.uk,2019-10-27,home,,,,,,,,,7,3,,,,,,,,,,,,,,,,,,,,,,13.0,,,,,,,
1920_20191026_west_ham_sheffield_united,1920,2019-10-26,Sheffield United,West Ham,0,football-data.co.uk,2019-10-27,away,,,,,,,,,10,4,,,,,,,,,,,,,,,,,,,,,,18.0,,,,,,,
1920_20191026_west_ham_sheffield_united,1920,2019-10-26,West Ham,Sheffield United,1,football-data.co.uk,2019-10-27,home,,,,,,,,,12,4,,,,,,,,,,,,,,,,,,,,,,20.0,,,,,,,
1920_20191027_arsenal_crystal_palace,1920,2019-10-27,Crystal Palace,Arsenal,0,football-data.co.uk,2019-10-28,away,,,,,,,,,10,4,,,,,,,,,,,,,,,,,,,,,,18.0,,,,,,,
1920_20191027_arsenal_crystal_palace,1920,2019-10-27,Arsenal,Crystal Palace,1,football-data.co.uk,2019-10-28,home,,,,,,,,,15,6,,,,,,,,,,,,,,,,,,,,,,27.0,,,,,,,
1920_20191027_liverpool_tottenham,1920,2019-10-27,Tottenham,Liverpool,0,football-data.co.uk,2019-10-28,away,,,,,,,,,11,4,,,,,,,,,,,,,,,,,,,,,,19.0,,,,,,,
1920_20191027_liverpool_tottenham,1920,2019-10-27,Liverpool,Tottenham,1,football-data.co.uk,2019-10-28,home,,,,,,,,,21,13,,,,,,,,,,,,,,,,,,,,,,47.0,,,,,,,
1920_20191027_newcastle_wolves,1920,2019-10-27,Wolves,Newcastle,0,football-data.co.uk,2019-10-28,away,,,,,,,,,13,5,,,,,,,,,,,,,,,,,,,,,,23.0,,,,,,,
1920_20191027_newcastle_wolves,1920,2019-10-27,Newcastle,Wolves,1,football-data.co.uk,2019-10-28,home,,,,,,,,,13,2,,,,,,,,,,,,,,,,,,,,,,17.0,,,,,,,
1920_20191027_norwich_man_united,1920,2019-10-27,Man United,Norwich,0,football-data.co.uk,2019-10-28,away,,,,,,,,,21,11,,,,,,,,,,,,,,,,,,,,,,43.0,,,,,,,
1920_20191027_norwich_man_united,1920,2019-10-27,Norwich,Man United,1,football-data.co.uk,2019-10-28,home,,,,,,,,,10,3,,,,,,,,,,,,,,,,,,,,,,16.0,,,,,,,
1920_20191102_arsenal_wolves,1920,2019-11-02,Wolves,Arsenal,0,football-data.co.uk,2019-11-03,away,,,,,,,,,25,8,,,,,,,,,,,,,,,,,,,,,,41.0,,,,,,,
1920_20191102_arsenal_wolves,1920,2019-11-02,Arsenal,Wolves,1,football-data.co.uk,2019-11-03,home,,,,,,,,,10,4,,,,,,,,,,,,,,,,,,,,,,18.0,,,,,,,
1920_20191102_aston_villa_liverpool,1920,2019-11-02,Liverpool,Aston Villa,0,football-data.co.uk,2019-11-03,away,,,,,,,,,25,6,,,,,,,,,,,,,,,,,,,,,,37.0,,,,,,,
1920_20191102_aston_villa_liverpool,1920,2019-11-02,Aston Villa,Liverpool,1,football-data.co.uk,2019-11-03,home,,,,,,,,,5,2,,,,,,,,,,,,,,,,,,,,,,9.0,,,,,,,
1920_20191102_bournemouth_man_united,1920,2019-11-02,Man United,Bournemouth,0,football-data.co.uk,2019-11-03,away,,,,,,,,,15,4,,,,,,,,,,,,,,,,,,,,,,23.0,,,,,,,
1920_20191102_bournemouth_man_united,1920,2019-11-02,Bournemouth,Man United,1,football-data.co.uk,2019-11-03,home,,,,,,,,,12,6,,,,,,,,,,,,,,,,,,,,,,24.0,,,,,,,
1920_20191102_brighton_norwich,1920,2019-11-02,Norwich,Brighton,0,football-data.co.uk,2019-11-03,away,,,,,,,,,7,0,,,,,,,,,,,,,,,,,,,,,,7.0,,,,,,,
1920_20191102_brighton_norwich,1920,2019-11-02,Brighton,Norwich,1,football-data.co.uk,2019-11-03,home,,,,,,,,,21,5,,,,,,,,,,,,,,,,,,,,,,31.0,,,,,,,
1920_20191102_man_city_southampton,1920,2019-11-02,Southampton,Man City,0,football-data.co.uk,2019-11-03,away,,,,,,,,,3,3,,,,,,,,,,,,,,,,,,,,,,9.0,,,,,,,
1920_20191102_man_city_southampton,1920,2019-11-02,Man City,Southampton,1,football-data.co.uk,2019-11-03,home,,,,,,,,,26,4,,,,,,,,,,,,,,,,,,,,,,34.0,,,,,,,
1920_20191102_sheffield_united_burnley,1920,2019-11-02,Burnley,Sheffield United,0,football-data.co.uk,2019-11-03,away,,,,,,,,,6,0,,,,,,,,,,,,,,,,,,,,,,6.0,,,,,,,
1920_20191102_sheffield_united_burnley,1920,2019-11-02,Sheffield United,Burnley,1,football-data.co.uk,2019-11-03,home,,,,,,,,,13,6,,,,,,,,,,,,,,,,,,,,,,25.0,,,,,,,
1920_20191102_watford_chelsea,1920,2019-11-02,Chelsea,Watford,0,football-data.co.uk,2019-11-03,away,,,,,,,,,16,10,,,,,,,,,,,,,,,,,,,,,,36.0,,,,,,,
1920_20191102_watford_chelsea,1920,2019-11-02,Watford,Chelsea,1,football-data.co.uk,2019-11-03,home,,,,,,,,,12,3,,,,,,,,,,,,,,,,,,,,,,18.0,,,,,,,
1920_20191102_west_ham_newcastle,1920,2019-11-02,Newcastle,West Ham,0,football-data.co.uk,2019-11-03,away,,,,,,,,,12,9,,,,,,,,,,,,,,,,,,,,,,30.0,,,,,,,
1920_20191102_west_ham_newcastle,1920,2019-11-02,West Ham,Newcastle,1,football-data.co.uk,2019-11-03,home,,,,,,,,,16,6,,,,,,,,,,,,,,,,,,,,,,28.0,,,,,,,
1920_20191103_crystal_palace_leicester,1920,2019-11-03,Leicester,Crystal Palace,0,football-data.co.uk,2019-11-04,away,,,,,,,,,14,5,,,,,,,,,,,,,,,,,,,,,,24.0,,,,,,,
1920_20191103_crystal_palace_leicester,1920,2019-11-03,Crystal Palace,Leicester,1,football-data.co.uk,2019-11-04,home,,,,,,,,,12,3,,,,,,,,,,,,,,,,,,,,,,18.0,,,,,,,
1920_20191103_everton_tottenham,1920,2019-11-03,Tottenham,Everton,0,football-data.co.uk,2019-11-04,away,,,,,,,,,4,2,,,,,,,,,,,,,,,,,,,,,,8.0,,,,,,,
1920_20191103_everton_tottenham,1920,2019-11-03,Everton,Tottenham,1,football-data.co.uk,2019-11-04,home,,,,,,,,,7,3,,,,,,,,,,,,,,,,,,,,,,13.0,,,,,,,
1920_20191108_norwich_watford,1920,2019-11-08,Watford,Norwich,0,football-data.co.uk,2019-11-09,away,,,,,,,,,12,2,,,,,,,,,,,,,,,,,,,,,,16.0,,,,,,,
1920_20191108_norwich_watford,1920,2019-11-08,Norwich,Watford,1,football-data.co.uk,2019-11-09,home,,,,,,,,,17,5,,,,,,,,,,,,,,,,,,,,,,27.0,,,,,,,
1920_20191109_burnley_west_ham,1920,2019-11-09,West Ham,Burnley,0,football-data.co.uk,2019-11-10,away,,,,,,,,,7,4,,,,,,,,,,,,,,,,,,,,,,15.0,,,,,,,
1920_20191109_burnley_west_ham,1920,2019-11-09,Burnley,West Ham,1,football-data.co.uk,2019-11-10,home,,,,,,,,,14,12,,,,,,,,,,,,,,,,,,,,,,38.0,,,,,,,
1920_20191109_chelsea_crystal_palace,1920,2019-11-09,Crystal Palace,Chelsea,0,football-data.co.uk,2019-11-10,away,,,,,,,,,3,1,,,,,,,,,,,,,,,,,,,,,,5.0,,,,,,,
1920_20191109_chelsea_crystal_palace,1920,2019-11-09,Chelsea,Crystal Palace,1,football-data.co.uk,2019-11-10,home,,,,,,,,,23,5,,,,,,,,,,,,,,,,,,,,,,33.0,,,,,,,
1920_20191109_leicester_arsenal,1920,2019-11-09,Arsenal,Leicester,0,football-data.co.uk,2019-11-10,away,,,,,,,,,8,1,,,,,,,,,,,,,,,,,,,,,,10.0,,,,,,,
1920_20191109_leicester_arsenal,1920,2019-11-09,Leicester,Arsenal,1,football-data.co.uk,2019-11-10,home,,,,,,,,,19,7,,,,,,,,,,,,,,,,,,,,,,33.0,,,,,,,
1920_20191109_newcastle_bournemouth,1920,2019-11-09,Bournemouth,Newcastle,0,football-data.co.uk,2019-11-10,away,,,,,,,,,16,3,,,,,,,,,,,,,,,,,,,,,,22.0,,,,,,,
1920_20191109_newcastle_bournemouth,1920,2019-11-09,Newcastle,Bournemouth,1,football-data.co.uk,2019-11-10,home,,,,,,,,,20,9,,,,,,,,,,,,,,,,,,,,,,38.0,,,,,,,
1920_20191109_southampton_everton,1920,2019-11-09,Everton,Southampton,0,football-data.co.uk,2019-11-10,away,,,,,,,,,24,5,,,,,,,,,,,,,,,,,,,,,,34.0,,,,,,,
1920_20191109_southampton_everton,1920,2019-11-09,Southampton,Everton,1,football-data.co.uk,2019-11-10,home,,,,,,,,,4,3,,,,,,,,,,,,,,,,,,,,,,10.0,,,,,,,
1920_20191109_tottenham_sheffield_united,1920,2019-11-09,Sheffield United,Tottenham,0,football-data.co.uk,2019-11-10,away,,,,,,,,,14,4,,,,,,,,,,,,,,,,,,,,,,22.0,,,,,,,
1920_20191109_tottenham_sheffield_united,1920,2019-11-09,Tottenham,Sheffield United,1,football-data.co.uk,2019-11-10,home,,,,,,,,,17,5,,,,,,,,,,,,,,,,,,,,,,27.0,,,,,,,
1920_20191110_liverpool_man_city,1920,2019-11-10,Man City,Liverpool,0,football-data.co.uk,2019-11-11,away,,,,,,,,,18,3,,,,,,,,,,,,,,,,,,,,,,24.0,,,,,,,
1920_20191110_liverpool_man_city,1920,2019-11-10,Liverpool,Man City,1,football-data.co.uk,2019-11-11,home,,,,,,,,,12,5,,,,,,,,,,,,,,,,,,,,,,22.0,,,,,,,
1920_20191110_man_united_brighton,1920,2019-11-10,Brighton,Man United,0,football-data.co.uk,2019-11-11,away,,,,,,,,,6,2,,,,,,,,,,,,,,,,,,,,,,10.0,,,,,,,
1920_20191110_man_united_brighton,1920,2019-11-10,Man United,Brighton,1,football-data.co.uk,2019-11-11,home,,,,,,,,,21,11,,,,,,,,,,,,,,,,,,,,,,43.0,,,,,,,
1920_20191110_wolves_aston_villa,1920,2019-11-10,Aston Villa,Wolves,0,football-data.co.uk,2019-11-11,away,,,,,,,,,13,4,,,,,,,,,,,,,,,,,,,,,,21.0,,,,,,,
1920_20191110_wolves_aston_villa,1920,2019-11-10,Wolves,Aston Villa,1,football-data.co.uk,2019-11-11,home,,,,,,,,,17,5,,,,,,,,,,,,,,,,,,,,,,27.0,,,,,,,
1920_20191123_arsenal_southampton,1920,2019-11-23,Southampton,Arsenal,0,football-data.co.uk,2019-11-24,away,,,,,,,,,21,6,,,,,,,,,,,,,,,,,,,,,,33.0,,,,,,,
1920_20191123_arsenal_southampton,1920,2019-11-23,Arsenal,Southampton,1,football-data.co.uk,2019-11-24,home,,,,,,,,,12,5,,,,,,,,,,,,,,,,,,,,,,22.0,,,,,,,
1920_20191123_bournemouth_wolves,1920,2019-11-23,Wolves,Bournemouth,0,football-data.co.uk,2019-11-24,away,,,,,,,,,17,7,,,,,,,,,,,,,,,,,,,,,,31.0,,,,,,,
1920_20191123_bournemouth_wolves,1920,2019-11-23,Bournemouth,Wolves,1,football-data.co.uk,2019-11-24,home,,,,,,,,,9,2,,,,,,,,,,,,,,,,,,,,,,13.0,,,,,,,
1920_20191123_brighton_leicester,1920,2019-11-23,Leicester,Brighton,0,football-data.co.uk,2019-11-24,away,,,,,,,,,19,9,,,,,,,,,,,,,,,,,,,,,,37.0,,,,,,,
1920_20191123_brighton_leicester,1920,2019-11-23,Brighton,Leicester,1,football-data.co.uk,2019-11-24,home,,,,,,,,,7,0,,,,,,,,,,,,,,,,,,,,,,7.0,,,,,,,
1920_20191123_crystal_palace_liverpool,1920,2019-11-23,Liverpool,Crystal Palace,0,football-data.co.uk,2019-11-24,away,,,,,,,,,12,4,,,,,,,,,,,,,,,,,,,,,,20.0,,,,,,,
1920_20191123_crystal_palace_liverpool,1920,2019-11-23,Crystal Palace,Liverpool,1,football-data.co.uk,2019-11-24,home,,,,,,,,,16,6,,,,,,,,,,,,,,,,,,,,,,28.0,,,,,,,
1920_20191123_everton_norwich,1920,2019-11-23,Norwich,Everton,0,football-data.co.uk,2019-11-24,away,,,,,,,,,13,5,,,,,,,,,,,,,,,,,,,,,,23.0,,,,,,,
1920_20191123_everton_norwich,1920,2019-11-23,Everton,Norwich,1,football-data.co.uk,2019-11-24,home,,,,,,,,,18,7,,,,,,,,,,,,,,,,,,,,,,32.0,,,,,,,
1920_20191123_man_city_chelsea,1920,2019-11-23,Chelsea,Man City,0,football-data.co.uk,2019-11-24,away,,,,,,,,,11,2,,,,,,,,,,,,,,,,,,,,,,15.0,,,,,,,
1920_20191123_man_city_chelsea,1920,2019-11-23,Man City,Chelsea,1,football-data.co.uk,2019-11-24,home,,,,,,,,,15,4,,,,,,,,,,,,,,,,,,,,,,23.0,,,,,,,
1920_20191123_watford_burnley,1920,2019-11-23,Burnley,Watford,0,football-data.co.uk,2019-11-24,away,,,,,,,,,11,5,,,,,,,,,,,,,,,,,,,,,,21.0,,,,,,,
1920_20191123_watford_burnley,1920,2019-11-23,Watford,Burnley,1,football-data.co.uk,2019-11-24,home,,,,,,,,,15,4,,,,,,,,,,,,,,,,,,,,,,23.0,,,,,,,
1920_20191123_west_ham_tottenham,1920,2019-11-23,Tottenham,West Ham,0,football-data.co.uk,2019-11-24,away,,,,,,,,,15,6,,,,,,,,,,,,,,,,,,,,,,27.0,,,,,,,
1920_20191123_west_ham_tottenham,1920,2019-11-23,West Ham,Tottenham,1,football-data.co.uk,2019-11-24,home,,,,,,,,,11,4,,,,,,,,,,,,,,,,,,,,,,19.0,,,,,,,
1920_20191124_sheffield_united_man_united,1920,2019-11-24,Man United,Sheffield United,0,football-data.co.uk,2019-11-25,away,,,,,,,,,11,5,,,,,,,,,,,,,,,,,,,,,,21.0,,,,,,,
1920_20191124_sheffield_united_man_united,1920,2019-11-24,Sheffield United,Man United,1,football-data.co.uk,2019-11-25,home,,,,,,,,,12,8,,,,,,,,,,,,,,,,,,,,,,28.0,,,,,,,
1920_20191125_aston_villa_newcastle,1920,2019-11-25,Newcastle,Aston Villa,0,football-data.co.uk,2019-11-26,away,,,,,,,,,11,5,,,,,,,,,,,,,,,,,,,,,,21.0,,,,,,,
1920_20191125_aston_villa_newcastle,1920,2019-11-25,Aston Villa,Newcastle,1,football-data.co.uk,2019-11-26,home,,,,,,,,,17,8,,,,,,,,,,,,,,,,,,,,,,33.0,,,,,,,
1920_20191130_burnley_crystal_palace,1920,2019-11-30,Crystal Palace,Burnley,0,football-data.co.uk,2019-12-01,away,,,,,,,,,7,2,,,,,,,,,,,,,,,,,,,,,,11.0,,,,,,,
1920_20191130_burnley_crystal_palace,1920,2019-11-30,Burnley,Crystal Palace,1,football-data.co.uk,2019-12-01,home,,,,,,,,,15,4,,,,,,,,,,,,,,,,,,,,,,23.0,,,,,,,
1920_20191130_chelsea_west_ham,1920,2019-11-30,West Ham,Chelsea,0,football-data.co.uk,2019-12-01,away,,,,,,,,,5,4,,,,,,,,,,,,,,,,,,,,,,13.0,,,,,,,
1920_20191130_chelsea_west_ham,1920,2019-11-30,Chelsea,West Ham,1,football-data.co.uk,2019-12-01,home,,,,,,,,,19,6,,,,,,,,,,,,,,,,,,,,,,31.0,,,,,,,
1920_20191130_liverpool_brighton,1920,2019-11-30,Brighton,Liverpool,0,football-data.co.uk,2019-12-01,away,,,,,,,,,12,5,,,,,,,,,,,,,,,,,,,,,,22.0,,,,,,,
1920_20191130_liverpool_brighton,1920,2019-11-30,Liverpool,Brighton,1,football-data.co.uk,2019-12-01,home,,,,,,,,,15,7,,,,,,,,,,,,,,,,,,,,,,29.0,,,,,,,
1920_20191130_newcastle_man_city,1920,2019-11-30,Man City,Newcastle,0,football-data.co.uk,2019-12-01,away,,,,,,,,,24,9,,,,,,,,,,,,,,,,,,,,,,42.0,,,,,,,
1920_20191130_newcastle_man_city,1920,2019-11-30,Newcastle,Man City,1,football-data.co.uk,2019-12-01,home,,,,,,,,,6,3,,,,,,,,,,,,,,,,,,,,,,12.0,,,,,,,
1920_20191130_southampton_watford,1920,2019-11-30,Watford,Southampton,0,football-data.co.uk,2019-12-01,away,,,,,,,,,6,3,,,,,,,,,,,,,,,,,,,,,,12.0,,,,,,,
1920_20191130_southampton_watford,1920,2019-11-30,Southampton,Watford,1,football-data.co.uk,2019-12-01,home,,,,,,,,,11,6,,,,,,,,,,,,,,,,,,,,,,23.0,,,,,,,
1920_20191130_tottenham_bournemouth,1920,2019-11-30,Bournemouth,Tottenham,0,football-data.co.uk,2019-12-01,away,,,,,,,,,20,6,,,,,,,,,,,,,,,,,,,,,,32.0,,,,,,,
1920_20191130_tottenham_bournemouth,1920,2019-11-30,Tottenham,Bournemouth,1,football-data.co.uk,2019-12-01,home,,,,,,,,,15,5,,,,,,,,,,,,,,,,,,,,,,25.0,,,,,,,
1920_20191201_leicester_everton,1920,2019-12-01,Everton,Leicester,0,football-data.co.uk,2019-12-02,away,,,,,,,,,11,3,,,,,,,,,,,,,,,,,,,,,,17.0,,,,,,,
1920_20191201_leicester_everton,1920,2019-12-01,Leicester,Everton,1,football-data.co.uk,2019-12-02,home,,,,,,,,,16,6,,,,,,,,,,,,,,,,,,,,,,28.0,,,,,,,
1920_20191201_man_united_aston_villa,1920,2019-12-01,Aston Villa,Man United,0,football-data.co.uk,2019-12-02,away,,,,,,,,,9,3,,,,,,,,,,,,,,,,,,,,,,15.0,,,,,,,
1920_20191201_man_united_aston_villa,1920,2019-12-01,Man United,Aston Villa,1,football-data.co.uk,2019-12-02,home,,,,,,,,,16,6,,,,,,,,,,,,,,,,,,,,,,28.0,,,,,,,
1920_20191201_norwich_arsenal,1920,2019-12-01,Arsenal,Norwich,0,football-data.co.uk,2019-12-02,away,,,,,,,,,16,7,,,,,,,,,,,,,,,,,,,,,,30.0,,,,,,,
1920_20191201_norwich_arsenal,1920,2019-12-01,Norwich,Arsenal,1,football-data.co.uk,2019-12-02,home,,,,,,,,,15,8,,,,,,,,,,,,,,,,,,,,,,31.0,,,,,,,
1920_20191201_wolves_sheffield_united,1920,2019-12-01,Sheffield United,Wolves,0,football-data.co.uk,2019-12-02,away,,,,,,,,,9,4,,,,,,,,,,,,,,,,,,,,,,17.0,,,,,,,
1920_20191201_wolves_sheffield_united,1920,2019-12-01,Wolves,Sheffield United,1,football-data.co.uk,2019-12-02,home,,,,,,,,,13,3,,,,,,,,,,,,,,,,,,,,,,19.0,,,,,,,
1920_20191203_burnley_man_city,1920,2019-12-03,Man City,Burnley,0,football-data.co.uk,2019-12-04,away,,,,,,,,,17,8,,,,,,,,,,,,,,,,,,,,,,33.0,,,,,,,
1920_20191203_burnley_man_city,1920,2019-12-03,Burnley,Man City,1,football-data.co.uk,2019-12-04,home,,,,,,,,,4,2,,,,,,,,,,,,,,,,,,,,,,8.0,,,,,,,
1920_20191203_crystal_palace_bournemouth,1920,2019-12-03,Bournemouth,Crystal Palace,0,football-data.co.uk,2019-12-04,away,,,,,,,,,6,3,,,,,,,,,,,,,,,,,,,,,,12.0,,,,,,,
1920_20191203_crystal_palace_bournemouth,1920,2019-12-03,Crystal Palace,Bournemouth,1,football-data.co.uk,2019-12-04,home,,,,,,,,,7,2,,,,,,,,,,,,,,,,,,,,,,11.0,,,,,,,
1920_20191204_chelsea_aston_villa,1920,2019-12-04,Aston Villa,Chelsea,0,football-data.co.uk,2019-12-05,away,,,,,,,,,9,3,,,,,,,,,,,,,,,,,,,,,,15.0,,,,,,,
1920_20191204_chelsea_aston_villa,1920,2019-12-04,Chelsea,Aston Villa,1,football-data.co.uk,2019-12-05,home,,,,,,,,,25,9,,,,,,,,,,,,,,,,,,,,,,43.0,,,,,,,
1920_20191204_leicester_watford,1920,2019-12-04,Watford,Leicester,0,football-data.co.uk,2019-12-05,away,,,,,,,,,4,1,,,,,,,,,,,,,,,,,,,,,,6.0,,,,,,,
1920_20191204_leicester_watford,1920,2019-12-04,Leicester,Watford,1,football-data.co.uk,2019-12-05,home,,,,,,,,,12,6,,,,,,,,,,,,,,,,,,,,,,24.0,,,,,,,
1920_20191204_liverpool_everton,1920,2019-12-04,Everton,Liverpool,0,football-data.co.uk,2019-12-05,away,,,,,,,,,12,4,,,,,,,,,,,,,,,,,,,,,,20.0,,,,,,,
1920_20191204_liverpool_everton,1920,2019-12-04,Liverpool,Everton,1,football-data.co.uk,2019-12-05,home,,,,,,,,,11,5,,,,,,,,,,,,,,,,,,,,,,21.0,,,,,,,
1920_20191204_man_united_tottenham,1920,2019-12-04,Tottenham,Man United,0,football-data.co.uk,2019-12-05,away,,,,,,,,,8,5,,,,,,,,,,,,,,,,,,,,,,18.0,,,,,,,
1920_20191204_man_united_tottenham,1920,2019-12-04,Man United,Tottenham,1,football-data.co.uk,2019-12-05,home,,,,,,,,,12,7,,,,,,,,,,,,,,,,,,,,,,26.0,,,,,,,
1920_20191204_southampton_norwich,1920,2019-12-04,Norwich,Southampton,0,football-data.co.uk,2019-12-05,away,,,,,,,,,10,3,,,,,,,,,,,,,,,,,,,,,,16.0,,,,,,,
1920_20191204_southampton_norwich,1920,2019-12-04,Southampton,Norwich,1,football-data.co.uk,2019-12-05,home,,,,,,,,,14,5,,,,,,,,,,,,,,,,,,,,,,24.0,,,,,,,
1920_20191204_wolves_west_ham,1920,2019-12-04,West Ham,Wolves,0,football-data.co.uk,2019-12-05,away,,,,,,,,,6,3,,,,,,,,,,,,,,,,,,,,,,12.0,,,,,,,
1920_20191204_wolves_west_ham,1920,2019-12-04,Wolves,West Ham,1,football-data.co.uk,2019-12-05,home,,,,,,,,,13,7,,,,,,,,,,,,,,,,,,,,,,27.0,,,,,,,
1920_20191205_arsenal_brighton,1920,2019-12-05,Brighton,Arsenal,0,football-data.co.uk,2019-12-06,away,,,,,,,,,20,9,,,,,,,,,,,,,,,,,,,,,,38.0,,,,,,,
1920_20191205_arsenal_brighton,1920,2019-12-05,Arsenal,Brighton,1,football-data.co.uk,2019-12-06,home,,,,,,,,,12,5,,,,,,,,,,,,,,,,,,,,,,22.0,,,,,,,
1920_20191205_sheffield_united_newcastle,1920,2019-12-05,Newcastle,Sheffield United,0,football-data.co.uk,2019-12-06,away,,,,,,,,,6,4,,,,,,,,,,,,,,,,,,,,,,14.0,,,,,,,
1920_20191205_sheffield_united_newcastle,1920,2019-12-05,Sheffield United,Newcastle,1,football-data.co.uk,2019-12-06,home,,,,,,,,,13,6,,,,,,,,,,,,,,,,,,,,,,25.0,,,,,,,
1920_20191207_bournemouth_liverpool,1920,2019-12-07,Liverpool,Bournemouth,0,football-data.co.uk,2019-12-08,away,,,,,,,,,21,9,,,,,,,,,,,,,,,,,,,,,,39.0,,,,,,,
1920_20191207_bournemouth_liverpool,1920,2019-12-07,Bournemouth,Liverpool,1,football-data.co.uk,2019-12-08,home,,,,,,,,,3,0,,,,,,,,,,,,,,,,,,,,,,3.0,,,,,,,
1920_20191207_everton_chelsea,1920,2019-12-07,Chelsea,Everton,0,football-data.co.uk,2019-12-08,away,,,,,,,,,15,4,,,,,,,,,,,,,,,,,,,,,,23.0,,,,,,,
1920_20191207_everton_chelsea,1920,2019-12-07,Everton,Chelsea,1,football-data.co.uk,2019-12-08,home,,,,,,,,,13,7,,,,,,,,,,,,,,,,,,,,,,27.0,,,,,,,
1920_20191207_man_city_man_united,1920,2019-12-07,Man United,Man City,0,football-data.co.uk,2019-12-08,away,,,,,,,,,11,7,,,,,,,,,,,,,,,,,,,,,,25.0,,,,,,,
1920_20191207_man_city_man_united,1920,2019-12-07,Man City,Man United,1,football-data.co.uk,2019-12-08,home,,,,,,,,,22,5,,,,,,,,,,,,,,,,,,,,,,32.0,,,,,,,
1920_20191207_tottenham_burnley,1920,2019-12-07,Burnley,Tottenham,0,football-data.co.uk,2019-12-08,away,,,,,,,,,7,1,,,,,,,,,,,,,,,,,,,,,,9.0,,,,,,,
1920_20191207_tottenham_burnley,1920,2019-12-07,Tottenham,Burnley,1,football-data.co.uk,2019-12-08,home,,,,,,,,,13,7,,,,,,,,,,,,,,,,,,,,,,27.0,,,,,,,
1920_20191207_watford_crystal_palace,1920,2019-12-07,Crystal Palace,Watford,0,football-data.co.uk,2019-12-08,away,,,,,,,,,3,0,,,,,,,,,,,,,,,,,,,,,,3.0,,,,,,,
1920_20191207_watford_crystal_palace,1920,2019-12-07,Watford,Crystal Palace,1,football-data.co.uk,2019-12-08,home,,,,,,,,,13,3,,,,,,,,,,,,,,,,,,,,,,19.0,,,,,,,
1920_20191208_aston_villa_leicester,1920,2019-12-08,Leicester,Aston Villa,0,football-data.co.uk,2019-12-09,away,,,,,,,,,23,8,,,,,,,,,,,,,,,,,,,,,,39.0,,,,,,,
1920_20191208_aston_villa_leicester,1920,2019-12-08,Aston Villa,Leicester,1,football-data.co.uk,2019-12-09,home,,,,,,,,,15,2,,,,,,,,,,,,,,,,,,,,,,19.0,,,,,,,
1920_20191208_brighton_wolves,1920,2019-12-08,Wolves,Brighton,0,football-data.co.uk,2019-12-09,away,,,,,,,,,13,5,,,,,,,,,,,,,,,,,,,,,,23.0,,,,,,,
1920_20191208_brighton_wolves,1920,2019-12-08,Brighton,Wolves,1,football-data.co.uk,2019-12-09,home,,,,,,,,,13,4,,,,,,,,,,,,,,,,,,,,,,21.0,,,,,,,
1920_20191208_newcastle_southampton,1920,2019-12-08,Southampton,Newcastle,0,football-data.co.uk,2019-12-09,away,,,,,,,,,19,4,,,,,,,,,,,,,,,,,,,,,,27.0,,,,,,,
1920_20191208_newcastle_southampton,1920,2019-12-08,Newcastle,Southampton,1,football-data.co.uk,2019-12-09,home,,,,,,,,,12,6,,,,,,,,,,,,,,,,,,,,,,24.0,,,,,,,
1920_20191208_norwich_sheffield_united,1920,2019-12-08,Sheffield United,Norwich,0,football-data.co.uk,2019-12-09,away,,,,,,,,,9,3,,,,,,,,,,,,,,,,,,,,,,15.0,,,,,,,
1920_20191208_norwich_sheffield_united,1920,2019-12-08,Norwich,Sheffield United,1,football-data.co.uk,2019-12-09,home,,,,,,,,,14,4,,,,,,,,,,,,,,,,,,,,,,22.0,,,,,,,
1920_20191209_west_ham_arsenal,1920,2019-12-09,Arsenal,West Ham,0,football-data.co.uk,2019-12-10,away,,,,,,,,,10,3,,,,,,,,,,,,,,,,,,,,,,16.0,,,,,,,
1920_20191209_west_ham_arsenal,1920,2019-12-09,West Ham,Arsenal,1,football-data.co.uk,2019-12-10,home,,,,,,,,,11,4,,,,,,,,,,,,,,,,,,,,,,19.0,,,,,,,
1920_20191214_burnley_newcastle,1920,2019-12-14,Newcastle,Burnley,0,football-data.co.uk,2019-12-15,away,,,,,,,,,9,0,,,,,,,,,,,,,,,,,,,,,,9.0,,,,,,,
1920_20191214_burnley_newcastle,1920,2019-12-14,Burnley,Newcastle,1,football-data.co.uk,2019-12-15,home,,,,,,,,,7,4,,,,,,,,,,,,,,,,,,,,,,15.0,,,,,,,
1920_20191214_chelsea_bournemouth,1920,2019-12-14,Bournemouth,Chelsea,0,football-data.co.uk,2019-12-15,away,,,,,,,,,11,2,,,,,,,,,,,,,,,,,,,,,,15.0,,,,,,,
1920_20191214_chelsea_bournemouth,1920,2019-12-14,Chelsea,Bournemouth,1,football-data.co.uk,2019-12-15,home,,,,,,,,,18,5,,,,,,,,,,,,,,,,,,,,,,28.0,,,,,,,
1920_20191214_leicester_norwich,1920,2019-12-14,Norwich,Leicester,0,football-data.co.uk,2019-12-15,away,,,,,,,,,10,3,,,,,,,,,,,,,,,,,,,,,,16.0,,,,,,,
1920_20191214_leicester_norwich,1920,2019-12-14,Leicester,Norwich,1,football-data.co.uk,2019-12-15,home,,,,,,,,,18,5,,,,,,,,,,,,,,,,,,,,,,28.0,,,,,,,
1920_20191214_liverpool_watford,1920,2019-12-14,Watford,Liverpool,0,football-data.co.uk,2019-12-15,away,,,,,,,,,8,2,,,,,,,,,,,,,,,,,,,,,,12.0,,,,,,,
1920_20191214_liverpool_watford,1920,2019-12-14,Liverpool,Watford,1,football-data.co.uk,2019-12-15,home,,,,,,,,,16,6,,,,,,,,,,,,,,,,,,,,,,28.0,,,,,,,
1920_20191214_sheffield_united_aston_villa,1920,2019-12-14,Aston Villa,Sheffield United,0,football-data.co.uk,2019-12-15,away,,,,,,,,,8,0,,,,,,,,,,,,,,,,,,,,,,8.0,,,,,,,
1920_20191214_sheffield_united_aston_villa,1920,2019-12-14,Sheffield United,Aston Villa,1,football-data.co.uk,2019-12-15,home,,,,,,,,,7,3,,,,,,,,,,,,,,,,,,,,,,13.0,,,,,,,
1920_20191214_southampton_west_ham,1920,2019-12-14,West Ham,Southampton,0,football-data.co.uk,2019-12-15,away,,,,,,,,,11,4,,,,,,,,,,,,,,,,,,,,,,19.0,,,,,,,
1920_20191214_southampton_west_ham,1920,2019-12-14,Southampton,West Ham,1,football-data.co.uk,2019-12-15,home,,,,,,,,,11,2,,,,,,,,,,,,,,,,,,,,,,15.0,,,,,,,
1920_20191215_arsenal_man_city,1920,2019-12-15,Man City,Arsenal,0,football-data.co.uk,2019-12-16,away,,,,,,,,,14,7,,,,,,,,,,,,,,,,,,,,,,28.0,,,,,,,
1920_20191215_arsenal_man_city,1920,2019-12-15,Arsenal,Man City,1,football-data.co.uk,2019-12-16,home,,,,,,,,,6,1,,,,,,,,,,,,,,,,,,,,,,8.0,,,,,,,
1920_20191215_man_united_everton,1920,2019-12-15,Everton,Man United,0,football-data.co.uk,2019-12-16,away,,,,,,,,,8,3,,,,,,,,,,,,,,,,,,,,,,14.0,,,,,,,
1920_20191215_man_united_everton,1920,2019-12-15,Man United,Everton,1,football-data.co.uk,2019-12-16,home,,,,,,,,,24,8,,,,,,,,,,,,,,,,,,,,,,40.0,,,,,,,
1920_20191215_wolves_tottenham,1920,2019-12-15,Tottenham,Wolves,0,football-data.co.uk,2019-12-16,away,,,,,,,,,9,5,,,,,,,,,,,,,,,,,,,,,,19.0,,,,,,,
1920_20191215_wolves_tottenham,1920,2019-12-15,Wolves,Tottenham,1,football-data.co.uk,2019-12-16,home,,,,,,,,,18,5,,,,,,,,,,,,,,,,,,,,,,28.0,,,,,,,
1920_20191216_crystal_palace_brighton,1920,2019-12-16,Brighton,Crystal Palace,0,football-data.co.uk,2019-12-17,away,,,,,,,,,15,10,,,,,,,,,,,,,,,,,,,,,,35.0,,,,,,,
1920_20191216_crystal_palace_brighton,1920,2019-12-16,Crystal Palace,Brighton,1,football-data.co.uk,2019-12-17,home,,,,,,,,,11,4,,,,,,,,,,,,,,,,,,,,,,19.0,,,,,,,
1920_20191221_aston_villa_southampton,1920,2019-12-21,Southampton,Aston Villa,0,football-data.co.uk,2019-12-22,away,,,,,,,,,17,8,,,,,,,,,,,,,,,,,,,,,,33.0,,,,,,,
1920_20191221_aston_villa_southampton,1920,2019-12-21,Aston Villa,Southampton,1,football-data.co.uk,2019-12-22,home,,,,,,,,,19,6,,,,,,,,,,,,,,,,,,,,,,31.0,,,,,,,
1920_20191221_bournemouth_burnley,1920,2019-12-21,Burnley,Bournemouth,0,football-data.co.uk,2019-12-22,away,,,,,,,,,2,1,,,,,,,,,,,,,,,,,,,,,,4.0,,,,,,,
1920_20191221_bournemouth_burnley,1920,2019-12-21,Bournemouth,Burnley,1,football-data.co.uk,2019-12-22,home,,,,,,,,,3,0,,,,,,,,,,,,,,,,,,,,,,3.0,,,,,,,
1920_20191221_brighton_sheffield_united,1920,2019-12-21,Sheffield United,Brighton,0,football-data.co.uk,2019-12-22,away,,,,,,,,,7,2,,,,,,,,,,,,,,,,,,,,,,11.0,,,,,,,
1920_20191221_brighton_sheffield_united,1920,2019-12-21,Brighton,Sheffield United,1,football-data.co.uk,2019-12-22,home,,,,,,,,,9,2,,,,,,,,,,,,,,,,,,,,,,13.0,,,,,,,
1920_20191221_everton_arsenal,1920,2019-12-21,Arsenal,Everton,0,football-data.co.uk,2019-12-22,away,,,,,,,,,6,2,,,,,,,,,,,,,,,,,,,,,,10.0,,,,,,,
1920_20191221_everton_arsenal,1920,2019-12-21,Everton,Arsenal,1,football-data.co.uk,2019-12-22,home,,,,,,,,,9,0,,,,,,,,,,,,,,,,,,,,,,9.0,,,,,,,
1920_20191221_man_city_leicester,1920,2019-12-21,Leicester,Man City,0,football-data.co.uk,2019-12-22,away,,,,,,,,,5,2,,,,,,,,,,,,,,,,,,,,,,9.0,,,,,,,
1920_20191221_man_city_leicester,1920,2019-12-21,Man City,Leicester,1,football-data.co.uk,2019-12-22,home,,,,,,,,,23,12,,,,,,,,,,,,,,,,,,,,,,47.0,,,,,,,
1920_20191221_newcastle_crystal_palace,1920,2019-12-21,Crystal Palace,Newcastle,0,football-data.co.uk,2019-12-22,away,,,,,,,,,16,4,,,,,,,,,,,,,,,,,,,,,,24.0,,,,,,,
1920_20191221_newcastle_crystal_palace,1920,2019-12-21,Newcastle,Crystal Palace,1,football-data.co.uk,2019-12-22,home,,,,,,,,,8,3,,,,,,,,,,,,,,,,,,,,,,14.0,,,,,,,
1920_20191221_norwich_wolves,1920,2019-12-21,Wolves,Norwich,0,football-data.co.uk,2019-12-22,away,,,,,,,,,14,4,,,,,,,,,,,,,,,,,,,,,,22.0,,,,,,,
1920_20191221_norwich_wolves,1920,2019-12-21,Norwich,Wolves,1,football-data.co.uk,2019-12-22,home,,,,,,,,,13,7,,,,,,,,,,,,,,,,,,,,,,27.0,,,,,,,
1920_20191222_tottenham_chelsea,1920,2019-12-22,Chelsea,Tottenham,0,football-data.co.uk,2019-12-23,away,,,,,,,,,13,3,,,,,,,,,,,,,,,,,,,,,,19.0,,,,,,,
1920_20191222_tottenham_chelsea,1920,2019-12-22,Tottenham,Chelsea,1,football-data.co.uk,2019-12-23,home,,,,,,,,,5,1,,,,,,,,,,,,,,,,,,,,,,7.0,,,,,,,
1920_20191222_watford_man_united,1920,2019-12-22,Man United,Watford,0,football-data.co.uk,2019-12-23,away,,,,,,,,,17,8,,,,,,,,,,,,,,,,,,,,,,33.0,,,,,,,
1920_20191222_watford_man_united,1920,2019-12-22,Watford,Man United,1,football-data.co.uk,2019-12-23,home,,,,,,,,,11,3,,,,,,,,,,,,,,,,,,,,,,17.0,,,,,,,
1920_20191226_aston_villa_norwich,1920,2019-12-26,Norwich,Aston Villa,0,football-data.co.uk,2019-12-27,away,,,,,,,,,16,6,,,,,,,,,,,,,,,,,,,,,,28.0,,,,,,,
1920_20191226_aston_villa_norwich,1920,2019-12-26,Aston Villa,Norwich,1,football-data.co.uk,2019-12-27,home,,,,,,,,,11,2,,,,,,,,,,,,,,,,,,,,,,15.0,,,,,,,
1920_20191226_bournemouth_arsenal,1920,2019-12-26,Arsenal,Bournemouth,0,football-data.co.uk,2019-12-27,away,,,,,,,,,17,2,,,,,,,,,,,,,,,,,,,,,,21.0,,,,,,,
1920_20191226_bournemouth_arsenal,1920,2019-12-26,Bournemouth,Arsenal,1,football-data.co.uk,2019-12-27,home,,,,,,,,,12,4,,,,,,,,,,,,,,,,,,,,,,20.0,,,,,,,
1920_20191226_chelsea_southampton,1920,2019-12-26,Southampton,Chelsea,0,football-data.co.uk,2019-12-27,away,,,,,,,,,5,3,,,,,,,,,,,,,,,,,,,,,,11.0,,,,,,,
1920_20191226_chelsea_southampton,1920,2019-12-26,Chelsea,Southampton,1,football-data.co.uk,2019-12-27,home,,,,,,,,,10,3,,,,,,,,,,,,,,,,,,,,,,16.0,,,,,,,
1920_20191226_crystal_palace_west_ham,1920,2019-12-26,West Ham,Crystal Palace,0,football-data.co.uk,2019-12-27,away,,,,,,,,,10,2,,,,,,,,,,,,,,,,,,,,,,14.0,,,,,,,
1920_20191226_crystal_palace_west_ham,1920,2019-12-26,Crystal Palace,West Ham,1,football-data.co.uk,2019-12-27,home,,,,,,,,,13,4,,,,,,,,,,,,,,,,,,,,,,21.0,,,,,,,
1920_20191226_everton_burnley,1920,2019-12-26,Burnley,Everton,0,football-data.co.uk,2019-12-27,away,,,,,,,,,6,0,,,,,,,,,,,,,,,,,,,,,,6.0,,,,,,,
1920_20191226_everton_burnley,1920,2019-12-26,Everton,Burnley,1,football-data.co.uk,2019-12-27,home,,,,,,,,,21,5,,,,,,,,,,,,,,,,,,,,,,31.0,,,,,,,
1920_20191226_leicester_liverpool,1920,2019-12-26,Liverpool,Leicester,0,football-data.co.uk,2019-12-27,away,,,,,,,,,15,6,,,,,,,,,,,,,,,,,,,,,,27.0,,,,,,,
1920_20191226_leicester_liverpool,1920,2019-12-26,Leicester,Liverpool,1,football-data.co.uk,2019-12-27,home,,,,,,,,,3,0,,,,,,,,,,,,,,,,,,,,,,3.0,,,,,,,
1920_20191226_man_united_newcastle,1920,2019-12-26,Newcastle,Man United,0,football-data.co.uk,2019-12-27,away,,,,,,,,,7,2,,,,,,,,,,,,,,,,,,,,,,11.0,,,,,,,
1920_20191226_man_united_newcastle,1920,2019-12-26,Man United,Newcastle,1,football-data.co.uk,2019-12-27,home,,,,,,,,,22,10,,,,,,,,,,,,,,,,,,,,,,42.0,,,,,,,
1920_20191226_sheffield_united_watford,1920,2019-12-26,Watford,Sheffield United,0,football-data.co.uk,2019-12-27,away,,,,,,,,,5,2,,,,,,,,,,,,,,,,,,,,,,9.0,,,,,,,
1920_20191226_sheffield_united_watford,1920,2019-12-26,Sheffield United,Watford,1,football-data.co.uk,2019-12-27,home,,,,,,,,,16,4,,,,,,,,,,,,,,,,,,,,,,24.0,,,,,,,
1920_20191226_tottenham_brighton,1920,2019-12-26,Brighton,Tottenham,0,football-data.co.uk,2019-12-27,away,,,,,,,,,11,5,,,,,,,,,,,,,,,,,,,,,,21.0,,,,,,,
1920_20191226_tottenham_brighton,1920,2019-12-26,Tottenham,Brighton,1,football-data.co.uk,2019-12-27,home,,,,,,,,,11,5,,,,,,,,,,,,,,,,,,,,,,21.0,,,,,,,
1920_20191227_wolves_man_city,1920,2019-12-27,Man City,Wolves,0,football-data.co.uk,2019-12-28,away,,,,,,,,,7,3,,,,,,,,,,,,,,,,,,,,,,13.0,,,,,,,
1920_20191227_wolves_man_city,1920,2019-12-27,Wolves,Man City,1,football-data.co.uk,2019-12-28,home,,,,,,,,,20,8,,,,,,,,,,,,,,,,,,,,,,36.0,,,,,,,
1920_20191228_brighton_bournemouth,1920,2019-12-28,Bournemouth,Brighton,0,football-data.co.uk,2019-12-29,away,,,,,,,,,10,2,,,,,,,,,,,,,,,,,,,,,,14.0,,,,,,,
1920_20191228_brighton_bournemouth,1920,2019-12-28,Brighton,Bournemouth,1,football-data.co.uk,2019-12-29,home,,,,,,,,,16,6,,,,,,,,,,,,,,,,,,,,,,28.0,,,,,,,
1920_20191228_burnley_man_united,1920,2019-12-28,Man United,Burnley,0,football-data.co.uk,2019-12-29,away,,,,,,,,,14,5,,,,,,,,,,,,,,,,,,,,,,24.0,,,,,,,
1920_20191228_burnley_man_united,1920,2019-12-28,Burnley,Man United,1,football-data.co.uk,2019-12-29,home,,,,,,,,,8,1,,,,,,,,,,,,,,,,,,,,,,10.0,,,,,,,
1920_20191228_newcastle_everton,1920,2019-12-28,Everton,Newcastle,0,football-data.co.uk,2019-12-29,away,,,,,,,,,22,9,,,,,,,,,,,,,,,,,,,,,,40.0,,,,,,,
1920_20191228_newcastle_everton,1920,2019-12-28,Newcastle,Everton,1,football-data.co.uk,2019-12-29,home,,,,,,,,,20,5,,,,,,,,,,,,,,,,,,,,,,30.0,,,,,,,
1920_20191228_norwich_tottenham,1920,2019-12-28,Tottenham,Norwich,0,football-data.co.uk,2019-12-29,away,,,,,,,,,15,7,,,,,,,,,,,,,,,,,,,,,,29.0,,,,,,,
1920_20191228_norwich_tottenham,1920,2019-12-28,Norwich,Tottenham,1,football-data.co.uk,2019-12-29,home,,,,,,,,,5,2,,,,,,,,,,,,,,,,,,,,,,9.0,,,,,,,
1920_20191228_southampton_crystal_palace,1920,2019-12-28,Crystal Palace,Southampton,0,football-data.co.uk,2019-12-29,away,,,,,,,,,5,2,,,,,,,,,,,,,,,,,,,,,,9.0,,,,,,,
1920_20191228_southampton_crystal_palace,1920,2019-12-28,Southampton,Crystal Palace,1,football-data.co.uk,2019-12-29,home,,,,,,,,,14,5,,,,,,,,,,,,,,,,,,,,,,24.0,,,,,,,
1920_20191228_watford_aston_villa,1920,2019-12-28,Aston Villa,Watford,0,football-data.co.uk,2019-12-29,away,,,,,,,,,11,2,,,,,,,,,,,,,,,,,,,,,,15.0,,,,,,,
1920_20191228_watford_aston_villa,1920,2019-12-28,Watford,Aston Villa,1,football-data.co.uk,2019-12-29,home,,,,,,,,,20,6,,,,,,,,,,,,,,,,,,,,,,32.0,,,,,,,
1920_20191228_west_ham_leicester,1920,2019-12-28,Leicester,West Ham,0,football-data.co.uk,2019-12-29,away,,,,,,,,,13,8,,,,,,,,,,,,,,,,,,,,,,29.0,,,,,,,
1920_20191228_west_ham_leicester,1920,2019-12-28,West Ham,Leicester,1,football-data.co.uk,2019-12-29,home,,,,,,,,,14,4,,,,,,,,,,,,,,,,,,,,,,22.0,,,,,,,
1920_20191229_arsenal_chelsea,1920,2019-12-29,Chelsea,Arsenal,0,football-data.co.uk,2019-12-30,away,,,,,,,,,13,4,,,,,,,,,,,,,,,,,,,,,,21.0,,,,,,,
1920_20191229_arsenal_chelsea,1920,2019-12-29,Arsenal,Chelsea,1,football-data.co.uk,2019-12-30,home,,,,,,,,,7,2,,,,,,,,,,,,,,,,,,,,,,11.0,,,,,,,
1920_20191229_liverpool_wolves,1920,2019-12-29,Wolves,Liverpool,0,football-data.co.uk,2019-12-30,away,,,,,,,,,10,2,,,,,,,,,,,,,,,,,,,,,,14.0,,,,,,,
1920_20191229_liverpool_wolves,1920,2019-12-29,Liverpool,Wolves,1,football-data.co.uk,2019-12-30,home,,,,,,,,,10,3,,,,,,,,,,,,,,,,,,,,,,16.0,,,,,,,
1920_20191229_man_city_sheffield_united,1920,2019-12-29,Sheffield United,Man City,0,football-data.co.uk,2019-12-30,away,,,,,,,,,8,0,,,,,,,,,,,,,,,,,,,,,,8.0,,,,,,,
1920_20191229_man_city_sheffield_united,1920,2019-12-29,Man City,Sheffield United,1,football-data.co.uk,2019-12-30,home,,,,,,,,,16,4,,,,,,,,,,,,,,,,,,,,,,24.0,,,,,,,
1920_20200101_arsenal_man_united,1920,2020-01-01,Man United,Arsenal,0,football-data.co.uk,2020-01-02,away,,,,,,,,,10,4,,,,,,,,,,,,,,,,,,,,,,18.0,,,,,,,
1920_20200101_arsenal_man_united,1920,2020-01-01,Arsenal,Man United,1,football-data.co.uk,2020-01-02,home,,,,,,,,,10,4,,,,,,,,,,,,,,,,,,,,,,18.0,,,,,,,
1920_20200101_brighton_chelsea,1920,2020-01-01,Chelsea,Brighton,0,football-data.co.uk,2020-01-02,away,,,,,,,,,16,5,,,,,,,,,,,,,,,,,,,,,,26.0,,,,,,,
1920_20200101_brighton_chelsea,1920,2020-01-01,Brighton,Chelsea,1,football-data.co.uk,2020-01-02,home,,,,,,,,,16,5,,,,,,,,,,,,,,,,,,,,,,26.0,,,,,,,
1920_20200101_burnley_aston_villa,1920,2020-01-01,Aston Villa,Burnley,0,football-data.co.uk,2020-01-02,away,,,,,,,,,11,6,,,,,,,,,,,,,,,,,,,,,,23.0,,,,,,,
1920_20200101_burnley_aston_villa,1920,2020-01-01,Burnley,Aston Villa,1,football-data.co.uk,2020-01-02,home,,,,,,,,,20,1,,,,,,,,,,,,,,,,,,,,,,22.0,,,,,,,
1920_20200101_man_city_everton,1920,2020-01-01,Everton,Man City,0,football-data.co.uk,2020-01-02,away,,,,,,,,,7,2,,,,,,,,,,,,,,,,,,,,,,11.0,,,,,,,
1920_20200101_man_city_everton,1920,2020-01-01,Man City,Everton,1,football-data.co.uk,2020-01-02,home,,,,,,,,,16,7,,,,,,,,,,,,,,,,,,,,,,30.0,,,,,,,
1920_20200101_newcastle_leicester,1920,2020-01-01,Leicester,Newcastle,0,football-data.co.uk,2020-01-02,away,,,,,,,,,17,10,,,,,,,,,,,,,,,,,,,,,,37.0,,,,,,,
1920_20200101_newcastle_leicester,1920,2020-01-01,Newcastle,Leicester,1,football-data.co.uk,2020-01-02,home,,,,,,,,,5,2,,,,,,,,,,,,,,,,,,,,,,9.0,,,,,,,
1920_20200101_norwich_crystal_palace,1920,2020-01-01,Crystal Palace,Norwich,0,football-data.co.uk,2020-01-02,away,,,,,,,,,12,3,,,,,,,,,,,,,,,,,,,,,,18.0,,,,,,,
1920_20200101_norwich_crystal_palace,1920,2020-01-01,Norwich,Crystal Palace,1,football-data.co.uk,2020-01-02,home,,,,,,,,,15,4,,,,,,,,,,,,,,,,,,,,,,23.0,,,,,,,
1920_20200101_southampton_tottenham,1920,2020-01-01,Tottenham,Southampton,0,football-data.co.uk,2020-01-02,away,,,,,,,,,11,5,,,,,,,,,,,,,,,,,,,,,,21.0,,,,,,,
1920_20200101_southampton_tottenham,1920,2020-01-01,Southampton,Tottenham,1,football-data.co.uk,2020-01-02,home,,,,,,,,,12,3,,,,,,,,,,,,,,,,,,,,,,18.0,,,,,,,
1920_20200101_watford_wolves,1920,2020-01-01,Wolves,Watford,0,football-data.co.uk,2020-01-02,away,,,,,,,,,16,4,,,,,,,,,,,,,,,,,,,,,,24.0,,,,,,,
1920_20200101_watford_wolves,1920,2020-01-01,Watford,Wolves,1,football-data.co.uk,2020-01-02,home,,,,,,,,,9,3,,,,,,,,,,,,,,,,,,,,,,15.0,,,,,,,
1920_20200101_west_ham_bournemouth,1920,2020-01-01,Bournemouth,West Ham,0,football-data.co.uk,2020-01-02,away,,,,,,,,,3,2,,,,,,,,,,,,,,,,,,,,,,7.0,,,,,,,
1920_20200101_west_ham_bournemouth,1920,2020-01-01,West Ham,Bournemouth,1,football-data.co.uk,2020-01-02,home,,,,,,,,,14,7,,,,,,,,,,,,,,,,,,,,,,28.0,,,,,,,
1920_20200102_liverpool_sheffield_united,1920,2020-01-02,Sheffield United,Liverpool,0,football-data.co.uk,2020-01-03,away,,,,,,,,,3,2,,,,,,,,,,,,,,,,,,,,,,7.0,,,,,,,
1920_20200102_liverpool_sheffield_united,1920,2020-01-02,Liverpool,Sheffield United,1,football-data.co.uk,2020-01-03,home,,,,,,,,,19,7,,,,,,,,,,,,,,,,,,,,,,33.0,,,,,,,
1920_20200110_sheffield_united_west_ham,1920,2020-01-10,West Ham,Sheffield United,0,football-data.co.uk,2020-01-11,away,,,,,,,,,7,2,,,,,,,,,,,,,,,,,,,,,,11.0,,,,,,,
1920_20200110_sheffield_united_west_ham,1920,2020-01-10,Sheffield United,West Ham,1,football-data.co.uk,2020-01-11,home,,,,,,,,,13,3,,,,,,,,,,,,,,,,,,,,,,19.0,,,,,,,
1920_20200111_chelsea_burnley,1920,2020-01-11,Burnley,Chelsea,0,football-data.co.uk,2020-01-12,away,,,,,,,,,7,2,,,,,,,,,,,,,,,,,,,,,,11.0,,,,,,,
1920_20200111_chelsea_burnley,1920,2020-01-11,Chelsea,Burnley,1,football-data.co.uk,2020-01-12,home,,,,,,,,,18,8,,,,,,,,,,,,,,,,,,,,,,34.0,,,,,,,
1920_20200111_crystal_palace_arsenal,1920,2020-01-11,Arsenal,Crystal Palace,0,football-data.co.uk,2020-01-12,away,,,,,,,,,7,4,,,,,,,,,,,,,,,,,,,,,,15.0,,,,,,,
1920_20200111_crystal_palace_arsenal,1920,2020-01-11,Crystal Palace,Arsenal,1,football-data.co.uk,2020-01-12,home,,,,,,,,,6,3,,,,,,,,,,,,,,,,,,,,,,12.0,,,,,,,
1920_20200111_everton_brighton,1920,2020-01-11,Brighton,Everton,0,football-data.co.uk,2020-01-12,away,,,,,,,,,9,2,,,,,,,,,,,,,,,,,,,,,,13.0,,,,,,,
1920_20200111_everton_brighton,1920,2020-01-11,Everton,Brighton,1,football-data.co.uk,2020-01-12,home,,,,,,,,,14,6,,,,,,,,,,,,,,,,,,,,,,26.0,,,,,,,
1920_20200111_leicester_southampton,1920,2020-01-11,Southampton,Leicester,0,football-data.co.uk,2020-01-12,away,,,,,,,,,16,10,,,,,,,,,,,,,,,,,,,,,,36.0,,,,,,,
1920_20200111_leicester_southampton,1920,2020-01-11,Leicester,Southampton,1,football-data.co.uk,2020-01-12,home,,,,,,,,,5,5,,,,,,,,,,,,,,,,,,,,,,15.0,,,,,,,
1920_20200111_man_united_norwich,1920,2020-01-11,Norwich,Man United,0,football-data.co.uk,2020-01-12,away,,,,,,,,,8,3,,,,,,,,,,,,,,,,,,,,,,14.0,,,,,,,
1920_20200111_man_united_norwich,1920,2020-01-11,Man United,Norwich,1,football-data.co.uk,2020-01-12,home,,,,,,,,,13,6,,,,,,,,,,,,,,,,,,,,,,25.0,,,,,,,
1920_20200111_tottenham_liverpool,1920,2020-01-11,Liverpool,Tottenham,0,football-data.co.uk,2020-01-12,away,,,,,,,,,13,7,,,,,,,,,,,,,,,,,,,,,,27.0,,,,,,,
1920_20200111_tottenham_liverpool,1920,2020-01-11,Tottenham,Liverpool,1,football-data.co.uk,2020-01-12,home,,,,,,,,,14,4,,,,,,,,,,,,,,,,,,,,,,22.0,,,,,,,
1920_20200111_wolves_newcastle,1920,2020-01-11,Newcastle,Wolves,0,football-data.co.uk,2020-01-12,away,,,,,,,,,5,1,,,,,,,,,,,,,,,,,,,,,,7.0,,,,,,,
1920_20200111_wolves_newcastle,1920,2020-01-11,Wolves,Newcastle,1,football-data.co.uk,2020-01-12,home,,,,,,,,,9,4,,,,,,,,,,,,,,,,,,,,,,17.0,,,,,,,
1920_20200112_aston_villa_man_city,1920,2020-01-12,Man City,Aston Villa,0,football-data.co.uk,2020-01-13,away,,,,,,,,,22,12,,,,,,,,,,,,,,,,,,,,,,46.0,,,,,,,
1920_20200112_aston_villa_man_city,1920,2020-01-12,Aston Villa,Man City,1,football-data.co.uk,2020-01-13,home,,,,,,,,,7,1,,,,,,,,,,,,,,,,,,,,,,9.0,,,,,,,
1920_20200112_bournemouth_watford,1920,2020-01-12,Watford,Bournemouth,0,football-data.co.uk,2020-01-13,away,,,,,,,,,18,6,,,,,,,,,,,,,,,,,,,,,,30.0,,,,,,,
1920_20200112_bournemouth_watford,1920,2020-01-12,Bournemouth,Watford,1,football-data.co.uk,2020-01-13,home,,,,,,,,,10,1,,,,,,,,,,,,,,,,,,,,,,12.0,,,,,,,
1920_20200118_arsenal_sheffield_united,1920,2020-01-18,Sheffield United,Arsenal,0,football-data.co.uk,2020-01-19,away,,,,,,,,,12,4,,,,,,,,,,,,,,,,,,,,,,20.0,,,,,,,
1920_20200118_arsenal_sheffield_united,1920,2020-01-18,Arsenal,Sheffield United,1,football-data.co.uk,2020-01-19,home,,,,,,,,,11,4,,,,,,,,,,,,,,,,,,,,,,19.0,,,,,,,
1920_20200118_brighton_aston_villa,1920,2020-01-18,Aston Villa,Brighton,0,football-data.co.uk,2020-01-19,away,,,,,,,,,8,3,,,,,,,,,,,,,,,,,,,,,,14.0,,,,,,,
1920_20200118_brighton_aston_villa,1920,2020-01-18,Brighton,Aston Villa,1,football-data.co.uk,2020-01-19,home,,,,,,,,,10,2,,,,,,,,,,,,,,,,,,,,,,14.0,,,,,,,
1920_20200118_man_city_crystal_palace,1920,2020-01-18,Crystal Palace,Man City,0,football-data.co.uk,2020-01-19,away,,,,,,,,,5,3,,,,,,,,,,,,,,,,,,,,,,11.0,,,,,,,
1920_20200118_man_city_crystal_palace,1920,2020-01-18,Man City,Crystal Palace,1,football-data.co.uk,2020-01-19,home,,,,,,,,,25,6,,,,,,,,,,,,,,,,,,,,,,37.0,,,,,,,
1920_20200118_newcastle_chelsea,1920,2020-01-18,Chelsea,Newcastle,0,football-data.co.uk,2020-01-19,away,,,,,,,,,19,4,,,,,,,,,,,,,,,,,,,,,,27.0,,,,,,,
1920_20200118_newcastle_chelsea,1920,2020-01-18,Newcastle,Chelsea,1,football-data.co.uk,2020-01-19,home,,,,,,,,,7,2,,,,,,,,,,,,,,,,,,,,,,11.0,,,,,,,
1920_20200118_norwich_bournemouth,1920,2020-01-18,Bournemouth,Norwich,0,football-data.co.uk,2020-01-19,away,,,,,,,,,6,3,,,,,,,,,,,,,,,,,,,,,,12.0,,,,,,,
1920_20200118_norwich_bournemouth,1920,2020-01-18,Norwich,Bournemouth,1,football-data.co.uk,2020-01-19,home,,,,,,,,,16,5,,,,,,,,,,,,,,,,,,,,,,26.0,,,,,,,
1920_20200118_southampton_wolves,1920,2020-01-18,Wolves,Southampton,0,football-data.co.uk,2020-01-19,away,,,,,,,,,8,4,,,,,,,,,,,,,,,,,,,,,,16.0,,,,,,,
1920_20200118_southampton_wolves,1920,2020-01-18,Southampton,Wolves,1,football-data.co.uk,2020-01-19,home,,,,,,,,,11,5,,,,,,,,,,,,,,,,,,,,,,21.0,,,,,,,
1920_20200118_watford_tottenham,1920,2020-01-18,Tottenham,Watford,0,football-data.co.uk,2020-01-19,away,,,,,,,,,17,5,,,,,,,,,,,,,,,,,,,,,,27.0,,,,,,,
1920_20200118_watford_tottenham,1920,2020-01-18,Watford,Tottenham,1,football-data.co.uk,2020-01-19,home,,,,,,,,,15,2,,,,,,,,,,,,,,,,,,,,,,19.0,,,,,,,
1920_20200118_west_ham_everton,1920,2020-01-18,Everton,West Ham,0,football-data.co.uk,2020-01-19,away,,,,,,,,,11,3,,,,,,,,,,,,,,,,,,,,,,17.0,,,,,,,
1920_20200118_west_ham_everton,1920,2020-01-18,West Ham,Everton,1,football-data.co.uk,2020-01-19,home,,,,,,,,,12,6,,,,,,,,,,,,,,,,,,,,,,24.0,,,,,,,
1920_20200119_burnley_leicester,1920,2020-01-19,Leicester,Burnley,0,football-data.co.uk,2020-01-20,away,,,,,,,,,18,8,,,,,,,,,,,,,,,,,,,,,,34.0,,,,,,,
1920_20200119_burnley_leicester,1920,2020-01-19,Burnley,Leicester,1,football-data.co.uk,2020-01-20,home,,,,,,,,,8,5,,,,,,,,,,,,,,,,,,,,,,18.0,,,,,,,
1920_20200119_liverpool_man_united,1920,2020-01-19,Man United,Liverpool,0,football-data.co.uk,2020-01-20,away,,,,,,,,,9,4,,,,,,,,,,,,,,,,,,,,,,17.0,,,,,,,
1920_20200119_liverpool_man_united,1920,2020-01-19,Liverpool,Man United,1,football-data.co.uk,2020-01-20,home,,,,,,,,,16,5,,,,,,,,,,,,,,,,,,,,,,26.0,,,,,,,
1920_20200121_aston_villa_watford,1920,2020-01-21,Watford,Aston Villa,0,football-data.co.uk,2020-01-22,away,,,,,,,,,8,2,,,,,,,,,,,,,,,,,,,,,,12.0,,,,,,,
1920_20200121_aston_villa_watford,1920,2020-01-21,Aston Villa,Watford,1,football-data.co.uk,2020-01-22,home,,,,,,,,,16,5,,,,,,,,,,,,,,,,,,,,,,26.0,,,,,,,
1920_20200121_bournemouth_brighton,1920,2020-01-21,Brighton,Bournemouth,0,football-data.co.uk,2020-01-22,away,,,,,,,,,21,8,,,,,,,,,,,,,,,,,,,,,,37.0,,,,,,,
1920_20200121_bournemouth_brighton,1920,2020-01-21,Bournemouth,Brighton,1,football-data.co.uk,2020-01-22,home,,,,,,,,,11,3,,,,,,,,,,,,,,,,,,,,,,17.0,,,,,,,
1920_20200121_chelsea_arsenal,1920,2020-01-21,Arsenal,Chelsea,0,football-data.co.uk,2020-01-22,away,,,,,,,,,2,2,,,,,,,,,,,,,,,,,,,,,,6.0,,,,,,,
1920_20200121_chelsea_arsenal,1920,2020-01-21,Chelsea,Arsenal,1,football-data.co.uk,2020-01-22,home,,,,,,,,,19,8,,,,,,,,,,,,,,,,,,,,,,35.0,,,,,,,
1920_20200121_crystal_palace_southampton,1920,2020-01-21,Southampton,Crystal Palace,0,football-data.co.uk,2020-01-22,away,,,,,,,,,15,6,,,,,,,,,,,,,,,,,,,,,,27.0,,,,,,,
1920_20200121_crystal_palace_southampton,1920,2020-01-21,Crystal Palace,Southampton,1,football-data.co.uk,2020-01-22,home,,,,,,,,,6,0,,,,,,,,,,,,,,,,,,,,,,6.0,,,,,,,
1920_20200121_everton_newcastle,1920,2020-01-21,Newcastle,Everton,0,football-data.co.uk,2020-01-22,away,,,,,,,,,8,2,,,,,,,,,,,,,,,,,,,,,,12.0,,,,,,,
1920_20200121_everton_newcastle,1920,2020-01-21,Everton,Newcastle,1,football-data.co.uk,2020-01-22,home,,,,,,,,,17,8,,,,,,,,,,,,,,,,,,,,,,33.0,,,,,,,
1920_20200121_sheffield_united_man_city,1920,2020-01-21,Man City,Sheffield United,0,football-data.co.uk,2020-01-22,away,,,,,,,,,18,5,,,,,,,,,,,,,,,,,,,,,,28.0,,,,,,,
1920_20200121_sheffield_united_man_city,1920,2020-01-21,Sheffield United,Man City,1,football-data.co.uk,2020-01-22,home,,,,,,,,,4,1,,,,,,,,,,,,,,,,,,,,,,6.0,,,,,,,
1920_20200122_leicester_west_ham,1920,2020-01-22,West Ham,Leicester,0,football-data.co.uk,2020-01-23,away,,,,,,,,,6,2,,,,,,,,,,,,,,,,,,,,,,10.0,,,,,,,
1920_20200122_leicester_west_ham,1920,2020-01-22,Leicester,West Ham,1,football-data.co.uk,2020-01-23,home,,,,,,,,,19,8,,,,,,,,,,,,,,,,,,,,,,35.0,,,,,,,
1920_20200122_man_united_burnley,1920,2020-01-22,Burnley,Man United,0,football-data.co.uk,2020-01-23,away,,,,,,,,,5,2,,,,,,,,,,,,,,,,,,,,,,9.0,,,,,,,
1920_20200122_man_united_burnley,1920,2020-01-22,Man United,Burnley,1,football-data.co.uk,2020-01-23,home,,,,,,,,,24,7,,,,,,,,,,,,,,,,,,,,,,38.0,,,,,,,
1920_20200122_tottenham_norwich,1920,2020-01-22,Norwich,Tottenham,0,football-data.co.uk,2020-01-23,away,,,,,,,,,12,2,,,,,,,,,,,,,,,,,,,,,,16.0,,,,,,,
1920_20200122_tottenham_norwich,1920,2020-01-22,Tottenham,Norwich,1,football-data.co.uk,2020-01-23,home,,,,,,,,,14,3,,,,,,,,,,,,,,,,,,,,,,20.0,,,,,,,
1920_20200123_wolves_liverpool,1920,2020-01-23,Liverpool,Wolves,0,football-data.co.uk,2020-01-24,away,,,,,,,,,13,6,,,,,,,,,,,,,,,,,,,,,,25.0,,,,,,,
1920_20200123_wolves_liverpool,1920,2020-01-23,Wolves,Liverpool,1,football-data.co.uk,2020-01-24,home,,,,,,,,,10,3,,,,,,,,,,,,,,,,,,,,,,16.0,,,,,,,
1920_20200129_west_ham_liverpool,1920,2020-01-29,Liverpool,West Ham,0,football-data.co.uk,2020-01-30,away,,,,,,,,,13,5,,,,,,,,,,,,,,,,,,,,,,23.0,,,,,,,
1920_20200129_west_ham_liverpool,1920,2020-01-29,West Ham,Liverpool,1,football-data.co.uk,2020-01-30,home,,,,,,,,,7,4,,,,,,,,,,,,,,,,,,,,,,15.0,,,,,,,
1920_20200201_bournemouth_aston_villa,1920,2020-02-01,Aston Villa,Bournemouth,0,football-data.co.uk,2020-02-02,away,,,,,,,,,18,5,,,,,,,,,,,,,,,,,,,,,,28.0,,,,,,,
1920_20200201_bournemouth_aston_villa,1920,2020-02-01,Bournemouth,Aston Villa,1,football-data.co.uk,2020-02-02,home,,,,,,,,,16,6,,,,,,,,,,,,,,,,,,,,,,28.0,,,,,,,
1920_20200201_crystal_palace_sheffield_united,1920,2020-02-01,Sheffield United,Crystal Palace,0,football-data.co.uk,2020-02-02,away,,,,,,,,,10,3,,,,,,,,,,,,,,,,,,,,,,16.0,,,,,,,
1920_20200201_crystal_palace_sheffield_united,1920,2020-02-01,Crystal Palace,Sheffield United,1,football-data.co.uk,2020-02-02,home,,,,,,,,,13,3,,,,,,,,,,,,,,,,,,,,,,19.0,,,,,,,
1920_20200201_leicester_chelsea,1920,2020-02-01,Chelsea,Leicester,0,football-data.co.uk,2020-02-02,away,,,,,,,,,7,3,,,,,,,,,,,,,,,,,,,,,,13.0,,,,,,,
1920_20200201_leicester_chelsea,1920,2020-02-01,Leicester,Chelsea,1,football-data.co.uk,2020-02-02,home,,,,,,,,,14,4,,,,,,,,,,,,,,,,,,,,,,22.0,,,,,,,
1920_20200201_liverpool_southampton,1920,2020-02-01,Southampton,Liverpool,0,football-data.co.uk,2020-02-02,away,,,,,,,,,17,4,,,,,,,,,,,,,,,,,,,,,,25.0,,,,,,,
1920_20200201_liverpool_southampton,1920,2020-02-01,Liverpool,Southampton,1,football-data.co.uk,2020-02-02,home,,,,,,,,,16,9,,,,,,,,,,,,,,,,,,,,,,34.0,,,,,,,
1920_20200201_man_united_wolves,1920,2020-02-01,Wolves,Man United,0,football-data.co.uk,2020-02-02,away,,,,,,,,,14,3,,,,,,,,,,,,,,,,,,,,,,20.0,,,,,,,
1920_20200201_man_united_wolves,1920,2020-02-01,Man United,Wolves,1,football-data.co.uk,2020-02-02,home,,,,,,,,,15,5,,,,,,,,,,,,,,,,,,,,,,25.0,,,,,,,
1920_20200201_newcastle_norwich,1920,2020-02-01,Norwich,Newcastle,0,football-data.co.uk,2020-02-02,away,,,,,,,,,19,4,,,,,,,,,,,,,,,,,,,,,,27.0,,,,,,,
1920_20200201_newcastle_norwich,1920,2020-02-01,Newcastle,Norwich,1,football-data.co.uk,2020-02-02,home,,,,,,,,,15,5,,,,,,,,,,,,,,,,,,,,,,25.0,,,,,,,
1920_20200201_watford_everton,1920,2020-02-01,Everton,Watford,0,football-data.co.uk,2020-02-02,away,,,,,,,,,12,5,,,,,,,,,,,,,,,,,,,,,,22.0,,,,,,,
1920_20200201_watford_everton,1920,2020-02-01,Watford,Everton,1,football-data.co.uk,2020-02-02,home,,,,,,,,,11,2,,,,,,,,,,,,,,,,,,,,,,15.0,,,,,,,
1920_20200201_west_ham_brighton,1920,2020-02-01,Brighton,West Ham,0,football-data.co.uk,2020-02-02,away,,,,,,,,,19,6,,,,,,,,,,,,,,,,,,,,,,31.0,,,,,,,
1920_20200201_west_ham_brighton,1920,2020-02-01,West Ham,Brighton,1,football-data.co.uk,2020-02-02,home,,,,,,,,,12,6,,,,,,,,,,,,,,,,,,,,,,24.0,,,,,,,
1920_20200202_burnley_arsenal,1920,2020-02-02,Arsenal,Burnley,0,football-data.co.uk,2020-02-03,away,,,,,,,,,13,2,,,,,,,,,,,,,,,,,,,,,,17.0,,,,,,,
1920_20200202_burnley_arsenal,1920,2020-02-02,Burnley,Arsenal,1,football-data.co.uk,2020-02-03,home,,,,,,,,,15,2,,,,,,,,,,,,,,,,,,,,,,19.0,,,,,,,
1920_20200202_tottenham_man_city,1920,2020-02-02,Man City,Tottenham,0,football-data.co.uk,2020-02-03,away,,,,,,,,,18,5,,,,,,,,,,,,,,,,,,,,,,28.0,,,,,,,
1920_20200202_tottenham_man_city,1920,2020-02-02,Tottenham,Man City,1,football-data.co.uk,2020-02-03,home,,,,,,,,,3,3,,,,,,,,,,,,,,,,,,,,,,9.0,,,,,,,
1920_20200208_brighton_watford,1920,2020-02-08,Watford,Brighton,0,football-data.co.uk,2020-02-09,away,,,,,,,,,5,2,,,,,,,,,,,,,,,,,,,,,,9.0,,,,,,,
1920_20200208_brighton_watford,1920,2020-02-08,Brighton,Watford,1,football-data.co.uk,2020-02-09,home,,,,,,,,,10,2,,,,,,,,,,,,,,,,,,,,,,14.0,,,,,,,
1920_20200208_everton_crystal_palace,1920,2020-02-08,Crystal Palace,Everton,0,football-data.co.uk,2020-02-09,away,,,,,,,,,10,2,,,,,,,,,,,,,,,,,,,,,,14.0,,,,,,,
1920_20200208_everton_crystal_palace,1920,2020-02-08,Everton,Crystal Palace,1,football-data.co.uk,2020-02-09,home,,,,,,,,,14,8,,,,,,,,,,,,,,,,,,,,,,30.0,,,,,,,
1920_20200209_sheffield_united_bournemouth,1920,2020-02-09,Bournemouth,Sheffield United,0,football-data.co.uk,2020-02-10,away,,,,,,,,,10,2,,,,,,,,,,,,,,,,,,,,,,14.0,,,,,,,
1920_20200209_sheffield_united_bournemouth,1920,2020-02-09,Sheffield United,Bournemouth,1,football-data.co.uk,2020-02-10,home,,,,,,,,,16,6,,,,,,,,,,,,,,,,,,,,,,28.0,,,,,,,
1920_20200214_wolves_leicester,1920,2020-02-14,Leicester,Wolves,0,football-data.co.uk,2020-02-15,away,,,,,,,,,9,3,,,,,,,,,,,,,,,,,,,,,,15.0,,,,,,,
1920_20200214_wolves_leicester,1920,2020-02-14,Wolves,Leicester,1,football-data.co.uk,2020-02-15,home,,,,,,,,,15,3,,,,,,,,,,,,,,,,,,,,,,21.0,,,,,,,
1920_20200215_norwich_liverpool,1920,2020-02-15,Liverpool,Norwich,0,football-data.co.uk,2020-02-16,away,,,,,,,,,17,6,,,,,,,,,,,,,,,,,,,,,,29.0,,,,,,,
1920_20200215_norwich_liverpool,1920,2020-02-15,Norwich,Liverpool,1,football-data.co.uk,2020-02-16,home,,,,,,,,,5,1,,,,,,,,,,,,,,,,,,,,,,7.0,,,,,,,
1920_20200215_southampton_burnley,1920,2020-02-15,Burnley,Southampton,0,football-data.co.uk,2020-02-16,away,,,,,,,,,9,6,,,,,,,,,,,,,,,,,,,,,,21.0,,,,,,,
1920_20200215_southampton_burnley,1920,2020-02-15,Southampton,Burnley,1,football-data.co.uk,2020-02-16,home,,,,,,,,,10,2,,,,,,,,,,,,,,,,,,,,,,14.0,,,,,,,
1920_20200216_arsenal_newcastle,1920,2020-02-16,Newcastle,Arsenal,0,football-data.co.uk,2020-02-17,away,,,,,,,,,10,2,,,,,,,,,,,,,,,,,,,,,,14.0,,,,,,,
1920_20200216_arsenal_newcastle,1920,2020-02-16,Arsenal,Newcastle,1,football-data.co.uk,2020-02-17,home,,,,,,,,,15,7,,,,,,,,,,,,,,,,,,,,,,29.0,,,,,,,
1920_20200216_aston_villa_tottenham,1920,2020-02-16,Tottenham,Aston Villa,0,football-data.co.uk,2020-02-17,away,,,,,,,,,23,10,,,,,,,,,,,,,,,,,,,,,,43.0,,,,,,,
1920_20200216_aston_villa_tottenham,1920,2020-02-16,Aston Villa,Tottenham,1,football-data.co.uk,2020-02-17,home,,,,,,,,,18,4,,,,,,,,,,,,,,,,,,,,,,26.0,,,,,,,
1920_20200217_chelsea_man_united,1920,2020-02-17,Man United,Chelsea,0,football-data.co.uk,2020-02-18,away,,,,,,,,,9,3,,,,,,,,,,,,,,,,,,,,,,15.0,,,,,,,
1920_20200217_chelsea_man_united,1920,2020-02-17,Chelsea,Man United,1,football-data.co.uk,2020-02-18,home,,,,,,,,,17,1,,,,,,,,,,,,,,,,,,,,,,19.0,,,,,,,
1920_20200219_man_city_west_ham,1920,2020-02-19,West Ham,Man City,0,football-data.co.uk,2020-02-20,away,,,,,,,,,3,0,,,,,,,,,,,,,,,,,,,,,,3.0,,,,,,,
1920_20200219_man_city_west_ham,1920,2020-02-19,Man City,West Ham,1,football-data.co.uk,2020-02-20,home,,,,,,,,,20,7,,,,,,,,,,,,,,,,,,,,,,34.0,,,,,,,
1920_20200222_burnley_bournemouth,1920,2020-02-22,Bournemouth,Burnley,0,football-data.co.uk,2020-02-23,away,,,,,,,,,12,4,,,,,,,,,,,,,,,,,,,,,,20.0,,,,,,,
1920_20200222_burnley_bournemouth,1920,2020-02-22,Burnley,Bournemouth,1,football-data.co.uk,2020-02-23,home,,,,,,,,,16,10,,,,,,,,,,,,,,,,,,,,,,36.0,,,,,,,
1920_20200222_chelsea_tottenham,1920,2020-02-22,Tottenham,Chelsea,0,football-data.co.uk,2020-02-23,away,,,,,,,,,5,3,,,,,,,,,,,,,,,,,,,,,,11.0,,,,,,,
1920_20200222_chelsea_tottenham,1920,2020-02-22,Chelsea,Tottenham,1,football-data.co.uk,2020-02-23,home,,,,,,,,,17,7,,,,,,,,,,,,,,,,,,,,,,31.0,,,,,,,
1920_20200222_crystal_palace_newcastle,1920,2020-02-22,Newcastle,Crystal Palace,0,football-data.co.uk,2020-02-23,away,,,,,,,,,8,2,,,,,,,,,,,,,,,,,,,,,,12.0,,,,,,,
1920_20200222_crystal_palace_newcastle,1920,2020-02-22,Crystal Palace,Newcastle,1,football-data.co.uk,2020-02-23,home,,,,,,,,,18,9,,,,,,,,,,,,,,,,,,,,,,36.0,,,,,,,
1920_20200222_leicester_man_city,1920,2020-02-22,Man City,Leicester,0,football-data.co.uk,2020-02-23,away,,,,,,,,,18,7,,,,,,,,,,,,,,,,,,,,,,32.0,,,,,,,
1920_20200222_leicester_man_city,1920,2020-02-22,Leicester,Man City,1,football-data.co.uk,2020-02-23,home,,,,,,,,,10,3,,,,,,,,,,,,,,,,,,,,,,16.0,,,,,,,
1920_20200222_sheffield_united_brighton,1920,2020-02-22,Brighton,Sheffield United,0,football-data.co.uk,2020-02-23,away,,,,,,,,,8,2,,,,,,,,,,,,,,,,,,,,,,12.0,,,,,,,
1920_20200222_sheffield_united_brighton,1920,2020-02-22,Sheffield United,Brighton,1,football-data.co.uk,2020-02-23,home,,,,,,,,,14,3,,,,,,,,,,,,,,,,,,,,,,20.0,,,,,,,
1920_20200222_southampton_aston_villa,1920,2020-02-22,Aston Villa,Southampton,0,football-data.co.uk,2020-02-23,away,,,,,,,,,4,1,,,,,,,,,,,,,,,,,,,,,,6.0,,,,,,,
1920_20200222_southampton_aston_villa,1920,2020-02-22,Southampton,Aston Villa,1,football-data.co.uk,2020-02-23,home,,,,,,,,,28,9,,,,,,,,,,,,,,,,,,,,,,46.0,,,,,,,
1920_20200223_arsenal_everton,1920,2020-02-23,Everton,Arsenal,0,football-data.co.uk,2020-02-24,away,,,,,,,,,17,5,,,,,,,,,,,,,,,,,,,,,,27.0,,,,,,,
1920_20200223_arsenal_everton,1920,2020-02-23,Arsenal,Everton,1,football-data.co.uk,2020-02-24,home,,,,,,,,,9,4,,,,,,,,,,,,,,,,,,,,,,17.0,,,,,,,
1920_20200223_man_united_watford,1920,2020-02-23,Watford,Man United,0,football-data.co.uk,2020-02-24,away,,,,,,,,,7,2,,,,,,,,,,,,,,,,,,,,,,11.0,,,,,,,
1920_20200223_man_united_watford,1920,2020-02-23,Man United,Watford,1,football-data.co.uk,2020-02-24,home,,,,,,,,,21,9,,,,,,,,,,,,,,,,,,,,,,39.0,,,,,,,
1920_20200223_wolves_norwich,1920,2020-02-23,Norwich,Wolves,0,football-data.co.uk,2020-02-24,away,,,,,,,,,6,4,,,,,,,,,,,,,,,,,,,,,,14.0,,,,,,,
1920_20200223_wolves_norwich,1920,2020-02-23,Wolves,Norwich,1,football-data.co.uk,2020-02-24,home,,,,,,,,,19,6,,,,,,,,,,,,,,,,,,,,,,31.0,,,,,,,
1920_20200224_liverpool_west_ham,1920,2020-02-24,West Ham,Liverpool,0,football-data.co.uk,2020-02-25,away,,,,,,,,,7,4,,,,,,,,,,,,,,,,,,,,,,15.0,,,,,,,
1920_20200224_liverpool_west_ham,1920,2020-02-24,Liverpool,West Ham,1,football-data.co.uk,2020-02-25,home,,,,,,,,,25,7,,,,,,,,,,,,,,,,,,,,,,39.0,,,,,,,
1920_20200228_norwich_leicester,1920,2020-02-28,Leicester,Norwich,0,football-data.co.uk,2020-02-29,away,,,,,,,,,19,4,,,,,,,,,,,,,,,,,,,,,,27.0,,,,,,,
1920_20200228_norwich_leicester,1920,2020-02-28,Norwich,Leicester,1,football-data.co.uk,2020-02-29,home,,,,,,,,,11,6,,,,,,,,,,,,,,,,,,,,,,23.0,,,,,,,
1920_20200229_bournemouth_chelsea,1920,2020-02-29,Chelsea,Bournemouth,0,football-data.co.uk,2020-03-01,away,,,,,,,,,23,6,,,,,,,,,,,,,,,,,,,,,,35.0,,,,,,,
1920_20200229_bournemouth_chelsea,1920,2020-02-29,Bournemouth,Chelsea,1,football-data.co.uk,2020-03-01,home,,,,,,,,,9,5,,,,,,,,,,,,,,,,,,,,,,19.0,,,,,,,
1920_20200229_brighton_crystal_palace,1920,2020-02-29,Crystal Palace,Brighton,0,football-data.co.uk,2020-03-01,away,,,,,,,,,12,3,,,,,,,,,,,,,,,,,,,,,,18.0,,,,,,,
1920_20200229_brighton_crystal_palace,1920,2020-02-29,Brighton,Crystal Palace,1,football-data.co.uk,2020-03-01,home,,,,,,,,,24,8,,,,,,,,,,,,,,,,,,,,,,40.0,,,,,,,
1920_20200229_newcastle_burnley,1920,2020-02-29,Burnley,Newcastle,0,football-data.co.uk,2020-03-01,away,,,,,,,,,8,1,,,,,,,,,,,,,,,,,,,,,,10.0,,,,,,,
1920_20200229_newcastle_burnley,1920,2020-02-29,Newcastle,Burnley,1,football-data.co.uk,2020-03-01,home,,,,,,,,,21,4,,,,,,,,,,,,,,,,,,,,,,29.0,,,,,,,
1920_20200229_watford_liverpool,1920,2020-02-29,Liverpool,Watford,0,football-data.co.uk,2020-03-01,away,,,,,,,,,7,1,,,,,,,,,,,,,,,,,,,,,,9.0,,,,,,,
1920_20200229_watford_liverpool,1920,2020-02-29,Watford,Liverpool,1,football-data.co.uk,2020-03-01,home,,,,,,,,,14,5,,,,,,,,,,,,,,,,,,,,,,24.0,,,,,,,
1920_20200229_west_ham_southampton,1920,2020-02-29,Southampton,West Ham,0,football-data.co.uk,2020-03-01,away,,,,,,,,,10,2,,,,,,,,,,,,,,,,,,,,,,14.0,,,,,,,
1920_20200229_west_ham_southampton,1920,2020-02-29,West Ham,Southampton,1,football-data.co.uk,2020-03-01,home,,,,,,,,,14,7,,,,,,,,,,,,,,,,,,,,,,28.0,,,,,,,
1920_20200301_everton_man_united,1920,2020-03-01,Man United,Everton,0,football-data.co.uk,2020-03-02,away,,,,,,,,,14,5,,,,,,,,,,,,,,,,,,,,,,24.0,,,,,,,
1920_20200301_everton_man_united,1920,2020-03-01,Everton,Man United,1,football-data.co.uk,2020-03-02,home,,,,,,,,,16,5,,,,,,,,,,,,,,,,,,,,,,26.0,,,,,,,
1920_20200301_tottenham_wolves,1920,2020-03-01,Wolves,Tottenham,0,football-data.co.uk,2020-03-02,away,,,,,,,,,14,4,,,,,,,,,,,,,,,,,,,,,,22.0,,,,,,,
1920_20200301_tottenham_wolves,1920,2020-03-01,Tottenham,Wolves,1,football-data.co.uk,2020-03-02,home,,,,,,,,,13,5,,,,,,,,,,,,,,,,,,,,,,23.0,,,,,,,
1920_20200307_arsenal_west_ham,1920,2020-03-07,West Ham,Arsenal,0,football-data.co.uk,2020-03-08,away,,,,,,,,,14,6,,,,,,,,,,,,,,,,,,,,,,26.0,,,,,,,
1920_20200307_arsenal_west_ham,1920,2020-03-07,Arsenal,West Ham,1,football-data.co.uk,2020-03-08,home,,,,,,,,,9,2,,,,,,,,,,,,,,,,,,,,,,13.0,,,,,,,
1920_20200307_burnley_tottenham,1920,2020-03-07,Tottenham,Burnley,0,football-data.co.uk,2020-03-08,away,,,,,,,,,13,2,,,,,,,,,,,,,,,,,,,,,,17.0,,,,,,,
1920_20200307_burnley_tottenham,1920,2020-03-07,Burnley,Tottenham,1,football-data.co.uk,2020-03-08,home,,,,,,,,,21,8,,,,,,,,,,,,,,,,,,,,,,37.0,,,,,,,
1920_20200307_crystal_palace_watford,1920,2020-03-07,Watford,Crystal Palace,0,football-data.co.uk,2020-03-08,away,,,,,,,,,10,4,,,,,,,,,,,,,,,,,,,,,,18.0,,,,,,,
1920_20200307_crystal_palace_watford,1920,2020-03-07,Crystal Palace,Watford,1,football-data.co.uk,2020-03-08,home,,,,,,,,,10,3,,,,,,,,,,,,,,,,,,,,,,16.0,,,,,,,
1920_20200307_liverpool_bournemouth,1920,2020-03-07,Bournemouth,Liverpool,0,football-data.co.uk,2020-03-08,away,,,,,,,,,6,4,,,,,,,,,,,,,,,,,,,,,,14.0,,,,,,,
1920_20200307_liverpool_bournemouth,1920,2020-03-07,Liverpool,Bournemouth,1,football-data.co.uk,2020-03-08,home,,,,,,,,,14,6,,,,,,,,,,,,,,,,,,,,,,26.0,,,,,,,
1920_20200307_sheffield_united_norwich,1920,2020-03-07,Norwich,Sheffield United,0,football-data.co.uk,2020-03-08,away,,,,,,,,,12,5,,,,,,,,,,,,,,,,,,,,,,22.0,,,,,,,
1920_20200307_sheffield_united_norwich,1920,2020-03-07,Sheffield United,Norwich,1,football-data.co.uk,2020-03-08,home,,,,,,,,,10,4,,,,,,,,,,,,,,,,,,,,,,18.0,,,,,,,
1920_20200307_southampton_newcastle,1920,2020-03-07,Newcastle,Southampton,0,football-data.co.uk,2020-03-08,away,,,,,,,,,14,7,,,,,,,,,,,,,,,,,,,,,,28.0,,,,,,,
1920_20200307_southampton_newcastle,1920,2020-03-07,Southampton,Newcastle,1,football-data.co.uk,2020-03-08,home,,,,,,,,,6,3,,,,,,,,,,,,,,,,,,,,,,12.0,,,,,,,
1920_20200307_wolves_brighton,1920,2020-03-07,Brighton,Wolves,0,football-data.co.uk,2020-03-08,away,,,,,,,,,7,1,,,,,,,,,,,,,,,,,,,,,,9.0,,,,,,,
1920_20200307_wolves_brighton,1920,2020-03-07,Wolves,Brighton,1,football-data.co.uk,2020-03-08,home,,,,,,,,,11,1,,,,,,,,,,,,,,,,,,,,,,13.0,,,,,,,
1920_20200308_chelsea_everton,1920,2020-03-08,Everton,Chelsea,0,football-data.co.uk,2020-03-09,away,,,,,,,,,3,1,,,,,,,,,,,,,,,,,,,,,,5.0,,,,,,,
1920_20200308_chelsea_everton,1920,2020-03-08,Chelsea,Everton,1,football-data.co.uk,2020-03-09,home,,,,,,,,,17,11,,,,,,,,,,,,,,,,,,,,,,39.0,,,,,,,
1920_20200308_man_united_man_city,1920,2020-03-08,Man City,Man United,0,football-data.co.uk,2020-03-09,away,,,,,,,,,7,2,,,,,,,,,,,,,,,,,,,,,,11.0,,,,,,,
1920_20200308_man_united_man_city,1920,2020-03-08,Man United,Man City,1,football-data.co.uk,2020-03-09,home,,,,,,,,,12,6,,,,,,,,,,,,,,,,,,,,,,24.0,,,,,,,
1920_20200309_leicester_aston_villa,1920,2020-03-09,Aston Villa,Leicester,0,football-data.co.uk,2020-03-10,away,,,,,,,,,4,1,,,,,,,,,,,,,,,,,,,,,,6.0,,,,,,,
1920_20200309_leicester_aston_villa,1920,2020-03-09,Leicester,Aston Villa,1,football-data.co.uk,2020-03-10,home,,,,,,,,,15,7,,,,,,,,,,,,,,,,,,,,,,29.0,,,,,,,
1920_20200617_aston_villa_sheffield_united,1920,2020-06-17,Sheffield United,Aston Villa,0,football-data.co.uk,2020-06-18,away,,,,,,,,,5,1,,,,,,,,,,,,,,,,,,,,,,7.0,,,,,,,
1920_20200617_aston_villa_sheffield_united,1920,2020-06-17,Aston Villa,Sheffield United,1,football-data.co.uk,2020-06-18,home,,,,,,,,,14,6,,,,,,,,,,,,,,,,,,,,,,26.0,,,,,,,
1920_20200617_man_city_arsenal,1920,2020-06-17,Arsenal,Man City,0,football-data.co.uk,2020-06-18,away,,,,,,,,,3,0,,,,,,,,,,,,,,,,,,,,,,3.0,,,,,,,
1920_20200617_man_city_arsenal,1920,2020-06-17,Man City,Arsenal,1,football-data.co.uk,2020-06-18,home,,,,,,,,,20,12,,,,,,,,,,,,,,,,,,,,,,44.0,,,,,,,
1920_20200619_norwich_southampton,1920,2020-06-19,Southampton,Norwich,0,football-data.co.uk,2020-06-20,away,,,,,,,,,22,9,,,,,,,,,,,,,,,,,,,,,,40.0,,,,,,,
1920_20200619_norwich_southampton,1920,2020-06-19,Norwich,Southampton,1,football-data.co.uk,2020-06-20,home,,,,,,,,,9,1,,,,,,,,,,,,,,,,,,,,,,11.0,,,,,,,
1920_20200619_tottenham_man_united,1920,2020-06-19,Man United,Tottenham,0,football-data.co.uk,2020-06-20,away,,,,,,,,,12,6,,,,,,,,,,,,,,,,,,,,,,24.0,,,,,,,
1920_20200619_tottenham_man_united,1920,2020-06-19,Tottenham,Man United,1,football-data.co.uk,2020-06-20,home,,,,,,,,,10,3,,,,,,,,,,,,,,,,,,,,,,16.0,,,,,,,
1920_20200620_bournemouth_crystal_palace,1920,2020-06-20,Crystal Palace,Bournemouth,0,football-data.co.uk,2020-06-21,away,,,,,,,,,7,2,,,,,,,,,,,,,,,,,,,,,,11.0,,,,,,,
1920_20200620_bournemouth_crystal_palace,1920,2020-06-20,Bournemouth,Crystal Palace,1,football-data.co.uk,2020-06-21,home,,,,,,,,,12,1,,,,,,,,,,,,,,,,,,,,,,14.0,,,,,,,
1920_20200620_brighton_arsenal,1920,2020-06-20,Arsenal,Brighton,0,football-data.co.uk,2020-06-21,away,,,,,,,,,13,6,,,,,,,,,,,,,,,,,,,,,,25.0,,,,,,,
1920_20200620_brighton_arsenal,1920,2020-06-20,Brighton,Arsenal,1,football-data.co.uk,2020-06-21,home,,,,,,,,,9,5,,,,,,,,,,,,,,,,,,,,,,19.0,,,,,,,
1920_20200620_watford_leicester,1920,2020-06-20,Leicester,Watford,0,football-data.co.uk,2020-06-21,away,,,,,,,,,15,2,,,,,,,,,,,,,,,,,,,,,,19.0,,,,,,,
1920_20200620_watford_leicester,1920,2020-06-20,Watford,Leicester,1,football-data.co.uk,2020-06-21,home,,,,,,,,,8,4,,,,,,,,,,,,,,,,,,,,,,16.0,,,,,,,
1920_20200620_west_ham_wolves,1920,2020-06-20,Wolves,West Ham,0,football-data.co.uk,2020-06-21,away,,,,,,,,,10,6,,,,,,,,,,,,,,,,,,,,,,22.0,,,,,,,
1920_20200620_west_ham_wolves,1920,2020-06-20,West Ham,Wolves,1,football-data.co.uk,2020-06-21,home,,,,,,,,,7,2,,,,,,,,,,,,,,,,,,,,,,11.0,,,,,,,
1920_20200621_aston_villa_chelsea,1920,2020-06-21,Chelsea,Aston Villa,0,football-data.co.uk,2020-06-22,away,,,,,,,,,19,5,,,,,,,,,,,,,,,,,,,,,,29.0,,,,,,,
1920_20200621_aston_villa_chelsea,1920,2020-06-21,Aston Villa,Chelsea,1,football-data.co.uk,2020-06-22,home,,,,,,,,,8,4,,,,,,,,,,,,,,,,,,,,,,16.0,,,,,,,
1920_20200621_everton_liverpool,1920,2020-06-21,Liverpool,Everton,0,football-data.co.uk,2020-06-22,away,,,,,,,,,10,3,,,,,,,,,,,,,,,,,,,,,,16.0,,,,,,,
1920_20200621_everton_liverpool,1920,2020-06-21,Everton,Liverpool,1,football-data.co.uk,2020-06-22,home,,,,,,,,,9,3,,,,,,,,,,,,,,,,,,,,,,15.0,,,,,,,
1920_20200621_newcastle_sheffield_united,1920,2020-06-21,Sheffield United,Newcastle,0,football-data.co.uk,2020-06-22,away,,,,,,,,,7,1,,,,,,,,,,,,,,,,,,,,,,9.0,,,,,,,
1920_20200621_newcastle_sheffield_united,1920,2020-06-21,Newcastle,Sheffield United,1,football-data.co.uk,2020-06-22,home,,,,,,,,,12,8,,,,,,,,,,,,,,,,,,,,,,28.0,,,,,,,
1920_20200622_man_city_burnley,1920,2020-06-22,Burnley,Man City,0,football-data.co.uk,2020-06-23,away,,,,,,,,,1,0,,,,,,,,,,,,,,,,,,,,,,1.0,,,,,,,
1920_20200622_man_city_burnley,1920,2020-06-22,Man City,Burnley,1,football-data.co.uk,2020-06-23,home,,,,,,,,,19,7,,,,,,,,,,,,,,,,,,,,,,33.0,,,,,,,
1920_20200623_leicester_brighton,1920,2020-06-23,Brighton,Leicester,0,football-data.co.uk,2020-06-24,away,,,,,,,,,10,2,,,,,,,,,,,,,,,,,,,,,,14.0,,,,,,,
1920_20200623_leicester_brighton,1920,2020-06-23,Leicester,Brighton,1,football-data.co.uk,2020-06-24,home,,,,,,,,,11,2,,,,,,,,,,,,,,,,,,,,,,15.0,,,,,,,
1920_20200623_tottenham_west_ham,1920,2020-06-23,West Ham,Tottenham,0,football-data.co.uk,2020-06-24,away,,,,,,,,,10,2,,,,,,,,,,,,,,,,,,,,,,14.0,,,,,,,
1920_20200623_tottenham_west_ham,1920,2020-06-23,Tottenham,West Ham,1,football-data.co.uk,2020-06-24,home,,,,,,,,,15,4,,,,,,,,,,,,,,,,,,,,,,23.0,,,,,,,
1920_20200624_liverpool_crystal_palace,1920,2020-06-24,Crystal Palace,Liverpool,0,football-data.co.uk,2020-06-25,away,,,,,,,,,3,0,,,,,,,,,,,,,,,,,,,,,,3.0,,,,,,,
1920_20200624_liverpool_crystal_palace,1920,2020-06-24,Liverpool,Crystal Palace,1,football-data.co.uk,2020-06-25,home,,,,,,,,,21,7,,,,,,,,,,,,,,,,,,,,,,35.0,,,,,,,
1920_20200624_man_united_sheffield_united,1920,2020-06-24,Sheffield United,Man United,0,football-data.co.uk,2020-06-25,away,,,,,,,,,4,1,,,,,,,,,,,,,,,,,,,,,,6.0,,,,,,,
1920_20200624_man_united_sheffield_united,1920,2020-06-24,Man United,Sheffield United,1,football-data.co.uk,2020-06-25,home,,,,,,,,,15,6,,,,,,,,,,,,,,,,,,,,,,27.0,,,,,,,
1920_20200624_newcastle_aston_villa,1920,2020-06-24,Aston Villa,Newcastle,0,football-data.co.uk,2020-06-25,away,,,,,,,,,14,2,,,,,,,,,,,,,,,,,,,,,,18.0,,,,,,,
1920_20200624_newcastle_aston_villa,1920,2020-06-24,Newcastle,Aston Villa,1,football-data.co.uk,2020-06-25,home,,,,,,,,,13,3,,,,,,,,,,,,,,,,,,,,,,19.0,,,,,,,
1920_20200624_norwich_everton,1920,2020-06-24,Everton,Norwich,0,football-data.co.uk,2020-06-25,away,,,,,,,,,12,5,,,,,,,,,,,,,,,,,,,,,,22.0,,,,,,,
1920_20200624_norwich_everton,1920,2020-06-24,Norwich,Everton,1,football-data.co.uk,2020-06-25,home,,,,,,,,,9,1,,,,,,,,,,,,,,,,,,,,,,11.0,,,,,,,
1920_20200624_wolves_bournemouth,1920,2020-06-24,Bournemouth,Wolves,0,football-data.co.uk,2020-06-25,away,,,,,,,,,4,0,,,,,,,,,,,,,,,,,,,,,,4.0,,,,,,,
1920_20200624_wolves_bournemouth,1920,2020-06-24,Wolves,Bournemouth,1,football-data.co.uk,2020-06-25,home,,,,,,,,,10,2,,,,,,,,,,,,,,,,,,,,,,14.0,,,,,,,
1920_20200625_burnley_watford,1920,2020-06-25,Watford,Burnley,0,football-data.co.uk,2020-06-26,away,,,,,,,,,10,4,,,,,,,,,,,,,,,,,,,,,,18.0,,,,,,,
1920_20200625_burnley_watford,1920,2020-06-25,Burnley,Watford,1,football-data.co.uk,2020-06-26,home,,,,,,,,,9,5,,,,,,,,,,,,,,,,,,,,,,19.0,,,,,,,
1920_20200625_chelsea_man_city,1920,2020-06-25,Man City,Chelsea,0,football-data.co.uk,2020-06-26,away,,,,,,,,,11,2,,,,,,,,,,,,,,,,,,,,,,15.0,,,,,,,
1920_20200625_chelsea_man_city,1920,2020-06-25,Chelsea,Man City,1,football-data.co.uk,2020-06-26,home,,,,,,,,,15,10,,,,,,,,,,,,,,,,,,,,,,35.0,,,,,,,
1920_20200625_southampton_arsenal,1920,2020-06-25,Arsenal,Southampton,0,football-data.co.uk,2020-06-26,away,,,,,,,,,10,5,,,,,,,,,,,,,,,,,,,,,,20.0,,,,,,,
1920_20200625_southampton_arsenal,1920,2020-06-25,Southampton,Arsenal,1,football-data.co.uk,2020-06-26,home,,,,,,,,,12,3,,,,,,,,,,,,,,,,,,,,,,18.0,,,,,,,
1920_20200627_aston_villa_wolves,1920,2020-06-27,Wolves,Aston Villa,0,football-data.co.uk,2020-06-28,away,,,,,,,,,9,2,,,,,,,,,,,,,,,,,,,,,,13.0,,,,,,,
1920_20200627_aston_villa_wolves,1920,2020-06-27,Aston Villa,Wolves,1,football-data.co.uk,2020-06-28,home,,,,,,,,,11,1,,,,,,,,,,,,,,,,,,,,,,13.0,,,,,,,
1920_20200628_watford_southampton,1920,2020-06-28,Southampton,Watford,0,football-data.co.uk,2020-06-29,away,,,,,,,,,11,7,,,,,,,,,,,,,,,,,,,,,,25.0,,,,,,,
1920_20200628_watford_southampton,1920,2020-06-28,Watford,Southampton,1,football-data.co.uk,2020-06-29,home,,,,,,,,,8,0,,,,,,,,,,,,,,,,,,,,,,8.0,,,,,,,
1920_20200629_crystal_palace_burnley,1920,2020-06-29,Burnley,Crystal Palace,0,football-data.co.uk,2020-06-30,away,,,,,,,,,8,4,,,,,,,,,,,,,,,,,,,,,,16.0,,,,,,,
1920_20200629_crystal_palace_burnley,1920,2020-06-29,Crystal Palace,Burnley,1,football-data.co.uk,2020-06-30,home,,,,,,,,,17,4,,,,,,,,,,,,,,,,,,,,,,25.0,,,,,,,
1920_20200630_brighton_man_united,1920,2020-06-30,Man United,Brighton,0,football-data.co.uk,2020-07-01,away,,,,,,,,,12,6,,,,,,,,,,,,,,,,,,,,,,24.0,,,,,,,
1920_20200630_brighton_man_united,1920,2020-06-30,Brighton,Man United,1,football-data.co.uk,2020-07-01,home,,,,,,,,,8,2,,,,,,,,,,,,,,,,,,,,,,12.0,,,,,,,
1920_20200701_arsenal_norwich,1920,2020-07-01,Norwich,Arsenal,0,football-data.co.uk,2020-07-02,away,,,,,,,,,8,2,,,,,,,,,,,,,,,,,,,,,,12.0,,,,,,,
1920_20200701_arsenal_norwich,1920,2020-07-01,Arsenal,Norwich,1,football-data.co.uk,2020-07-02,home,,,,,,,,,13,8,,,,,,,,,,,,,,,,,,,,,,29.0,,,,,,,
1920_20200701_bournemouth_newcastle,1920,2020-07-01,Newcastle,Bournemouth,0,football-data.co.uk,2020-07-02,away,,,,,,,,,12,7,,,,,,,,,,,,,,,,,,,,,,26.0,,,,,,,
1920_20200701_bournemouth_newcastle,1920,2020-07-01,Bournemouth,Newcastle,1,football-data.co.uk,2020-07-02,home,,,,,,,,,12,1,,,,,,,,,,,,,,,,,,,,,,14.0,,,,,,,
1920_20200701_everton_leicester,1920,2020-07-01,Leicester,Everton,0,football-data.co.uk,2020-07-02,away,,,,,,,,,15,3,,,,,,,,,,,,,,,,,,,,,,21.0,,,,,,,
1920_20200701_everton_leicester,1920,2020-07-01,Everton,Leicester,1,football-data.co.uk,2020-07-02,home,,,,,,,,,7,2,,,,,,,,,,,,,,,,,,,,,,11.0,,,,,,,
1920_20200701_west_ham_chelsea,1920,2020-07-01,Chelsea,West Ham,0,football-data.co.uk,2020-07-02,away,,,,,,,,,17,6,,,,,,,,,,,,,,,,,,,,,,29.0,,,,,,,
1920_20200701_west_ham_chelsea,1920,2020-07-01,West Ham,Chelsea,1,football-data.co.uk,2020-07-02,home,,,,,,,,,10,4,,,,,,,,,,,,,,,,,,,,,,18.0,,,,,,,
1920_20200702_man_city_liverpool,1920,2020-07-02,Liverpool,Man City,0,football-data.co.uk,2020-07-03,away,,,,,,,,,11,3,,,,,,,,,,,,,,,,,,,,,,17.0,,,,,,,
1920_20200702_man_city_liverpool,1920,2020-07-02,Man City,Liverpool,1,football-data.co.uk,2020-07-03,home,,,,,,,,,14,6,,,,,,,,,,,,,,,,,,,,,,26.0,,,,,,,
1920_20200702_sheffield_united_tottenham,1920,2020-07-02,Tottenham,Sheffield United,0,football-data.co.uk,2020-07-03,away,,,,,,,,,9,2,,,,,,,,,,,,,,,,,,,,,,13.0,,,,,,,
1920_20200702_sheffield_united_tottenham,1920,2020-07-02,Sheffield United,Tottenham,1,football-data.co.uk,2020-07-03,home,,,,,,,,,7,5,,,,,,,,,,,,,,,,,,,,,,17.0,,,,,,,
1920_20200704_chelsea_watford,1920,2020-07-04,Watford,Chelsea,0,football-data.co.uk,2020-07-05,away,,,,,,,,,7,3,,,,,,,,,,,,,,,,,,,,,,13.0,,,,,,,
1920_20200704_chelsea_watford,1920,2020-07-04,Chelsea,Watford,1,football-data.co.uk,2020-07-05,home,,,,,,,,,21,9,,,,,,,,,,,,,,,,,,,,,,39.0,,,,,,,
1920_20200704_leicester_crystal_palace,1920,2020-07-04,Crystal Palace,Leicester,0,football-data.co.uk,2020-07-05,away,,,,,,,,,7,1,,,,,,,,,,,,,,,,,,,,,,9.0,,,,,,,
1920_20200704_leicester_crystal_palace,1920,2020-07-04,Leicester,Crystal Palace,1,football-data.co.uk,2020-07-05,home,,,,,,,,,15,4,,,,,,,,,,,,,,,,,,,,,,23.0,,,,,,,
1920_20200704_man_united_bournemouth,1920,2020-07-04,Bournemouth,Man United,0,football-data.co.uk,2020-07-05,away,,,,,,,,,7,3,,,,,,,,,,,,,,,,,,,,,,13.0,,,,,,,
1920_20200704_man_united_bournemouth,1920,2020-07-04,Man United,Bournemouth,1,football-data.co.uk,2020-07-05,home,,,,,,,,,19,10,,,,,,,,,,,,,,,,,,,,,,39.0,,,,,,,
1920_20200704_norwich_brighton,1920,2020-07-04,Brighton,Norwich,0,football-data.co.uk,2020-07-05,away,,,,,,,,,8,2,,,,,,,,,,,,,,,,,,,,,,12.0,,,,,,,
1920_20200704_norwich_brighton,1920,2020-07-04,Norwich,Brighton,1,football-data.co.uk,2020-07-05,home,,,,,,,,,12,1,,,,,,,,,,,,,,,,,,,,,,14.0,,,,,,,
1920_20200704_wolves_arsenal,1920,2020-07-04,Arsenal,Wolves,0,football-data.co.uk,2020-07-05,away,,,,,,,,,8,5,,,,,,,,,,,,,,,,,,,,,,18.0,,,,,,,
1920_20200704_wolves_arsenal,1920,2020-07-04,Wolves,Arsenal,1,football-data.co.uk,2020-07-05,home,,,,,,,,,10,1,,,,,,,,,,,,,,,,,,,,,,12.0,,,,,,,
1920_20200705_burnley_sheffield_united,1920,2020-07-05,Sheffield United,Burnley,0,football-data.co.uk,2020-07-06,away,,,,,,,,,10,3,,,,,,,,,,,,,,,,,,,,,,16.0,,,,,,,
1920_20200705_burnley_sheffield_united,1920,2020-07-05,Burnley,Sheffield United,1,football-data.co.uk,2020-07-06,home,,,,,,,,,9,4,,,,,,,,,,,,,,,,,,,,,,17.0,,,,,,,
1920_20200705_liverpool_aston_villa,1920,2020-07-05,Aston Villa,Liverpool,0,football-data.co.uk,2020-07-06,away,,,,,,,,,9,3,,,,,,,,,,,,,,,,,,,,,,15.0,,,,,,,
1920_20200705_liverpool_aston_villa,1920,2020-07-05,Liverpool,Aston Villa,1,football-data.co.uk,2020-07-06,home,,,,,,,,,6,4,,,,,,,,,,,,,,,,,,,,,,14.0,,,,,,,
1920_20200705_newcastle_west_ham,1920,2020-07-05,West Ham,Newcastle,0,football-data.co.uk,2020-07-06,away,,,,,,,,,17,7,,,,,,,,,,,,,,,,,,,,,,31.0,,,,,,,
1920_20200705_newcastle_west_ham,1920,2020-07-05,Newcastle,West Ham,1,football-data.co.uk,2020-07-06,home,,,,,,,,,11,4,,,,,,,,,,,,,,,,,,,,,,19.0,,,,,,,
1920_20200705_southampton_man_city,1920,2020-07-05,Man City,Southampton,0,football-data.co.uk,2020-07-06,away,,,,,,,,,26,6,,,,,,,,,,,,,,,,,,,,,,38.0,,,,,,,
1920_20200705_southampton_man_city,1920,2020-07-05,Southampton,Man City,1,football-data.co.uk,2020-07-06,home,,,,,,,,,8,4,,,,,,,,,,,,,,,,,,,,,,16.0,,,,,,,
1920_20200706_tottenham_everton,1920,2020-07-06,Everton,Tottenham,0,football-data.co.uk,2020-07-07,away,,,,,,,,,11,3,,,,,,,,,,,,,,,,,,,,,,17.0,,,,,,,
1920_20200706_tottenham_everton,1920,2020-07-06,Tottenham,Everton,1,football-data.co.uk,2020-07-07,home,,,,,,,,,12,2,,,,,,,,,,,,,,,,,,,,,,16.0,,,,,,,
1920_20200707_arsenal_leicester,1920,2020-07-07,Leicester,Arsenal,0,football-data.co.uk,2020-07-08,away,,,,,,,,,13,5,,,,,,,,,,,,,,,,,,,,,,23.0,,,,,,,
1920_20200707_arsenal_leicester,1920,2020-07-07,Arsenal,Leicester,1,football-data.co.uk,2020-07-08,home,,,,,,,,,11,7,,,,,,,,,,,,,,,,,,,,,,25.0,,,,,,,
1920_20200707_crystal_palace_chelsea,1920,2020-07-07,Chelsea,Crystal Palace,0,football-data.co.uk,2020-07-08,away,,,,,,,,,14,6,,,,,,,,,,,,,,,,,,,,,,26.0,,,,,,,
1920_20200707_crystal_palace_chelsea,1920,2020-07-07,Crystal Palace,Chelsea,1,football-data.co.uk,2020-07-08,home,,,,,,,,,13,4,,,,,,,,,,,,,,,,,,,,,,21.0,,,,,,,
1920_20200707_watford_norwich,1920,2020-07-07,Norwich,Watford,0,football-data.co.uk,2020-07-08,away,,,,,,,,,12,3,,,,,,,,,,,,,,,,,,,,,,18.0,,,,,,,
1920_20200707_watford_norwich,1920,2020-07-07,Watford,Norwich,1,football-data.co.uk,2020-07-08,home,,,,,,,,,9,4,,,,,,,,,,,,,,,,,,,,,,17.0,,,,,,,
1920_20200708_brighton_liverpool,1920,2020-07-08,Liverpool,Brighton,0,football-data.co.uk,2020-07-09,away,,,,,,,,,19,8,,,,,,,,,,,,,,,,,,,,,,35.0,,,,,,,
1920_20200708_brighton_liverpool,1920,2020-07-08,Brighton,Liverpool,1,football-data.co.uk,2020-07-09,home,,,,,,,,,12,2,,,,,,,,,,,,,,,,,,,,,,16.0,,,,,,,
1920_20200708_man_city_newcastle,1920,2020-07-08,Newcastle,Man City,0,football-data.co.uk,2020-07-09,away,,,,,,,,,6,1,,,,,,,,,,,,,,,,,,,,,,8.0,,,,,,,
1920_20200708_man_city_newcastle,1920,2020-07-08,Man City,Newcastle,1,football-data.co.uk,2020-07-09,home,,,,,,,,,23,9,,,,,,,,,,,,,,,,,,,,,,41.0,,,,,,,
1920_20200708_sheffield_united_wolves,1920,2020-07-08,Wolves,Sheffield United,0,football-data.co.uk,2020-07-09,away,,,,,,,,,6,1,,,,,,,,,,,,,,,,,,,,,,8.0,,,,,,,
1920_20200708_sheffield_united_wolves,1920,2020-07-08,Sheffield United,Wolves,1,football-data.co.uk,2020-07-09,home,,,,,,,,,7,3,,,,,,,,,,,,,,,,,,,,,,13.0,,,,,,,
1920_20200708_west_ham_burnley,1920,2020-07-08,Burnley,West Ham,0,football-data.co.uk,2020-07-09,away,,,,,,,,,8,4,,,,,,,,,,,,,,,,,,,,,,16.0,,,,,,,
1920_20200708_west_ham_burnley,1920,2020-07-08,West Ham,Burnley,1,football-data.co.uk,2020-07-09,home,,,,,,,,,21,5,,,,,,,,,,,,,,,,,,,,,,31.0,,,,,,,
1920_20200709_aston_villa_man_united,1920,2020-07-09,Man United,Aston Villa,0,football-data.co.uk,2020-07-10,away,,,,,,,,,14,6,,,,,,,,,,,,,,,,,,,,,,26.0,,,,,,,
1920_20200709_aston_villa_man_united,1920,2020-07-09,Aston Villa,Man United,1,football-data.co.uk,2020-07-10,home,,,,,,,,,9,1,,,,,,,,,,,,,,,,,,,,,,11.0,,,,,,,
1920_20200709_bournemouth_tottenham,1920,2020-07-09,Tottenham,Bournemouth,0,football-data.co.uk,2020-07-10,away,,,,,,,,,9,0,,,,,,,,,,,,,,,,,,,,,,9.0,,,,,,,
1920_20200709_bournemouth_tottenham,1920,2020-07-09,Bournemouth,Tottenham,1,football-data.co.uk,2020-07-10,home,,,,,,,,,9,2,,,,,,,,,,,,,,,,,,,,,,13.0,,,,,,,
1920_20200709_everton_southampton,1920,2020-07-09,Southampton,Everton,0,football-data.co.uk,2020-07-10,away,,,,,,,,,17,4,,,,,,,,,,,,,,,,,,,,,,25.0,,,,,,,
1920_20200709_everton_southampton,1920,2020-07-09,Everton,Southampton,1,football-data.co.uk,2020-07-10,home,,,,,,,,,11,4,,,,,,,,,,,,,,,,,,,,,,19.0,,,,,,,
1920_20200711_brighton_man_city,1920,2020-07-11,Man City,Brighton,0,football-data.co.uk,2020-07-12,away,,,,,,,,,26,8,,,,,,,,,,,,,,,,,,,,,,42.0,,,,,,,
1920_20200711_brighton_man_city,1920,2020-07-11,Brighton,Man City,1,football-data.co.uk,2020-07-12,home,,,,,,,,,3,0,,,,,,,,,,,,,,,,,,,,,,3.0,,,,,,,
1920_20200711_liverpool_burnley,1920,2020-07-11,Burnley,Liverpool,0,football-data.co.uk,2020-07-12,away,,,,,,,,,6,2,,,,,,,,,,,,,,,,,,,,,,10.0,,,,,,,
1920_20200711_liverpool_burnley,1920,2020-07-11,Liverpool,Burnley,1,football-data.co.uk,2020-07-12,home,,,,,,,,,23,9,,,,,,,,,,,,,,,,,,,,,,41.0,,,,,,,
1920_20200711_norwich_west_ham,1920,2020-07-11,West Ham,Norwich,0,football-data.co.uk,2020-07-12,away,,,,,,,,,19,7,,,,,,,,,,,,,,,,,,,,,,33.0,,,,,,,
1920_20200711_norwich_west_ham,1920,2020-07-11,Norwich,West Ham,1,football-data.co.uk,2020-07-12,home,,,,,,,,,11,2,,,,,,,,,,,,,,,,,,,,,,15.0,,,,,,,
1920_20200711_sheffield_united_chelsea,1920,2020-07-11,Chelsea,Sheffield United,0,football-data.co.uk,2020-07-12,away,,,,,,,,,15,4,,,,,,,,,,,,,,,,,,,,,,23.0,,,,,,,
1920_20200711_sheffield_united_chelsea,1920,2020-07-11,Sheffield United,Chelsea,1,football-data.co.uk,2020-07-12,home,,,,,,,,,9,4,,,,,,,,,,,,,,,,,,,,,,17.0,,,,,,,
1920_20200711_watford_newcastle,1920,2020-07-11,Newcastle,Watford,0,football-data.co.uk,2020-07-12,away,,,,,,,,,8,4,,,,,,,,,,,,,,,,,,,,,,16.0,,,,,,,
1920_20200711_watford_newcastle,1920,2020-07-11,Watford,Newcastle,1,football-data.co.uk,2020-07-12,home,,,,,,,,,17,5,,,,,,,,,,,,,,,,,,,,,,27.0,,,,,,,
1920_20200712_aston_villa_crystal_palace,1920,2020-07-12,Crystal Palace,Aston Villa,0,football-data.co.uk,2020-07-13,away,,,,,,,,,9,5,,,,,,,,,,,,,,,,,,,,,,19.0,,,,,,,
1920_20200712_aston_villa_crystal_palace,1920,2020-07-12,Aston Villa,Crystal Palace,1,football-data.co.uk,2020-07-13,home,,,,,,,,,12,9,,,,,,,,,,,,,,,,,,,,,,30.0,,,,,,,
1920_20200712_bournemouth_leicester,1920,2020-07-12,Leicester,Bournemouth,0,football-data.co.uk,2020-07-13,away,,,,,,,,,13,5,,,,,,,,,,,,,,,,,,,,,,23.0,,,,,,,
1920_20200712_bournemouth_leicester,1920,2020-07-12,Bournemouth,Leicester,1,football-data.co.uk,2020-07-13,home,,,,,,,,,10,4,,,,,,,,,,,,,,,,,,,,,,18.0,,,,,,,
1920_20200712_tottenham_arsenal,1920,2020-07-12,Arsenal,Tottenham,0,football-data.co.uk,2020-07-13,away,,,,,,,,,13,4,,,,,,,,,,,,,,,,,,,,,,21.0,,,,,,,
1920_20200712_tottenham_arsenal,1920,2020-07-12,Tottenham,Arsenal,1,football-data.co.uk,2020-07-13,home,,,,,,,,,15,9,,,,,,,,,,,,,,,,,,,,,,33.0,,,,,,,
1920_20200712_wolves_everton,1920,2020-07-12,Everton,Wolves,0,football-data.co.uk,2020-07-13,away,,,,,,,,,6,2,,,,,,,,,,,,,,,,,,,,,,10.0,,,,,,,
1920_20200712_wolves_everton,1920,2020-07-12,Wolves,Everton,1,football-data.co.uk,2020-07-13,home,,,,,,,,,14,7,,,,,,,,,,,,,,,,,,,,,,28.0,,,,,,,
1920_20200713_man_united_southampton,1920,2020-07-13,Southampton,Man United,0,football-data.co.uk,2020-07-14,away,,,,,,,,,9,5,,,,,,,,,,,,,,,,,,,,,,19.0,,,,,,,
1920_20200713_man_united_southampton,1920,2020-07-13,Man United,Southampton,1,football-data.co.uk,2020-07-14,home,,,,,,,,,8,4,,,,,,,,,,,,,,,,,,,,,,16.0,,,,,,,
1920_20200714_chelsea_norwich,1920,2020-07-14,Norwich,Chelsea,0,football-data.co.uk,2020-07-15,away,,,,,,,,,2,0,,,,,,,,,,,,,,,,,,,,,,2.0,,,,,,,
1920_20200714_chelsea_norwich,1920,2020-07-14,Chelsea,Norwich,1,football-data.co.uk,2020-07-15,home,,,,,,,,,22,6,,,,,,,,,,,,,,,,,,,,,,34.0,,,,,,,
1920_20200715_arsenal_liverpool,1920,2020-07-15,Liverpool,Arsenal,0,football-data.co.uk,2020-07-16,away,,,,,,,,,24,8,,,,,,,,,,,,,,,,,,,,,,40.0,,,,,,,
1920_20200715_arsenal_liverpool,1920,2020-07-15,Arsenal,Liverpool,1,football-data.co.uk,2020-07-16,home,,,,,,,,,3,2,,,,,,,,,,,,,,,,,,,,,,7.0,,,,,,,
1920_20200715_burnley_wolves,1920,2020-07-15,Wolves,Burnley,0,football-data.co.uk,2020-07-16,away,,,,,,,,,14,5,,,,,,,,,,,,,,,,,,,,,,24.0,,,,,,,
1920_20200715_burnley_wolves,1920,2020-07-15,Burnley,Wolves,1,football-data.co.uk,2020-07-16,home,,,,,,,,,9,1,,,,,,,,,,,,,,,,,,,,,,11.0,,,,,,,
1920_20200715_man_city_bournemouth,1920,2020-07-15,Bournemouth,Man City,0,football-data.co.uk,2020-07-16,away,,,,,,,,,15,3,,,,,,,,,,,,,,,,,,,,,,21.0,,,,,,,
1920_20200715_man_city_bournemouth,1920,2020-07-15,Man City,Bournemouth,1,football-data.co.uk,2020-07-16,home,,,,,,,,,8,4,,,,,,,,,,,,,,,,,,,,,,16.0,,,,,,,
1920_20200715_newcastle_tottenham,1920,2020-07-15,Tottenham,Newcastle,0,football-data.co.uk,2020-07-16,away,,,,,,,,,8,5,,,,,,,,,,,,,,,,,,,,,,18.0,,,,,,,
1920_20200715_newcastle_tottenham,1920,2020-07-15,Newcastle,Tottenham,1,football-data.co.uk,2020-07-16,home,,,,,,,,,22,6,,,,,,,,,,,,,,,,,,,,,,34.0,,,,,,,
1920_20200716_crystal_palace_man_united,1920,2020-07-16,Man United,Crystal Palace,0,football-data.co.uk,2020-07-17,away,,,,,,,,,17,5,,,,,,,,,,,,,,,,,,,,,,27.0,,,,,,,
1920_20200716_crystal_palace_man_united,1920,2020-07-16,Crystal Palace,Man United,1,football-data.co.uk,2020-07-17,home,,,,,,,,,13,5,,,,,,,,,,,,,,,,,,,,,,23.0,,,,,,,
1920_20200716_everton_aston_villa,1920,2020-07-16,Aston Villa,Everton,0,football-data.co.uk,2020-07-17,away,,,,,,,,,15,1,,,,,,,,,,,,,,,,,,,,,,17.0,,,,,,,
1920_20200716_everton_aston_villa,1920,2020-07-16,Everton,Aston Villa,1,football-data.co.uk,2020-07-17,home,,,,,,,,,9,1,,,,,,,,,,,,,,,,,,,,,,11.0,,,,,,,
1920_20200716_leicester_sheffield_united,1920,2020-07-16,Sheffield United,Leicester,0,football-data.co.uk,2020-07-17,away,,,,,,,,,5,1,,,,,,,,,,,,,,,,,,,,,,7.0,,,,,,,
1920_20200716_leicester_sheffield_united,1920,2020-07-16,Leicester,Sheffield United,1,football-data.co.uk,2020-07-17,home,,,,,,,,,15,7,,,,,,,,,,,,,,,,,,,,,,29.0,,,,,,,
1920_20200716_southampton_brighton,1920,2020-07-16,Brighton,Southampton,0,football-data.co.uk,2020-07-17,away,,,,,,,,,10,2,,,,,,,,,,,,,,,,,,,,,,14.0,,,,,,,
1920_20200716_southampton_brighton,1920,2020-07-16,Southampton,Brighton,1,football-data.co.uk,2020-07-17,home,,,,,,,,,21,6,,,,,,,,,,,,,,,,,,,,,,33.0,,,,,,,
1920_20200717_west_ham_watford,1920,2020-07-17,Watford,West Ham,0,football-data.co.uk,2020-07-18,away,,,,,,,,,14,3,,,,,,,,,,,,,,,,,,,,,,20.0,,,,,,,
1920_20200717_west_ham_watford,1920,2020-07-17,West Ham,Watford,1,football-data.co.uk,2020-07-18,home,,,,,,,,,10,4,,,,,,,,,,,,,,,,,,,,,,18.0,,,,,,,
1920_20200718_norwich_burnley,1920,2020-07-18,Burnley,Norwich,0,football-data.co.uk,2020-07-19,away,,,,,,,,,23,8,,,,,,,,,,,,,,,,,,,,,,39.0,,,,,,,
1920_20200718_norwich_burnley,1920,2020-07-18,Norwich,Burnley,1,football-data.co.uk,2020-07-19,home,,,,,,,,,6,2,,,,,,,,,,,,,,,,,,,,,,10.0,,,,,,,
1920_20200719_bournemouth_southampton,1920,2020-07-19,Southampton,Bournemouth,0,football-data.co.uk,2020-07-20,away,,,,,,,,,16,8,,,,,,,,,,,,,,,,,,,,,,32.0,,,,,,,
1920_20200719_bournemouth_southampton,1920,2020-07-19,Bournemouth,Southampton,1,football-data.co.uk,2020-07-20,home,,,,,,,,,11,3,,,,,,,,,,,,,,,,,,,,,,17.0,,,,,,,
1920_20200719_tottenham_leicester,1920,2020-07-19,Leicester,Tottenham,0,football-data.co.uk,2020-07-20,away,,,,,,,,,24,6,,,,,,,,,,,,,,,,,,,,,,36.0,,,,,,,
1920_20200719_tottenham_leicester,1920,2020-07-19,Tottenham,Leicester,1,football-data.co.uk,2020-07-20,home,,,,,,,,,7,3,,,,,,,,,,,,,,,,,,,,,,13.0,,,,,,,
1920_20200720_brighton_newcastle,1920,2020-07-20,Newcastle,Brighton,0,football-data.co.uk,2020-07-21,away,,,,,,,,,12,1,,,,,,,,,,,,,,,,,,,,,,14.0,,,,,,,
1920_20200720_brighton_newcastle,1920,2020-07-20,Brighton,Newcastle,1,football-data.co.uk,2020-07-21,home,,,,,,,,,11,3,,,,,,,,,,,,,,,,,,,,,,17.0,,,,,,,
1920_20200720_sheffield_united_everton,1920,2020-07-20,Everton,Sheffield United,0,football-data.co.uk,2020-07-21,away,,,,,,,,,5,2,,,,,,,,,,,,,,,,,,,,,,9.0,,,,,,,
1920_20200720_sheffield_united_everton,1920,2020-07-20,Sheffield United,Everton,1,football-data.co.uk,2020-07-21,home,,,,,,,,,8,0,,,,,,,,,,,,,,,,,,,,,,8.0,,,,,,,
1920_20200720_wolves_crystal_palace,1920,2020-07-20,Crystal Palace,Wolves,0,football-data.co.uk,2020-07-21,away,,,,,,,,,7,3,,,,,,,,,,,,,,,,,,,,,,13.0,,,,,,,
1920_20200720_wolves_crystal_palace,1920,2020-07-20,Wolves,Crystal Palace,1,football-data.co.uk,2020-07-21,home,,,,,,,,,11,5,,,,,,,,,,,,,,,,,,,,,,21.0,,,,,,,
1920_20200721_aston_villa_arsenal,1920,2020-07-21,Arsenal,Aston Villa,0,football-data.co.uk,2020-07-22,away,,,,,,,,,7,0,,,,,,,,,,,,,,,,,,,,,,7.0,,,,,,,
1920_20200721_aston_villa_arsenal,1920,2020-07-21,Aston Villa,Arsenal,1,football-data.co.uk,2020-07-22,home,,,,,,,,,8,3,,,,,,,,,,,,,,,,,,,,,,14.0,,,,,,,
1920_20200721_watford_man_city,1920,2020-07-21,Man City,Watford,0,football-data.co.uk,2020-07-22,away,,,,,,,,,26,10,,,,,,,,,,,,,,,,,,,,,,46.0,,,,,,,
1920_20200721_watford_man_city,1920,2020-07-21,Watford,Man City,1,football-data.co.uk,2020-07-22,home,,,,,,,,,2,0,,,,,,,,,,,,,,,,,,,,,,2.0,,,,,,,
1920_20200722_liverpool_chelsea,1920,2020-07-22,Chelsea,Liverpool,0,football-data.co.uk,2020-07-23,away,,,,,,,,,10,5,,,,,,,,,,,,,,,,,,,,,,20.0,,,,,,,
1920_20200722_liverpool_chelsea,1920,2020-07-22,Liverpool,Chelsea,1,football-data.co.uk,2020-07-23,home,,,,,,,,,10,7,,,,,,,,,,,,,,,,,,,,,,24.0,,,,,,,
1920_20200722_man_united_west_ham,1920,2020-07-22,West Ham,Man United,0,football-data.co.uk,2020-07-23,away,,,,,,,,,12,3,,,,,,,,,,,,,,,,,,,,,,18.0,,,,,,,
1920_20200722_man_united_west_ham,1920,2020-07-22,Man United,West Ham,1,football-data.co.uk,2020-07-23,home,,,,,,,,,11,4,,,,,,,,,,,,,,,,,,,,,,19.0,,,,,,,
1920_20200726_arsenal_watford,1920,2020-07-26,Watford,Arsenal,0,football-data.co.uk,2020-07-27,away,,,,,,,,,19,6,,,,,,,,,,,,,,,,,,,,,,31.0,,,,,,,
1920_20200726_arsenal_watford,1920,2020-07-26,Arsenal,Watford,1,football-data.co.uk,2020-07-27,home,,,,,,,,,13,5,,,,,,,,,,,,,,,,,,,,,,23.0,,,,,,,
1920_20200726_burnley_brighton,1920,2020-07-26,Brighton,Burnley,0,football-data.co.uk,2020-07-27,away,,,,,,,,,14,4,,,,,,,,,,,,,,,,,,,,,,22.0,,,,,,,
1920_20200726_burnley_brighton,1920,2020-07-26,Burnley,Brighton,1,football-data.co.uk,2020-07-27,home,,,,,,,,,13,2,,,,,,,,,,,,,,,,,,,,,,17.0,,,,,,,
1920_20200726_chelsea_wolves,1920,2020-07-26,Wolves,Chelsea,0,football-data.co.uk,2020-07-27,away,,,,,,,,,5,1,,,,,,,,,,,,,,,,,,,,,,7.0,,,,,,,
1920_20200726_chelsea_wolves,1920,2020-07-26,Chelsea,Wolves,1,football-data.co.uk,2020-07-27,home,,,,,,,,,11,3,,,,,,,,,,,,,,,,,,,,,,17.0,,,,,,,
1920_20200726_crystal_palace_tottenham,1920,2020-07-26,Tottenham,Crystal Palace,0,football-data.co.uk,2020-07-27,away,,,,,,,,,7,2,,,,,,,,,,,,,,,,,,,,,,11.0,,,,,,,
1920_20200726_crystal_palace_tottenham,1920,2020-07-26,Crystal Palace,Tottenham,1,football-data.co.uk,2020-07-27,home,,,,,,,,,13,2,,,,,,,,,,,,,,,,,,,,,,17.0,,,,,,,
1920_20200726_everton_bournemouth,1920,2020-07-26,Bournemouth,Everton,0,football-data.co.uk,2020-07-27,away,,,,,,,,,13,7,,,,,,,,,,,,,,,,,,,,,,27.0,,,,,,,
1920_20200726_everton_bournemouth,1920,2020-07-26,Everton,Bournemouth,1,football-data.co.uk,2020-07-27,home,,,,,,,,,13,5,,,,,,,,,,,,,,,,,,,,,,23.0,,,,,,,
1920_20200726_leicester_man_united,1920,2020-07-26,Man United,Leicester,0,football-data.co.uk,2020-07-27,away,,,,,,,,,7,3,,,,,,,,,,,,,,,,,,,,,,13.0,,,,,,,
1920_20200726_leicester_man_united,1920,2020-07-26,Leicester,Man United,1,football-data.co.uk,2020-07-27,home,,,,,,,,,14,3,,,,,,,,,,,,,,,,,,,,,,20.0,,,,,,,
1920_20200726_man_city_norwich,1920,2020-07-26,Norwich,Man City,0,football-data.co.uk,2020-07-27,away,,,,,,,,,5,4,,,,,,,,,,,,,,,,,,,,,,13.0,,,,,,,
1920_20200726_man_city_norwich,1920,2020-07-26,Man City,Norwich,1,football-data.co.uk,2020-07-27,home,,,,,,,,,31,10,,,,,,,,,,,,,,,,,,,,,,51.0,,,,,,,
1920_20200726_newcastle_liverpool,1920,2020-07-26,Liverpool,Newcastle,0,football-data.co.uk,2020-07-27,away,,,,,,,,,14,6,,,,,,,,,,,,,,,,,,,,,,26.0,,,,,,,
1920_20200726_newcastle_liverpool,1920,2020-07-26,Newcastle,Liverpool,1,football-data.co.uk,2020-07-27,home,,,,,,,,,3,2,,,,,,,,,,,,,,,,,,,,,,7.0,,,,,,,
1920_20200726_southampton_sheffield_united,1920,2020-07-26,Sheffield United,Southampton,0,football-data.co.uk,2020-07-27,away,,,,,,,,,5,3,,,,,,,,,,,,,,,,,,,,,,11.0,,,,,,,
1920_20200726_southampton_sheffield_united,1920,2020-07-26,Southampton,Sheffield United,1,football-data.co.uk,2020-07-27,home,,,,,,,,,13,4,,,,,,,,,,,,,,,,,,,,,,21.0,,,,,,,
1920_20200726_west_ham_aston_villa,1920,2020-07-26,Aston Villa,West Ham,0,football-data.co.uk,2020-07-27,away,,,,,,,,,13,4,,,,,,,,,,,,,,,,,,,,,,21.0,,,,,,,
1920_20200726_west_ham_aston_villa,1920,2020-07-26,West Ham,Aston Villa,1,football-data.co.uk,2020-07-27,home,,,,,,,,,10,1,,,,,,,,,,,,,,,,,,,,,,12.0,,,,,,,
2021_20200912_crystal_palace_southampton,2021,2020-09-12,Southampton,Crystal Palace,0,football-data.co.uk,2020-09-13,away,,,,,,,,,9,5,,,,,,,,,,,,,,,,,,,,,,19.0,,,,,,,
2021_20200912_crystal_palace_southampton,2021,2020-09-12,Crystal Palace,Southampton,1,football-data.co.uk,2020-09-13,home,,,,,,,,,5,3,,,,,,,,,,,,,,,,,,,,,,11.0,,,,,,,
2021_20200912_fulham_arsenal,2021,2020-09-12,Arsenal,Fulham,0,football-data.co.uk,2020-09-13,away,,,,,,,,,13,6,,,,,,,,,,,,,,,,,,,,,,25.0,,,,,,,
2021_20200912_fulham_arsenal,2021,2020-09-12,Fulham,Arsenal,1,football-data.co.uk,2020-09-13,home,,,,,,,,,5,2,,,,,,,,,,,,,,,,,,,,,,9.0,,,,,,,
2021_20200912_liverpool_leeds,2021,2020-09-12,Leeds,Liverpool,0,football-data.co.uk,2020-09-13,away,,,,,,,,,6,3,,,,,,,,,,,,,,,,,,,,,,12.0,,,,,,,
2021_20200912_liverpool_leeds,2021,2020-09-12,Liverpool,Leeds,1,football-data.co.uk,2020-09-13,home,,,,,,,,,22,6,,,,,,,,,,,,,,,,,,,,,,34.0,,,,,,,
2021_20200912_west_ham_newcastle,2021,2020-09-12,Newcastle,West Ham,0,football-data.co.uk,2020-09-13,away,,,,,,,,,15,2,,,,,,,,,,,,,,,,,,,,,,19.0,,,,,,,
2021_20200912_west_ham_newcastle,2021,2020-09-12,West Ham,Newcastle,1,football-data.co.uk,2020-09-13,home,,,,,,,,,15,3,,,,,,,,,,,,,,,,,,,,,,21.0,,,,,,,
2021_20200913_tottenham_everton,2021,2020-09-13,Everton,Tottenham,0,football-data.co.uk,2020-09-14,away,,,,,,,,,15,4,,,,,,,,,,,,,,,,,,,,,,23.0,,,,,,,
2021_20200913_tottenham_everton,2021,2020-09-13,Tottenham,Everton,1,football-data.co.uk,2020-09-14,home,,,,,,,,,9,5,,,,,,,,,,,,,,,,,,,,,,19.0,,,,,,,
2021_20200913_west_brom_leicester,2021,2020-09-13,Leicester,West Brom,0,football-data.co.uk,2020-09-14,away,,,,,,,,,13,7,,,,,,,,,,,,,,,,,,,,,,27.0,,,,,,,
2021_20200913_west_brom_leicester,2021,2020-09-13,West Brom,Leicester,1,football-data.co.uk,2020-09-14,home,,,,,,,,,7,1,,,,,,,,,,,,,,,,,,,,,,9.0,,,,,,,
2021_20200914_brighton_chelsea,2021,2020-09-14,Chelsea,Brighton,0,football-data.co.uk,2020-09-15,away,,,,,,,,,10,5,,,,,,,,,,,,,,,,,,,,,,20.0,,,,,,,
2021_20200914_brighton_chelsea,2021,2020-09-14,Brighton,Chelsea,1,football-data.co.uk,2020-09-15,home,,,,,,,,,13,3,,,,,,,,,,,,,,,,,,,,,,19.0,,,,,,,
2021_20200914_sheffield_united_wolves,2021,2020-09-14,Wolves,Sheffield United,0,football-data.co.uk,2020-09-15,away,,,,,,,,,11,4,,,,,,,,,,,,,,,,,,,,,,19.0,,,,,,,
2021_20200914_sheffield_united_wolves,2021,2020-09-14,Sheffield United,Wolves,1,football-data.co.uk,2020-09-15,home,,,,,,,,,9,2,,,,,,,,,,,,,,,,,,,,,,13.0,,,,,,,
2021_20200919_arsenal_west_ham,2021,2020-09-19,West Ham,Arsenal,0,football-data.co.uk,2020-09-20,away,,,,,,,,,14,3,,,,,,,,,,,,,,,,,,,,,,20.0,,,,,,,
2021_20200919_arsenal_west_ham,2021,2020-09-19,Arsenal,West Ham,1,football-data.co.uk,2020-09-20,home,,,,,,,,,7,3,,,,,,,,,,,,,,,,,,,,,,13.0,,,,,,,
2021_20200919_everton_west_brom,2021,2020-09-19,West Brom,Everton,0,football-data.co.uk,2020-09-20,away,,,,,,,,,6,4,,,,,,,,,,,,,,,,,,,,,,14.0,,,,,,,
2021_20200919_everton_west_brom,2021,2020-09-19,Everton,West Brom,1,football-data.co.uk,2020-09-20,home,,,,,,,,,17,7,,,,,,,,,,,,,,,,,,,,,,31.0,,,,,,,
2021_20200919_leeds_fulham,2021,2020-09-19,Fulham,Leeds,0,football-data.co.uk,2020-09-20,away,,,,,,,,,14,6,,,,,,,,,,,,,,,,,,,,,,26.0,,,,,,,
2021_20200919_leeds_fulham,2021,2020-09-19,Leeds,Fulham,1,football-data.co.uk,2020-09-20,home,,,,,,,,,10,7,,,,,,,,,,,,,,,,,,,,,,24.0,,,,,,,
2021_20200919_man_united_crystal_palace,2021,2020-09-19,Crystal Palace,Man United,0,football-data.co.uk,2020-09-20,away,,,,,,,,,14,5,,,,,,,,,,,,,,,,,,,,,,24.0,,,,,,,
2021_20200919_man_united_crystal_palace,2021,2020-09-19,Man United,Crystal Palace,1,football-data.co.uk,2020-09-20,home,,,,,,,,,13,4,,,,,,,,,,,,,,,,,,,,,,21.0,,,,,,,
2021_20200920_chelsea_liverpool,2021,2020-09-20,Liverpool,Chelsea,0,football-data.co.uk,2020-09-21,away,,,,,,,,,18,6,,,,,,,,,,,,,,,,,,,,,,30.0,,,,,,,
2021_20200920_chelsea_liverpool,2021,2020-09-20,Chelsea,Liverpool,1,football-data.co.uk,2020-09-21,home,,,,,,,,,5,3,,,,,,,,,,,,,,,,,,,,,,11.0,,,,,,,
2021_20200920_leicester_burnley,2021,2020-09-20,Burnley,Leicester,0,football-data.co.uk,2020-09-21,away,,,,,,,,,16,5,,,,,,,,,,,,,,,,,,,,,,26.0,,,,,,,
2021_20200920_leicester_burnley,2021,2020-09-20,Leicester,Burnley,1,football-data.co.uk,2020-09-21,home,,,,,,,,,14,6,,,,,,,,,,,,,,,,,,,,,,26.0,,,,,,,
2021_20200920_newcastle_brighton,2021,2020-09-20,Brighton,Newcastle,0,football-data.co.uk,2020-09-21,away,,,,,,,,,13,6,,,,,,,,,,,,,,,,,,,,,,25.0,,,,,,,
2021_20200920_newcastle_brighton,2021,2020-09-20,Newcastle,Brighton,1,football-data.co.uk,2020-09-21,home,,,,,,,,,6,0,,,,,,,,,,,,,,,,,,,,,,6.0,,,,,,,
2021_20200920_southampton_tottenham,2021,2020-09-20,Tottenham,Southampton,0,football-data.co.uk,2020-09-21,away,,,,,,,,,9,6,,,,,,,,,,,,,,,,,,,,,,21.0,,,,,,,
2021_20200920_southampton_tottenham,2021,2020-09-20,Southampton,Tottenham,1,football-data.co.uk,2020-09-21,home,,,,,,,,,14,7,,,,,,,,,,,,,,,,,,,,,,28.0,,,,,,,
2021_20200921_aston_villa_sheffield_united,2021,2020-09-21,Sheffield United,Aston Villa,0,football-data.co.uk,2020-09-22,away,,,,,,,,,4,1,,,,,,,,,,,,,,,,,,,,,,6.0,,,,,,,
2021_20200921_aston_villa_sheffield_united,2021,2020-09-21,Aston Villa,Sheffield United,1,football-data.co.uk,2020-09-22,home,,,,,,,,,18,2,,,,,,,,,,,,,,,,,,,,,,22.0,,,,,,,
2021_20200921_wolves_man_city,2021,2020-09-21,Man City,Wolves,0,football-data.co.uk,2020-09-22,away,,,,,,,,,14,9,,,,,,,,,,,,,,,,,,,,,,32.0,,,,,,,
2021_20200921_wolves_man_city,2021,2020-09-21,Wolves,Man City,1,football-data.co.uk,2020-09-22,home,,,,,,,,,10,1,,,,,,,,,,,,,,,,,,,,,,12.0,,,,,,,
2021_20200926_brighton_man_united,2021,2020-09-26,Man United,Brighton,0,football-data.co.uk,2020-09-27,away,,,,,,,,,7,3,,,,,,,,,,,,,,,,,,,,,,13.0,,,,,,,
2021_20200926_brighton_man_united,2021,2020-09-26,Brighton,Man United,1,football-data.co.uk,2020-09-27,home,,,,,,,,,18,5,,,,,,,,,,,,,,,,,,,,,,28.0,,,,,,,
2021_20200926_burnley_southampton,2021,2020-09-26,Southampton,Burnley,0,football-data.co.uk,2020-09-27,away,,,,,,,,,5,1,,,,,,,,,,,,,,,,,,,,,,7.0,,,,,,,
2021_20200926_burnley_southampton,2021,2020-09-26,Burnley,Southampton,1,football-data.co.uk,2020-09-27,home,,,,,,,,,10,2,,,,,,,,,,,,,,,,,,,,,,14.0,,,,,,,
2021_20200926_crystal_palace_everton,2021,2020-09-26,Everton,Crystal Palace,0,football-data.co.uk,2020-09-27,away,,,,,,,,,10,5,,,,,,,,,,,,,,,,,,,,,,20.0,,,,,,,
2021_20200926_crystal_palace_everton,2021,2020-09-26,Crystal Palace,Everton,1,football-data.co.uk,2020-09-27,home,,,,,,,,,8,1,,,,,,,,,,,,,,,,,,,,,,10.0,,,,,,,
2021_20200926_west_brom_chelsea,2021,2020-09-26,Chelsea,West Brom,0,football-data.co.uk,2020-09-27,away,,,,,,,,,22,10,,,,,,,,,,,,,,,,,,,,,,42.0,,,,,,,
2021_20200926_west_brom_chelsea,2021,2020-09-26,West Brom,Chelsea,1,football-data.co.uk,2020-09-27,home,,,,,,,,,9,3,,,,,,,,,,,,,,,,,,,,,,15.0,,,,,,,
2021_20200927_man_city_leicester,2021,2020-09-27,Leicester,Man City,0,football-data.co.uk,2020-09-28,away,,,,,,,,,7,7,,,,,,,,,,,,,,,,,,,,,,21.0,,,,,,,
2021_20200927_man_city_leicester,2021,2020-09-27,Man City,Leicester,1,football-data.co.uk,2020-09-28,home,,,,,,,,,16,5,,,,,,,,,,,,,,,,,,,,,,26.0,,,,,,,
2021_20200927_sheffield_united_leeds,2021,2020-09-27,Leeds,Sheffield United,0,football-data.co.uk,2020-09-28,away,,,,,,,,,17,9,,,,,,,,,,,,,,,,,,,,,,35.0,,,,,,,
2021_20200927_sheffield_united_leeds,2021,2020-09-27,Sheffield United,Leeds,1,football-data.co.uk,2020-09-28,home,,,,,,,,,14,4,,,,,,,,,,,,,,,,,,,,,,22.0,,,,,,,
2021_20200927_tottenham_newcastle,2021,2020-09-27,Newcastle,Tottenham,0,football-data.co.uk,2020-09-28,away,,,,,,,,,6,1,,,,,,,,,,,,,,,,,,,,,,8.0,,,,,,,
2021_20200927_tottenham_newcastle,2021,2020-09-27,Tottenham,Newcastle,1,football-data.co.uk,2020-09-28,home,,,,,,,,,23,12,,,,,,,,,,,,,,,,,,,,,,47.0,,,,,,,
2021_20200927_west_ham_wolves,2021,2020-09-27,Wolves,West Ham,0,football-data.co.uk,2020-09-28,away,,,,,,,,,11,2,,,,,,,,,,,,,,,,,,,,,,15.0,,,,,,,
2021_20200927_west_ham_wolves,2021,2020-09-27,West Ham,Wolves,1,football-data.co.uk,2020-09-28,home,,,,,,,,,15,7,,,,,,,,,,,,,,,,,,,,,,29.0,,,,,,,
2021_20200928_fulham_aston_villa,2021,2020-09-28,Aston Villa,Fulham,0,football-data.co.uk,2020-09-29,away,,,,,,,,,12,5,,,,,,,,,,,,,,,,,,,,,,22.0,,,,,,,
2021_20200928_fulham_aston_villa,2021,2020-09-28,Fulham,Aston Villa,1,football-data.co.uk,2020-09-29,home,,,,,,,,,16,3,,,,,,,,,,,,,,,,,,,,,,22.0,,,,,,,
2021_20200928_liverpool_arsenal,2021,2020-09-28,Arsenal,Liverpool,0,football-data.co.uk,2020-09-29,away,,,,,,,,,4,3,,,,,,,,,,,,,,,,,,,,,,10.0,,,,,,,
2021_20200928_liverpool_arsenal,2021,2020-09-28,Liverpool,Arsenal,1,football-data.co.uk,2020-09-29,home,,,,,,,,,21,8,,,,,,,,,,,,,,,,,,,,,,37.0,,,,,,,
2021_20201003_chelsea_crystal_palace,2021,2020-10-03,Crystal Palace,Chelsea,0,football-data.co.uk,2020-10-04,away,,,,,,,,,4,0,,,,,,,,,,,,,,,,,,,,,,4.0,,,,,,,
2021_20201003_chelsea_crystal_palace,2021,2020-10-03,Chelsea,Crystal Palace,1,football-data.co.uk,2020-10-04,home,,,,,,,,,17,6,,,,,,,,,,,,,,,,,,,,,,29.0,,,,,,,
2021_20201003_everton_brighton,2021,2020-10-03,Brighton,Everton,0,football-data.co.uk,2020-10-04,away,,,,,,,,,11,3,,,,,,,,,,,,,,,,,,,,,,17.0,,,,,,,
2021_20201003_everton_brighton,2021,2020-10-03,Everton,Brighton,1,football-data.co.uk,2020-10-04,home,,,,,,,,,11,6,,,,,,,,,,,,,,,,,,,,,,23.0,,,,,,,
2021_20201003_leeds_man_city,2021,2020-10-03,Man City,Leeds,0,football-data.co.uk,2020-10-04,away,,,,,,,,,23,2,,,,,,,,,,,,,,,,,,,,,,27.0,,,,,,,
2021_20201003_leeds_man_city,2021,2020-10-03,Leeds,Man City,1,football-data.co.uk,2020-10-04,home,,,,,,,,,12,7,,,,,,,,,,,,,,,,,,,,,,26.0,,,,,,,
2021_20201003_newcastle_burnley,2021,2020-10-03,Burnley,Newcastle,0,football-data.co.uk,2020-10-04,away,,,,,,,,,7,3,,,,,,,,,,,,,,,,,,,,,,13.0,,,,,,,
2021_20201003_newcastle_burnley,2021,2020-10-03,Newcastle,Burnley,1,football-data.co.uk,2020-10-04,home,,,,,,,,,10,5,,,,,,,,,,,,,,,,,,,,,,20.0,,,,,,,
2021_20201004_arsenal_sheffield_united,2021,2020-10-04,Sheffield United,Arsenal,0,football-data.co.uk,2020-10-05,away,,,,,,,,,6,2,,,,,,,,,,,,,,,,,,,,,,10.0,,,,,,,
2021_20201004_arsenal_sheffield_united,2021,2020-10-04,Arsenal,Sheffield United,1,football-data.co.uk,2020-10-05,home,,,,,,,,,6,5,,,,,,,,,,,,,,,,,,,,,,16.0,,,,,,,
2021_20201004_aston_villa_liverpool,2021,2020-10-04,Liverpool,Aston Villa,0,football-data.co.uk,2020-10-05,away,,,,,,,,,14,8,,,,,,,,,,,,,,,,,,,,,,30.0,,,,,,,
2021_20201004_aston_villa_liverpool,2021,2020-10-04,Aston Villa,Liverpool,1,football-data.co.uk,2020-10-05,home,,,,,,,,,18,11,,,,,,,,,,,,,,,,,,,,,,40.0,,,,,,,
2021_20201004_leicester_west_ham,2021,2020-10-04,West Ham,Leicester,0,football-data.co.uk,2020-10-05,away,,,,,,,,,14,6,,,,,,,,,,,,,,,,,,,,,,26.0,,,,,,,
2021_20201004_leicester_west_ham,2021,2020-10-04,Leicester,West Ham,1,football-data.co.uk,2020-10-05,home,,,,,,,,,4,0,,,,,,,,,,,,,,,,,,,,,,4.0,,,,,,,
2021_20201004_man_united_tottenham,2021,2020-10-04,Tottenham,Man United,0,football-data.co.uk,2020-10-05,away,,,,,,,,,22,8,,,,,,,,,,,,,,,,,,,,,,38.0,,,,,,,
2021_20201004_man_united_tottenham,2021,2020-10-04,Man United,Tottenham,1,football-data.co.uk,2020-10-05,home,,,,,,,,,5,2,,,,,,,,,,,,,,,,,,,,,,9.0,,,,,,,
2021_20201004_southampton_west_brom,2021,2020-10-04,West Brom,Southampton,0,football-data.co.uk,2020-10-05,away,,,,,,,,,5,2,,,,,,,,,,,,,,,,,,,,,,9.0,,,,,,,
2021_20201004_southampton_west_brom,2021,2020-10-04,Southampton,West Brom,1,football-data.co.uk,2020-10-05,home,,,,,,,,,13,7,,,,,,,,,,,,,,,,,,,,,,27.0,,,,,,,
2021_20201004_wolves_fulham,2021,2020-10-04,Fulham,Wolves,0,football-data.co.uk,2020-10-05,away,,,,,,,,,10,2,,,,,,,,,,,,,,,,,,,,,,14.0,,,,,,,
2021_20201004_wolves_fulham,2021,2020-10-04,Wolves,Fulham,1,football-data.co.uk,2020-10-05,home,,,,,,,,,14,5,,,,,,,,,,,,,,,,,,,,,,24.0,,,,,,,
2021_20201017_chelsea_southampton,2021,2020-10-17,Southampton,Chelsea,0,football-data.co.uk,2020-10-18,away,,,,,,,,,13,6,,,,,,,,,,,,,,,,,,,,,,25.0,,,,,,,
2021_20201017_chelsea_southampton,2021,2020-10-17,Chelsea,Southampton,1,football-data.co.uk,2020-10-18,home,,,,,,,,,11,5,,,,,,,,,,,,,,,,,,,,,,21.0,,,,,,,
2021_20201017_everton_liverpool,2021,2020-10-17,Liverpool,Everton,0,football-data.co.uk,2020-10-18,away,,,,,,,,,22,8,,,,,,,,,,,,,,,,,,,,,,38.0,,,,,,,
2021_20201017_everton_liverpool,2021,2020-10-17,Everton,Liverpool,1,football-data.co.uk,2020-10-18,home,,,,,,,,,11,5,,,,,,,,,,,,,,,,,,,,,,21.0,,,,,,,
2021_20201017_man_city_arsenal,2021,2020-10-17,Arsenal,Man City,0,football-data.co.uk,2020-10-18,away,,,,,,,,,11,3,,,,,,,,,,,,,,,,,,,,,,17.0,,,,,,,
2021_20201017_man_city_arsenal,2021,2020-10-17,Man City,Arsenal,1,football-data.co.uk,2020-10-18,home,,,,,,,,,13,5,,,,,,,,,,,,,,,,,,,,,,23.0,,,,,,,
2021_20201017_newcastle_man_united,2021,2020-10-17,Man United,Newcastle,0,football-data.co.uk,2020-10-18,away,,,,,,,,,28,14,,,,,,,,,,,,,,,,,,,,,,56.0,,,,,,,
2021_20201017_newcastle_man_united,2021,2020-10-17,Newcastle,Man United,1,football-data.co.uk,2020-10-18,home,,,,,,,,,7,4,,,,,,,,,,,,,,,,,,,,,,15.0,,,,,,,
2021_20201018_crystal_palace_brighton,2021,2020-10-18,Brighton,Crystal Palace,0,football-data.co.uk,2020-10-19,away,,,,,,,,,20,3,,,,,,,,,,,,,,,,,,,,,,26.0,,,,,,,
2021_20201018_crystal_palace_brighton,2021,2020-10-18,Crystal Palace,Brighton,1,football-data.co.uk,2020-10-19,home,,,,,,,,,1,1,,,,,,,,,,,,,,,,,,,,,,3.0,,,,,,,
2021_20201018_leicester_aston_villa,2021,2020-10-18,Aston Villa,Leicester,0,football-data.co.uk,2020-10-19,away,,,,,,,,,10,4,,,,,,,,,,,,,,,,,,,,,,18.0,,,,,,,
2021_20201018_leicester_aston_villa,2021,2020-10-18,Leicester,Aston Villa,1,football-data.co.uk,2020-10-19,home,,,,,,,,,11,5,,,,,,,,,,,,,,,,,,,,,,21.0,,,,,,,
2021_20201018_sheffield_united_fulham,2021,2020-10-18,Fulham,Sheffield United,0,football-data.co.uk,2020-10-19,away,,,,,,,,,15,6,,,,,,,,,,,,,,,,,,,,,,27.0,,,,,,,
2021_20201018_sheffield_united_fulham,2021,2020-10-18,Sheffield United,Fulham,1,football-data.co.uk,2020-10-19,home,,,,,,,,,10,6,,,,,,,,,,,,,,,,,,,,,,22.0,,,,,,,
2021_20201018_tottenham_west_ham,2021,2020-10-18,West Ham,Tottenham,0,football-data.co.uk,2020-10-19,away,,,,,,,,,13,4,,,,,,,,,,,,,,,,,,,,,,21.0,,,,,,,
2021_20201018_tottenham_west_ham,2021,2020-10-18,Tottenham,West Ham,1,football-data.co.uk,2020-10-19,home,,,,,,,,,11,6,,,,,,,,,,,,,,,,,,,,,,23.0,,,,,,,
2021_20201019_leeds_wolves,2021,2020-10-19,Wolves,Leeds,0,football-data.co.uk,2020-10-20,away,,,,,,,,,7,3,,,,,,,,,,,,,,,,,,,,,,13.0,,,,,,,
2021_20201019_leeds_wolves,2021,2020-10-19,Leeds,Wolves,1,football-data.co.uk,2020-10-20,home,,,,,,,,,13,2,,,,,,,,,,,,,,,,,,,,,,17.0,,,,,,,
2021_20201019_west_brom_burnley,2021,2020-10-19,Burnley,West Brom,0,football-data.co.uk,2020-10-20,away,,,,,,,,,9,4,,,,,,,,,,,,,,,,,,,,,,17.0,,,,,,,
2021_20201019_west_brom_burnley,2021,2020-10-19,West Brom,Burnley,1,football-data.co.uk,2020-10-20,home,,,,,,,,,13,6,,,,,,,,,,,,,,,,,,,,,,25.0,,,,,,,
2021_20201023_aston_villa_leeds,2021,2020-10-23,Leeds,Aston Villa,0,football-data.co.uk,2020-10-24,away,,,,,,,,,27,9,,,,,,,,,,,,,,,,,,,,,,45.0,,,,,,,
2021_20201023_aston_villa_leeds,2021,2020-10-23,Aston Villa,Leeds,1,football-data.co.uk,2020-10-24,home,,,,,,,,,12,4,,,,,,,,,,,,,,,,,,,,,,20.0,,,,,,,
2021_20201024_fulham_crystal_palace,2021,2020-10-24,Crystal Palace,Fulham,0,football-data.co.uk,2020-10-25,away,,,,,,,,,14,10,,,,,,,,,,,,,,,,,,,,,,34.0,,,,,,,
2021_20201024_fulham_crystal_palace,2021,2020-10-24,Fulham,Crystal Palace,1,football-data.co.uk,2020-10-25,home,,,,,,,,,16,3,,,,,,,,,,,,,,,,,,,,,,22.0,,,,,,,
2021_20201024_liverpool_sheffield_united,2021,2020-10-24,Sheffield United,Liverpool,0,football-data.co.uk,2020-10-25,away,,,,,,,,,13,2,,,,,,,,,,,,,,,,,,,,,,17.0,,,,,,,
2021_20201024_liverpool_sheffield_united,2021,2020-10-24,Liverpool,Sheffield United,1,football-data.co.uk,2020-10-25,home,,,,,,,,,17,5,,,,,,,,,,,,,,,,,,,,,,27.0,,,,,,,
2021_20201024_man_united_chelsea,2021,2020-10-24,Chelsea,Man United,0,football-data.co.uk,2020-10-25,away,,,,,,,,,6,1,,,,,,,,,,,,,,,,,,,,,,8.0,,,,,,,
2021_20201024_man_united_chelsea,2021,2020-10-24,Man United,Chelsea,1,football-data.co.uk,2020-10-25,home,,,,,,,,,14,4,,,,,,,,,,,,,,,,,,,,,,22.0,,,,,,,
2021_20201024_west_ham_man_city,2021,2020-10-24,Man City,West Ham,0,football-data.co.uk,2020-10-25,away,,,,,,,,,14,7,,,,,,,,,,,,,,,,,,,,,,28.0,,,,,,,
2021_20201024_west_ham_man_city,2021,2020-10-24,West Ham,Man City,1,football-data.co.uk,2020-10-25,home,,,,,,,,,6,2,,,,,,,,,,,,,,,,,,,,,,10.0,,,,,,,
2021_20201025_arsenal_leicester,2021,2020-10-25,Leicester,Arsenal,0,football-data.co.uk,2020-10-26,away,,,,,,,,,6,2,,,,,,,,,,,,,,,,,,,,,,10.0,,,,,,,
2021_20201025_arsenal_leicester,2021,2020-10-25,Arsenal,Leicester,1,football-data.co.uk,2020-10-26,home,,,,,,,,,12,4,,,,,,,,,,,,,,,,,,,,,,20.0,,,,,,,
2021_20201025_southampton_everton,2021,2020-10-25,Everton,Southampton,0,football-data.co.uk,2020-10-26,away,,,,,,,,,6,2,,,,,,,,,,,,,,,,,,,,,,10.0,,,,,,,
2021_20201025_southampton_everton,2021,2020-10-25,Southampton,Everton,1,football-data.co.uk,2020-10-26,home,,,,,,,,,12,6,,,,,,,,,,,,,,,,,,,,,,24.0,,,,,,,
2021_20201025_wolves_newcastle,2021,2020-10-25,Newcastle,Wolves,0,football-data.co.uk,2020-10-26,away,,,,,,,,,5,2,,,,,,,,,,,,,,,,,,,,,,9.0,,,,,,,
2021_20201025_wolves_newcastle,2021,2020-10-25,Wolves,Newcastle,1,football-data.co.uk,2020-10-26,home,,,,,,,,,16,3,,,,,,,,,,,,,,,,,,,,,,22.0,,,,,,,
2021_20201026_brighton_west_brom,2021,2020-10-26,West Brom,Brighton,0,football-data.co.uk,2020-10-27,away,,,,,,,,,9,3,,,,,,,,,,,,,,,,,,,,,,15.0,,,,,,,
2021_20201026_brighton_west_brom,2021,2020-10-26,Brighton,West Brom,1,football-data.co.uk,2020-10-27,home,,,,,,,,,5,3,,,,,,,,,,,,,,,,,,,,,,11.0,,,,,,,
2021_20201026_burnley_tottenham,2021,2020-10-26,Tottenham,Burnley,0,football-data.co.uk,2020-10-27,away,,,,,,,,,9,3,,,,,,,,,,,,,,,,,,,,,,15.0,,,,,,,
2021_20201026_burnley_tottenham,2021,2020-10-26,Burnley,Tottenham,1,football-data.co.uk,2020-10-27,home,,,,,,,,,13,4,,,,,,,,,,,,,,,,,,,,,,21.0,,,,,,,
2021_20201030_wolves_crystal_palace,2021,2020-10-30,Crystal Palace,Wolves,0,football-data.co.uk,2020-10-31,away,,,,,,,,,11,2,,,,,,,,,,,,,,,,,,,,,,15.0,,,,,,,
2021_20201030_wolves_crystal_palace,2021,2020-10-30,Wolves,Crystal Palace,1,football-data.co.uk,2020-10-31,home,,,,,,,,,15,5,,,,,,,,,,,,,,,,,,,,,,25.0,,,,,,,
2021_20201031_burnley_chelsea,2021,2020-10-31,Chelsea,Burnley,0,football-data.co.uk,2020-11-01,away,,,,,,,,,14,9,,,,,,,,,,,,,,,,,,,,,,32.0,,,,,,,
2021_20201031_burnley_chelsea,2021,2020-10-31,Burnley,Chelsea,1,football-data.co.uk,2020-11-01,home,,,,,,,,,5,0,,,,,,,,,,,,,,,,,,,,,,5.0,,,,,,,
2021_20201031_liverpool_west_ham,2021,2020-10-31,West Ham,Liverpool,0,football-data.co.uk,2020-11-01,away,,,,,,,,,4,3,,,,,,,,,,,,,,,,,,,,,,10.0,,,,,,,
2021_20201031_liverpool_west_ham,2021,2020-10-31,Liverpool,West Ham,1,football-data.co.uk,2020-11-01,home,,,,,,,,,9,5,,,,,,,,,,,,,,,,,,,,,,19.0,,,,,,,
2021_20201031_sheffield_united_man_city,2021,2020-10-31,Man City,Sheffield United,0,football-data.co.uk,2020-11-01,away,,,,,,,,,16,8,,,,,,,,,,,,,,,,,,,,,,32.0,,,,,,,
2021_20201031_sheffield_united_man_city,2021,2020-10-31,Sheffield United,Man City,1,football-data.co.uk,2020-11-01,home,,,,,,,,,5,1,,,,,,,,,,,,,,,,,,,,,,7.0,,,,,,,
2021_20201101_aston_villa_southampton,2021,2020-11-01,Southampton,Aston Villa,0,football-data.co.uk,2020-11-02,away,,,,,,,,,9,4,,,,,,,,,,,,,,,,,,,,,,17.0,,,,,,,
2021_20201101_aston_villa_southampton,2021,2020-11-01,Aston Villa,Southampton,1,football-data.co.uk,2020-11-02,home,,,,,,,,,19,10,,,,,,,,,,,,,,,,,,,,,,39.0,,,,,,,
2021_20201101_man_united_arsenal,2021,2020-11-01,Arsenal,Man United,0,football-data.co.uk,2020-11-02,away,,,,,,,,,7,2,,,,,,,,,,,,,,,,,,,,,,11.0,,,,,,,
2021_20201101_man_united_arsenal,2021,2020-11-01,Man United,Arsenal,1,football-data.co.uk,2020-11-02,home,,,,,,,,,8,2,,,,,,,,,,,,,,,,,,,,,,12.0,,,,,,,
2021_20201101_newcastle_everton,2021,2020-11-01,Everton,Newcastle,0,football-data.co.uk,2020-11-02,away,,,,,,,,,15,4,,,,,,,,,,,,,,,,,,,,,,23.0,,,,,,,
2021_20201101_newcastle_everton,2021,2020-11-01,Newcastle,Everton,1,football-data.co.uk,2020-11-02,home,,,,,,,,,11,4,,,,,,,,,,,,,,,,,,,,,,19.0,,,,,,,
2021_20201101_tottenham_brighton,2021,2020-11-01,Brighton,Tottenham,0,football-data.co.uk,2020-11-02,away,,,,,,,,,6,2,,,,,,,,,,,,,,,,,,,,,,10.0,,,,,,,
2021_20201101_tottenham_brighton,2021,2020-11-01,Tottenham,Brighton,1,football-data.co.uk,2020-11-02,home,,,,,,,,,9,3,,,,,,,,,,,,,,,,,,,,,,15.0,,,,,,,
2021_20201102_fulham_west_brom,2021,2020-11-02,West Brom,Fulham,0,football-data.co.uk,2020-11-03,away,,,,,,,,,10,1,,,,,,,,,,,,,,,,,,,,,,12.0,,,,,,,
2021_20201102_fulham_west_brom,2021,2020-11-02,Fulham,West Brom,1,football-data.co.uk,2020-11-03,home,,,,,,,,,13,6,,,,,,,,,,,,,,,,,,,,,,25.0,,,,,,,
2021_20201102_leeds_leicester,2021,2020-11-02,Leicester,Leeds,0,football-data.co.uk,2020-11-03,away,,,,,,,,,10,8,,,,,,,,,,,,,,,,,,,,,,26.0,,,,,,,
2021_20201102_leeds_leicester,2021,2020-11-02,Leeds,Leicester,1,football-data.co.uk,2020-11-03,home,,,,,,,,,11,4,,,,,,,,,,,,,,,,,,,,,,19.0,,,,,,,
2021_20201106_brighton_burnley,2021,2020-11-06,Burnley,Brighton,0,football-data.co.uk,2020-11-07,away,,,,,,,,,4,1,,,,,,,,,,,,,,,,,,,,,,6.0,,,,,,,
2021_20201106_brighton_burnley,2021,2020-11-06,Brighton,Burnley,1,football-data.co.uk,2020-11-07,home,,,,,,,,,19,3,,,,,,,,,,,,,,,,,,,,,,25.0,,,,,,,
2021_20201106_southampton_newcastle,2021,2020-11-06,Newcastle,Southampton,0,football-data.co.uk,2020-11-07,away,,,,,,,,,4,2,,,,,,,,,,,,,,,,,,,,,,8.0,,,,,,,
2021_20201106_southampton_newcastle,2021,2020-11-06,Southampton,Newcastle,1,football-data.co.uk,2020-11-07,home,,,,,,,,,15,8,,,,,,,,,,,,,,,,,,,,,,31.0,,,,,,,
2021_20201107_chelsea_sheffield_united,2021,2020-11-07,Sheffield United,Chelsea,0,football-data.co.uk,2020-11-08,away,,,,,,,,,6,3,,,,,,,,,,,,,,,,,,,,,,12.0,,,,,,,
2021_20201107_chelsea_sheffield_united,2021,2020-11-07,Chelsea,Sheffield United,1,football-data.co.uk,2020-11-08,home,,,,,,,,,20,9,,,,,,,,,,,,,,,,,,,,,,38.0,,,,,,,
2021_20201107_crystal_palace_leeds,2021,2020-11-07,Leeds,Crystal Palace,0,football-data.co.uk,2020-11-08,away,,,,,,,,,9,3,,,,,,,,,,,,,,,,,,,,,,15.0,,,,,,,
2021_20201107_crystal_palace_leeds,2021,2020-11-07,Crystal Palace,Leeds,1,football-data.co.uk,2020-11-08,home,,,,,,,,,10,6,,,,,,,,,,,,,,,,,,,,,,22.0,,,,,,,
2021_20201107_everton_man_united,2021,2020-11-07,Man United,Everton,0,football-data.co.uk,2020-11-08,away,,,,,,,,,13,5,,,,,,,,,,,,,,,,,,,,,,23.0,,,,,,,
2021_20201107_everton_man_united,2021,2020-11-07,Everton,Man United,1,football-data.co.uk,2020-11-08,home,,,,,,,,,7,1,,,,,,,,,,,,,,,,,,,,,,9.0,,,,,,,
2021_20201107_west_ham_fulham,2021,2020-11-07,Fulham,West Ham,0,football-data.co.uk,2020-11-08,away,,,,,,,,,13,3,,,,,,,,,,,,,,,,,,,,,,19.0,,,,,,,
2021_20201107_west_ham_fulham,2021,2020-11-07,West Ham,Fulham,1,football-data.co.uk,2020-11-08,home,,,,,,,,,16,7,,,,,,,,,,,,,,,,,,,,,,30.0,,,,,,,
2021_20201108_arsenal_aston_villa,2021,2020-11-08,Aston Villa,Arsenal,0,football-data.co.uk,2020-11-09,away,,,,,,,,,15,6,,,,,,,,,,,,,,,,,,,,,,27.0,,,,,,,
2021_20201108_arsenal_aston_villa,2021,2020-11-08,Arsenal,Aston Villa,1,football-data.co.uk,2020-11-09,home,,,,,,,,,13,2,,,,,,,,,,,,,,,,,,,,,,17.0,,,,,,,
2021_20201108_leicester_wolves,2021,2020-11-08,Wolves,Leicester,0,football-data.co.uk,2020-11-09,away,,,,,,,,,7,2,,,,,,,,,,,,,,,,,,,,,,11.0,,,,,,,
2021_20201108_leicester_wolves,2021,2020-11-08,Leicester,Wolves,1,football-data.co.uk,2020-11-09,home,,,,,,,,,10,3,,,,,,,,,,,,,,,,,,,,,,16.0,,,,,,,
2021_20201108_man_city_liverpool,2021,2020-11-08,Liverpool,Man City,0,football-data.co.uk,2020-11-09,away,,,,,,,,,10,3,,,,,,,,,,,,,,,,,,,,,,16.0,,,,,,,
2021_20201108_man_city_liverpool,2021,2020-11-08,Man City,Liverpool,1,football-data.co.uk,2020-11-09,home,,,,,,,,,7,2,,,,,,,,,,,,,,,,,,,,,,11.0,,,,,,,
2021_20201108_west_brom_tottenham,2021,2020-11-08,Tottenham,West Brom,0,football-data.co.uk,2020-11-09,away,,,,,,,,,19,5,,,,,,,,,,,,,,,,,,,,,,29.0,,,,,,,
2021_20201108_west_brom_tottenham,2021,2020-11-08,West Brom,Tottenham,1,football-data.co.uk,2020-11-09,home,,,,,,,,,12,2,,,,,,,,,,,,,,,,,,,,,,16.0,,,,,,,
2021_20201121_aston_villa_brighton,2021,2020-11-21,Brighton,Aston Villa,0,football-data.co.uk,2020-11-22,away,,,,,,,,,7,3,,,,,,,,,,,,,,,,,,,,,,13.0,,,,,,,
2021_20201121_aston_villa_brighton,2021,2020-11-21,Aston Villa,Brighton,1,football-data.co.uk,2020-11-22,home,,,,,,,,,15,4,,,,,,,,,,,,,,,,,,,,,,23.0,,,,,,,
2021_20201121_man_united_west_brom,2021,2020-11-21,West Brom,Man United,0,football-data.co.uk,2020-11-22,away,,,,,,,,,7,2,,,,,,,,,,,,,,,,,,,,,,11.0,,,,,,,
2021_20201121_man_united_west_brom,2021,2020-11-21,Man United,West Brom,1,football-data.co.uk,2020-11-22,home,,,,,,,,,17,7,,,,,,,,,,,,,,,,,,,,,,31.0,,,,,,,
2021_20201121_newcastle_chelsea,2021,2020-11-21,Chelsea,Newcastle,0,football-data.co.uk,2020-11-22,away,,,,,,,,,14,3,,,,,,,,,,,,,,,,,,,,,,20.0,,,,,,,
2021_20201121_newcastle_chelsea,2021,2020-11-21,Newcastle,Chelsea,1,football-data.co.uk,2020-11-22,home,,,,,,,,,8,1,,,,,,,,,,,,,,,,,,,,,,10.0,,,,,,,
2021_20201121_tottenham_man_city,2021,2020-11-21,Man City,Tottenham,0,football-data.co.uk,2020-11-22,away,,,,,,,,,22,5,,,,,,,,,,,,,,,,,,,,,,32.0,,,,,,,
2021_20201121_tottenham_man_city,2021,2020-11-21,Tottenham,Man City,1,football-data.co.uk,2020-11-22,home,,,,,,,,,4,2,,,,,,,,,,,,,,,,,,,,,,8.0,,,,,,,
2021_20201122_fulham_everton,2021,2020-11-22,Everton,Fulham,0,football-data.co.uk,2020-11-23,away,,,,,,,,,9,7,,,,,,,,,,,,,,,,,,,,,,23.0,,,,,,,
2021_20201122_fulham_everton,2021,2020-11-22,Fulham,Everton,1,football-data.co.uk,2020-11-23,home,,,,,,,,,14,6,,,,,,,,,,,,,,,,,,,,,,26.0,,,,,,,
2021_20201122_leeds_arsenal,2021,2020-11-22,Arsenal,Leeds,0,football-data.co.uk,2020-11-23,away,,,,,,,,,9,2,,,,,,,,,,,,,,,,,,,,,,13.0,,,,,,,
2021_20201122_leeds_arsenal,2021,2020-11-22,Leeds,Arsenal,1,football-data.co.uk,2020-11-23,home,,,,,,,,,25,4,,,,,,,,,,,,,,,,,,,,,,33.0,,,,,,,
2021_20201122_liverpool_leicester,2021,2020-11-22,Leicester,Liverpool,0,football-data.co.uk,2020-11-23,away,,,,,,,,,11,4,,,,,,,,,,,,,,,,,,,,,,19.0,,,,,,,
2021_20201122_liverpool_leicester,2021,2020-11-22,Liverpool,Leicester,1,football-data.co.uk,2020-11-23,home,,,,,,,,,24,13,,,,,,,,,,,,,,,,,,,,,,50.0,,,,,,,
2021_20201122_sheffield_united_west_ham,2021,2020-11-22,West Ham,Sheffield United,0,football-data.co.uk,2020-11-23,away,,,,,,,,,15,3,,,,,,,,,,,,,,,,,,,,,,21.0,,,,,,,
2021_20201122_sheffield_united_west_ham,2021,2020-11-22,Sheffield United,West Ham,1,football-data.co.uk,2020-11-23,home,,,,,,,,,9,5,,,,,,,,,,,,,,,,,,,,,,19.0,,,,,,,
2021_20201123_burnley_crystal_palace,2021,2020-11-23,Crystal Palace,Burnley,0,football-data.co.uk,2020-11-24,away,,,,,,,,,15,5,,,,,,,,,,,,,,,,,,,,,,25.0,,,,,,,
2021_20201123_burnley_crystal_palace,2021,2020-11-23,Burnley,Crystal Palace,1,football-data.co.uk,2020-11-24,home,,,,,,,,,10,4,,,,,,,,,,,,,,,,,,,,,,18.0,,,,,,,
2021_20201123_wolves_southampton,2021,2020-11-23,Southampton,Wolves,0,football-data.co.uk,2020-11-24,away,,,,,,,,,7,2,,,,,,,,,,,,,,,,,,,,,,11.0,,,,,,,
2021_20201123_wolves_southampton,2021,2020-11-23,Wolves,Southampton,1,football-data.co.uk,2020-11-24,home,,,,,,,,,20,9,,,,,,,,,,,,,,,,,,,,,,38.0,,,,,,,
2021_20201127_crystal_palace_newcastle,2021,2020-11-27,Newcastle,Crystal Palace,0,football-data.co.uk,2020-11-28,away,,,,,,,,,14,7,,,,,,,,,,,,,,,,,,,,,,28.0,,,,,,,
2021_20201127_crystal_palace_newcastle,2021,2020-11-27,Crystal Palace,Newcastle,1,football-data.co.uk,2020-11-28,home,,,,,,,,,12,3,,,,,,,,,,,,,,,,,,,,,,18.0,,,,,,,
2021_20201128_brighton_liverpool,2021,2020-11-28,Liverpool,Brighton,0,football-data.co.uk,2020-11-29,away,,,,,,,,,6,2,,,,,,,,,,,,,,,,,,,,,,10.0,,,,,,,
2021_20201128_brighton_liverpool,2021,2020-11-28,Brighton,Liverpool,1,football-data.co.uk,2020-11-29,home,,,,,,,,,11,3,,,,,,,,,,,,,,,,,,,,,,17.0,,,,,,,
2021_20201128_everton_leeds,2021,2020-11-28,Leeds,Everton,0,football-data.co.uk,2020-11-29,away,,,,,,,,,23,7,,,,,,,,,,,,,,,,,,,,,,37.0,,,,,,,
2021_20201128_everton_leeds,2021,2020-11-28,Everton,Leeds,1,football-data.co.uk,2020-11-29,home,,,,,,,,,15,8,,,,,,,,,,,,,,,,,,,,,,31.0,,,,,,,
2021_20201128_man_city_burnley,2021,2020-11-28,Burnley,Man City,0,football-data.co.uk,2020-11-29,away,,,,,,,,,9,1,,,,,,,,,,,,,,,,,,,,,,11.0,,,,,,,
2021_20201128_man_city_burnley,2021,2020-11-28,Man City,Burnley,1,football-data.co.uk,2020-11-29,home,,,,,,,,,19,6,,,,,,,,,,,,,,,,,,,,,,31.0,,,,,,,
2021_20201128_west_brom_sheffield_united,2021,2020-11-28,Sheffield United,West Brom,0,football-data.co.uk,2020-11-29,away,,,,,,,,,21,5,,,,,,,,,,,,,,,,,,,,,,31.0,,,,,,,
2021_20201128_west_brom_sheffield_united,2021,2020-11-28,West Brom,Sheffield United,1,football-data.co.uk,2020-11-29,home,,,,,,,,,17,6,,,,,,,,,,,,,,,,,,,,,,29.0,,,,,,,
2021_20201129_arsenal_wolves,2021,2020-11-29,Wolves,Arsenal,0,football-data.co.uk,2020-11-30,away,,,,,,,,,11,5,,,,,,,,,,,,,,,,,,,,,,21.0,,,,,,,
2021_20201129_arsenal_wolves,2021,2020-11-29,Arsenal,Wolves,1,football-data.co.uk,2020-11-30,home,,,,,,,,,13,2,,,,,,,,,,,,,,,,,,,,,,17.0,,,,,,,
2021_20201129_chelsea_tottenham,2021,2020-11-29,Tottenham,Chelsea,0,football-data.co.uk,2020-11-30,away,,,,,,,,,5,1,,,,,,,,,,,,,,,,,,,,,,7.0,,,,,,,
2021_20201129_chelsea_tottenham,2021,2020-11-29,Chelsea,Tottenham,1,football-data.co.uk,2020-11-30,home,,,,,,,,,13,3,,,,,,,,,,,,,,,,,,,,,,19.0,,,,,,,
2021_20201129_southampton_man_united,2021,2020-11-29,Man United,Southampton,0,football-data.co.uk,2020-11-30,away,,,,,,,,,15,6,,,,,,,,,,,,,,,,,,,,,,27.0,,,,,,,
2021_20201129_southampton_man_united,2021,2020-11-29,Southampton,Man United,1,football-data.co.uk,2020-11-30,home,,,,,,,,,10,5,,,,,,,,,,,,,,,,,,,,,,20.0,,,,,,,
2021_20201130_leicester_fulham,2021,2020-11-30,Fulham,Leicester,0,football-data.co.uk,2020-12-01,away,,,,,,,,,10,5,,,,,,,,,,,,,,,,,,,,,,20.0,,,,,,,
2021_20201130_leicester_fulham,2021,2020-11-30,Leicester,Fulham,1,football-data.co.uk,2020-12-01,home,,,,,,,,,16,3,,,,,,,,,,,,,,,,,,,,,,22.0,,,,,,,
2021_20201130_west_ham_aston_villa,2021,2020-11-30,Aston Villa,West Ham,0,football-data.co.uk,2020-12-01,away,,,,,,,,,16,6,,,,,,,,,,,,,,,,,,,,,,28.0,,,,,,,
2021_20201130_west_ham_aston_villa,2021,2020-11-30,West Ham,Aston Villa,1,football-data.co.uk,2020-12-01,home,,,,,,,,,6,2,,,,,,,,,,,,,,,,,,,,,,10.0,,,,,,,
2021_20201205_burnley_everton,2021,2020-12-05,Everton,Burnley,0,football-data.co.uk,2020-12-06,away,,,,,,,,,13,6,,,,,,,,,,,,,,,,,,,,,,25.0,,,,,,,
2021_20201205_burnley_everton,2021,2020-12-05,Burnley,Everton,1,football-data.co.uk,2020-12-06,home,,,,,,,,,8,3,,,,,,,,,,,,,,,,,,,,,,14.0,,,,,,,
2021_20201205_chelsea_leeds,2021,2020-12-05,Leeds,Chelsea,0,football-data.co.uk,2020-12-06,away,,,,,,,,,8,3,,,,,,,,,,,,,,,,,,,,,,14.0,,,,,,,
2021_20201205_chelsea_leeds,2021,2020-12-05,Chelsea,Leeds,1,football-data.co.uk,2020-12-06,home,,,,,,,,,23,11,,,,,,,,,,,,,,,,,,,,,,45.0,,,,,,,
2021_20201205_man_city_fulham,2021,2020-12-05,Fulham,Man City,0,football-data.co.uk,2020-12-06,away,,,,,,,,,6,1,,,,,,,,,,,,,,,,,,,,,,8.0,,,,,,,
2021_20201205_man_city_fulham,2021,2020-12-05,Man City,Fulham,1,football-data.co.uk,2020-12-06,home,,,,,,,,,16,6,,,,,,,,,,,,,,,,,,,,,,28.0,,,,,,,
2021_20201205_west_ham_man_united,2021,2020-12-05,Man United,West Ham,0,football-data.co.uk,2020-12-06,away,,,,,,,,,15,6,,,,,,,,,,,,,,,,,,,,,,27.0,,,,,,,
2021_20201205_west_ham_man_united,2021,2020-12-05,West Ham,Man United,1,football-data.co.uk,2020-12-06,home,,,,,,,,,19,6,,,,,,,,,,,,,,,,,,,,,,31.0,,,,,,,
2021_20201206_liverpool_wolves,2021,2020-12-06,Wolves,Liverpool,0,football-data.co.uk,2020-12-07,away,,,,,,,,,9,3,,,,,,,,,,,,,,,,,,,,,,15.0,,,,,,,
2021_20201206_liverpool_wolves,2021,2020-12-06,Liverpool,Wolves,1,football-data.co.uk,2020-12-07,home,,,,,,,,,11,6,,,,,,,,,,,,,,,,,,,,,,23.0,,,,,,,
2021_20201206_sheffield_united_leicester,2021,2020-12-06,Leicester,Sheffield United,0,football-data.co.uk,2020-12-07,away,,,,,,,,,13,4,,,,,,,,,,,,,,,,,,,,,,21.0,,,,,,,
2021_20201206_sheffield_united_leicester,2021,2020-12-06,Sheffield United,Leicester,1,football-data.co.uk,2020-12-07,home,,,,,,,,,4,1,,,,,,,,,,,,,,,,,,,,,,6.0,,,,,,,
2021_20201206_tottenham_arsenal,2021,2020-12-06,Arsenal,Tottenham,0,football-data.co.uk,2020-12-07,away,,,,,,,,,11,2,,,,,,,,,,,,,,,,,,,,,,15.0,,,,,,,
2021_20201206_tottenham_arsenal,2021,2020-12-06,Tottenham,Arsenal,1,football-data.co.uk,2020-12-07,home,,,,,,,,,6,3,,,,,,,,,,,,,,,,,,,,,,12.0,,,,,,,
2021_20201206_west_brom_crystal_palace,2021,2020-12-06,Crystal Palace,West Brom,0,football-data.co.uk,2020-12-07,away,,,,,,,,,18,6,,,,,,,,,,,,,,,,,,,,,,30.0,,,,,,,
2021_20201206_west_brom_crystal_palace,2021,2020-12-06,West Brom,Crystal Palace,1,football-data.co.uk,2020-12-07,home,,,,,,,,,9,4,,,,,,,,,,,,,,,,,,,,,,17.0,,,,,,,
2021_20201207_brighton_southampton,2021,2020-12-07,Southampton,Brighton,0,football-data.co.uk,2020-12-08,away,,,,,,,,,10,3,,,,,,,,,,,,,,,,,,,,,,16.0,,,,,,,
2021_20201207_brighton_southampton,2021,2020-12-07,Brighton,Southampton,1,football-data.co.uk,2020-12-08,home,,,,,,,,,12,4,,,,,,,,,,,,,,,,,,,,,,20.0,,,,,,,
2021_20201211_leeds_west_ham,2021,2020-12-11,West Ham,Leeds,0,football-data.co.uk,2020-12-12,away,,,,,,,,,19,8,,,,,,,,,,,,,,,,,,,,,,35.0,,,,,,,
2021_20201211_leeds_west_ham,2021,2020-12-11,Leeds,West Ham,1,football-data.co.uk,2020-12-12,home,,,,,,,,,13,7,,,,,,,,,,,,,,,,,,,,,,27.0,,,,,,,
2021_20201212_everton_chelsea,2021,2020-12-12,Chelsea,Everton,0,football-data.co.uk,2020-12-13,away,,,,,,,,,10,3,,,,,,,,,,,,,,,,,,,,,,16.0,,,,,,,
2021_20201212_everton_chelsea,2021,2020-12-12,Everton,Chelsea,1,football-data.co.uk,2020-12-13,home,,,,,,,,,9,4,,,,,,,,,,,,,,,,,,,,,,17.0,,,,,,,
2021_20201212_man_united_man_city,2021,2020-12-12,Man City,Man United,0,football-data.co.uk,2020-12-13,away,,,,,,,,,9,2,,,,,,,,,,,,,,,,,,,,,,13.0,,,,,,,
2021_20201212_man_united_man_city,2021,2020-12-12,Man United,Man City,1,football-data.co.uk,2020-12-13,home,,,,,,,,,11,2,,,,,,,,,,,,,,,,,,,,,,15.0,,,,,,,
2021_20201212_newcastle_west_brom,2021,2020-12-12,West Brom,Newcastle,0,football-data.co.uk,2020-12-13,away,,,,,,,,,13,3,,,,,,,,,,,,,,,,,,,,,,19.0,,,,,,,
2021_20201212_newcastle_west_brom,2021,2020-12-12,Newcastle,West Brom,1,football-data.co.uk,2020-12-13,home,,,,,,,,,12,7,,,,,,,,,,,,,,,,,,,,,,26.0,,,,,,,
2021_20201212_wolves_aston_villa,2021,2020-12-12,Aston Villa,Wolves,0,football-data.co.uk,2020-12-13,away,,,,,,,,,13,2,,,,,,,,,,,,,,,,,,,,,,17.0,,,,,,,
2021_20201212_wolves_aston_villa,2021,2020-12-12,Wolves,Aston Villa,1,football-data.co.uk,2020-12-13,home,,,,,,,,,16,7,,,,,,,,,,,,,,,,,,,,,,30.0,,,,,,,
2021_20201213_arsenal_burnley,2021,2020-12-13,Burnley,Arsenal,0,football-data.co.uk,2020-12-14,away,,,,,,,,,10,2,,,,,,,,,,,,,,,,,,,,,,14.0,,,,,,,
2021_20201213_arsenal_burnley,2021,2020-12-13,Arsenal,Burnley,1,football-data.co.uk,2020-12-14,home,,,,,,,,,18,6,,,,,,,,,,,,,,,,,,,,,,30.0,,,,,,,
2021_20201213_crystal_palace_tottenham,2021,2020-12-13,Tottenham,Crystal Palace,0,football-data.co.uk,2020-12-14,away,,,,,,,,,14,6,,,,,,,,,,,,,,,,,,,,,,26.0,,,,,,,
2021_20201213_crystal_palace_tottenham,2021,2020-12-13,Crystal Palace,Tottenham,1,football-data.co.uk,2020-12-14,home,,,,,,,,,16,5,,,,,,,,,,,,,,,,,,,,,,26.0,,,,,,,
2021_20201213_fulham_liverpool,2021,2020-12-13,Liverpool,Fulham,0,football-data.co.uk,2020-12-14,away,,,,,,,,,12,6,,,,,,,,,,,,,,,,,,,,,,24.0,,,,,,,
2021_20201213_fulham_liverpool,2021,2020-12-13,Fulham,Liverpool,1,football-data.co.uk,2020-12-14,home,,,,,,,,,10,5,,,,,,,,,,,,,,,,,,,,,,20.0,,,,,,,
2021_20201213_leicester_brighton,2021,2020-12-13,Brighton,Leicester,0,football-data.co.uk,2020-12-14,away,,,,,,,,,12,4,,,,,,,,,,,,,,,,,,,,,,20.0,,,,,,,
2021_20201213_leicester_brighton,2021,2020-12-13,Leicester,Brighton,1,football-data.co.uk,2020-12-14,home,,,,,,,,,15,6,,,,,,,,,,,,,,,,,,,,,,27.0,,,,,,,
2021_20201213_southampton_sheffield_united,2021,2020-12-13,Sheffield United,Southampton,0,football-data.co.uk,2020-12-14,away,,,,,,,,,3,0,,,,,,,,,,,,,,,,,,,,,,3.0,,,,,,,
2021_20201213_southampton_sheffield_united,2021,2020-12-13,Southampton,Sheffield United,1,football-data.co.uk,2020-12-14,home,,,,,,,,,16,6,,,,,,,,,,,,,,,,,,,,,,28.0,,,,,,,
2021_20201215_man_city_west_brom,2021,2020-12-15,West Brom,Man City,0,football-data.co.uk,2020-12-16,away,,,,,,,,,5,1,,,,,,,,,,,,,,,,,,,,,,7.0,,,,,,,
2021_20201215_man_city_west_brom,2021,2020-12-15,Man City,West Brom,1,football-data.co.uk,2020-12-16,home,,,,,,,,,26,7,,,,,,,,,,,,,,,,,,,,,,40.0,,,,,,,
2021_20201215_wolves_chelsea,2021,2020-12-15,Chelsea,Wolves,0,football-data.co.uk,2020-12-16,away,,,,,,,,,13,3,,,,,,,,,,,,,,,,,,,,,,19.0,,,,,,,
2021_20201215_wolves_chelsea,2021,2020-12-15,Wolves,Chelsea,1,football-data.co.uk,2020-12-16,home,,,,,,,,,12,4,,,,,,,,,,,,,,,,,,,,,,20.0,,,,,,,
2021_20201216_arsenal_southampton,2021,2020-12-16,Southampton,Arsenal,0,football-data.co.uk,2020-12-17,away,,,,,,,,,13,3,,,,,,,,,,,,,,,,,,,,,,19.0,,,,,,,
2021_20201216_arsenal_southampton,2021,2020-12-16,Arsenal,Southampton,1,football-data.co.uk,2020-12-17,home,,,,,,,,,9,4,,,,,,,,,,,,,,,,,,,,,,17.0,,,,,,,
2021_20201216_fulham_brighton,2021,2020-12-16,Brighton,Fulham,0,football-data.co.uk,2020-12-17,away,,,,,,,,,9,4,,,,,,,,,,,,,,,,,,,,,,17.0,,,,,,,
2021_20201216_fulham_brighton,2021,2020-12-16,Fulham,Brighton,1,football-data.co.uk,2020-12-17,home,,,,,,,,,9,4,,,,,,,,,,,,,,,,,,,,,,17.0,,,,,,,
2021_20201216_leeds_newcastle,2021,2020-12-16,Newcastle,Leeds,0,football-data.co.uk,2020-12-17,away,,,,,,,,,10,4,,,,,,,,,,,,,,,,,,,,,,18.0,,,,,,,
2021_20201216_leeds_newcastle,2021,2020-12-16,Leeds,Newcastle,1,football-data.co.uk,2020-12-17,home,,,,,,,,,25,10,,,,,,,,,,,,,,,,,,,,,,45.0,,,,,,,
2021_20201216_leicester_everton,2021,2020-12-16,Everton,Leicester,0,football-data.co.uk,2020-12-17,away,,,,,,,,,11,6,,,,,,,,,,,,,,,,,,,,,,23.0,,,,,,,
2021_20201216_leicester_everton,2021,2020-12-16,Leicester,Everton,1,football-data.co.uk,2020-12-17,home,,,,,,,,,14,2,,,,,,,,,,,,,,,,,,,,,,18.0,,,,,,,
2021_20201216_liverpool_tottenham,2021,2020-12-16,Tottenham,Liverpool,0,football-data.co.uk,2020-12-17,away,,,,,,,,,8,2,,,,,,,,,,,,,,,,,,,,,,12.0,,,,,,,
2021_20201216_liverpool_tottenham,2021,2020-12-16,Liverpool,Tottenham,1,football-data.co.uk,2020-12-17,home,,,,,,,,,17,11,,,,,,,,,,,,,,,,,,,,,,39.0,,,,,,,
2021_20201216_west_ham_crystal_palace,2021,2020-12-16,Crystal Palace,West Ham,0,football-data.co.uk,2020-12-17,away,,,,,,,,,8,2,,,,,,,,,,,,,,,,,,,,,,12.0,,,,,,,
2021_20201216_west_ham_crystal_palace,2021,2020-12-16,West Ham,Crystal Palace,1,football-data.co.uk,2020-12-17,home,,,,,,,,,9,2,,,,,,,,,,,,,,,,,,,,,,13.0,,,,,,,
2021_20201217_aston_villa_burnley,2021,2020-12-17,Burnley,Aston Villa,0,football-data.co.uk,2020-12-18,away,,,,,,,,,6,4,,,,,,,,,,,,,,,,,,,,,,14.0,,,,,,,
2021_20201217_aston_villa_burnley,2021,2020-12-17,Aston Villa,Burnley,1,football-data.co.uk,2020-12-18,home,,,,,,,,,27,7,,,,,,,,,,,,,,,,,,,,,,41.0,,,,,,,
2021_20201217_sheffield_united_man_united,2021,2020-12-17,Man United,Sheffield United,0,football-data.co.uk,2020-12-18,away,,,,,,,,,14,8,,,,,,,,,,,,,,,,,,,,,,30.0,,,,,,,
2021_20201217_sheffield_united_man_united,2021,2020-12-17,Sheffield United,Man United,1,football-data.co.uk,2020-12-18,home,,,,,,,,,12,6,,,,,,,,,,,,,,,,,,,,,,24.0,,,,,,,
2021_20201219_crystal_palace_liverpool,2021,2020-12-19,Liverpool,Crystal Palace,0,football-data.co.uk,2020-12-20,away,,,,,,,,,14,8,,,,,,,,,,,,,,,,,,,,,,30.0,,,,,,,
2021_20201219_crystal_palace_liverpool,2021,2020-12-19,Crystal Palace,Liverpool,1,football-data.co.uk,2020-12-20,home,,,,,,,,,5,3,,,,,,,,,,,,,,,,,,,,,,11.0,,,,,,,
2021_20201219_everton_arsenal,2021,2020-12-19,Arsenal,Everton,0,football-data.co.uk,2020-12-20,away,,,,,,,,,13,2,,,,,,,,,,,,,,,,,,,,,,17.0,,,,,,,
2021_20201219_everton_arsenal,2021,2020-12-19,Everton,Arsenal,1,football-data.co.uk,2020-12-20,home,,,,,,,,,9,2,,,,,,,,,,,,,,,,,,,,,,13.0,,,,,,,
2021_20201219_newcastle_fulham,2021,2020-12-19,Fulham,Newcastle,0,football-data.co.uk,2020-12-20,away,,,,,,,,,11,4,,,,,,,,,,,,,,,,,,,,,,19.0,,,,,,,
2021_20201219_newcastle_fulham,2021,2020-12-19,Newcastle,Fulham,1,football-data.co.uk,2020-12-20,home,,,,,,,,,12,5,,,,,,,,,,,,,,,,,,,,,,22.0,,,,,,,
2021_20201219_southampton_man_city,2021,2020-12-19,Man City,Southampton,0,football-data.co.uk,2020-12-20,away,,,,,,,,,11,5,,,,,,,,,,,,,,,,,,,,,,21.0,,,,,,,
2021_20201219_southampton_man_city,2021,2020-12-19,Southampton,Man City,1,football-data.co.uk,2020-12-20,home,,,,,,,,,9,3,,,,,,,,,,,,,,,,,,,,,,15.0,,,,,,,
2021_20201220_brighton_sheffield_united,2021,2020-12-20,Sheffield United,Brighton,0,football-data.co.uk,2020-12-21,away,,,,,,,,,5,3,,,,,,,,,,,,,,,,,,,,,,11.0,,,,,,,
2021_20201220_brighton_sheffield_united,2021,2020-12-20,Brighton,Sheffield United,1,football-data.co.uk,2020-12-21,home,,,,,,,,,21,5,,,,,,,,,,,,,,,,,,,,,,31.0,,,,,,,
2021_20201220_man_united_leeds,2021,2020-12-20,Leeds,Man United,0,football-data.co.uk,2020-12-21,away,,,,,,,,,17,3,,,,,,,,,,,,,,,,,,,,,,23.0,,,,,,,
2021_20201220_man_united_leeds,2021,2020-12-20,Man United,Leeds,1,football-data.co.uk,2020-12-21,home,,,,,,,,,26,14,,,,,,,,,,,,,,,,,,,,,,54.0,,,,,,,
2021_20201220_tottenham_leicester,2021,2020-12-20,Leicester,Tottenham,0,football-data.co.uk,2020-12-21,away,,,,,,,,,17,4,,,,,,,,,,,,,,,,,,,,,,25.0,,,,,,,
2021_20201220_tottenham_leicester,2021,2020-12-20,Tottenham,Leicester,1,football-data.co.uk,2020-12-21,home,,,,,,,,,8,3,,,,,,,,,,,,,,,,,,,,,,14.0,,,,,,,
2021_20201220_west_brom_aston_villa,2021,2020-12-20,Aston Villa,West Brom,0,football-data.co.uk,2020-12-21,away,,,,,,,,,19,10,,,,,,,,,,,,,,,,,,,,,,39.0,,,,,,,
2021_20201220_west_brom_aston_villa,2021,2020-12-20,West Brom,Aston Villa,1,football-data.co.uk,2020-12-21,home,,,,,,,,,1,1,,,,,,,,,,,,,,,,,,,,,,3.0,,,,,,,
2021_20201221_burnley_wolves,2021,2020-12-21,Wolves,Burnley,0,football-data.co.uk,2020-12-22,away,,,,,,,,,15,3,,,,,,,,,,,,,,,,,,,,,,21.0,,,,,,,
2021_20201221_burnley_wolves,2021,2020-12-21,Burnley,Wolves,1,football-data.co.uk,2020-12-22,home,,,,,,,,,10,4,,,,,,,,,,,,,,,,,,,,,,18.0,,,,,,,
2021_20201221_chelsea_west_ham,2021,2020-12-21,West Ham,Chelsea,0,football-data.co.uk,2020-12-22,away,,,,,,,,,6,0,,,,,,,,,,,,,,,,,,,,,,6.0,,,,,,,
2021_20201221_chelsea_west_ham,2021,2020-12-21,Chelsea,West Ham,1,football-data.co.uk,2020-12-22,home,,,,,,,,,11,7,,,,,,,,,,,,,,,,,,,,,,25.0,,,,,,,
2021_20201226_arsenal_chelsea,2021,2020-12-26,Chelsea,Arsenal,0,football-data.co.uk,2020-12-27,away,,,,,,,,,19,3,,,,,,,,,,,,,,,,,,,,,,25.0,,,,,,,
2021_20201226_arsenal_chelsea,2021,2020-12-26,Arsenal,Chelsea,1,football-data.co.uk,2020-12-27,home,,,,,,,,,15,7,,,,,,,,,,,,,,,,,,,,,,29.0,,,,,,,
2021_20201226_aston_villa_crystal_palace,2021,2020-12-26,Crystal Palace,Aston Villa,0,football-data.co.uk,2020-12-27,away,,,,,,,,,13,6,,,,,,,,,,,,,,,,,,,,,,25.0,,,,,,,
2021_20201226_aston_villa_crystal_palace,2021,2020-12-26,Aston Villa,Crystal Palace,1,football-data.co.uk,2020-12-27,home,,,,,,,,,21,10,,,,,,,,,,,,,,,,,,,,,,41.0,,,,,,,
2021_20201226_fulham_southampton,2021,2020-12-26,Southampton,Fulham,0,football-data.co.uk,2020-12-27,away,,,,,,,,,3,2,,,,,,,,,,,,,,,,,,,,,,7.0,,,,,,,
2021_20201226_fulham_southampton,2021,2020-12-26,Fulham,Southampton,1,football-data.co.uk,2020-12-27,home,,,,,,,,,10,1,,,,,,,,,,,,,,,,,,,,,,12.0,,,,,,,
2021_20201226_leicester_man_united,2021,2020-12-26,Man United,Leicester,0,football-data.co.uk,2020-12-27,away,,,,,,,,,9,4,,,,,,,,,,,,,,,,,,,,,,17.0,,,,,,,
2021_20201226_leicester_man_united,2021,2020-12-26,Leicester,Man United,1,football-data.co.uk,2020-12-27,home,,,,,,,,,10,2,,,,,,,,,,,,,,,,,,,,,,14.0,,,,,,,
2021_20201226_man_city_newcastle,2021,2020-12-26,Newcastle,Man City,0,football-data.co.uk,2020-12-27,away,,,,,,,,,7,2,,,,,,,,,,,,,,,,,,,,,,11.0,,,,,,,
2021_20201226_man_city_newcastle,2021,2020-12-26,Man City,Newcastle,1,football-data.co.uk,2020-12-27,home,,,,,,,,,11,6,,,,,,,,,,,,,,,,,,,,,,23.0,,,,,,,
2021_20201226_sheffield_united_everton,2021,2020-12-26,Everton,Sheffield United,0,football-data.co.uk,2020-12-27,away,,,,,,,,,7,3,,,,,,,,,,,,,,,,,,,,,,13.0,,,,,,,
2021_20201226_sheffield_united_everton,2021,2020-12-26,Sheffield United,Everton,1,football-data.co.uk,2020-12-27,home,,,,,,,,,10,2,,,,,,,,,,,,,,,,,,,,,,14.0,,,,,,,
2021_20201227_leeds_burnley,2021,2020-12-27,Burnley,Leeds,0,football-data.co.uk,2020-12-28,away,,,,,,,,,14,6,,,,,,,,,,,,,,,,,,,,,,26.0,,,,,,,
2021_20201227_leeds_burnley,2021,2020-12-27,Leeds,Burnley,1,football-data.co.uk,2020-12-28,home,,,,,,,,,11,4,,,,,,,,,,,,,,,,,,,,,,19.0,,,,,,,
2021_20201227_liverpool_west_brom,2021,2020-12-27,West Brom,Liverpool,0,football-data.co.uk,2020-12-28,away,,,,,,,,,5,3,,,,,,,,,,,,,,,,,,,,,,11.0,,,,,,,
2021_20201227_liverpool_west_brom,2021,2020-12-27,Liverpool,West Brom,1,football-data.co.uk,2020-12-28,home,,,,,,,,,17,2,,,,,,,,,,,,,,,,,,,,,,21.0,,,,,,,
2021_20201227_west_ham_brighton,2021,2020-12-27,Brighton,West Ham,0,football-data.co.uk,2020-12-28,away,,,,,,,,,13,4,,,,,,,,,,,,,,,,,,,,,,21.0,,,,,,,
2021_20201227_west_ham_brighton,2021,2020-12-27,West Ham,Brighton,1,football-data.co.uk,2020-12-28,home,,,,,,,,,11,4,,,,,,,,,,,,,,,,,,,,,,19.0,,,,,,,
2021_20201227_wolves_tottenham,2021,2020-12-27,Tottenham,Wolves,0,football-data.co.uk,2020-12-28,away,,,,,,,,,6,3,,,,,,,,,,,,,,,,,,,,,,12.0,,,,,,,
2021_20201227_wolves_tottenham,2021,2020-12-27,Wolves,Tottenham,1,football-data.co.uk,2020-12-28,home,,,,,,,,,11,6,,,,,,,,,,,,,,,,,,,,,,23.0,,,,,,,
2021_20201228_chelsea_aston_villa,2021,2020-12-28,Aston Villa,Chelsea,0,football-data.co.uk,2020-12-29,away,,,,,,,,,10,2,,,,,,,,,,,,,,,,,,,,,,14.0,,,,,,,
2021_20201228_chelsea_aston_villa,2021,2020-12-28,Chelsea,Aston Villa,1,football-data.co.uk,2020-12-29,home,,,,,,,,,16,5,,,,,,,,,,,,,,,,,,,,,,26.0,,,,,,,
2021_20201228_crystal_palace_leicester,2021,2020-12-28,Leicester,Crystal Palace,0,football-data.co.uk,2020-12-29,away,,,,,,,,,17,3,,,,,,,,,,,,,,,,,,,,,,23.0,,,,,,,
2021_20201228_crystal_palace_leicester,2021,2020-12-28,Crystal Palace,Leicester,1,football-data.co.uk,2020-12-29,home,,,,,,,,,4,1,,,,,,,,,,,,,,,,,,,,,,6.0,,,,,,,
2021_20201229_brighton_arsenal,2021,2020-12-29,Arsenal,Brighton,0,football-data.co.uk,2020-12-30,away,,,,,,,,,11,3,,,,,,,,,,,,,,,,,,,,,,17.0,,,,,,,
2021_20201229_brighton_arsenal,2021,2020-12-29,Brighton,Arsenal,1,football-data.co.uk,2020-12-30,home,,,,,,,,,13,2,,,,,,,,,,,,,,,,,,,,,,17.0,,,,,,,
2021_20201229_burnley_sheffield_united,2021,2020-12-29,Sheffield United,Burnley,0,football-data.co.uk,2020-12-30,away,,,,,,,,,7,3,,,,,,,,,,,,,,,,,,,,,,13.0,,,,,,,
2021_20201229_burnley_sheffield_united,2021,2020-12-29,Burnley,Sheffield United,1,football-data.co.uk,2020-12-30,home,,,,,,,,,5,3,,,,,,,,,,,,,,,,,,,,,,11.0,,,,,,,
2021_20201229_man_united_wolves,2021,2020-12-29,Wolves,Man United,0,football-data.co.uk,2020-12-30,away,,,,,,,,,9,5,,,,,,,,,,,,,,,,,,,,,,19.0,,,,,,,
2021_20201229_man_united_wolves,2021,2020-12-29,Man United,Wolves,1,football-data.co.uk,2020-12-30,home,,,,,,,,,11,3,,,,,,,,,,,,,,,,,,,,,,17.0,,,,,,,
2021_20201229_southampton_west_ham,2021,2020-12-29,West Ham,Southampton,0,football-data.co.uk,2020-12-30,away,,,,,,,,,8,3,,,,,,,,,,,,,,,,,,,,,,14.0,,,,,,,
2021_20201229_southampton_west_ham,2021,2020-12-29,Southampton,West Ham,1,football-data.co.uk,2020-12-30,home,,,,,,,,,8,3,,,,,,,,,,,,,,,,,,,,,,14.0,,,,,,,
2021_20201229_west_brom_leeds,2021,2020-12-29,Leeds,West Brom,0,football-data.co.uk,2020-12-30,away,,,,,,,,,14,6,,,,,,,,,,,,,,,,,,,,,,26.0,,,,,,,
2021_20201229_west_brom_leeds,2021,2020-12-29,West Brom,Leeds,1,football-data.co.uk,2020-12-30,home,,,,,,,,,4,1,,,,,,,,,,,,,,,,,,,,,,6.0,,,,,,,
2021_20201230_newcastle_liverpool,2021,2020-12-30,Liverpool,Newcastle,0,football-data.co.uk,2020-12-31,away,,,,,,,,,11,4,,,,,,,,,,,,,,,,,,,,,,19.0,,,,,,,
2021_20201230_newcastle_liverpool,2021,2020-12-30,Newcastle,Liverpool,1,football-data.co.uk,2020-12-31,home,,,,,,,,,8,2,,,,,,,,,,,,,,,,,,,,,,12.0,,,,,,,
2021_20210101_everton_west_ham,2021,2021-01-01,West Ham,Everton,0,football-data.co.uk,2021-01-02,away,,,,,,,,,11,5,,,,,,,,,,,,,,,,,,,,,,21.0,,,,,,,
2021_20210101_everton_west_ham,2021,2021-01-01,Everton,West Ham,1,football-data.co.uk,2021-01-02,home,,,,,,,,,10,2,,,,,,,,,,,,,,,,,,,,,,14.0,,,,,,,
2021_20210101_man_united_aston_villa,2021,2021-01-01,Aston Villa,Man United,0,football-data.co.uk,2021-01-02,away,,,,,,,,,5,5,,,,,,,,,,,,,,,,,,,,,,15.0,,,,,,,
2021_20210101_man_united_aston_villa,2021,2021-01-01,Man United,Aston Villa,1,football-data.co.uk,2021-01-02,home,,,,,,,,,19,9,,,,,,,,,,,,,,,,,,,,,,37.0,,,,,,,
2021_20210102_brighton_wolves,2021,2021-01-02,Wolves,Brighton,0,football-data.co.uk,2021-01-03,away,,,,,,,,,11,4,,,,,,,,,,,,,,,,,,,,,,19.0,,,,,,,
2021_20210102_brighton_wolves,2021,2021-01-02,Brighton,Wolves,1,football-data.co.uk,2021-01-03,home,,,,,,,,,13,4,,,,,,,,,,,,,,,,,,,,,,21.0,,,,,,,
2021_20210102_crystal_palace_sheffield_united,2021,2021-01-02,Sheffield United,Crystal Palace,0,football-data.co.uk,2021-01-03,away,,,,,,,,,7,2,,,,,,,,,,,,,,,,,,,,,,11.0,,,,,,,
2021_20210102_crystal_palace_sheffield_united,2021,2021-01-02,Crystal Palace,Sheffield United,1,football-data.co.uk,2021-01-03,home,,,,,,,,,9,4,,,,,,,,,,,,,,,,,,,,,,17.0,,,,,,,
2021_20210102_tottenham_leeds,2021,2021-01-02,Leeds,Tottenham,0,football-data.co.uk,2021-01-03,away,,,,,,,,,18,5,,,,,,,,,,,,,,,,,,,,,,28.0,,,,,,,
2021_20210102_tottenham_leeds,2021,2021-01-02,Tottenham,Leeds,1,football-data.co.uk,2021-01-03,home,,,,,,,,,20,7,,,,,,,,,,,,,,,,,,,,,,34.0,,,,,,,
2021_20210102_west_brom_arsenal,2021,2021-01-02,Arsenal,West Brom,0,football-data.co.uk,2021-01-03,away,,,,,,,,,21,12,,,,,,,,,,,,,,,,,,,,,,45.0,,,,,,,
2021_20210102_west_brom_arsenal,2021,2021-01-02,West Brom,Arsenal,1,football-data.co.uk,2021-01-03,home,,,,,,,,,7,3,,,,,,,,,,,,,,,,,,,,,,13.0,,,,,,,
2021_20210103_chelsea_man_city,2021,2021-01-03,Man City,Chelsea,0,football-data.co.uk,2021-01-04,away,,,,,,,,,18,6,,,,,,,,,,,,,,,,,,,,,,30.0,,,,,,,
2021_20210103_chelsea_man_city,2021,2021-01-03,Chelsea,Man City,1,football-data.co.uk,2021-01-04,home,,,,,,,,,9,2,,,,,,,,,,,,,,,,,,,,,,13.0,,,,,,,
2021_20210103_newcastle_leicester,2021,2021-01-03,Leicester,Newcastle,0,football-data.co.uk,2021-01-04,away,,,,,,,,,9,3,,,,,,,,,,,,,,,,,,,,,,15.0,,,,,,,
2021_20210103_newcastle_leicester,2021,2021-01-03,Newcastle,Leicester,1,football-data.co.uk,2021-01-04,home,,,,,,,,,8,2,,,,,,,,,,,,,,,,,,,,,,12.0,,,,,,,
2021_20210104_southampton_liverpool,2021,2021-01-04,Liverpool,Southampton,0,football-data.co.uk,2021-01-05,away,,,,,,,,,17,1,,,,,,,,,,,,,,,,,,,,,,19.0,,,,,,,
2021_20210104_southampton_liverpool,2021,2021-01-04,Southampton,Liverpool,1,football-data.co.uk,2021-01-05,home,,,,,,,,,7,3,,,,,,,,,,,,,,,,,,,,,,13.0,,,,,,,
2021_20210112_burnley_man_united,2021,2021-01-12,Man United,Burnley,0,football-data.co.uk,2021-01-13,away,,,,,,,,,13,7,,,,,,,,,,,,,,,,,,,,,,27.0,,,,,,,
2021_20210112_burnley_man_united,2021,2021-01-12,Burnley,Man United,1,football-data.co.uk,2021-01-13,home,,,,,,,,,11,0,,,,,,,,,,,,,,,,,,,,,,11.0,,,,,,,
2021_20210112_sheffield_united_newcastle,2021,2021-01-12,Newcastle,Sheffield United,0,football-data.co.uk,2021-01-13,away,,,,,,,,,7,3,,,,,,,,,,,,,,,,,,,,,,13.0,,,,,,,
2021_20210112_sheffield_united_newcastle,2021,2021-01-12,Sheffield United,Newcastle,1,football-data.co.uk,2021-01-13,home,,,,,,,,,17,4,,,,,,,,,,,,,,,,,,,,,,25.0,,,,,,,
2021_20210112_wolves_everton,2021,2021-01-12,Everton,Wolves,0,football-data.co.uk,2021-01-13,away,,,,,,,,,5,3,,,,,,,,,,,,,,,,,,,,,,11.0,,,,,,,
2021_20210112_wolves_everton,2021,2021-01-12,Wolves,Everton,1,football-data.co.uk,2021-01-13,home,,,,,,,,,12,3,,,,,,,,,,,,,,,,,,,,,,18.0,,,,,,,
2021_20210113_man_city_brighton,2021,2021-01-13,Brighton,Man City,0,football-data.co.uk,2021-01-14,away,,,,,,,,,5,1,,,,,,,,,,,,,,,,,,,,,,7.0,,,,,,,
2021_20210113_man_city_brighton,2021,2021-01-13,Man City,Brighton,1,football-data.co.uk,2021-01-14,home,,,,,,,,,16,6,,,,,,,,,,,,,,,,,,,,,,28.0,,,,,,,
2021_20210113_tottenham_fulham,2021,2021-01-13,Fulham,Tottenham,0,football-data.co.uk,2021-01-14,away,,,,,,,,,15,4,,,,,,,,,,,,,,,,,,,,,,23.0,,,,,,,
2021_20210113_tottenham_fulham,2021,2021-01-13,Tottenham,Fulham,1,football-data.co.uk,2021-01-14,home,,,,,,,,,15,6,,,,,,,,,,,,,,,,,,,,,,27.0,,,,,,,
2021_20210114_arsenal_crystal_palace,2021,2021-01-14,Crystal Palace,Arsenal,0,football-data.co.uk,2021-01-15,away,,,,,,,,,12,2,,,,,,,,,,,,,,,,,,,,,,16.0,,,,,,,
2021_20210114_arsenal_crystal_palace,2021,2021-01-14,Arsenal,Crystal Palace,1,football-data.co.uk,2021-01-15,home,,,,,,,,,11,4,,,,,,,,,,,,,,,,,,,,,,19.0,,,,,,,
2021_20210116_fulham_chelsea,2021,2021-01-16,Chelsea,Fulham,0,football-data.co.uk,2021-01-17,away,,,,,,,,,21,6,,,,,,,,,,,,,,,,,,,,,,33.0,,,,,,,
2021_20210116_fulham_chelsea,2021,2021-01-16,Fulham,Chelsea,1,football-data.co.uk,2021-01-17,home,,,,,,,,,10,3,,,,,,,,,,,,,,,,,,,,,,16.0,,,,,,,
2021_20210116_leeds_brighton,2021,2021-01-16,Brighton,Leeds,0,football-data.co.uk,2021-01-17,away,,,,,,,,,7,2,,,,,,,,,,,,,,,,,,,,,,11.0,,,,,,,
2021_20210116_leeds_brighton,2021,2021-01-16,Leeds,Brighton,1,football-data.co.uk,2021-01-17,home,,,,,,,,,7,2,,,,,,,,,,,,,,,,,,,,,,11.0,,,,,,,
2021_20210116_leicester_southampton,2021,2021-01-16,Southampton,Leicester,0,football-data.co.uk,2021-01-17,away,,,,,,,,,8,3,,,,,,,,,,,,,,,,,,,,,,14.0,,,,,,,
2021_20210116_leicester_southampton,2021,2021-01-16,Leicester,Southampton,1,football-data.co.uk,2021-01-17,home,,,,,,,,,16,5,,,,,,,,,,,,,,,,,,,,,,26.0,,,,,,,
2021_20210116_west_ham_burnley,2021,2021-01-16,Burnley,West Ham,0,football-data.co.uk,2021-01-17,away,,,,,,,,,10,2,,,,,,,,,,,,,,,,,,,,,,14.0,,,,,,,
2021_20210116_west_ham_burnley,2021,2021-01-16,West Ham,Burnley,1,football-data.co.uk,2021-01-17,home,,,,,,,,,15,4,,,,,,,,,,,,,,,,,,,,,,23.0,,,,,,,
2021_20210116_wolves_west_brom,2021,2021-01-16,West Brom,Wolves,0,football-data.co.uk,2021-01-17,away,,,,,,,,,12,5,,,,,,,,,,,,,,,,,,,,,,22.0,,,,,,,
2021_20210116_wolves_west_brom,2021,2021-01-16,Wolves,West Brom,1,football-data.co.uk,2021-01-17,home,,,,,,,,,23,6,,,,,,,,,,,,,,,,,,,,,,35.0,,,,,,,
2021_20210117_liverpool_man_united,2021,2021-01-17,Man United,Liverpool,0,football-data.co.uk,2021-01-18,away,,,,,,,,,8,4,,,,,,,,,,,,,,,,,,,,,,16.0,,,,,,,
2021_20210117_liverpool_man_united,2021,2021-01-17,Liverpool,Man United,1,football-data.co.uk,2021-01-18,home,,,,,,,,,17,3,,,,,,,,,,,,,,,,,,,,,,23.0,,,,,,,
2021_20210117_man_city_crystal_palace,2021,2021-01-17,Crystal Palace,Man City,0,football-data.co.uk,2021-01-18,away,,,,,,,,,2,0,,,,,,,,,,,,,,,,,,,,,,2.0,,,,,,,
2021_20210117_man_city_crystal_palace,2021,2021-01-17,Man City,Crystal Palace,1,football-data.co.uk,2021-01-18,home,,,,,,,,,13,6,,,,,,,,,,,,,,,,,,,,,,25.0,,,,,,,
2021_20210117_sheffield_united_tottenham,2021,2021-01-17,Tottenham,Sheffield United,0,football-data.co.uk,2021-01-18,away,,,,,,,,,14,5,,,,,,,,,,,,,,,,,,,,,,24.0,,,,,,,
2021_20210117_sheffield_united_tottenham,2021,2021-01-17,Sheffield United,Tottenham,1,football-data.co.uk,2021-01-18,home,,,,,,,,,15,5,,,,,,,,,,,,,,,,,,,,,,25.0,,,,,,,
2021_20210118_arsenal_newcastle,2021,2021-01-18,Newcastle,Arsenal,0,football-data.co.uk,2021-01-19,away,,,,,,,,,4,1,,,,,,,,,,,,,,,,,,,,,,6.0,,,,,,,
2021_20210118_arsenal_newcastle,2021,2021-01-18,Arsenal,Newcastle,1,football-data.co.uk,2021-01-19,home,,,,,,,,,20,6,,,,,,,,,,,,,,,,,,,,,,32.0,,,,,,,
2021_20210119_leicester_chelsea,2021,2021-01-19,Chelsea,Leicester,0,football-data.co.uk,2021-01-20,away,,,,,,,,,9,5,,,,,,,,,,,,,,,,,,,,,,19.0,,,,,,,
2021_20210119_leicester_chelsea,2021,2021-01-19,Leicester,Chelsea,1,football-data.co.uk,2021-01-20,home,,,,,,,,,8,6,,,,,,,,,,,,,,,,,,,,,,20.0,,,,,,,
2021_20210119_west_ham_west_brom,2021,2021-01-19,West Brom,West Ham,0,football-data.co.uk,2021-01-20,away,,,,,,,,,6,2,,,,,,,,,,,,,,,,,,,,,,10.0,,,,,,,
2021_20210119_west_ham_west_brom,2021,2021-01-19,West Ham,West Brom,1,football-data.co.uk,2021-01-20,home,,,,,,,,,14,6,,,,,,,,,,,,,,,,,,,,,,26.0,,,,,,,
2021_20210120_fulham_man_united,2021,2021-01-20,Man United,Fulham,0,football-data.co.uk,2021-01-21,away,,,,,,,,,15,5,,,,,,,,,,,,,,,,,,,,,,25.0,,,,,,,
2021_20210120_fulham_man_united,2021,2021-01-20,Fulham,Man United,1,football-data.co.uk,2021-01-21,home,,,,,,,,,12,5,,,,,,,,,,,,,,,,,,,,,,22.0,,,,,,,
2021_20210120_man_city_aston_villa,2021,2021-01-20,Aston Villa,Man City,0,football-data.co.uk,2021-01-21,away,,,,,,,,,11,4,,,,,,,,,,,,,,,,,,,,,,19.0,,,,,,,
2021_20210120_man_city_aston_villa,2021,2021-01-20,Man City,Aston Villa,1,football-data.co.uk,2021-01-21,home,,,,,,,,,28,9,,,,,,,,,,,,,,,,,,,,,,46.0,,,,,,,
2021_20210121_liverpool_burnley,2021,2021-01-21,Burnley,Liverpool,0,football-data.co.uk,2021-01-22,away,,,,,,,,,6,4,,,,,,,,,,,,,,,,,,,,,,14.0,,,,,,,
2021_20210121_liverpool_burnley,2021,2021-01-21,Liverpool,Burnley,1,football-data.co.uk,2021-01-22,home,,,,,,,,,27,6,,,,,,,,,,,,,,,,,,,,,,39.0,,,,,,,
2021_20210123_aston_villa_newcastle,2021,2021-01-23,Newcastle,Aston Villa,0,football-data.co.uk,2021-01-24,away,,,,,,,,,7,1,,,,,,,,,,,,,,,,,,,,,,9.0,,,,,,,
2021_20210123_aston_villa_newcastle,2021,2021-01-23,Aston Villa,Newcastle,1,football-data.co.uk,2021-01-24,home,,,,,,,,,14,5,,,,,,,,,,,,,,,,,,,,,,24.0,,,,,,,
2021_20210126_crystal_palace_west_ham,2021,2021-01-26,West Ham,Crystal Palace,0,football-data.co.uk,2021-01-27,away,,,,,,,,,17,7,,,,,,,,,,,,,,,,,,,,,,31.0,,,,,,,
2021_20210126_crystal_palace_west_ham,2021,2021-01-26,Crystal Palace,West Ham,1,football-data.co.uk,2021-01-27,home,,,,,,,,,6,3,,,,,,,,,,,,,,,,,,,,,,12.0,,,,,,,
2021_20210126_newcastle_leeds,2021,2021-01-26,Leeds,Newcastle,0,football-data.co.uk,2021-01-27,away,,,,,,,,,9,2,,,,,,,,,,,,,,,,,,,,,,13.0,,,,,,,
2021_20210126_newcastle_leeds,2021,2021-01-26,Newcastle,Leeds,1,football-data.co.uk,2021-01-27,home,,,,,,,,,22,5,,,,,,,,,,,,,,,,,,,,,,32.0,,,,,,,
2021_20210126_southampton_arsenal,2021,2021-01-26,Arsenal,Southampton,0,football-data.co.uk,2021-01-27,away,,,,,,,,,9,5,,,,,,,,,,,,,,,,,,,,,,19.0,,,,,,,
2021_20210126_southampton_arsenal,2021,2021-01-26,Southampton,Arsenal,1,football-data.co.uk,2021-01-27,home,,,,,,,,,13,5,,,,,,,,,,,,,,,,,,,,,,23.0,,,,,,,
2021_20210126_west_brom_man_city,2021,2021-01-26,Man City,West Brom,0,football-data.co.uk,2021-01-27,away,,,,,,,,,18,7,,,,,,,,,,,,,,,,,,,,,,32.0,,,,,,,
2021_20210126_west_brom_man_city,2021,2021-01-26,West Brom,Man City,1,football-data.co.uk,2021-01-27,home,,,,,,,,,4,1,,,,,,,,,,,,,,,,,,,,,,6.0,,,,,,,
2021_20210127_brighton_fulham,2021,2021-01-27,Fulham,Brighton,0,football-data.co.uk,2021-01-28,away,,,,,,,,,10,3,,,,,,,,,,,,,,,,,,,,,,16.0,,,,,,,
2021_20210127_brighton_fulham,2021,2021-01-27,Brighton,Fulham,1,football-data.co.uk,2021-01-28,home,,,,,,,,,16,5,,,,,,,,,,,,,,,,,,,,,,26.0,,,,,,,
2021_20210127_burnley_aston_villa,2021,2021-01-27,Aston Villa,Burnley,0,football-data.co.uk,2021-01-28,away,,,,,,,,,18,10,,,,,,,,,,,,,,,,,,,,,,38.0,,,,,,,
2021_20210127_burnley_aston_villa,2021,2021-01-27,Burnley,Aston Villa,1,football-data.co.uk,2021-01-28,home,,,,,,,,,10,5,,,,,,,,,,,,,,,,,,,,,,20.0,,,,,,,
2021_20210127_chelsea_wolves,2021,2021-01-27,Wolves,Chelsea,0,football-data.co.uk,2021-01-28,away,,,,,,,,,4,0,,,,,,,,,,,,,,,,,,,,,,4.0,,,,,,,
2021_20210127_chelsea_wolves,2021,2021-01-27,Chelsea,Wolves,1,football-data.co.uk,2021-01-28,home,,,,,,,,,14,5,,,,,,,,,,,,,,,,,,,,,,24.0,,,,,,,
2021_20210127_everton_leicester,2021,2021-01-27,Leicester,Everton,0,football-data.co.uk,2021-01-28,away,,,,,,,,,19,6,,,,,,,,,,,,,,,,,,,,,,31.0,,,,,,,
2021_20210127_everton_leicester,2021,2021-01-27,Everton,Leicester,1,football-data.co.uk,2021-01-28,home,,,,,,,,,8,2,,,,,,,,,,,,,,,,,,,,,,12.0,,,,,,,
2021_20210127_man_united_sheffield_united,2021,2021-01-27,Sheffield United,Man United,0,football-data.co.uk,2021-01-28,away,,,,,,,,,5,3,,,,,,,,,,,,,,,,,,,,,,11.0,,,,,,,
2021_20210127_man_united_sheffield_united,2021,2021-01-27,Man United,Sheffield United,1,football-data.co.uk,2021-01-28,home,,,,,,,,,16,4,,,,,,,,,,,,,,,,,,,,,,24.0,,,,,,,
2021_20210128_tottenham_liverpool,2021,2021-01-28,Liverpool,Tottenham,0,football-data.co.uk,2021-01-29,away,,,,,,,,,14,7,,,,,,,,,,,,,,,,,,,,,,28.0,,,,,,,
2021_20210128_tottenham_liverpool,2021,2021-01-28,Tottenham,Liverpool,1,football-data.co.uk,2021-01-29,home,,,,,,,,,3,2,,,,,,,,,,,,,,,,,,,,,,7.0,,,,,,,
2021_20210130_arsenal_man_united,2021,2021-01-30,Man United,Arsenal,0,football-data.co.uk,2021-01-31,away,,,,,,,,,14,3,,,,,,,,,,,,,,,,,,,,,,20.0,,,,,,,
2021_20210130_arsenal_man_united,2021,2021-01-30,Arsenal,Man United,1,football-data.co.uk,2021-01-31,home,,,,,,,,,17,3,,,,,,,,,,,,,,,,,,,,,,23.0,,,,,,,
2021_20210130_crystal_palace_wolves,2021,2021-01-30,Wolves,Crystal Palace,0,football-data.co.uk,2021-01-31,away,,,,,,,,,6,4,,,,,,,,,,,,,,,,,,,,,,14.0,,,,,,,
2021_20210130_crystal_palace_wolves,2021,2021-01-30,Crystal Palace,Wolves,1,football-data.co.uk,2021-01-31,home,,,,,,,,,11,2,,,,,,,,,,,,,,,,,,,,,,15.0,,,,,,,
2021_20210130_everton_newcastle,2021,2021-01-30,Newcastle,Everton,0,football-data.co.uk,2021-01-31,away,,,,,,,,,13,3,,,,,,,,,,,,,,,,,,,,,,19.0,,,,,,,
2021_20210130_everton_newcastle,2021,2021-01-30,Everton,Newcastle,1,football-data.co.uk,2021-01-31,home,,,,,,,,,11,3,,,,,,,,,,,,,,,,,,,,,,17.0,,,,,,,
2021_20210130_man_city_sheffield_united,2021,2021-01-30,Sheffield United,Man City,0,football-data.co.uk,2021-01-31,away,,,,,,,,,4,1,,,,,,,,,,,,,,,,,,,,,,6.0,,,,,,,
2021_20210130_man_city_sheffield_united,2021,2021-01-30,Man City,Sheffield United,1,football-data.co.uk,2021-01-31,home,,,,,,,,,10,5,,,,,,,,,,,,,,,,,,,,,,20.0,,,,,,,
2021_20210130_southampton_aston_villa,2021,2021-01-30,Aston Villa,Southampton,0,football-data.co.uk,2021-01-31,away,,,,,,,,,8,4,,,,,,,,,,,,,,,,,,,,,,16.0,,,,,,,
2021_20210130_southampton_aston_villa,2021,2021-01-30,Southampton,Aston Villa,1,football-data.co.uk,2021-01-31,home,,,,,,,,,20,5,,,,,,,,,,,,,,,,,,,,,,30.0,,,,,,,
2021_20210130_west_brom_fulham,2021,2021-01-30,Fulham,West Brom,0,football-data.co.uk,2021-01-31,away,,,,,,,,,12,7,,,,,,,,,,,,,,,,,,,,,,26.0,,,,,,,
2021_20210130_west_brom_fulham,2021,2021-01-30,West Brom,Fulham,1,football-data.co.uk,2021-01-31,home,,,,,,,,,5,3,,,,,,,,,,,,,,,,,,,,,,11.0,,,,,,,
2021_20210131_brighton_tottenham,2021,2021-01-31,Tottenham,Brighton,0,football-data.co.uk,2021-02-01,away,,,,,,,,,8,4,,,,,,,,,,,,,,,,,,,,,,16.0,,,,,,,
2021_20210131_brighton_tottenham,2021,2021-01-31,Brighton,Tottenham,1,football-data.co.uk,2021-02-01,home,,,,,,,,,16,5,,,,,,,,,,,,,,,,,,,,,,26.0,,,,,,,
2021_20210131_chelsea_burnley,2021,2021-01-31,Burnley,Chelsea,0,football-data.co.uk,2021-02-01,away,,,,,,,,,1,0,,,,,,,,,,,,,,,,,,,,,,1.0,,,,,,,
2021_20210131_chelsea_burnley,2021,2021-01-31,Chelsea,Burnley,1,football-data.co.uk,2021-02-01,home,,,,,,,,,19,8,,,,,,,,,,,,,,,,,,,,,,35.0,,,,,,,
2021_20210131_leicester_leeds,2021,2021-01-31,Leeds,Leicester,0,football-data.co.uk,2021-02-01,away,,,,,,,,,8,7,,,,,,,,,,,,,,,,,,,,,,22.0,,,,,,,
2021_20210131_leicester_leeds,2021,2021-01-31,Leicester,Leeds,1,football-data.co.uk,2021-02-01,home,,,,,,,,,18,8,,,,,,,,,,,,,,,,,,,,,,34.0,,,,,,,
2021_20210131_west_ham_liverpool,2021,2021-01-31,Liverpool,West Ham,0,football-data.co.uk,2021-02-01,away,,,,,,,,,14,5,,,,,,,,,,,,,,,,,,,,,,24.0,,,,,,,
2021_20210131_west_ham_liverpool,2021,2021-01-31,West Ham,Liverpool,1,football-data.co.uk,2021-02-01,home,,,,,,,,,8,2,,,,,,,,,,,,,,,,,,,,,,12.0,,,,,,,
2021_20210202_man_united_southampton,2021,2021-02-02,Southampton,Man United,0,football-data.co.uk,2021-02-03,away,,,,,,,,,3,1,,,,,,,,,,,,,,,,,,,,,,5.0,,,,,,,
2021_20210202_man_united_southampton,2021,2021-02-02,Man United,Southampton,1,football-data.co.uk,2021-02-03,home,,,,,,,,,24,14,,,,,,,,,,,,,,,,,,,,,,52.0,,,,,,,
2021_20210202_newcastle_crystal_palace,2021,2021-02-02,Crystal Palace,Newcastle,0,football-data.co.uk,2021-02-03,away,,,,,,,,,6,3,,,,,,,,,,,,,,,,,,,,,,12.0,,,,,,,
2021_20210202_newcastle_crystal_palace,2021,2021-02-02,Newcastle,Crystal Palace,1,football-data.co.uk,2021-02-03,home,,,,,,,,,21,5,,,,,,,,,,,,,,,,,,,,,,31.0,,,,,,,
2021_20210202_sheffield_united_west_brom,2021,2021-02-02,West Brom,Sheffield United,0,football-data.co.uk,2021-02-03,away,,,,,,,,,8,4,,,,,,,,,,,,,,,,,,,,,,16.0,,,,,,,
2021_20210202_sheffield_united_west_brom,2021,2021-02-02,Sheffield United,West Brom,1,football-data.co.uk,2021-02-03,home,,,,,,,,,14,6,,,,,,,,,,,,,,,,,,,,,,26.0,,,,,,,
2021_20210202_wolves_arsenal,2021,2021-02-02,Arsenal,Wolves,0,football-data.co.uk,2021-02-03,away,,,,,,,,,9,3,,,,,,,,,,,,,,,,,,,,,,15.0,,,,,,,
2021_20210202_wolves_arsenal,2021,2021-02-02,Wolves,Arsenal,1,football-data.co.uk,2021-02-03,home,,,,,,,,,11,7,,,,,,,,,,,,,,,,,,,,,,25.0,,,,,,,
2021_20210203_aston_villa_west_ham,2021,2021-02-03,West Ham,Aston Villa,0,football-data.co.uk,2021-02-04,away,,,,,,,,,20,10,,,,,,,,,,,,,,,,,,,,,,40.0,,,,,,,
2021_20210203_aston_villa_west_ham,2021,2021-02-03,Aston Villa,West Ham,1,football-data.co.uk,2021-02-04,home,,,,,,,,,9,2,,,,,,,,,,,,,,,,,,,,,,13.0,,,,,,,
2021_20210203_burnley_man_city,2021,2021-02-03,Man City,Burnley,0,football-data.co.uk,2021-02-04,away,,,,,,,,,17,6,,,,,,,,,,,,,,,,,,,,,,29.0,,,,,,,
2021_20210203_burnley_man_city,2021,2021-02-03,Burnley,Man City,1,football-data.co.uk,2021-02-04,home,,,,,,,,,2,0,,,,,,,,,,,,,,,,,,,,,,2.0,,,,,,,
2021_20210203_fulham_leicester,2021,2021-02-03,Leicester,Fulham,0,football-data.co.uk,2021-02-04,away,,,,,,,,,9,5,,,,,,,,,,,,,,,,,,,,,,19.0,,,,,,,
2021_20210203_fulham_leicester,2021,2021-02-03,Fulham,Leicester,1,football-data.co.uk,2021-02-04,home,,,,,,,,,8,1,,,,,,,,,,,,,,,,,,,,,,10.0,,,,,,,
2021_20210203_leeds_everton,2021,2021-02-03,Everton,Leeds,0,football-data.co.uk,2021-02-04,away,,,,,,,,,10,6,,,,,,,,,,,,,,,,,,,,,,22.0,,,,,,,
2021_20210203_leeds_everton,2021,2021-02-03,Leeds,Everton,1,football-data.co.uk,2021-02-04,home,,,,,,,,,16,7,,,,,,,,,,,,,,,,,,,,,,30.0,,,,,,,
2021_20210203_liverpool_brighton,2021,2021-02-03,Brighton,Liverpool,0,football-data.co.uk,2021-02-04,away,,,,,,,,,13,4,,,,,,,,,,,,,,,,,,,,,,21.0,,,,,,,
2021_20210203_liverpool_brighton,2021,2021-02-03,Liverpool,Brighton,1,football-data.co.uk,2021-02-04,home,,,,,,,,,11,1,,,,,,,,,,,,,,,,,,,,,,13.0,,,,,,,
2021_20210204_tottenham_chelsea,2021,2021-02-04,Chelsea,Tottenham,0,football-data.co.uk,2021-02-05,away,,,,,,,,,18,2,,,,,,,,,,,,,,,,,,,,,,22.0,,,,,,,
2021_20210204_tottenham_chelsea,2021,2021-02-04,Tottenham,Chelsea,1,football-data.co.uk,2021-02-05,home,,,,,,,,,7,2,,,,,,,,,,,,,,,,,,,,,,11.0,,,,,,,
2021_20210206_aston_villa_arsenal,2021,2021-02-06,Arsenal,Aston Villa,0,football-data.co.uk,2021-02-07,away,,,,,,,,,14,3,,,,,,,,,,,,,,,,,,,,,,20.0,,,,,,,
2021_20210206_aston_villa_arsenal,2021,2021-02-06,Aston Villa,Arsenal,1,football-data.co.uk,2021-02-07,home,,,,,,,,,12,8,,,,,,,,,,,,,,,,,,,,,,28.0,,,,,,,
2021_20210206_burnley_brighton,2021,2021-02-06,Brighton,Burnley,0,football-data.co.uk,2021-02-07,away,,,,,,,,,10,2,,,,,,,,,,,,,,,,,,,,,,14.0,,,,,,,
2021_20210206_burnley_brighton,2021,2021-02-06,Burnley,Brighton,1,football-data.co.uk,2021-02-07,home,,,,,,,,,20,7,,,,,,,,,,,,,,,,,,,,,,34.0,,,,,,,
2021_20210206_fulham_west_ham,2021,2021-02-06,West Ham,Fulham,0,football-data.co.uk,2021-02-07,away,,,,,,,,,8,1,,,,,,,,,,,,,,,,,,,,,,10.0,,,,,,,
2021_20210206_fulham_west_ham,2021,2021-02-06,Fulham,West Ham,1,football-data.co.uk,2021-02-07,home,,,,,,,,,20,2,,,,,,,,,,,,,,,,,,,,,,24.0,,,,,,,
2021_20210206_man_united_everton,2021,2021-02-06,Everton,Man United,0,football-data.co.uk,2021-02-07,away,,,,,,,,,6,3,,,,,,,,,,,,,,,,,,,,,,12.0,,,,,,,
2021_20210206_man_united_everton,2021,2021-02-06,Man United,Everton,1,football-data.co.uk,2021-02-07,home,,,,,,,,,14,5,,,,,,,,,,,,,,,,,,,,,,24.0,,,,,,,
2021_20210206_newcastle_southampton,2021,2021-02-06,Southampton,Newcastle,0,football-data.co.uk,2021-02-07,away,,,,,,,,,14,5,,,,,,,,,,,,,,,,,,,,,,24.0,,,,,,,
2021_20210206_newcastle_southampton,2021,2021-02-06,Newcastle,Southampton,1,football-data.co.uk,2021-02-07,home,,,,,,,,,6,4,,,,,,,,,,,,,,,,,,,,,,14.0,,,,,,,
2021_20210207_liverpool_man_city,2021,2021-02-07,Man City,Liverpool,0,football-data.co.uk,2021-02-08,away,,,,,,,,,8,5,,,,,,,,,,,,,,,,,,,,,,18.0,,,,,,,
2021_20210207_liverpool_man_city,2021,2021-02-07,Liverpool,Man City,1,football-data.co.uk,2021-02-08,home,,,,,,,,,8,3,,,,,,,,,,,,,,,,,,,,,,14.0,,,,,,,
2021_20210207_sheffield_united_chelsea,2021,2021-02-07,Chelsea,Sheffield United,0,football-data.co.uk,2021-02-08,away,,,,,,,,,9,3,,,,,,,,,,,,,,,,,,,,,,15.0,,,,,,,
2021_20210207_sheffield_united_chelsea,2021,2021-02-07,Sheffield United,Chelsea,1,football-data.co.uk,2021-02-08,home,,,,,,,,,8,3,,,,,,,,,,,,,,,,,,,,,,14.0,,,,,,,
2021_20210207_tottenham_west_brom,2021,2021-02-07,West Brom,Tottenham,0,football-data.co.uk,2021-02-08,away,,,,,,,,,4,1,,,,,,,,,,,,,,,,,,,,,,6.0,,,,,,,
2021_20210207_tottenham_west_brom,2021,2021-02-07,Tottenham,West Brom,1,football-data.co.uk,2021-02-08,home,,,,,,,,,13,6,,,,,,,,,,,,,,,,,,,,,,25.0,,,,,,,
2021_20210207_wolves_leicester,2021,2021-02-07,Leicester,Wolves,0,football-data.co.uk,2021-02-08,away,,,,,,,,,13,3,,,,,,,,,,,,,,,,,,,,,,19.0,,,,,,,
2021_20210207_wolves_leicester,2021,2021-02-07,Wolves,Leicester,1,football-data.co.uk,2021-02-08,home,,,,,,,,,13,1,,,,,,,,,,,,,,,,,,,,,,15.0,,,,,,,
2021_20210208_leeds_crystal_palace,2021,2021-02-08,Crystal Palace,Leeds,0,football-data.co.uk,2021-02-09,away,,,,,,,,,8,3,,,,,,,,,,,,,,,,,,,,,,14.0,,,,,,,
2021_20210208_leeds_crystal_palace,2021,2021-02-08,Leeds,Crystal Palace,1,football-data.co.uk,2021-02-09,home,,,,,,,,,17,7,,,,,,,,,,,,,,,,,,,,,,31.0,,,,,,,
2021_20210213_brighton_aston_villa,2021,2021-02-13,Aston Villa,Brighton,0,football-data.co.uk,2021-02-14,away,,,,,,,,,4,1,,,,,,,,,,,,,,,,,,,,,,6.0,,,,,,,
2021_20210213_brighton_aston_villa,2021,2021-02-13,Brighton,Aston Villa,1,football-data.co.uk,2021-02-14,home,,,,,,,,,26,9,,,,,,,,,,,,,,,,,,,,,,44.0,,,,,,,
2021_20210213_crystal_palace_burnley,2021,2021-02-13,Burnley,Crystal Palace,0,football-data.co.uk,2021-02-14,away,,,,,,,,,16,4,,,,,,,,,,,,,,,,,,,,,,24.0,,,,,,,
2021_20210213_crystal_palace_burnley,2021,2021-02-13,Crystal Palace,Burnley,1,football-data.co.uk,2021-02-14,home,,,,,,,,,13,3,,,,,,,,,,,,,,,,,,,,,,19.0,,,,,,,
2021_20210213_leicester_liverpool,2021,2021-02-13,Liverpool,Leicester,0,football-data.co.uk,2021-02-14,away,,,,,,,,,15,4,,,,,,,,,,,,,,,,,,,,,,23.0,,,,,,,
2021_20210213_leicester_liverpool,2021,2021-02-13,Leicester,Liverpool,1,football-data.co.uk,2021-02-14,home,,,,,,,,,11,6,,,,,,,,,,,,,,,,,,,,,,23.0,,,,,,,
2021_20210213_man_city_tottenham,2021,2021-02-13,Tottenham,Man City,0,football-data.co.uk,2021-02-14,away,,,,,,,,,7,3,,,,,,,,,,,,,,,,,,,,,,13.0,,,,,,,
2021_20210213_man_city_tottenham,2021,2021-02-13,Man City,Tottenham,1,football-data.co.uk,2021-02-14,home,,,,,,,,,15,6,,,,,,,,,,,,,,,,,,,,,,27.0,,,,,,,
2021_20210214_arsenal_leeds,2021,2021-02-14,Leeds,Arsenal,0,football-data.co.uk,2021-02-15,away,,,,,,,,,9,5,,,,,,,,,,,,,,,,,,,,,,19.0,,,,,,,
2021_20210214_arsenal_leeds,2021,2021-02-14,Arsenal,Leeds,1,football-data.co.uk,2021-02-15,home,,,,,,,,,13,5,,,,,,,,,,,,,,,,,,,,,,23.0,,,,,,,
2021_20210214_everton_fulham,2021,2021-02-14,Fulham,Everton,0,football-data.co.uk,2021-02-15,away,,,,,,,,,12,3,,,,,,,,,,,,,,,,,,,,,,18.0,,,,,,,
2021_20210214_everton_fulham,2021,2021-02-14,Everton,Fulham,1,football-data.co.uk,2021-02-15,home,,,,,,,,,7,2,,,,,,,,,,,,,,,,,,,,,,11.0,,,,,,,
2021_20210214_southampton_wolves,2021,2021-02-14,Wolves,Southampton,0,football-data.co.uk,2021-02-15,away,,,,,,,,,10,4,,,,,,,,,,,,,,,,,,,,,,18.0,,,,,,,
2021_20210214_southampton_wolves,2021,2021-02-14,Southampton,Wolves,1,football-data.co.uk,2021-02-15,home,,,,,,,,,7,3,,,,,,,,,,,,,,,,,,,,,,13.0,,,,,,,
2021_20210214_west_brom_man_united,2021,2021-02-14,Man United,West Brom,0,football-data.co.uk,2021-02-15,away,,,,,,,,,10,7,,,,,,,,,,,,,,,,,,,,,,24.0,,,,,,,
2021_20210214_west_brom_man_united,2021,2021-02-14,West Brom,Man United,1,football-data.co.uk,2021-02-15,home,,,,,,,,,7,3,,,,,,,,,,,,,,,,,,,,,,13.0,,,,,,,
2021_20210215_chelsea_newcastle,2021,2021-02-15,Newcastle,Chelsea,0,football-data.co.uk,2021-02-16,away,,,,,,,,,10,4,,,,,,,,,,,,,,,,,,,,,,18.0,,,,,,,
2021_20210215_chelsea_newcastle,2021,2021-02-15,Chelsea,Newcastle,1,football-data.co.uk,2021-02-16,home,,,,,,,,,18,5,,,,,,,,,,,,,,,,,,,,,,28.0,,,,,,,
2021_20210215_west_ham_sheffield_united,2021,2021-02-15,Sheffield United,West Ham,0,football-data.co.uk,2021-02-16,away,,,,,,,,,8,5,,,,,,,,,,,,,,,,,,,,,,18.0,,,,,,,
2021_20210215_west_ham_sheffield_united,2021,2021-02-15,West Ham,Sheffield United,1,football-data.co.uk,2021-02-16,home,,,,,,,,,13,9,,,,,,,,,,,,,,,,,,,,,,31.0,,,,,,,
2021_20210217_burnley_fulham,2021,2021-02-17,Fulham,Burnley,0,football-data.co.uk,2021-02-18,away,,,,,,,,,8,3,,,,,,,,,,,,,,,,,,,,,,14.0,,,,,,,
2021_20210217_burnley_fulham,2021,2021-02-17,Burnley,Fulham,1,football-data.co.uk,2021-02-18,home,,,,,,,,,8,3,,,,,,,,,,,,,,,,,,,,,,14.0,,,,,,,
2021_20210217_everton_man_city,2021,2021-02-17,Man City,Everton,0,football-data.co.uk,2021-02-18,away,,,,,,,,,16,7,,,,,,,,,,,,,,,,,,,,,,30.0,,,,,,,
2021_20210217_everton_man_city,2021,2021-02-17,Everton,Man City,1,football-data.co.uk,2021-02-18,home,,,,,,,,,3,2,,,,,,,,,,,,,,,,,,,,,,7.0,,,,,,,
2021_20210219_wolves_leeds,2021,2021-02-19,Leeds,Wolves,0,football-data.co.uk,2021-02-20,away,,,,,,,,,18,7,,,,,,,,,,,,,,,,,,,,,,32.0,,,,,,,
2021_20210219_wolves_leeds,2021,2021-02-19,Wolves,Leeds,1,football-data.co.uk,2021-02-20,home,,,,,,,,,15,5,,,,,,,,,,,,,,,,,,,,,,25.0,,,,,,,
2021_20210220_burnley_west_brom,2021,2021-02-20,West Brom,Burnley,0,football-data.co.uk,2021-02-21,away,,,,,,,,,10,3,,,,,,,,,,,,,,,,,,,,,,16.0,,,,,,,
2021_20210220_burnley_west_brom,2021,2021-02-20,Burnley,West Brom,1,football-data.co.uk,2021-02-21,home,,,,,,,,,6,1,,,,,,,,,,,,,,,,,,,,,,8.0,,,,,,,
2021_20210220_fulham_sheffield_united,2021,2021-02-20,Sheffield United,Fulham,0,football-data.co.uk,2021-02-21,away,,,,,,,,,4,2,,,,,,,,,,,,,,,,,,,,,,8.0,,,,,,,
2021_20210220_fulham_sheffield_united,2021,2021-02-20,Fulham,Sheffield United,1,football-data.co.uk,2021-02-21,home,,,,,,,,,15,7,,,,,,,,,,,,,,,,,,,,,,29.0,,,,,,,
2021_20210220_liverpool_everton,2021,2021-02-20,Everton,Liverpool,0,football-data.co.uk,2021-02-21,away,,,,,,,,,9,6,,,,,,,,,,,,,,,,,,,,,,21.0,,,,,,,
2021_20210220_liverpool_everton,2021,2021-02-20,Liverpool,Everton,1,football-data.co.uk,2021-02-21,home,,,,,,,,,15,6,,,,,,,,,,,,,,,,,,,,,,27.0,,,,,,,
2021_20210220_southampton_chelsea,2021,2021-02-20,Chelsea,Southampton,0,football-data.co.uk,2021-02-21,away,,,,,,,,,9,3,,,,,,,,,,,,,,,,,,,,,,15.0,,,,,,,
2021_20210220_southampton_chelsea,2021,2021-02-20,Southampton,Chelsea,1,football-data.co.uk,2021-02-21,home,,,,,,,,,4,1,,,,,,,,,,,,,,,,,,,,,,6.0,,,,,,,
2021_20210221_arsenal_man_city,2021,2021-02-21,Man City,Arsenal,0,football-data.co.uk,2021-02-22,away,,,,,,,,,15,3,,,,,,,,,,,,,,,,,,,,,,21.0,,,,,,,
2021_20210221_arsenal_man_city,2021,2021-02-21,Arsenal,Man City,1,football-data.co.uk,2021-02-22,home,,,,,,,,,7,1,,,,,,,,,,,,,,,,,,,,,,9.0,,,,,,,
2021_20210221_aston_villa_leicester,2021,2021-02-21,Leicester,Aston Villa,0,football-data.co.uk,2021-02-22,away,,,,,,,,,16,7,,,,,,,,,,,,,,,,,,,,,,30.0,,,,,,,
2021_20210221_aston_villa_leicester,2021,2021-02-21,Aston Villa,Leicester,1,football-data.co.uk,2021-02-22,home,,,,,,,,,11,2,,,,,,,,,,,,,,,,,,,,,,15.0,,,,,,,
2021_20210221_man_united_newcastle,2021,2021-02-21,Newcastle,Man United,0,football-data.co.uk,2021-02-22,away,,,,,,,,,10,6,,,,,,,,,,,,,,,,,,,,,,22.0,,,,,,,
2021_20210221_man_united_newcastle,2021,2021-02-21,Man United,Newcastle,1,football-data.co.uk,2021-02-22,home,,,,,,,,,15,7,,,,,,,,,,,,,,,,,,,,,,29.0,,,,,,,
2021_20210221_west_ham_tottenham,2021,2021-02-21,Tottenham,West Ham,0,football-data.co.uk,2021-02-22,away,,,,,,,,,20,4,,,,,,,,,,,,,,,,,,,,,,28.0,,,,,,,
2021_20210221_west_ham_tottenham,2021,2021-02-21,West Ham,Tottenham,1,football-data.co.uk,2021-02-22,home,,,,,,,,,4,4,,,,,,,,,,,,,,,,,,,,,,12.0,,,,,,,
2021_20210222_brighton_crystal_palace,2021,2021-02-22,Crystal Palace,Brighton,0,football-data.co.uk,2021-02-23,away,,,,,,,,,3,2,,,,,,,,,,,,,,,,,,,,,,7.0,,,,,,,
2021_20210222_brighton_crystal_palace,2021,2021-02-22,Brighton,Crystal Palace,1,football-data.co.uk,2021-02-23,home,,,,,,,,,25,5,,,,,,,,,,,,,,,,,,,,,,35.0,,,,,,,
2021_20210223_leeds_southampton,2021,2021-02-23,Southampton,Leeds,0,football-data.co.uk,2021-02-24,away,,,,,,,,,13,5,,,,,,,,,,,,,,,,,,,,,,23.0,,,,,,,
2021_20210223_leeds_southampton,2021,2021-02-23,Leeds,Southampton,1,football-data.co.uk,2021-02-24,home,,,,,,,,,11,7,,,,,,,,,,,,,,,,,,,,,,25.0,,,,,,,
2021_20210227_leeds_aston_villa,2021,2021-02-27,Aston Villa,Leeds,0,football-data.co.uk,2021-02-28,away,,,,,,,,,9,4,,,,,,,,,,,,,,,,,,,,,,17.0,,,,,,,
2021_20210227_leeds_aston_villa,2021,2021-02-27,Leeds,Aston Villa,1,football-data.co.uk,2021-02-28,home,,,,,,,,,13,3,,,,,,,,,,,,,,,,,,,,,,19.0,,,,,,,
2021_20210227_man_city_west_ham,2021,2021-02-27,West Ham,Man City,0,football-data.co.uk,2021-02-28,away,,,,,,,,,9,3,,,,,,,,,,,,,,,,,,,,,,15.0,,,,,,,
2021_20210227_man_city_west_ham,2021,2021-02-27,Man City,West Ham,1,football-data.co.uk,2021-02-28,home,,,,,,,,,10,3,,,,,,,,,,,,,,,,,,,,,,16.0,,,,,,,
2021_20210227_newcastle_wolves,2021,2021-02-27,Wolves,Newcastle,0,football-data.co.uk,2021-02-28,away,,,,,,,,,14,4,,,,,,,,,,,,,,,,,,,,,,22.0,,,,,,,
2021_20210227_newcastle_wolves,2021,2021-02-27,Newcastle,Wolves,1,football-data.co.uk,2021-02-28,home,,,,,,,,,19,7,,,,,,,,,,,,,,,,,,,,,,33.0,,,,,,,
2021_20210227_west_brom_brighton,2021,2021-02-27,Brighton,West Brom,0,football-data.co.uk,2021-02-28,away,,,,,,,,,15,6,,,,,,,,,,,,,,,,,,,,,,27.0,,,,,,,
2021_20210227_west_brom_brighton,2021,2021-02-27,West Brom,Brighton,1,football-data.co.uk,2021-02-28,home,,,,,,,,,6,2,,,,,,,,,,,,,,,,,,,,,,10.0,,,,,,,
2021_20210228_chelsea_man_united,2021,2021-02-28,Man United,Chelsea,0,football-data.co.uk,2021-03-01,away,,,,,,,,,11,4,,,,,,,,,,,,,,,,,,,,,,19.0,,,,,,,
2021_20210228_chelsea_man_united,2021,2021-02-28,Chelsea,Man United,1,football-data.co.uk,2021-03-01,home,,,,,,,,,18,6,,,,,,,,,,,,,,,,,,,,,,30.0,,,,,,,
2021_20210228_crystal_palace_fulham,2021,2021-02-28,Fulham,Crystal Palace,0,football-data.co.uk,2021-03-01,away,,,,,,,,,16,4,,,,,,,,,,,,,,,,,,,,,,24.0,,,,,,,
2021_20210228_crystal_palace_fulham,2021,2021-02-28,Crystal Palace,Fulham,1,football-data.co.uk,2021-03-01,home,,,,,,,,,3,0,,,,,,,,,,,,,,,,,,,,,,3.0,,,,,,,
2021_20210228_leicester_arsenal,2021,2021-02-28,Arsenal,Leicester,0,football-data.co.uk,2021-03-01,away,,,,,,,,,12,4,,,,,,,,,,,,,,,,,,,,,,20.0,,,,,,,
2021_20210228_leicester_arsenal,2021,2021-02-28,Leicester,Arsenal,1,football-data.co.uk,2021-03-01,home,,,,,,,,,8,3,,,,,,,,,,,,,,,,,,,,,,14.0,,,,,,,
2021_20210228_sheffield_united_liverpool,2021,2021-02-28,Liverpool,Sheffield United,0,football-data.co.uk,2021-03-01,away,,,,,,,,,16,8,,,,,,,,,,,,,,,,,,,,,,32.0,,,,,,,
2021_20210228_sheffield_united_liverpool,2021,2021-02-28,Sheffield United,Liverpool,1,football-data.co.uk,2021-03-01,home,,,,,,,,,8,2,,,,,,,,,,,,,,,,,,,,,,12.0,,,,,,,
2021_20210228_tottenham_burnley,2021,2021-02-28,Burnley,Tottenham,0,football-data.co.uk,2021-03-01,away,,,,,,,,,10,3,,,,,,,,,,,,,,,,,,,,,,16.0,,,,,,,
2021_20210228_tottenham_burnley,2021,2021-02-28,Tottenham,Burnley,1,football-data.co.uk,2021-03-01,home,,,,,,,,,16,7,,,,,,,,,,,,,,,,,,,,,,30.0,,,,,,,
2021_20210301_everton_southampton,2021,2021-03-01,Southampton,Everton,0,football-data.co.uk,2021-03-02,away,,,,,,,,,9,1,,,,,,,,,,,,,,,,,,,,,,11.0,,,,,,,
2021_20210301_everton_southampton,2021,2021-03-01,Everton,Southampton,1,football-data.co.uk,2021-03-02,home,,,,,,,,,7,1,,,,,,,,,,,,,,,,,,,,,,9.0,,,,,,,
2021_20210302_man_city_wolves,2021,2021-03-02,Wolves,Man City,0,football-data.co.uk,2021-03-03,away,,,,,,,,,6,1,,,,,,,,,,,,,,,,,,,,,,8.0,,,,,,,
2021_20210302_man_city_wolves,2021,2021-03-02,Man City,Wolves,1,football-data.co.uk,2021-03-03,home,,,,,,,,,22,10,,,,,,,,,,,,,,,,,,,,,,42.0,,,,,,,
2021_20210303_burnley_leicester,2021,2021-03-03,Leicester,Burnley,0,football-data.co.uk,2021-03-04,away,,,,,,,,,15,4,,,,,,,,,,,,,,,,,,,,,,23.0,,,,,,,
2021_20210303_burnley_leicester,2021,2021-03-03,Burnley,Leicester,1,football-data.co.uk,2021-03-04,home,,,,,,,,,12,7,,,,,,,,,,,,,,,,,,,,,,26.0,,,,,,,
2021_20210303_crystal_palace_man_united,2021,2021-03-03,Man United,Crystal Palace,0,football-data.co.uk,2021-03-04,away,,,,,,,,,11,1,,,,,,,,,,,,,,,,,,,,,,13.0,,,,,,,
2021_20210303_crystal_palace_man_united,2021,2021-03-03,Crystal Palace,Man United,1,football-data.co.uk,2021-03-04,home,,,,,,,,,8,2,,,,,,,,,,,,,,,,,,,,,,12.0,,,,,,,
2021_20210303_sheffield_united_aston_villa,2021,2021-03-03,Aston Villa,Sheffield United,0,football-data.co.uk,2021-03-04,away,,,,,,,,,16,4,,,,,,,,,,,,,,,,,,,,,,24.0,,,,,,,
2021_20210303_sheffield_united_aston_villa,2021,2021-03-03,Sheffield United,Aston Villa,1,football-data.co.uk,2021-03-04,home,,,,,,,,,9,2,,,,,,,,,,,,,,,,,,,,,,13.0,,,,,,,
2021_20210304_fulham_tottenham,2021,2021-03-04,Tottenham,Fulham,0,football-data.co.uk,2021-03-05,away,,,,,,,,,9,2,,,,,,,,,,,,,,,,,,,,,,13.0,,,,,,,
2021_20210304_fulham_tottenham,2021,2021-03-04,Fulham,Tottenham,1,football-data.co.uk,2021-03-05,home,,,,,,,,,11,3,,,,,,,,,,,,,,,,,,,,,,17.0,,,,,,,
2021_20210304_liverpool_chelsea,2021,2021-03-04,Chelsea,Liverpool,0,football-data.co.uk,2021-03-05,away,,,,,,,,,11,5,,,,,,,,,,,,,,,,,,,,,,21.0,,,,,,,
2021_20210304_liverpool_chelsea,2021,2021-03-04,Liverpool,Chelsea,1,football-data.co.uk,2021-03-05,home,,,,,,,,,7,1,,,,,,,,,,,,,,,,,,,,,,9.0,,,,,,,
2021_20210304_west_brom_everton,2021,2021-03-04,Everton,West Brom,0,football-data.co.uk,2021-03-05,away,,,,,,,,,11,3,,,,,,,,,,,,,,,,,,,,,,17.0,,,,,,,
2021_20210304_west_brom_everton,2021,2021-03-04,West Brom,Everton,1,football-data.co.uk,2021-03-05,home,,,,,,,,,11,3,,,,,,,,,,,,,,,,,,,,,,17.0,,,,,,,
2021_20210306_aston_villa_wolves,2021,2021-03-06,Wolves,Aston Villa,0,football-data.co.uk,2021-03-07,away,,,,,,,,,10,2,,,,,,,,,,,,,,,,,,,,,,14.0,,,,,,,
2021_20210306_aston_villa_wolves,2021,2021-03-06,Aston Villa,Wolves,1,football-data.co.uk,2021-03-07,home,,,,,,,,,9,1,,,,,,,,,,,,,,,,,,,,,,11.0,,,,,,,
2021_20210306_brighton_leicester,2021,2021-03-06,Leicester,Brighton,0,football-data.co.uk,2021-03-07,away,,,,,,,,,8,4,,,,,,,,,,,,,,,,,,,,,,16.0,,,,,,,
2021_20210306_brighton_leicester,2021,2021-03-06,Brighton,Leicester,1,football-data.co.uk,2021-03-07,home,,,,,,,,,7,2,,,,,,,,,,,,,,,,,,,,,,11.0,,,,,,,
2021_20210306_burnley_arsenal,2021,2021-03-06,Arsenal,Burnley,0,football-data.co.uk,2021-03-07,away,,,,,,,,,15,3,,,,,,,,,,,,,,,,,,,,,,21.0,,,,,,,
2021_20210306_burnley_arsenal,2021,2021-03-06,Burnley,Arsenal,1,football-data.co.uk,2021-03-07,home,,,,,,,,,9,5,,,,,,,,,,,,,,,,,,,,,,19.0,,,,,,,
2021_20210306_sheffield_united_southampton,2021,2021-03-06,Southampton,Sheffield United,0,football-data.co.uk,2021-03-07,away,,,,,,,,,15,5,,,,,,,,,,,,,,,,,,,,,,25.0,,,,,,,
2021_20210306_sheffield_united_southampton,2021,2021-03-06,Sheffield United,Southampton,1,football-data.co.uk,2021-03-07,home,,,,,,,,,8,2,,,,,,,,,,,,,,,,,,,,,,12.0,,,,,,,
2021_20210307_liverpool_fulham,2021,2021-03-07,Fulham,Liverpool,0,football-data.co.uk,2021-03-08,away,,,,,,,,,10,3,,,,,,,,,,,,,,,,,,,,,,16.0,,,,,,,
2021_20210307_liverpool_fulham,2021,2021-03-07,Liverpool,Fulham,1,football-data.co.uk,2021-03-08,home,,,,,,,,,16,3,,,,,,,,,,,,,,,,,,,,,,22.0,,,,,,,
2021_20210307_man_city_man_united,2021,2021-03-07,Man United,Man City,0,football-data.co.uk,2021-03-08,away,,,,,,,,,8,6,,,,,,,,,,,,,,,,,,,,,,20.0,,,,,,,
2021_20210307_man_city_man_united,2021,2021-03-07,Man City,Man United,1,football-data.co.uk,2021-03-08,home,,,,,,,,,23,6,,,,,,,,,,,,,,,,,,,,,,35.0,,,,,,,
2021_20210307_tottenham_crystal_palace,2021,2021-03-07,Crystal Palace,Tottenham,0,football-data.co.uk,2021-03-08,away,,,,,,,,,5,1,,,,,,,,,,,,,,,,,,,,,,7.0,,,,,,,
2021_20210307_tottenham_crystal_palace,2021,2021-03-07,Tottenham,Crystal Palace,1,football-data.co.uk,2021-03-08,home,,,,,,,,,12,5,,,,,,,,,,,,,,,,,,,,,,22.0,,,,,,,
2021_20210307_west_brom_newcastle,2021,2021-03-07,Newcastle,West Brom,0,football-data.co.uk,2021-03-08,away,,,,,,,,,9,5,,,,,,,,,,,,,,,,,,,,,,19.0,,,,,,,
2021_20210307_west_brom_newcastle,2021,2021-03-07,West Brom,Newcastle,1,football-data.co.uk,2021-03-08,home,,,,,,,,,13,3,,,,,,,,,,,,,,,,,,,,,,19.0,,,,,,,
2021_20210308_chelsea_everton,2021,2021-03-08,Everton,Chelsea,0,football-data.co.uk,2021-03-09,away,,,,,,,,,7,1,,,,,,,,,,,,,,,,,,,,,,9.0,,,,,,,
2021_20210308_chelsea_everton,2021,2021-03-08,Chelsea,Everton,1,football-data.co.uk,2021-03-09,home,,,,,,,,,19,9,,,,,,,,,,,,,,,,,,,,,,37.0,,,,,,,
2021_20210308_west_ham_leeds,2021,2021-03-08,Leeds,West Ham,0,football-data.co.uk,2021-03-09,away,,,,,,,,,17,2,,,,,,,,,,,,,,,,,,,,,,21.0,,,,,,,
2021_20210308_west_ham_leeds,2021,2021-03-08,West Ham,Leeds,1,football-data.co.uk,2021-03-09,home,,,,,,,,,16,5,,,,,,,,,,,,,,,,,,,,,,26.0,,,,,,,
2021_20210310_man_city_southampton,2021,2021-03-10,Southampton,Man City,0,football-data.co.uk,2021-03-11,away,,,,,,,,,11,6,,,,,,,,,,,,,,,,,,,,,,23.0,,,,,,,
2021_20210310_man_city_southampton,2021,2021-03-10,Man City,Southampton,1,football-data.co.uk,2021-03-11,home,,,,,,,,,17,10,,,,,,,,,,,,,,,,,,,,,,37.0,,,,,,,
2021_20210312_newcastle_aston_villa,2021,2021-03-12,Aston Villa,Newcastle,0,football-data.co.uk,2021-03-13,away,,,,,,,,,15,6,,,,,,,,,,,,,,,,,,,,,,27.0,,,,,,,
2021_20210312_newcastle_aston_villa,2021,2021-03-12,Newcastle,Aston Villa,1,football-data.co.uk,2021-03-13,home,,,,,,,,,12,3,,,,,,,,,,,,,,,,,,,,,,18.0,,,,,,,
2021_20210313_crystal_palace_west_brom,2021,2021-03-13,West Brom,Crystal Palace,0,football-data.co.uk,2021-03-14,away,,,,,,,,,12,1,,,,,,,,,,,,,,,,,,,,,,14.0,,,,,,,
2021_20210313_crystal_palace_west_brom,2021,2021-03-13,Crystal Palace,West Brom,1,football-data.co.uk,2021-03-14,home,,,,,,,,,6,4,,,,,,,,,,,,,,,,,,,,,,14.0,,,,,,,
2021_20210313_everton_burnley,2021,2021-03-13,Burnley,Everton,0,football-data.co.uk,2021-03-14,away,,,,,,,,,14,5,,,,,,,,,,,,,,,,,,,,,,24.0,,,,,,,
2021_20210313_everton_burnley,2021,2021-03-13,Everton,Burnley,1,football-data.co.uk,2021-03-14,home,,,,,,,,,14,4,,,,,,,,,,,,,,,,,,,,,,22.0,,,,,,,
2021_20210313_fulham_man_city,2021,2021-03-13,Man City,Fulham,0,football-data.co.uk,2021-03-14,away,,,,,,,,,8,7,,,,,,,,,,,,,,,,,,,,,,22.0,,,,,,,
2021_20210313_fulham_man_city,2021,2021-03-13,Fulham,Man City,1,football-data.co.uk,2021-03-14,home,,,,,,,,,3,0,,,,,,,,,,,,,,,,,,,,,,3.0,,,,,,,
2021_20210313_leeds_chelsea,2021,2021-03-13,Chelsea,Leeds,0,football-data.co.uk,2021-03-14,away,,,,,,,,,15,8,,,,,,,,,,,,,,,,,,,,,,31.0,,,,,,,
2021_20210313_leeds_chelsea,2021,2021-03-13,Leeds,Chelsea,1,football-data.co.uk,2021-03-14,home,,,,,,,,,7,4,,,,,,,,,,,,,,,,,,,,,,15.0,,,,,,,
2021_20210314_arsenal_tottenham,2021,2021-03-14,Tottenham,Arsenal,0,football-data.co.uk,2021-03-15,away,,,,,,,,,6,3,,,,,,,,,,,,,,,,,,,,,,12.0,,,,,,,
2021_20210314_arsenal_tottenham,2021,2021-03-14,Arsenal,Tottenham,1,football-data.co.uk,2021-03-15,home,,,,,,,,,13,3,,,,,,,,,,,,,,,,,,,,,,19.0,,,,,,,
2021_20210314_leicester_sheffield_united,2021,2021-03-14,Sheffield United,Leicester,0,football-data.co.uk,2021-03-15,away,,,,,,,,,1,0,,,,,,,,,,,,,,,,,,,,,,1.0,,,,,,,
2021_20210314_leicester_sheffield_united,2021,2021-03-14,Leicester,Sheffield United,1,football-data.co.uk,2021-03-15,home,,,,,,,,,19,10,,,,,,,,,,,,,,,,,,,,,,39.0,,,,,,,
2021_20210314_man_united_west_ham,2021,2021-03-14,West Ham,Man United,0,football-data.co.uk,2021-03-15,away,,,,,,,,,7,0,,,,,,,,,,,,,,,,,,,,,,7.0,,,,,,,
2021_20210314_man_united_west_ham,2021,2021-03-14,Man United,West Ham,1,football-data.co.uk,2021-03-15,home,,,,,,,,,15,4,,,,,,,,,,,,,,,,,,,,,,23.0,,,,,,,
2021_20210314_southampton_brighton,2021,2021-03-14,Brighton,Southampton,0,football-data.co.uk,2021-03-15,away,,,,,,,,,8,6,,,,,,,,,,,,,,,,,,,,,,20.0,,,,,,,
2021_20210314_southampton_brighton,2021,2021-03-14,Southampton,Brighton,1,football-data.co.uk,2021-03-15,home,,,,,,,,,9,4,,,,,,,,,,,,,,,,,,,,,,17.0,,,,,,,
2021_20210315_wolves_liverpool,2021,2021-03-15,Liverpool,Wolves,0,football-data.co.uk,2021-03-16,away,,,,,,,,,12,4,,,,,,,,,,,,,,,,,,,,,,20.0,,,,,,,
2021_20210315_wolves_liverpool,2021,2021-03-15,Wolves,Liverpool,1,football-data.co.uk,2021-03-16,home,,,,,,,,,10,5,,,,,,,,,,,,,,,,,,,,,,20.0,,,,,,,
2021_20210319_fulham_leeds,2021,2021-03-19,Leeds,Fulham,0,football-data.co.uk,2021-03-20,away,,,,,,,,,13,4,,,,,,,,,,,,,,,,,,,,,,21.0,,,,,,,
2021_20210319_fulham_leeds,2021,2021-03-19,Fulham,Leeds,1,football-data.co.uk,2021-03-20,home,,,,,,,,,13,6,,,,,,,,,,,,,,,,,,,,,,25.0,,,,,,,
2021_20210320_brighton_newcastle,2021,2021-03-20,Newcastle,Brighton,0,football-data.co.uk,2021-03-21,away,,,,,,,,,3,1,,,,,,,,,,,,,,,,,,,,,,5.0,,,,,,,
2021_20210320_brighton_newcastle,2021,2021-03-20,Brighton,Newcastle,1,football-data.co.uk,2021-03-21,home,,,,,,,,,11,6,,,,,,,,,,,,,,,,,,,,,,23.0,,,,,,,
2021_20210321_aston_villa_tottenham,2021,2021-03-21,Tottenham,Aston Villa,0,football-data.co.uk,2021-03-22,away,,,,,,,,,9,3,,,,,,,,,,,,,,,,,,,,,,15.0,,,,,,,
2021_20210321_aston_villa_tottenham,2021,2021-03-21,Aston Villa,Tottenham,1,football-data.co.uk,2021-03-22,home,,,,,,,,,8,1,,,,,,,,,,,,,,,,,,,,,,10.0,,,,,,,
2021_20210321_west_ham_arsenal,2021,2021-03-21,Arsenal,West Ham,0,football-data.co.uk,2021-03-22,away,,,,,,,,,16,7,,,,,,,,,,,,,,,,,,,,,,30.0,,,,,,,
2021_20210321_west_ham_arsenal,2021,2021-03-21,West Ham,Arsenal,1,football-data.co.uk,2021-03-22,home,,,,,,,,,15,5,,,,,,,,,,,,,,,,,,,,,,25.0,,,,,,,
2021_20210403_arsenal_liverpool,2021,2021-04-03,Liverpool,Arsenal,0,football-data.co.uk,2021-04-04,away,,,,,,,,,16,7,,,,,,,,,,,,,,,,,,,,,,30.0,,,,,,,
2021_20210403_arsenal_liverpool,2021,2021-04-03,Arsenal,Liverpool,1,football-data.co.uk,2021-04-04,home,,,,,,,,,3,2,,,,,,,,,,,,,,,,,,,,,,7.0,,,,,,,
2021_20210403_chelsea_west_brom,2021,2021-04-03,West Brom,Chelsea,0,football-data.co.uk,2021-04-04,away,,,,,,,,,14,7,,,,,,,,,,,,,,,,,,,,,,28.0,,,,,,,
2021_20210403_chelsea_west_brom,2021,2021-04-03,Chelsea,West Brom,1,football-data.co.uk,2021-04-04,home,,,,,,,,,18,8,,,,,,,,,,,,,,,,,,,,,,34.0,,,,,,,
2021_20210403_leeds_sheffield_united,2021,2021-04-03,Sheffield United,Leeds,0,football-data.co.uk,2021-04-04,away,,,,,,,,,9,1,,,,,,,,,,,,,,,,,,,,,,11.0,,,,,,,
2021_20210403_leeds_sheffield_united,2021,2021-04-03,Leeds,Sheffield United,1,football-data.co.uk,2021-04-04,home,,,,,,,,,23,8,,,,,,,,,,,,,,,,,,,,,,39.0,,,,,,,
2021_20210403_leicester_man_city,2021,2021-04-03,Man City,Leicester,0,football-data.co.uk,2021-04-04,away,,,,,,,,,11,4,,,,,,,,,,,,,,,,,,,,,,19.0,,,,,,,
2021_20210403_leicester_man_city,2021,2021-04-03,Leicester,Man City,1,football-data.co.uk,2021-04-04,home,,,,,,,,,5,2,,,,,,,,,,,,,,,,,,,,,,9.0,,,,,,,
2021_20210404_aston_villa_fulham,2021,2021-04-04,Fulham,Aston Villa,0,football-data.co.uk,2021-04-05,away,,,,,,,,,15,7,,,,,,,,,,,,,,,,,,,,,,29.0,,,,,,,
2021_20210404_aston_villa_fulham,2021,2021-04-04,Aston Villa,Fulham,1,football-data.co.uk,2021-04-05,home,,,,,,,,,14,4,,,,,,,,,,,,,,,,,,,,,,22.0,,,,,,,
2021_20210404_man_united_brighton,2021,2021-04-04,Brighton,Man United,0,football-data.co.uk,2021-04-05,away,,,,,,,,,5,3,,,,,,,,,,,,,,,,,,,,,,11.0,,,,,,,
2021_20210404_man_united_brighton,2021,2021-04-04,Man United,Brighton,1,football-data.co.uk,2021-04-05,home,,,,,,,,,15,7,,,,,,,,,,,,,,,,,,,,,,29.0,,,,,,,
2021_20210404_newcastle_tottenham,2021,2021-04-04,Tottenham,Newcastle,0,football-data.co.uk,2021-04-05,away,,,,,,,,,11,5,,,,,,,,,,,,,,,,,,,,,,21.0,,,,,,,
2021_20210404_newcastle_tottenham,2021,2021-04-04,Newcastle,Tottenham,1,football-data.co.uk,2021-04-05,home,,,,,,,,,22,6,,,,,,,,,,,,,,,,,,,,,,34.0,,,,,,,
2021_20210404_southampton_burnley,2021,2021-04-04,Burnley,Southampton,0,football-data.co.uk,2021-04-05,away,,,,,,,,,7,5,,,,,,,,,,,,,,,,,,,,,,17.0,,,,,,,
2021_20210404_southampton_burnley,2021,2021-04-04,Southampton,Burnley,1,football-data.co.uk,2021-04-05,home,,,,,,,,,24,9,,,,,,,,,,,,,,,,,,,,,,42.0,,,,,,,
2021_20210405_everton_crystal_palace,2021,2021-04-05,Crystal Palace,Everton,0,football-data.co.uk,2021-04-06,away,,,,,,,,,13,6,,,,,,,,,,,,,,,,,,,,,,25.0,,,,,,,
2021_20210405_everton_crystal_palace,2021,2021-04-05,Everton,Crystal Palace,1,football-data.co.uk,2021-04-06,home,,,,,,,,,15,7,,,,,,,,,,,,,,,,,,,,,,29.0,,,,,,,
2021_20210405_wolves_west_ham,2021,2021-04-05,West Ham,Wolves,0,football-data.co.uk,2021-04-06,away,,,,,,,,,9,6,,,,,,,,,,,,,,,,,,,,,,21.0,,,,,,,
2021_20210405_wolves_west_ham,2021,2021-04-05,Wolves,West Ham,1,football-data.co.uk,2021-04-06,home,,,,,,,,,20,5,,,,,,,,,,,,,,,,,,,,,,30.0,,,,,,,
2021_20210409_fulham_wolves,2021,2021-04-09,Wolves,Fulham,0,football-data.co.uk,2021-04-10,away,,,,,,,,,7,3,,,,,,,,,,,,,,,,,,,,,,13.0,,,,,,,
2021_20210409_fulham_wolves,2021,2021-04-09,Fulham,Wolves,1,football-data.co.uk,2021-04-10,home,,,,,,,,,14,3,,,,,,,,,,,,,,,,,,,,,,20.0,,,,,,,
2021_20210410_crystal_palace_chelsea,2021,2021-04-10,Chelsea,Crystal Palace,0,football-data.co.uk,2021-04-11,away,,,,,,,,,23,10,,,,,,,,,,,,,,,,,,,,,,43.0,,,,,,,
2021_20210410_crystal_palace_chelsea,2021,2021-04-10,Crystal Palace,Chelsea,1,football-data.co.uk,2021-04-11,home,,,,,,,,,1,1,,,,,,,,,,,,,,,,,,,,,,3.0,,,,,,,
2021_20210410_liverpool_aston_villa,2021,2021-04-10,Aston Villa,Liverpool,0,football-data.co.uk,2021-04-11,away,,,,,,,,,9,5,,,,,,,,,,,,,,,,,,,,,,19.0,,,,,,,
2021_20210410_liverpool_aston_villa,2021,2021-04-10,Liverpool,Aston Villa,1,football-data.co.uk,2021-04-11,home,,,,,,,,,23,10,,,,,,,,,,,,,,,,,,,,,,43.0,,,,,,,
2021_20210410_man_city_leeds,2021,2021-04-10,Leeds,Man City,0,football-data.co.uk,2021-04-11,away,,,,,,,,,2,2,,,,,,,,,,,,,,,,,,,,,,6.0,,,,,,,
2021_20210410_man_city_leeds,2021,2021-04-10,Man City,Leeds,1,football-data.co.uk,2021-04-11,home,,,,,,,,,29,7,,,,,,,,,,,,,,,,,,,,,,43.0,,,,,,,
2021_20210411_burnley_newcastle,2021,2021-04-11,Newcastle,Burnley,0,football-data.co.uk,2021-04-12,away,,,,,,,,,10,5,,,,,,,,,,,,,,,,,,,,,,20.0,,,,,,,
2021_20210411_burnley_newcastle,2021,2021-04-11,Burnley,Newcastle,1,football-data.co.uk,2021-04-12,home,,,,,,,,,24,4,,,,,,,,,,,,,,,,,,,,,,32.0,,,,,,,
2021_20210411_sheffield_united_arsenal,2021,2021-04-11,Arsenal,Sheffield United,0,football-data.co.uk,2021-04-12,away,,,,,,,,,14,5,,,,,,,,,,,,,,,,,,,,,,24.0,,,,,,,
2021_20210411_sheffield_united_arsenal,2021,2021-04-11,Sheffield United,Arsenal,1,football-data.co.uk,2021-04-12,home,,,,,,,,,7,2,,,,,,,,,,,,,,,,,,,,,,11.0,,,,,,,
2021_20210411_tottenham_man_united,2021,2021-04-11,Man United,Tottenham,0,football-data.co.uk,2021-04-12,away,,,,,,,,,12,7,,,,,,,,,,,,,,,,,,,,,,26.0,,,,,,,
2021_20210411_tottenham_man_united,2021,2021-04-11,Tottenham,Man United,1,football-data.co.uk,2021-04-12,home,,,,,,,,,12,3,,,,,,,,,,,,,,,,,,,,,,18.0,,,,,,,
2021_20210411_west_ham_leicester,2021,2021-04-11,Leicester,West Ham,0,football-data.co.uk,2021-04-12,away,,,,,,,,,15,5,,,,,,,,,,,,,,,,,,,,,,25.0,,,,,,,
2021_20210411_west_ham_leicester,2021,2021-04-11,West Ham,Leicester,1,football-data.co.uk,2021-04-12,home,,,,,,,,,4,4,,,,,,,,,,,,,,,,,,,,,,12.0,,,,,,,
2021_20210412_brighton_everton,2021,2021-04-12,Everton,Brighton,0,football-data.co.uk,2021-04-13,away,,,,,,,,,8,1,,,,,,,,,,,,,,,,,,,,,,10.0,,,,,,,
2021_20210412_brighton_everton,2021,2021-04-12,Brighton,Everton,1,football-data.co.uk,2021-04-13,home,,,,,,,,,23,3,,,,,,,,,,,,,,,,,,,,,,29.0,,,,,,,
2021_20210412_west_brom_southampton,2021,2021-04-12,Southampton,West Brom,0,football-data.co.uk,2021-04-13,away,,,,,,,,,14,4,,,,,,,,,,,,,,,,,,,,,,22.0,,,,,,,
2021_20210412_west_brom_southampton,2021,2021-04-12,West Brom,Southampton,1,football-data.co.uk,2021-04-13,home,,,,,,,,,15,6,,,,,,,,,,,,,,,,,,,,,,27.0,,,,,,,
2021_20210416_everton_tottenham,2021,2021-04-16,Tottenham,Everton,0,football-data.co.uk,2021-04-17,away,,,,,,,,,12,3,,,,,,,,,,,,,,,,,,,,,,18.0,,,,,,,
2021_20210416_everton_tottenham,2021,2021-04-16,Everton,Tottenham,1,football-data.co.uk,2021-04-17,home,,,,,,,,,18,7,,,,,,,,,,,,,,,,,,,,,,32.0,,,,,,,
2021_20210417_newcastle_west_ham,2021,2021-04-17,West Ham,Newcastle,0,football-data.co.uk,2021-04-18,away,,,,,,,,,16,6,,,,,,,,,,,,,,,,,,,,,,28.0,,,,,,,
2021_20210417_newcastle_west_ham,2021,2021-04-17,Newcastle,West Ham,1,football-data.co.uk,2021-04-18,home,,,,,,,,,16,8,,,,,,,,,,,,,,,,,,,,,,32.0,,,,,,,
2021_20210417_wolves_sheffield_united,2021,2021-04-17,Sheffield United,Wolves,0,football-data.co.uk,2021-04-18,away,,,,,,,,,8,2,,,,,,,,,,,,,,,,,,,,,,12.0,,,,,,,
2021_20210417_wolves_sheffield_united,2021,2021-04-17,Wolves,Sheffield United,1,football-data.co.uk,2021-04-18,home,,,,,,,,,10,5,,,,,,,,,,,,,,,,,,,,,,20.0,,,,,,,
2021_20210418_arsenal_fulham,2021,2021-04-18,Fulham,Arsenal,0,football-data.co.uk,2021-04-19,away,,,,,,,,,3,1,,,,,,,,,,,,,,,,,,,,,,5.0,,,,,,,
2021_20210418_arsenal_fulham,2021,2021-04-18,Arsenal,Fulham,1,football-data.co.uk,2021-04-19,home,,,,,,,,,18,5,,,,,,,,,,,,,,,,,,,,,,28.0,,,,,,,
2021_20210418_man_united_burnley,2021,2021-04-18,Burnley,Man United,0,football-data.co.uk,2021-04-19,away,,,,,,,,,10,3,,,,,,,,,,,,,,,,,,,,,,16.0,,,,,,,
2021_20210418_man_united_burnley,2021,2021-04-18,Man United,Burnley,1,football-data.co.uk,2021-04-19,home,,,,,,,,,17,9,,,,,,,,,,,,,,,,,,,,,,35.0,,,,,,,
2021_20210419_leeds_liverpool,2021,2021-04-19,Liverpool,Leeds,0,football-data.co.uk,2021-04-20,away,,,,,,,,,17,7,,,,,,,,,,,,,,,,,,,,,,31.0,,,,,,,
2021_20210419_leeds_liverpool,2021,2021-04-19,Leeds,Liverpool,1,football-data.co.uk,2021-04-20,home,,,,,,,,,12,5,,,,,,,,,,,,,,,,,,,,,,22.0,,,,,,,
2021_20210420_chelsea_brighton,2021,2021-04-20,Brighton,Chelsea,0,football-data.co.uk,2021-04-21,away,,,,,,,,,11,2,,,,,,,,,,,,,,,,,,,,,,15.0,,,,,,,
2021_20210420_chelsea_brighton,2021,2021-04-20,Chelsea,Brighton,1,football-data.co.uk,2021-04-21,home,,,,,,,,,7,4,,,,,,,,,,,,,,,,,,,,,,15.0,,,,,,,
2021_20210421_aston_villa_man_city,2021,2021-04-21,Man City,Aston Villa,0,football-data.co.uk,2021-04-22,away,,,,,,,,,13,3,,,,,,,,,,,,,,,,,,,,,,19.0,,,,,,,
2021_20210421_aston_villa_man_city,2021,2021-04-21,Aston Villa,Man City,1,football-data.co.uk,2021-04-22,home,,,,,,,,,8,3,,,,,,,,,,,,,,,,,,,,,,14.0,,,,,,,
2021_20210421_tottenham_southampton,2021,2021-04-21,Southampton,Tottenham,0,football-data.co.uk,2021-04-22,away,,,,,,,,,10,5,,,,,,,,,,,,,,,,,,,,,,20.0,,,,,,,
2021_20210421_tottenham_southampton,2021,2021-04-21,Tottenham,Southampton,1,football-data.co.uk,2021-04-22,home,,,,,,,,,12,3,,,,,,,,,,,,,,,,,,,,,,18.0,,,,,,,
2021_20210422_leicester_west_brom,2021,2021-04-22,West Brom,Leicester,0,football-data.co.uk,2021-04-23,away,,,,,,,,,4,1,,,,,,,,,,,,,,,,,,,,,,6.0,,,,,,,
2021_20210422_leicester_west_brom,2021,2021-04-22,Leicester,West Brom,1,football-data.co.uk,2021-04-23,home,,,,,,,,,17,7,,,,,,,,,,,,,,,,,,,,,,31.0,,,,,,,
2021_20210423_arsenal_everton,2021,2021-04-23,Everton,Arsenal,0,football-data.co.uk,2021-04-24,away,,,,,,,,,8,1,,,,,,,,,,,,,,,,,,,,,,10.0,,,,,,,
2021_20210423_arsenal_everton,2021,2021-04-23,Arsenal,Everton,1,football-data.co.uk,2021-04-24,home,,,,,,,,,14,3,,,,,,,,,,,,,,,,,,,,,,20.0,,,,,,,
2021_20210424_liverpool_newcastle,2021,2021-04-24,Newcastle,Liverpool,0,football-data.co.uk,2021-04-25,away,,,,,,,,,7,4,,,,,,,,,,,,,,,,,,,,,,15.0,,,,,,,
2021_20210424_liverpool_newcastle,2021,2021-04-24,Liverpool,Newcastle,1,football-data.co.uk,2021-04-25,home,,,,,,,,,22,9,,,,,,,,,,,,,,,,,,,,,,40.0,,,,,,,
2021_20210424_sheffield_united_brighton,2021,2021-04-24,Brighton,Sheffield United,0,football-data.co.uk,2021-04-25,away,,,,,,,,,17,4,,,,,,,,,,,,,,,,,,,,,,25.0,,,,,,,
2021_20210424_sheffield_united_brighton,2021,2021-04-24,Sheffield United,Brighton,1,football-data.co.uk,2021-04-25,home,,,,,,,,,7,3,,,,,,,,,,,,,,,,,,,,,,13.0,,,,,,,
2021_20210424_west_ham_chelsea,2021,2021-04-24,Chelsea,West Ham,0,football-data.co.uk,2021-04-25,away,,,,,,,,,17,6,,,,,,,,,,,,,,,,,,,,,,29.0,,,,,,,
2021_20210424_west_ham_chelsea,2021,2021-04-24,West Ham,Chelsea,1,football-data.co.uk,2021-04-25,home,,,,,,,,,9,2,,,,,,,,,,,,,,,,,,,,,,13.0,,,,,,,
2021_20210425_aston_villa_west_brom,2021,2021-04-25,West Brom,Aston Villa,0,football-data.co.uk,2021-04-26,away,,,,,,,,,10,4,,,,,,,,,,,,,,,,,,,,,,18.0,,,,,,,
2021_20210425_aston_villa_west_brom,2021,2021-04-25,Aston Villa,West Brom,1,football-data.co.uk,2021-04-26,home,,,,,,,,,24,11,,,,,,,,,,,,,,,,,,,,,,46.0,,,,,,,
2021_20210425_leeds_man_united,2021,2021-04-25,Man United,Leeds,0,football-data.co.uk,2021-04-26,away,,,,,,,,,16,4,,,,,,,,,,,,,,,,,,,,,,24.0,,,,,,,
2021_20210425_leeds_man_united,2021,2021-04-25,Leeds,Man United,1,football-data.co.uk,2021-04-26,home,,,,,,,,,6,3,,,,,,,,,,,,,,,,,,,,,,12.0,,,,,,,
2021_20210425_wolves_burnley,2021,2021-04-25,Burnley,Wolves,0,football-data.co.uk,2021-04-26,away,,,,,,,,,14,7,,,,,,,,,,,,,,,,,,,,,,28.0,,,,,,,
2021_20210425_wolves_burnley,2021,2021-04-25,Wolves,Burnley,1,football-data.co.uk,2021-04-26,home,,,,,,,,,12,2,,,,,,,,,,,,,,,,,,,,,,16.0,,,,,,,
2021_20210426_leicester_crystal_palace,2021,2021-04-26,Crystal Palace,Leicester,0,football-data.co.uk,2021-04-27,away,,,,,,,,,4,2,,,,,,,,,,,,,,,,,,,,,,8.0,,,,,,,
2021_20210426_leicester_crystal_palace,2021,2021-04-26,Leicester,Crystal Palace,1,football-data.co.uk,2021-04-27,home,,,,,,,,,13,5,,,,,,,,,,,,,,,,,,,,,,23.0,,,,,,,
2021_20210430_southampton_leicester,2021,2021-04-30,Leicester,Southampton,0,football-data.co.uk,2021-05-01,away,,,,,,,,,23,9,,,,,,,,,,,,,,,,,,,,,,41.0,,,,,,,
2021_20210430_southampton_leicester,2021,2021-04-30,Southampton,Leicester,1,football-data.co.uk,2021-05-01,home,,,,,,,,,5,3,,,,,,,,,,,,,,,,,,,,,,11.0,,,,,,,
2021_20210501_brighton_leeds,2021,2021-05-01,Leeds,Brighton,0,football-data.co.uk,2021-05-02,away,,,,,,,,,11,2,,,,,,,,,,,,,,,,,,,,,,15.0,,,,,,,
2021_20210501_brighton_leeds,2021,2021-05-01,Brighton,Leeds,1,football-data.co.uk,2021-05-02,home,,,,,,,,,17,5,,,,,,,,,,,,,,,,,,,,,,27.0,,,,,,,
2021_20210501_chelsea_fulham,2021,2021-05-01,Fulham,Chelsea,0,football-data.co.uk,2021-05-02,away,,,,,,,,,10,3,,,,,,,,,,,,,,,,,,,,,,16.0,,,,,,,
2021_20210501_chelsea_fulham,2021,2021-05-01,Chelsea,Fulham,1,football-data.co.uk,2021-05-02,home,,,,,,,,,9,5,,,,,,,,,,,,,,,,,,,,,,19.0,,,,,,,
2021_20210501_crystal_palace_man_city,2021,2021-05-01,Man City,Crystal Palace,0,football-data.co.uk,2021-05-02,away,,,,,,,,,20,3,,,,,,,,,,,,,,,,,,,,,,26.0,,,,,,,
2021_20210501_crystal_palace_man_city,2021,2021-05-01,Crystal Palace,Man City,1,football-data.co.uk,2021-05-02,home,,,,,,,,,9,4,,,,,,,,,,,,,,,,,,,,,,17.0,,,,,,,
2021_20210501_everton_aston_villa,2021,2021-05-01,Aston Villa,Everton,0,football-data.co.uk,2021-05-02,away,,,,,,,,,13,5,,,,,,,,,,,,,,,,,,,,,,23.0,,,,,,,
2021_20210501_everton_aston_villa,2021,2021-05-01,Everton,Aston Villa,1,football-data.co.uk,2021-05-02,home,,,,,,,,,16,3,,,,,,,,,,,,,,,,,,,,,,22.0,,,,,,,
2021_20210502_newcastle_arsenal,2021,2021-05-02,Arsenal,Newcastle,0,football-data.co.uk,2021-05-03,away,,,,,,,,,19,5,,,,,,,,,,,,,,,,,,,,,,29.0,,,,,,,
2021_20210502_newcastle_arsenal,2021,2021-05-02,Newcastle,Arsenal,1,football-data.co.uk,2021-05-03,home,,,,,,,,,5,1,,,,,,,,,,,,,,,,,,,,,,7.0,,,,,,,
2021_20210502_tottenham_sheffield_united,2021,2021-05-02,Sheffield United,Tottenham,0,football-data.co.uk,2021-05-03,away,,,,,,,,,8,1,,,,,,,,,,,,,,,,,,,,,,10.0,,,,,,,
2021_20210502_tottenham_sheffield_united,2021,2021-05-02,Tottenham,Sheffield United,1,football-data.co.uk,2021-05-03,home,,,,,,,,,20,11,,,,,,,,,,,,,,,,,,,,,,42.0,,,,,,,
2021_20210503_burnley_west_ham,2021,2021-05-03,West Ham,Burnley,0,football-data.co.uk,2021-05-04,away,,,,,,,,,22,4,,,,,,,,,,,,,,,,,,,,,,30.0,,,,,,,
2021_20210503_burnley_west_ham,2021,2021-05-03,Burnley,West Ham,1,football-data.co.uk,2021-05-04,home,,,,,,,,,8,3,,,,,,,,,,,,,,,,,,,,,,14.0,,,,,,,
2021_20210503_west_brom_wolves,2021,2021-05-03,Wolves,West Brom,0,football-data.co.uk,2021-05-04,away,,,,,,,,,20,10,,,,,,,,,,,,,,,,,,,,,,40.0,,,,,,,
2021_20210503_west_brom_wolves,2021,2021-05-03,West Brom,Wolves,1,football-data.co.uk,2021-05-04,home,,,,,,,,,10,4,,,,,,,,,,,,,,,,,,,,,,18.0,,,,,,,
2021_20210507_leicester_newcastle,2021,2021-05-07,Newcastle,Leicester,0,football-data.co.uk,2021-05-08,away,,,,,,,,,14,6,,,,,,,,,,,,,,,,,,,,,,26.0,,,,,,,
2021_20210507_leicester_newcastle,2021,2021-05-07,Leicester,Newcastle,1,football-data.co.uk,2021-05-08,home,,,,,,,,,25,9,,,,,,,,,,,,,,,,,,,,,,43.0,,,,,,,
2021_20210508_leeds_tottenham,2021,2021-05-08,Tottenham,Leeds,0,football-data.co.uk,2021-05-09,away,,,,,,,,,11,3,,,,,,,,,,,,,,,,,,,,,,17.0,,,,,,,
2021_20210508_leeds_tottenham,2021,2021-05-08,Leeds,Tottenham,1,football-data.co.uk,2021-05-09,home,,,,,,,,,16,7,,,,,,,,,,,,,,,,,,,,,,30.0,,,,,,,
2021_20210508_liverpool_southampton,2021,2021-05-08,Southampton,Liverpool,0,football-data.co.uk,2021-05-09,away,,,,,,,,,12,6,,,,,,,,,,,,,,,,,,,,,,24.0,,,,,,,
2021_20210508_liverpool_southampton,2021,2021-05-08,Liverpool,Southampton,1,football-data.co.uk,2021-05-09,home,,,,,,,,,14,6,,,,,,,,,,,,,,,,,,,,,,26.0,,,,,,,
2021_20210508_man_city_chelsea,2021,2021-05-08,Chelsea,Man City,0,football-data.co.uk,2021-05-09,away,,,,,,,,,12,5,,,,,,,,,,,,,,,,,,,,,,22.0,,,,,,,
2021_20210508_man_city_chelsea,2021,2021-05-08,Man City,Chelsea,1,football-data.co.uk,2021-05-09,home,,,,,,,,,16,4,,,,,,,,,,,,,,,,,,,,,,24.0,,,,,,,
2021_20210508_sheffield_united_crystal_palace,2021,2021-05-08,Crystal Palace,Sheffield United,0,football-data.co.uk,2021-05-09,away,,,,,,,,,21,8,,,,,,,,,,,,,,,,,,,,,,37.0,,,,,,,
2021_20210508_sheffield_united_crystal_palace,2021,2021-05-08,Sheffield United,Crystal Palace,1,football-data.co.uk,2021-05-09,home,,,,,,,,,7,0,,,,,,,,,,,,,,,,,,,,,,7.0,,,,,,,
2021_20210509_arsenal_west_brom,2021,2021-05-09,West Brom,Arsenal,0,football-data.co.uk,2021-05-10,away,,,,,,,,,12,1,,,,,,,,,,,,,,,,,,,,,,14.0,,,,,,,
2021_20210509_arsenal_west_brom,2021,2021-05-09,Arsenal,West Brom,1,football-data.co.uk,2021-05-10,home,,,,,,,,,15,7,,,,,,,,,,,,,,,,,,,,,,29.0,,,,,,,
2021_20210509_aston_villa_man_united,2021,2021-05-09,Man United,Aston Villa,0,football-data.co.uk,2021-05-10,away,,,,,,,,,18,7,,,,,,,,,,,,,,,,,,,,,,32.0,,,,,,,
2021_20210509_aston_villa_man_united,2021,2021-05-09,Aston Villa,Man United,1,football-data.co.uk,2021-05-10,home,,,,,,,,,11,5,,,,,,,,,,,,,,,,,,,,,,21.0,,,,,,,
2021_20210509_west_ham_everton,2021,2021-05-09,Everton,West Ham,0,football-data.co.uk,2021-05-10,away,,,,,,,,,9,3,,,,,,,,,,,,,,,,,,,,,,15.0,,,,,,,
2021_20210509_west_ham_everton,2021,2021-05-09,West Ham,Everton,1,football-data.co.uk,2021-05-10,home,,,,,,,,,11,0,,,,,,,,,,,,,,,,,,,,,,11.0,,,,,,,
2021_20210509_wolves_brighton,2021,2021-05-09,Brighton,Wolves,0,football-data.co.uk,2021-05-10,away,,,,,,,,,5,3,,,,,,,,,,,,,,,,,,,,,,11.0,,,,,,,
2021_20210509_wolves_brighton,2021,2021-05-09,Wolves,Brighton,1,football-data.co.uk,2021-05-10,home,,,,,,,,,16,6,,,,,,,,,,,,,,,,,,,,,,28.0,,,,,,,
2021_20210510_fulham_burnley,2021,2021-05-10,Burnley,Fulham,0,football-data.co.uk,2021-05-11,away,,,,,,,,,14,5,,,,,,,,,,,,,,,,,,,,,,24.0,,,,,,,
2021_20210510_fulham_burnley,2021,2021-05-10,Fulham,Burnley,1,football-data.co.uk,2021-05-11,home,,,,,,,,,21,3,,,,,,,,,,,,,,,,,,,,,,27.0,,,,,,,
2021_20210511_man_united_leicester,2021,2021-05-11,Leicester,Man United,0,football-data.co.uk,2021-05-12,away,,,,,,,,,12,3,,,,,,,,,,,,,,,,,,,,,,18.0,,,,,,,
2021_20210511_man_united_leicester,2021,2021-05-11,Man United,Leicester,1,football-data.co.uk,2021-05-12,home,,,,,,,,,4,1,,,,,,,,,,,,,,,,,,,,,,6.0,,,,,,,
2021_20210511_southampton_crystal_palace,2021,2021-05-11,Crystal Palace,Southampton,0,football-data.co.uk,2021-05-12,away,,,,,,,,,11,4,,,,,,,,,,,,,,,,,,,,,,19.0,,,,,,,
2021_20210511_southampton_crystal_palace,2021,2021-05-11,Southampton,Crystal Palace,1,football-data.co.uk,2021-05-12,home,,,,,,,,,13,6,,,,,,,,,,,,,,,,,,,,,,25.0,,,,,,,
2021_20210512_chelsea_arsenal,2021,2021-05-12,Arsenal,Chelsea,0,football-data.co.uk,2021-05-13,away,,,,,,,,,5,2,,,,,,,,,,,,,,,,,,,,,,9.0,,,,,,,
2021_20210512_chelsea_arsenal,2021,2021-05-12,Chelsea,Arsenal,1,football-data.co.uk,2021-05-13,home,,,,,,,,,19,5,,,,,,,,,,,,,,,,,,,,,,29.0,,,,,,,
2021_20210513_aston_villa_everton,2021,2021-05-13,Everton,Aston Villa,0,football-data.co.uk,2021-05-14,away,,,,,,,,,15,5,,,,,,,,,,,,,,,,,,,,,,25.0,,,,,,,
2021_20210513_aston_villa_everton,2021,2021-05-13,Aston Villa,Everton,1,football-data.co.uk,2021-05-14,home,,,,,,,,,13,2,,,,,,,,,,,,,,,,,,,,,,17.0,,,,,,,
2021_20210513_man_united_liverpool,2021,2021-05-13,Liverpool,Man United,0,football-data.co.uk,2021-05-14,away,,,,,,,,,17,8,,,,,,,,,,,,,,,,,,,,,,33.0,,,,,,,
2021_20210513_man_united_liverpool,2021,2021-05-13,Man United,Liverpool,1,football-data.co.uk,2021-05-14,home,,,,,,,,,18,3,,,,,,,,,,,,,,,,,,,,,,24.0,,,,,,,
2021_20210514_newcastle_man_city,2021,2021-05-14,Man City,Newcastle,0,football-data.co.uk,2021-05-15,away,,,,,,,,,15,6,,,,,,,,,,,,,,,,,,,,,,27.0,,,,,,,
2021_20210514_newcastle_man_city,2021,2021-05-14,Newcastle,Man City,1,football-data.co.uk,2021-05-15,home,,,,,,,,,11,5,,,,,,,,,,,,,,,,,,,,,,21.0,,,,,,,
2021_20210515_brighton_west_ham,2021,2021-05-15,West Ham,Brighton,0,football-data.co.uk,2021-05-16,away,,,,,,,,,15,3,,,,,,,,,,,,,,,,,,,,,,21.0,,,,,,,
2021_20210515_brighton_west_ham,2021,2021-05-15,Brighton,West Ham,1,football-data.co.uk,2021-05-16,home,,,,,,,,,10,2,,,,,,,,,,,,,,,,,,,,,,14.0,,,,,,,
2021_20210515_burnley_leeds,2021,2021-05-15,Leeds,Burnley,0,football-data.co.uk,2021-05-16,away,,,,,,,,,16,6,,,,,,,,,,,,,,,,,,,,,,28.0,,,,,,,
2021_20210515_burnley_leeds,2021,2021-05-15,Burnley,Leeds,1,football-data.co.uk,2021-05-16,home,,,,,,,,,16,4,,,,,,,,,,,,,,,,,,,,,,24.0,,,,,,,
2021_20210515_southampton_fulham,2021,2021-05-15,Fulham,Southampton,0,football-data.co.uk,2021-05-16,away,,,,,,,,,10,3,,,,,,,,,,,,,,,,,,,,,,16.0,,,,,,,
2021_20210515_southampton_fulham,2021,2021-05-15,Southampton,Fulham,1,football-data.co.uk,2021-05-16,home,,,,,,,,,11,7,,,,,,,,,,,,,,,,,,,,,,25.0,,,,,,,
2021_20210516_crystal_palace_aston_villa,2021,2021-05-16,Aston Villa,Crystal Palace,0,football-data.co.uk,2021-05-17,away,,,,,,,,,19,5,,,,,,,,,,,,,,,,,,,,,,29.0,,,,,,,
2021_20210516_crystal_palace_aston_villa,2021,2021-05-16,Crystal Palace,Aston Villa,1,football-data.co.uk,2021-05-17,home,,,,,,,,,23,8,,,,,,,,,,,,,,,,,,,,,,39.0,,,,,,,
2021_20210516_everton_sheffield_united,2021,2021-05-16,Sheffield United,Everton,0,football-data.co.uk,2021-05-17,away,,,,,,,,,10,3,,,,,,,,,,,,,,,,,,,,,,16.0,,,,,,,
2021_20210516_everton_sheffield_united,2021,2021-05-16,Everton,Sheffield United,1,football-data.co.uk,2021-05-17,home,,,,,,,,,16,6,,,,,,,,,,,,,,,,,,,,,,28.0,,,,,,,
2021_20210516_tottenham_wolves,2021,2021-05-16,Wolves,Tottenham,0,football-data.co.uk,2021-05-17,away,,,,,,,,,15,3,,,,,,,,,,,,,,,,,,,,,,21.0,,,,,,,
2021_20210516_tottenham_wolves,2021,2021-05-16,Tottenham,Wolves,1,football-data.co.uk,2021-05-17,home,,,,,,,,,24,13,,,,,,,,,,,,,,,,,,,,,,50.0,,,,,,,
2021_20210516_west_brom_liverpool,2021,2021-05-16,Liverpool,West Brom,0,football-data.co.uk,2021-05-17,away,,,,,,,,,26,6,,,,,,,,,,,,,,,,,,,,,,38.0,,,,,,,
2021_20210516_west_brom_liverpool,2021,2021-05-16,West Brom,Liverpool,1,football-data.co.uk,2021-05-17,home,,,,,,,,,10,3,,,,,,,,,,,,,,,,,,,,,,16.0,,,,,,,
2021_20210518_brighton_man_city,2021,2021-05-18,Man City,Brighton,0,football-data.co.uk,2021-05-19,away,,,,,,,,,8,4,,,,,,,,,,,,,,,,,,,,,,16.0,,,,,,,
2021_20210518_brighton_man_city,2021,2021-05-18,Brighton,Man City,1,football-data.co.uk,2021-05-19,home,,,,,,,,,19,6,,,,,,,,,,,,,,,,,,,,,,31.0,,,,,,,
2021_20210518_chelsea_leicester,2021,2021-05-18,Leicester,Chelsea,0,football-data.co.uk,2021-05-19,away,,,,,,,,,7,3,,,,,,,,,,,,,,,,,,,,,,13.0,,,,,,,
2021_20210518_chelsea_leicester,2021,2021-05-18,Chelsea,Leicester,1,football-data.co.uk,2021-05-19,home,,,,,,,,,17,6,,,,,,,,,,,,,,,,,,,,,,29.0,,,,,,,
2021_20210518_man_united_fulham,2021,2021-05-18,Fulham,Man United,0,football-data.co.uk,2021-05-19,away,,,,,,,,,8,5,,,,,,,,,,,,,,,,,,,,,,18.0,,,,,,,
2021_20210518_man_united_fulham,2021,2021-05-18,Man United,Fulham,1,football-data.co.uk,2021-05-19,home,,,,,,,,,13,6,,,,,,,,,,,,,,,,,,,,,,25.0,,,,,,,
2021_20210518_southampton_leeds,2021,2021-05-18,Leeds,Southampton,0,football-data.co.uk,2021-05-19,away,,,,,,,,,15,7,,,,,,,,,,,,,,,,,,,,,,29.0,,,,,,,
2021_20210518_southampton_leeds,2021,2021-05-18,Southampton,Leeds,1,football-data.co.uk,2021-05-19,home,,,,,,,,,18,3,,,,,,,,,,,,,,,,,,,,,,24.0,,,,,,,
2021_20210519_burnley_liverpool,2021,2021-05-19,Liverpool,Burnley,0,football-data.co.uk,2021-05-20,away,,,,,,,,,20,3,,,,,,,,,,,,,,,,,,,,,,26.0,,,,,,,
2021_20210519_burnley_liverpool,2021,2021-05-19,Burnley,Liverpool,1,football-data.co.uk,2021-05-20,home,,,,,,,,,10,4,,,,,,,,,,,,,,,,,,,,,,18.0,,,,,,,
2021_20210519_crystal_palace_arsenal,2021,2021-05-19,Arsenal,Crystal Palace,0,football-data.co.uk,2021-05-20,away,,,,,,,,,6,3,,,,,,,,,,,,,,,,,,,,,,12.0,,,,,,,
2021_20210519_crystal_palace_arsenal,2021,2021-05-19,Crystal Palace,Arsenal,1,football-data.co.uk,2021-05-20,home,,,,,,,,,12,6,,,,,,,,,,,,,,,,,,,,,,24.0,,,,,,,
2021_20210519_everton_wolves,2021,2021-05-19,Wolves,Everton,0,football-data.co.uk,2021-05-20,away,,,,,,,,,9,3,,,,,,,,,,,,,,,,,,,,,,15.0,,,,,,,
2021_20210519_everton_wolves,2021,2021-05-19,Everton,Wolves,1,football-data.co.uk,2021-05-20,home,,,,,,,,,14,4,,,,,,,,,,,,,,,,,,,,,,22.0,,,,,,,
2021_20210519_newcastle_sheffield_united,2021,2021-05-19,Sheffield United,Newcastle,0,football-data.co.uk,2021-05-20,away,,,,,,,,,11,1,,,,,,,,,,,,,,,,,,,,,,13.0,,,,,,,
2021_20210519_newcastle_sheffield_united,2021,2021-05-19,Newcastle,Sheffield United,1,football-data.co.uk,2021-05-20,home,,,,,,,,,16,5,,,,,,,,,,,,,,,,,,,,,,26.0,,,,,,,
2021_20210519_tottenham_aston_villa,2021,2021-05-19,Aston Villa,Tottenham,0,football-data.co.uk,2021-05-20,away,,,,,,,,,20,4,,,,,,,,,,,,,,,,,,,,,,28.0,,,,,,,
2021_20210519_tottenham_aston_villa,2021,2021-05-19,Tottenham,Aston Villa,1,football-data.co.uk,2021-05-20,home,,,,,,,,,10,4,,,,,,,,,,,,,,,,,,,,,,18.0,,,,,,,
2021_20210519_west_brom_west_ham,2021,2021-05-19,West Ham,West Brom,0,football-data.co.uk,2021-05-20,away,,,,,,,,,21,9,,,,,,,,,,,,,,,,,,,,,,39.0,,,,,,,
2021_20210519_west_brom_west_ham,2021,2021-05-19,West Brom,West Ham,1,football-data.co.uk,2021-05-20,home,,,,,,,,,14,4,,,,,,,,,,,,,,,,,,,,,,22.0,,,,,,,
2021_20210523_arsenal_brighton,2021,2021-05-23,Brighton,Arsenal,0,football-data.co.uk,2021-05-24,away,,,,,,,,,5,1,,,,,,,,,,,,,,,,,,,,,,7.0,,,,,,,
2021_20210523_arsenal_brighton,2021,2021-05-23,Arsenal,Brighton,1,football-data.co.uk,2021-05-24,home,,,,,,,,,16,5,,,,,,,,,,,,,,,,,,,,,,26.0,,,,,,,
2021_20210523_aston_villa_chelsea,2021,2021-05-23,Chelsea,Aston Villa,0,football-data.co.uk,2021-05-24,away,,,,,,,,,23,7,,,,,,,,,,,,,,,,,,,,,,37.0,,,,,,,
2021_20210523_aston_villa_chelsea,2021,2021-05-23,Aston Villa,Chelsea,1,football-data.co.uk,2021-05-24,home,,,,,,,,,6,3,,,,,,,,,,,,,,,,,,,,,,12.0,,,,,,,
2021_20210523_fulham_newcastle,2021,2021-05-23,Newcastle,Fulham,0,football-data.co.uk,2021-05-24,away,,,,,,,,,10,4,,,,,,,,,,,,,,,,,,,,,,18.0,,,,,,,
2021_20210523_fulham_newcastle,2021,2021-05-23,Fulham,Newcastle,1,football-data.co.uk,2021-05-24,home,,,,,,,,,14,0,,,,,,,,,,,,,,,,,,,,,,14.0,,,,,,,
2021_20210523_leeds_west_brom,2021,2021-05-23,West Brom,Leeds,0,football-data.co.uk,2021-05-24,away,,,,,,,,,14,5,,,,,,,,,,,,,,,,,,,,,,24.0,,,,,,,
2021_20210523_leeds_west_brom,2021,2021-05-23,Leeds,West Brom,1,football-data.co.uk,2021-05-24,home,,,,,,,,,17,9,,,,,,,,,,,,,,,,,,,,,,35.0,,,,,,,
2021_20210523_leicester_tottenham,2021,2021-05-23,Tottenham,Leicester,0,football-data.co.uk,2021-05-24,away,,,,,,,,,11,4,,,,,,,,,,,,,,,,,,,,,,19.0,,,,,,,
2021_20210523_leicester_tottenham,2021,2021-05-23,Leicester,Tottenham,1,football-data.co.uk,2021-05-24,home,,,,,,,,,10,6,,,,,,,,,,,,,,,,,,,,,,22.0,,,,,,,
2021_20210523_liverpool_crystal_palace,2021,2021-05-23,Crystal Palace,Liverpool,0,football-data.co.uk,2021-05-24,away,,,,,,,,,5,4,,,,,,,,,,,,,,,,,,,,,,13.0,,,,,,,
2021_20210523_liverpool_crystal_palace,2021,2021-05-23,Liverpool,Crystal Palace,1,football-data.co.uk,2021-05-24,home,,,,,,,,,19,5,,,,,,,,,,,,,,,,,,,,,,29.0,,,,,,,
2021_20210523_man_city_everton,2021,2021-05-23,Everton,Man City,0,football-data.co.uk,2021-05-24,away,,,,,,,,,8,3,,,,,,,,,,,,,,,,,,,,,,14.0,,,,,,,
2021_20210523_man_city_everton,2021,2021-05-23,Man City,Everton,1,football-data.co.uk,2021-05-24,home,,,,,,,,,21,11,,,,,,,,,,,,,,,,,,,,,,43.0,,,,,,,
2021_20210523_sheffield_united_burnley,2021,2021-05-23,Burnley,Sheffield United,0,football-data.co.uk,2021-05-24,away,,,,,,,,,10,3,,,,,,,,,,,,,,,,,,,,,,16.0,,,,,,,
2021_20210523_sheffield_united_burnley,2021,2021-05-23,Sheffield United,Burnley,1,football-data.co.uk,2021-05-24,home,,,,,,,,,12,3,,,,,,,,,,,,,,,,,,,,,,18.0,,,,,,,
2021_20210523_west_ham_southampton,2021,2021-05-23,Southampton,West Ham,0,football-data.co.uk,2021-05-24,away,,,,,,,,,17,5,,,,,,,,,,,,,,,,,,,,,,27.0,,,,,,,
2021_20210523_west_ham_southampton,2021,2021-05-23,West Ham,Southampton,1,football-data.co.uk,2021-05-24,home,,,,,,,,,14,7,,,,,,,,,,,,,,,,,,,,,,28.0,,,,,,,
2021_20210523_wolves_man_united,2021,2021-05-23,Man United,Wolves,0,football-data.co.uk,2021-05-24,away,,,,,,,,,9,4,,,,,,,,,,,,,,,,,,,,,,17.0,,,,,,,
2021_20210523_wolves_man_united,2021,2021-05-23,Wolves,Man United,1,football-data.co.uk,2021-05-24,home,,,,,,,,,14,4,,,,,,,,,,,,,,,,,,,,,,22.0,,,,,,,
2122_20210813_brentford_arsenal,2122,2021-08-13,Arsenal,Brentford,0,football-data.co.uk,2021-08-14,away,,,,,,,,,22,4,,,,,,,,,,,,,,,,,,,,,,30.0,,,,,,,
2122_20210813_brentford_arsenal,2122,2021-08-13,Brentford,Arsenal,1,football-data.co.uk,2021-08-14,home,,,,,,,,,8,3,,,,,,,,,,,,,,,,,,,,,,14.0,,,,,,,
2122_20210814_burnley_brighton,2122,2021-08-14,Brighton,Burnley,0,football-data.co.uk,2021-08-15,away,,,,,,,,,14,8,,,,,,,,,,,,,,,,,,,,,,30.0,,,,,,,
2122_20210814_burnley_brighton,2122,2021-08-14,Burnley,Brighton,1,football-data.co.uk,2021-08-15,home,,,,,,,,,14,3,,,,,,,,,,,,,,,,,,,,,,20.0,,,,,,,
2122_20210814_chelsea_crystal_palace,2122,2021-08-14,Crystal Palace,Chelsea,0,football-data.co.uk,2021-08-15,away,,,,,,,,,4,1,,,,,,,,,,,,,,,,,,,,,,6.0,,,,,,,
2122_20210814_chelsea_crystal_palace,2122,2021-08-14,Chelsea,Crystal Palace,1,football-data.co.uk,2021-08-15,home,,,,,,,,,13,6,,,,,,,,,,,,,,,,,,,,,,25.0,,,,,,,
2122_20210814_everton_southampton,2122,2021-08-14,Southampton,Everton,0,football-data.co.uk,2021-08-15,away,,,,,,,,,6,3,,,,,,,,,,,,,,,,,,,,,,12.0,,,,,,,
2122_20210814_everton_southampton,2122,2021-08-14,Everton,Southampton,1,football-data.co.uk,2021-08-15,home,,,,,,,,,14,6,,,,,,,,,,,,,,,,,,,,,,26.0,,,,,,,
2122_20210814_leicester_wolves,2122,2021-08-14,Wolves,Leicester,0,football-data.co.uk,2021-08-15,away,,,,,,,,,17,3,,,,,,,,,,,,,,,,,,,,,,23.0,,,,,,,
2122_20210814_leicester_wolves,2122,2021-08-14,Leicester,Wolves,1,football-data.co.uk,2021-08-15,home,,,,,,,,,9,5,,,,,,,,,,,,,,,,,,,,,,19.0,,,,,,,
2122_20210814_man_united_leeds,2122,2021-08-14,Leeds,Man United,0,football-data.co.uk,2021-08-15,away,,,,,,,,,10,3,,,,,,,,,,,,,,,,,,,,,,16.0,,,,,,,
2122_20210814_man_united_leeds,2122,2021-08-14,Man United,Leeds,1,football-data.co.uk,2021-08-15,home,,,,,,,,,16,8,,,,,,,,,,,,,,,,,,,,,,32.0,,,,,,,
2122_20210814_norwich_liverpool,2122,2021-08-14,Liverpool,Norwich,0,football-data.co.uk,2021-08-15,away,,,,,,,,,19,8,,,,,,,,,,,,,,,,,,,,,,35.0,,,,,,,
2122_20210814_norwich_liverpool,2122,2021-08-14,Norwich,Liverpool,1,football-data.co.uk,2021-08-15,home,,,,,,,,,14,3,,,,,,,,,,,,,,,,,,,,,,20.0,,,,,,,
2122_20210814_watford_aston_villa,2122,2021-08-14,Aston Villa,Watford,0,football-data.co.uk,2021-08-15,away,,,,,,,,,11,2,,,,,,,,,,,,,,,,,,,,,,15.0,,,,,,,
2122_20210814_watford_aston_villa,2122,2021-08-14,Watford,Aston Villa,1,football-data.co.uk,2021-08-15,home,,,,,,,,,13,7,,,,,,,,,,,,,,,,,,,,,,27.0,,,,,,,
2122_20210815_newcastle_west_ham,2122,2021-08-15,West Ham,Newcastle,0,football-data.co.uk,2021-08-16,away,,,,,,,,,8,9,,,,,,,,,,,,,,,,,,,,,,26.0,,,,,,,
2122_20210815_newcastle_west_ham,2122,2021-08-15,Newcastle,West Ham,1,football-data.co.uk,2021-08-16,home,,,,,,,,,17,3,,,,,,,,,,,,,,,,,,,,,,23.0,,,,,,,
2122_20210815_tottenham_man_city,2122,2021-08-15,Man City,Tottenham,0,football-data.co.uk,2021-08-16,away,,,,,,,,,18,4,,,,,,,,,,,,,,,,,,,,,,26.0,,,,,,,
2122_20210815_tottenham_man_city,2122,2021-08-15,Tottenham,Man City,1,football-data.co.uk,2021-08-16,home,,,,,,,,,13,3,,,,,,,,,,,,,,,,,,,,,,19.0,,,,,,,
2122_20210821_aston_villa_newcastle,2122,2021-08-21,Newcastle,Aston Villa,0,football-data.co.uk,2021-08-22,away,,,,,,,,,9,1,,,,,,,,,,,,,,,,,,,,,,11.0,,,,,,,
2122_20210821_aston_villa_newcastle,2122,2021-08-21,Aston Villa,Newcastle,1,football-data.co.uk,2021-08-22,home,,,,,,,,,10,2,,,,,,,,,,,,,,,,,,,,,,14.0,,,,,,,
2122_20210821_brighton_watford,2122,2021-08-21,Watford,Brighton,0,football-data.co.uk,2021-08-22,away,,,,,,,,,10,1,,,,,,,,,,,,,,,,,,,,,,12.0,,,,,,,
2122_20210821_brighton_watford,2122,2021-08-21,Brighton,Watford,1,football-data.co.uk,2021-08-22,home,,,,,,,,,13,3,,,,,,,,,,,,,,,,,,,,,,19.0,,,,,,,
2122_20210821_crystal_palace_brentford,2122,2021-08-21,Brentford,Crystal Palace,0,football-data.co.uk,2021-08-22,away,,,,,,,,,14,3,,,,,,,,,,,,,,,,,,,,,,20.0,,,,,,,
2122_20210821_crystal_palace_brentford,2122,2021-08-21,Crystal Palace,Brentford,1,football-data.co.uk,2021-08-22,home,,,,,,,,,7,2,,,,,,,,,,,,,,,,,,,,,,11.0,,,,,,,
2122_20210821_leeds_everton,2122,2021-08-21,Everton,Leeds,0,football-data.co.uk,2021-08-22,away,,,,,,,,,17,8,,,,,,,,,,,,,,,,,,,,,,33.0,,,,,,,
2122_20210821_leeds_everton,2122,2021-08-21,Leeds,Everton,1,football-data.co.uk,2021-08-22,home,,,,,,,,,17,4,,,,,,,,,,,,,,,,,,,,,,25.0,,,,,,,
2122_20210821_liverpool_burnley,2122,2021-08-21,Burnley,Liverpool,0,football-data.co.uk,2021-08-22,away,,,,,,,,,9,3,,,,,,,,,,,,,,,,,,,,,,15.0,,,,,,,
2122_20210821_liverpool_burnley,2122,2021-08-21,Liverpool,Burnley,1,football-data.co.uk,2021-08-22,home,,,,,,,,,27,9,,,,,,,,,,,,,,,,,,,,,,45.0,,,,,,,
2122_20210821_man_city_norwich,2122,2021-08-21,Norwich,Man City,0,football-data.co.uk,2021-08-22,away,,,,,,,,,1,0,,,,,,,,,,,,,,,,,,,,,,1.0,,,,,,,
2122_20210821_man_city_norwich,2122,2021-08-21,Man City,Norwich,1,football-data.co.uk,2021-08-22,home,,,,,,,,,16,4,,,,,,,,,,,,,,,,,,,,,,24.0,,,,,,,
2122_20210822_arsenal_chelsea,2122,2021-08-22,Chelsea,Arsenal,0,football-data.co.uk,2021-08-23,away,,,,,,,,,22,5,,,,,,,,,,,,,,,,,,,,,,32.0,,,,,,,
2122_20210822_arsenal_chelsea,2122,2021-08-22,Arsenal,Chelsea,1,football-data.co.uk,2021-08-23,home,,,,,,,,,6,3,,,,,,,,,,,,,,,,,,,,,,12.0,,,,,,,
2122_20210822_southampton_man_united,2122,2021-08-22,Man United,Southampton,0,football-data.co.uk,2021-08-23,away,,,,,,,,,15,4,,,,,,,,,,,,,,,,,,,,,,23.0,,,,,,,
2122_20210822_southampton_man_united,2122,2021-08-22,Southampton,Man United,1,football-data.co.uk,2021-08-23,home,,,,,,,,,8,3,,,,,,,,,,,,,,,,,,,,,,14.0,,,,,,,
2122_20210822_wolves_tottenham,2122,2021-08-22,Tottenham,Wolves,0,football-data.co.uk,2021-08-23,away,,,,,,,,,8,6,,,,,,,,,,,,,,,,,,,,,,20.0,,,,,,,
2122_20210822_wolves_tottenham,2122,2021-08-22,Wolves,Tottenham,1,football-data.co.uk,2021-08-23,home,,,,,,,,,25,6,,,,,,,,,,,,,,,,,,,,,,37.0,,,,,,,
2122_20210823_west_ham_leicester,2122,2021-08-23,Leicester,West Ham,0,football-data.co.uk,2021-08-24,away,,,,,,,,,5,1,,,,,,,,,,,,,,,,,,,,,,7.0,,,,,,,
2122_20210823_west_ham_leicester,2122,2021-08-23,West Ham,Leicester,1,football-data.co.uk,2021-08-24,home,,,,,,,,,13,7,,,,,,,,,,,,,,,,,,,,,,27.0,,,,,,,
2122_20210828_aston_villa_brentford,2122,2021-08-28,Brentford,Aston Villa,0,football-data.co.uk,2021-08-29,away,,,,,,,,,9,2,,,,,,,,,,,,,,,,,,,,,,13.0,,,,,,,
2122_20210828_aston_villa_brentford,2122,2021-08-28,Aston Villa,Brentford,1,football-data.co.uk,2021-08-29,home,,,,,,,,,7,5,,,,,,,,,,,,,,,,,,,,,,17.0,,,,,,,
2122_20210828_brighton_everton,2122,2021-08-28,Everton,Brighton,0,football-data.co.uk,2021-08-29,away,,,,,,,,,14,5,,,,,,,,,,,,,,,,,,,,,,24.0,,,,,,,
2122_20210828_brighton_everton,2122,2021-08-28,Brighton,Everton,1,football-data.co.uk,2021-08-29,home,,,,,,,,,14,3,,,,,,,,,,,,,,,,,,,,,,20.0,,,,,,,
2122_20210828_liverpool_chelsea,2122,2021-08-28,Chelsea,Liverpool,0,football-data.co.uk,2021-08-29,away,,,,,,,,,6,3,,,,,,,,,,,,,,,,,,,,,,12.0,,,,,,,
2122_20210828_liverpool_chelsea,2122,2021-08-28,Liverpool,Chelsea,1,football-data.co.uk,2021-08-29,home,,,,,,,,,24,7,,,,,,,,,,,,,,,,,,,,,,38.0,,,,,,,
2122_20210828_man_city_arsenal,2122,2021-08-28,Arsenal,Man City,0,football-data.co.uk,2021-08-29,away,,,,,,,,,1,0,,,,,,,,,,,,,,,,,,,,,,1.0,,,,,,,
2122_20210828_man_city_arsenal,2122,2021-08-28,Man City,Arsenal,1,football-data.co.uk,2021-08-29,home,,,,,,,,,25,10,,,,,,,,,,,,,,,,,,,,,,45.0,,,,,,,
2122_20210828_newcastle_southampton,2122,2021-08-28,Southampton,Newcastle,0,football-data.co.uk,2021-08-29,away,,,,,,,,,22,6,,,,,,,,,,,,,,,,,,,,,,34.0,,,,,,,
2122_20210828_newcastle_southampton,2122,2021-08-28,Newcastle,Southampton,1,football-data.co.uk,2021-08-29,home,,,,,,,,,10,5,,,,,,,,,,,,,,,,,,,,,,20.0,,,,,,,
2122_20210828_norwich_leicester,2122,2021-08-28,Leicester,Norwich,0,football-data.co.uk,2021-08-29,away,,,,,,,,,9,3,,,,,,,,,,,,,,,,,,,,,,15.0,,,,,,,
2122_20210828_norwich_leicester,2122,2021-08-28,Norwich,Leicester,1,football-data.co.uk,2021-08-29,home,,,,,,,,,14,4,,,,,,,,,,,,,,,,,,,,,,22.0,,,,,,,
2122_20210828_west_ham_crystal_palace,2122,2021-08-28,Crystal Palace,West Ham,0,football-data.co.uk,2021-08-29,away,,,,,,,,,9,2,,,,,,,,,,,,,,,,,,,,,,13.0,,,,,,,
2122_20210828_west_ham_crystal_palace,2122,2021-08-28,West Ham,Crystal Palace,1,football-data.co.uk,2021-08-29,home,,,,,,,,,14,4,,,,,,,,,,,,,,,,,,,,,,22.0,,,,,,,
2122_20210829_burnley_leeds,2122,2021-08-29,Leeds,Burnley,0,football-data.co.uk,2021-08-30,away,,,,,,,,,12,2,,,,,,,,,,,,,,,,,,,,,,16.0,,,,,,,
2122_20210829_burnley_leeds,2122,2021-08-29,Burnley,Leeds,1,football-data.co.uk,2021-08-30,home,,,,,,,,,12,3,,,,,,,,,,,,,,,,,,,,,,18.0,,,,,,,
2122_20210829_tottenham_watford,2122,2021-08-29,Watford,Tottenham,0,football-data.co.uk,2021-08-30,away,,,,,,,,,9,2,,,,,,,,,,,,,,,,,,,,,,13.0,,,,,,,
2122_20210829_tottenham_watford,2122,2021-08-29,Tottenham,Watford,1,football-data.co.uk,2021-08-30,home,,,,,,,,,15,8,,,,,,,,,,,,,,,,,,,,,,31.0,,,,,,,
2122_20210829_wolves_man_united,2122,2021-08-29,Man United,Wolves,0,football-data.co.uk,2021-08-30,away,,,,,,,,,10,3,,,,,,,,,,,,,,,,,,,,,,16.0,,,,,,,
2122_20210829_wolves_man_united,2122,2021-08-29,Wolves,Man United,1,football-data.co.uk,2021-08-30,home,,,,,,,,,15,6,,,,,,,,,,,,,,,,,,,,,,27.0,,,,,,,
2122_20210911_arsenal_norwich,2122,2021-09-11,Norwich,Arsenal,0,football-data.co.uk,2021-09-12,away,,,,,,,,,10,1,,,,,,,,,,,,,,,,,,,,,,12.0,,,,,,,
2122_20210911_arsenal_norwich,2122,2021-09-11,Arsenal,Norwich,1,football-data.co.uk,2021-09-12,home,,,,,,,,,30,7,,,,,,,,,,,,,,,,,,,,,,44.0,,,,,,,
2122_20210911_brentford_brighton,2122,2021-09-11,Brighton,Brentford,0,football-data.co.uk,2021-09-12,away,,,,,,,,,4,2,,,,,,,,,,,,,,,,,,,,,,8.0,,,,,,,
2122_20210911_brentford_brighton,2122,2021-09-11,Brentford,Brighton,1,football-data.co.uk,2021-09-12,home,,,,,,,,,7,1,,,,,,,,,,,,,,,,,,,,,,9.0,,,,,,,
2122_20210911_chelsea_aston_villa,2122,2021-09-11,Aston Villa,Chelsea,0,football-data.co.uk,2021-09-12,away,,,,,,,,,18,6,,,,,,,,,,,,,,,,,,,,,,30.0,,,,,,,
2122_20210911_chelsea_aston_villa,2122,2021-09-11,Chelsea,Aston Villa,1,football-data.co.uk,2021-09-12,home,,,,,,,,,12,4,,,,,,,,,,,,,,,,,,,,,,20.0,,,,,,,
2122_20210911_crystal_palace_tottenham,2122,2021-09-11,Tottenham,Crystal Palace,0,football-data.co.uk,2021-09-12,away,,,,,,,,,2,1,,,,,,,,,,,,,,,,,,,,,,4.0,,,,,,,
2122_20210911_crystal_palace_tottenham,2122,2021-09-11,Crystal Palace,Tottenham,1,football-data.co.uk,2021-09-12,home,,,,,,,,,18,4,,,,,,,,,,,,,,,,,,,,,,26.0,,,,,,,
2122_20210911_leicester_man_city,2122,2021-09-11,Man City,Leicester,0,football-data.co.uk,2021-09-12,away,,,,,,,,,25,8,,,,,,,,,,,,,,,,,,,,,,41.0,,,,,,,
2122_20210911_leicester_man_city,2122,2021-09-11,Leicester,Man City,1,football-data.co.uk,2021-09-12,home,,,,,,,,,6,1,,,,,,,,,,,,,,,,,,,,,,8.0,,,,,,,
2122_20210911_man_united_newcastle,2122,2021-09-11,Newcastle,Man United,0,football-data.co.uk,2021-09-12,away,,,,,,,,,12,3,,,,,,,,,,,,,,,,,,,,,,18.0,,,,,,,
2122_20210911_man_united_newcastle,2122,2021-09-11,Man United,Newcastle,1,football-data.co.uk,2021-09-12,home,,,,,,,,,21,7,,,,,,,,,,,,,,,,,,,,,,35.0,,,,,,,
2122_20210911_southampton_west_ham,2122,2021-09-11,West Ham,Southampton,0,football-data.co.uk,2021-09-12,away,,,,,,,,,13,3,,,,,,,,,,,,,,,,,,,,,,19.0,,,,,,,
2122_20210911_southampton_west_ham,2122,2021-09-11,Southampton,West Ham,1,football-data.co.uk,2021-09-12,home,,,,,,,,,11,3,,,,,,,,,,,,,,,,,,,,,,17.0,,,,,,,
2122_20210911_watford_wolves,2122,2021-09-11,Wolves,Watford,0,football-data.co.uk,2021-09-12,away,,,,,,,,,14,5,,,,,,,,,,,,,,,,,,,,,,24.0,,,,,,,
2122_20210911_watford_wolves,2122,2021-09-11,Watford,Wolves,1,football-data.co.uk,2021-09-12,home,,,,,,,,,6,2,,,,,,,,,,,,,,,,,,,,,,10.0,,,,,,,
2122_20210912_leeds_liverpool,2122,2021-09-12,Liverpool,Leeds,0,football-data.co.uk,2021-09-13,away,,,,,,,,,30,9,,,,,,,,,,,,,,,,,,,,,,48.0,,,,,,,
2122_20210912_leeds_liverpool,2122,2021-09-12,Leeds,Liverpool,1,football-data.co.uk,2021-09-13,home,,,,,,,,,9,4,,,,,,,,,,,,,,,,,,,,,,17.0,,,,,,,
2122_20210913_everton_burnley,2122,2021-09-13,Burnley,Everton,0,football-data.co.uk,2021-09-14,away,,,,,,,,,11,6,,,,,,,,,,,,,,,,,,,,,,23.0,,,,,,,
2122_20210913_everton_burnley,2122,2021-09-13,Everton,Burnley,1,football-data.co.uk,2021-09-14,home,,,,,,,,,14,6,,,,,,,,,,,,,,,,,,,,,,26.0,,,,,,,
2122_20210917_newcastle_leeds,2122,2021-09-17,Leeds,Newcastle,0,football-data.co.uk,2021-09-18,away,,,,,,,,,22,9,,,,,,,,,,,,,,,,,,,,,,40.0,,,,,,,
2122_20210917_newcastle_leeds,2122,2021-09-17,Newcastle,Leeds,1,football-data.co.uk,2021-09-18,home,,,,,,,,,17,7,,,,,,,,,,,,,,,,,,,,,,31.0,,,,,,,
2122_20210918_aston_villa_everton,2122,2021-09-18,Everton,Aston Villa,0,football-data.co.uk,2021-09-19,away,,,,,,,,,11,1,,,,,,,,,,,,,,,,,,,,,,13.0,,,,,,,
2122_20210918_aston_villa_everton,2122,2021-09-18,Aston Villa,Everton,1,football-data.co.uk,2021-09-19,home,,,,,,,,,15,3,,,,,,,,,,,,,,,,,,,,,,21.0,,,,,,,
2122_20210918_burnley_arsenal,2122,2021-09-18,Arsenal,Burnley,0,football-data.co.uk,2021-09-19,away,,,,,,,,,13,3,,,,,,,,,,,,,,,,,,,,,,19.0,,,,,,,
2122_20210918_burnley_arsenal,2122,2021-09-18,Burnley,Arsenal,1,football-data.co.uk,2021-09-19,home,,,,,,,,,18,3,,,,,,,,,,,,,,,,,,,,,,24.0,,,,,,,
2122_20210918_liverpool_crystal_palace,2122,2021-09-18,Crystal Palace,Liverpool,0,football-data.co.uk,2021-09-19,away,,,,,,,,,13,2,,,,,,,,,,,,,,,,,,,,,,17.0,,,,,,,
2122_20210918_liverpool_crystal_palace,2122,2021-09-18,Liverpool,Crystal Palace,1,football-data.co.uk,2021-09-19,home,,,,,,,,,25,10,,,,,,,,,,,,,,,,,,,,,,45.0,,,,,,,
2122_20210918_man_city_southampton,2122,2021-09-18,Southampton,Man City,0,football-data.co.uk,2021-09-19,away,,,,,,,,,10,2,,,,,,,,,,,,,,,,,,,,,,14.0,,,,,,,
2122_20210918_man_city_southampton,2122,2021-09-18,Man City,Southampton,1,football-data.co.uk,2021-09-19,home,,,,,,,,,18,1,,,,,,,,,,,,,,,,,,,,,,20.0,,,,,,,
2122_20210918_norwich_watford,2122,2021-09-18,Watford,Norwich,0,football-data.co.uk,2021-09-19,away,,,,,,,,,12,8,,,,,,,,,,,,,,,,,,,,,,28.0,,,,,,,
2122_20210918_norwich_watford,2122,2021-09-18,Norwich,Watford,1,football-data.co.uk,2021-09-19,home,,,,,,,,,12,5,,,,,,,,,,,,,,,,,,,,,,22.0,,,,,,,
2122_20210918_wolves_brentford,2122,2021-09-18,Brentford,Wolves,0,football-data.co.uk,2021-09-19,away,,,,,,,,,9,3,,,,,,,,,,,,,,,,,,,,,,15.0,,,,,,,
2122_20210918_wolves_brentford,2122,2021-09-18,Wolves,Brentford,1,football-data.co.uk,2021-09-19,home,,,,,,,,,11,0,,,,,,,,,,,,,,,,,,,,,,11.0,,,,,,,
2122_20210919_brighton_leicester,2122,2021-09-19,Leicester,Brighton,0,football-data.co.uk,2021-09-20,away,,,,,,,,,14,3,,,,,,,,,,,,,,,,,,,,,,20.0,,,,,,,
2122_20210919_brighton_leicester,2122,2021-09-19,Brighton,Leicester,1,football-data.co.uk,2021-09-20,home,,,,,,,,,12,5,,,,,,,,,,,,,,,,,,,,,,22.0,,,,,,,
2122_20210919_tottenham_chelsea,2122,2021-09-19,Chelsea,Tottenham,0,football-data.co.uk,2021-09-20,away,,,,,,,,,20,10,,,,,,,,,,,,,,,,,,,,,,40.0,,,,,,,
2122_20210919_tottenham_chelsea,2122,2021-09-19,Tottenham,Chelsea,1,football-data.co.uk,2021-09-20,home,,,,,,,,,8,2,,,,,,,,,,,,,,,,,,,,,,12.0,,,,,,,
2122_20210919_west_ham_man_united,2122,2021-09-19,Man United,West Ham,0,football-data.co.uk,2021-09-20,away,,,,,,,,,17,10,,,,,,,,,,,,,,,,,,,,,,37.0,,,,,,,
2122_20210919_west_ham_man_united,2122,2021-09-19,West Ham,Man United,1,football-data.co.uk,2021-09-20,home,,,,,,,,,13,4,,,,,,,,,,,,,,,,,,,,,,21.0,,,,,,,
2122_20210925_brentford_liverpool,2122,2021-09-25,Liverpool,Brentford,0,football-data.co.uk,2021-09-26,away,,,,,,,,,16,6,,,,,,,,,,,,,,,,,,,,,,28.0,,,,,,,
2122_20210925_brentford_liverpool,2122,2021-09-25,Brentford,Liverpool,1,football-data.co.uk,2021-09-26,home,,,,,,,,,12,4,,,,,,,,,,,,,,,,,,,,,,20.0,,,,,,,
2122_20210925_chelsea_man_city,2122,2021-09-25,Man City,Chelsea,0,football-data.co.uk,2021-09-26,away,,,,,,,,,15,4,,,,,,,,,,,,,,,,,,,,,,23.0,,,,,,,
2122_20210925_chelsea_man_city,2122,2021-09-25,Chelsea,Man City,1,football-data.co.uk,2021-09-26,home,,,,,,,,,5,0,,,,,,,,,,,,,,,,,,,,,,5.0,,,,,,,
2122_20210925_everton_norwich,2122,2021-09-25,Norwich,Everton,0,football-data.co.uk,2021-09-26,away,,,,,,,,,10,2,,,,,,,,,,,,,,,,,,,,,,14.0,,,,,,,
2122_20210925_everton_norwich,2122,2021-09-25,Everton,Norwich,1,football-data.co.uk,2021-09-26,home,,,,,,,,,11,4,,,,,,,,,,,,,,,,,,,,,,19.0,,,,,,,
2122_20210925_leeds_west_ham,2122,2021-09-25,West Ham,Leeds,0,football-data.co.uk,2021-09-26,away,,,,,,,,,20,7,,,,,,,,,,,,,,,,,,,,,,34.0,,,,,,,
2122_20210925_leeds_west_ham,2122,2021-09-25,Leeds,West Ham,1,football-data.co.uk,2021-09-26,home,,,,,,,,,15,5,,,,,,,,,,,,,,,,,,,,,,25.0,,,,,,,
2122_20210925_leicester_burnley,2122,2021-09-25,Burnley,Leicester,0,football-data.co.uk,2021-09-26,away,,,,,,,,,9,3,,,,,,,,,,,,,,,,,,,,,,15.0,,,,,,,
2122_20210925_leicester_burnley,2122,2021-09-25,Leicester,Burnley,1,football-data.co.uk,2021-09-26,home,,,,,,,,,22,5,,,,,,,,,,,,,,,,,,,,,,32.0,,,,,,,
2122_20210925_man_united_aston_villa,2122,2021-09-25,Aston Villa,Man United,0,football-data.co.uk,2021-09-26,away,,,,,,,,,7,3,,,,,,,,,,,,,,,,,,,,,,13.0,,,,,,,
2122_20210925_man_united_aston_villa,2122,2021-09-25,Man United,Aston Villa,1,football-data.co.uk,2021-09-26,home,,,,,,,,,28,4,,,,,,,,,,,,,,,,,,,,,,36.0,,,,,,,
2122_20210925_watford_newcastle,2122,2021-09-25,Newcastle,Watford,0,football-data.co.uk,2021-09-26,away,,,,,,,,,20,6,,,,,,,,,,,,,,,,,,,,,,32.0,,,,,,,
2122_20210925_watford_newcastle,2122,2021-09-25,Watford,Newcastle,1,football-data.co.uk,2021-09-26,home,,,,,,,,,15,4,,,,,,,,,,,,,,,,,,,,,,23.0,,,,,,,
2122_20210926_arsenal_tottenham,2122,2021-09-26,Tottenham,Arsenal,0,football-data.co.uk,2021-09-27,away,,,,,,,,,10,4,,,,,,,,,,,,,,,,,,,,,,18.0,,,,,,,
2122_20210926_arsenal_tottenham,2122,2021-09-26,Arsenal,Tottenham,1,football-data.co.uk,2021-09-27,home,,,,,,,,,12,7,,,,,,,,,,,,,,,,,,,,,,26.0,,,,,,,
2122_20210926_southampton_wolves,2122,2021-09-26,Wolves,Southampton,0,football-data.co.uk,2021-09-27,away,,,,,,,,,5,3,,,,,,,,,,,,,,,,,,,,,,11.0,,,,,,,
2122_20210926_southampton_wolves,2122,2021-09-26,Southampton,Wolves,1,football-data.co.uk,2021-09-27,home,,,,,,,,,18,6,,,,,,,,,,,,,,,,,,,,,,30.0,,,,,,,
2122_20210927_crystal_palace_brighton,2122,2021-09-27,Brighton,Crystal Palace,0,football-data.co.uk,2021-09-28,away,,,,,,,,,8,4,,,,,,,,,,,,,,,,,,,,,,16.0,,,,,,,
2122_20210927_crystal_palace_brighton,2122,2021-09-27,Crystal Palace,Brighton,1,football-data.co.uk,2021-09-28,home,,,,,,,,,8,3,,,,,,,,,,,,,,,,,,,,,,14.0,,,,,,,
2122_20211002_brighton_arsenal,2122,2021-10-02,Arsenal,Brighton,0,football-data.co.uk,2021-10-03,away,,,,,,,,,8,2,,,,,,,,,,,,,,,,,,,,,,12.0,,,,,,,
2122_20211002_brighton_arsenal,2122,2021-10-02,Brighton,Arsenal,1,football-data.co.uk,2021-10-03,home,,,,,,,,,21,2,,,,,,,,,,,,,,,,,,,,,,25.0,,,,,,,
2122_20211002_burnley_norwich,2122,2021-10-02,Norwich,Burnley,0,football-data.co.uk,2021-10-03,away,,,,,,,,,10,2,,,,,,,,,,,,,,,,,,,,,,14.0,,,,,,,
2122_20211002_burnley_norwich,2122,2021-10-02,Burnley,Norwich,1,football-data.co.uk,2021-10-03,home,,,,,,,,,14,4,,,,,,,,,,,,,,,,,,,,,,22.0,,,,,,,
2122_20211002_chelsea_southampton,2122,2021-10-02,Southampton,Chelsea,0,football-data.co.uk,2021-10-03,away,,,,,,,,,6,2,,,,,,,,,,,,,,,,,,,,,,10.0,,,,,,,
2122_20211002_chelsea_southampton,2122,2021-10-02,Chelsea,Southampton,1,football-data.co.uk,2021-10-03,home,,,,,,,,,20,9,,,,,,,,,,,,,,,,,,,,,,38.0,,,,,,,
2122_20211002_leeds_watford,2122,2021-10-02,Watford,Leeds,0,football-data.co.uk,2021-10-03,away,,,,,,,,,5,1,,,,,,,,,,,,,,,,,,,,,,7.0,,,,,,,
2122_20211002_leeds_watford,2122,2021-10-02,Leeds,Watford,1,football-data.co.uk,2021-10-03,home,,,,,,,,,20,4,,,,,,,,,,,,,,,,,,,,,,28.0,,,,,,,
2122_20211002_man_united_everton,2122,2021-10-02,Everton,Man United,0,football-data.co.uk,2021-10-03,away,,,,,,,,,12,2,,,,,,,,,,,,,,,,,,,,,,16.0,,,,,,,
2122_20211002_man_united_everton,2122,2021-10-02,Man United,Everton,1,football-data.co.uk,2021-10-03,home,,,,,,,,,13,6,,,,,,,,,,,,,,,,,,,,,,25.0,,,,,,,
2122_20211002_wolves_newcastle,2122,2021-10-02,Newcastle,Wolves,0,football-data.co.uk,2021-10-03,away,,,,,,,,,8,2,,,,,,,,,,,,,,,,,,,,,,12.0,,,,,,,
2122_20211002_wolves_newcastle,2122,2021-10-02,Wolves,Newcastle,1,football-data.co.uk,2021-10-03,home,,,,,,,,,7,3,,,,,,,,,,,,,,,,,,,,,,13.0,,,,,,,
2122_20211003_crystal_palace_leicester,2122,2021-10-03,Leicester,Crystal Palace,0,football-data.co.uk,2021-10-04,away,,,,,,,,,9,5,,,,,,,,,,,,,,,,,,,,,,19.0,,,,,,,
2122_20211003_crystal_palace_leicester,2122,2021-10-03,Crystal Palace,Leicester,1,football-data.co.uk,2021-10-04,home,,,,,,,,,18,4,,,,,,,,,,,,,,,,,,,,,,26.0,,,,,,,
2122_20211003_liverpool_man_city,2122,2021-10-03,Man City,Liverpool,0,football-data.co.uk,2021-10-04,away,,,,,,,,,12,3,,,,,,,,,,,,,,,,,,,,,,18.0,,,,,,,
2122_20211003_liverpool_man_city,2122,2021-10-03,Liverpool,Man City,1,football-data.co.uk,2021-10-04,home,,,,,,,,,6,4,,,,,,,,,,,,,,,,,,,,,,14.0,,,,,,,
2122_20211003_tottenham_aston_villa,2122,2021-10-03,Aston Villa,Tottenham,0,football-data.co.uk,2021-10-04,away,,,,,,,,,14,3,,,,,,,,,,,,,,,,,,,,,,20.0,,,,,,,
2122_20211003_tottenham_aston_villa,2122,2021-10-03,Tottenham,Aston Villa,1,football-data.co.uk,2021-10-04,home,,,,,,,,,17,8,,,,,,,,,,,,,,,,,,,,,,33.0,,,,,,,
2122_20211003_west_ham_brentford,2122,2021-10-03,Brentford,West Ham,0,football-data.co.uk,2021-10-04,away,,,,,,,,,13,6,,,,,,,,,,,,,,,,,,,,,,25.0,,,,,,,
2122_20211003_west_ham_brentford,2122,2021-10-03,West Ham,Brentford,1,football-data.co.uk,2021-10-04,home,,,,,,,,,18,5,,,,,,,,,,,,,,,,,,,,,,28.0,,,,,,,
2122_20211016_aston_villa_wolves,2122,2021-10-16,Wolves,Aston Villa,0,football-data.co.uk,2021-10-17,away,,,,,,,,,9,4,,,,,,,,,,,,,,,,,,,,,,17.0,,,,,,,
2122_20211016_aston_villa_wolves,2122,2021-10-16,Aston Villa,Wolves,1,football-data.co.uk,2021-10-17,home,,,,,,,,,14,5,,,,,,,,,,,,,,,,,,,,,,24.0,,,,,,,
2122_20211016_brentford_chelsea,2122,2021-10-16,Chelsea,Brentford,0,football-data.co.uk,2021-10-17,away,,,,,,,,,5,1,,,,,,,,,,,,,,,,,,,,,,7.0,,,,,,,
2122_20211016_brentford_chelsea,2122,2021-10-16,Brentford,Chelsea,1,football-data.co.uk,2021-10-17,home,,,,,,,,,17,7,,,,,,,,,,,,,,,,,,,,,,31.0,,,,,,,
2122_20211016_leicester_man_united,2122,2021-10-16,Man United,Leicester,0,football-data.co.uk,2021-10-17,away,,,,,,,,,18,6,,,,,,,,,,,,,,,,,,,,,,30.0,,,,,,,
2122_20211016_leicester_man_united,2122,2021-10-16,Leicester,Man United,1,football-data.co.uk,2021-10-17,home,,,,,,,,,22,11,,,,,,,,,,,,,,,,,,,,,,44.0,,,,,,,
2122_20211016_man_city_burnley,2122,2021-10-16,Burnley,Man City,0,football-data.co.uk,2021-10-17,away,,,,,,,,,7,2,,,,,,,,,,,,,,,,,,,,,,11.0,,,,,,,
2122_20211016_man_city_burnley,2122,2021-10-16,Man City,Burnley,1,football-data.co.uk,2021-10-17,home,,,,,,,,,15,6,,,,,,,,,,,,,,,,,,,,,,27.0,,,,,,,
2122_20211016_norwich_brighton,2122,2021-10-16,Brighton,Norwich,0,football-data.co.uk,2021-10-17,away,,,,,,,,,11,3,,,,,,,,,,,,,,,,,,,,,,17.0,,,,,,,
2122_20211016_norwich_brighton,2122,2021-10-16,Norwich,Brighton,1,football-data.co.uk,2021-10-17,home,,,,,,,,,15,3,,,,,,,,,,,,,,,,,,,,,,21.0,,,,,,,
2122_20211016_southampton_leeds,2122,2021-10-16,Leeds,Southampton,0,football-data.co.uk,2021-10-17,away,,,,,,,,,3,0,,,,,,,,,,,,,,,,,,,,,,3.0,,,,,,,
2122_20211016_southampton_leeds,2122,2021-10-16,Southampton,Leeds,1,football-data.co.uk,2021-10-17,home,,,,,,,,,19,5,,,,,,,,,,,,,,,,,,,,,,29.0,,,,,,,
2122_20211016_watford_liverpool,2122,2021-10-16,Liverpool,Watford,0,football-data.co.uk,2021-10-17,away,,,,,,,,,19,8,,,,,,,,,,,,,,,,,,,,,,35.0,,,,,,,
2122_20211016_watford_liverpool,2122,2021-10-16,Watford,Liverpool,1,football-data.co.uk,2021-10-17,home,,,,,,,,,6,2,,,,,,,,,,,,,,,,,,,,,,10.0,,,,,,,
2122_20211017_everton_west_ham,2122,2021-10-17,West Ham,Everton,0,football-data.co.uk,2021-10-18,away,,,,,,,,,16,4,,,,,,,,,,,,,,,,,,,,,,24.0,,,,,,,
2122_20211017_everton_west_ham,2122,2021-10-17,Everton,West Ham,1,football-data.co.uk,2021-10-18,home,,,,,,,,,15,2,,,,,,,,,,,,,,,,,,,,,,19.0,,,,,,,
2122_20211017_newcastle_tottenham,2122,2021-10-17,Tottenham,Newcastle,0,football-data.co.uk,2021-10-18,away,,,,,,,,,14,4,,,,,,,,,,,,,,,,,,,,,,22.0,,,,,,,
2122_20211017_newcastle_tottenham,2122,2021-10-17,Newcastle,Tottenham,1,football-data.co.uk,2021-10-18,home,,,,,,,,,7,1,,,,,,,,,,,,,,,,,,,,,,9.0,,,,,,,
2122_20211018_arsenal_crystal_palace,2122,2021-10-18,Crystal Palace,Arsenal,0,football-data.co.uk,2021-10-19,away,,,,,,,,,9,6,,,,,,,,,,,,,,,,,,,,,,21.0,,,,,,,
2122_20211018_arsenal_crystal_palace,2122,2021-10-18,Arsenal,Crystal Palace,1,football-data.co.uk,2021-10-19,home,,,,,,,,,17,6,,,,,,,,,,,,,,,,,,,,,,29.0,,,,,,,
2122_20211022_arsenal_aston_villa,2122,2021-10-22,Aston Villa,Arsenal,0,football-data.co.uk,2021-10-23,away,,,,,,,,,10,4,,,,,,,,,,,,,,,,,,,,,,18.0,,,,,,,
2122_20211022_arsenal_aston_villa,2122,2021-10-22,Arsenal,Aston Villa,1,football-data.co.uk,2021-10-23,home,,,,,,,,,22,9,,,,,,,,,,,,,,,,,,,,,,40.0,,,,,,,
2122_20211023_brighton_man_city,2122,2021-10-23,Man City,Brighton,0,football-data.co.uk,2021-10-24,away,,,,,,,,,23,14,,,,,,,,,,,,,,,,,,,,,,51.0,,,,,,,
2122_20211023_brighton_man_city,2122,2021-10-23,Brighton,Man City,1,football-data.co.uk,2021-10-24,home,,,,,,,,,10,5,,,,,,,,,,,,,,,,,,,,,,20.0,,,,,,,
2122_20211023_chelsea_norwich,2122,2021-10-23,Norwich,Chelsea,0,football-data.co.uk,2021-10-24,away,,,,,,,,,3,1,,,,,,,,,,,,,,,,,,,,,,5.0,,,,,,,
2122_20211023_chelsea_norwich,2122,2021-10-23,Chelsea,Norwich,1,football-data.co.uk,2021-10-24,home,,,,,,,,,23,13,,,,,,,,,,,,,,,,,,,,,,49.0,,,,,,,
2122_20211023_crystal_palace_newcastle,2122,2021-10-23,Newcastle,Crystal Palace,0,football-data.co.uk,2021-10-24,away,,,,,,,,,6,2,,,,,,,,,,,,,,,,,,,,,,10.0,,,,,,,
2122_20211023_crystal_palace_newcastle,2122,2021-10-23,Crystal Palace,Newcastle,1,football-data.co.uk,2021-10-24,home,,,,,,,,,15,3,,,,,,,,,,,,,,,,,,,,,,21.0,,,,,,,
2122_20211023_everton_watford,2122,2021-10-23,Watford,Everton,0,football-data.co.uk,2021-10-24,away,,,,,,,,,20,8,,,,,,,,,,,,,,,,,,,,,,36.0,,,,,,,
2122_20211023_everton_watford,2122,2021-10-23,Everton,Watford,1,football-data.co.uk,2021-10-24,home,,,,,,,,,15,4,,,,,,,,,,,,,,,,,,,,,,23.0,,,,,,,
2122_20211023_leeds_wolves,2122,2021-10-23,Wolves,Leeds,0,football-data.co.uk,2021-10-24,away,,,,,,,,,8,4,,,,,,,,,,,,,,,,,,,,,,16.0,,,,,,,
2122_20211023_leeds_wolves,2122,2021-10-23,Leeds,Wolves,1,football-data.co.uk,2021-10-24,home,,,,,,,,,18,4,,,,,,,,,,,,,,,,,,,,,,26.0,,,,,,,
2122_20211023_southampton_burnley,2122,2021-10-23,Burnley,Southampton,0,football-data.co.uk,2021-10-24,away,,,,,,,,,9,5,,,,,,,,,,,,,,,,,,,,,,19.0,,,,,,,
2122_20211023_southampton_burnley,2122,2021-10-23,Southampton,Burnley,1,football-data.co.uk,2021-10-24,home,,,,,,,,,16,4,,,,,,,,,,,,,,,,,,,,,,24.0,,,,,,,
2122_20211024_brentford_leicester,2122,2021-10-24,Leicester,Brentford,0,football-data.co.uk,2021-10-25,away,,,,,,,,,10,6,,,,,,,,,,,,,,,,,,,,,,22.0,,,,,,,
2122_20211024_brentford_leicester,2122,2021-10-24,Brentford,Leicester,1,football-data.co.uk,2021-10-25,home,,,,,,,,,15,5,,,,,,,,,,,,,,,,,,,,,,25.0,,,,,,,
2122_20211024_man_united_liverpool,2122,2021-10-24,Liverpool,Man United,0,football-data.co.uk,2021-10-25,away,,,,,,,,,19,8,,,,,,,,,,,,,,,,,,,,,,35.0,,,,,,,
2122_20211024_man_united_liverpool,2122,2021-10-24,Man United,Liverpool,1,football-data.co.uk,2021-10-25,home,,,,,,,,,12,4,,,,,,,,,,,,,,,,,,,,,,20.0,,,,,,,
2122_20211024_west_ham_tottenham,2122,2021-10-24,Tottenham,West Ham,0,football-data.co.uk,2021-10-25,away,,,,,,,,,7,4,,,,,,,,,,,,,,,,,,,,,,15.0,,,,,,,
2122_20211024_west_ham_tottenham,2122,2021-10-24,West Ham,Tottenham,1,football-data.co.uk,2021-10-25,home,,,,,,,,,13,4,,,,,,,,,,,,,,,,,,,,,,21.0,,,,,,,
2122_20211030_burnley_brentford,2122,2021-10-30,Brentford,Burnley,0,football-data.co.uk,2021-10-31,away,,,,,,,,,12,5,,,,,,,,,,,,,,,,,,,,,,22.0,,,,,,,
2122_20211030_burnley_brentford,2122,2021-10-30,Burnley,Brentford,1,football-data.co.uk,2021-10-31,home,,,,,,,,,15,6,,,,,,,,,,,,,,,,,,,,,,27.0,,,,,,,
2122_20211030_leicester_arsenal,2122,2021-10-30,Arsenal,Leicester,0,football-data.co.uk,2021-10-31,away,,,,,,,,,9,5,,,,,,,,,,,,,,,,,,,,,,19.0,,,,,,,
2122_20211030_leicester_arsenal,2122,2021-10-30,Leicester,Arsenal,1,football-data.co.uk,2021-10-31,home,,,,,,,,,16,8,,,,,,,,,,,,,,,,,,,,,,32.0,,,,,,,
2122_20211030_liverpool_brighton,2122,2021-10-30,Brighton,Liverpool,0,football-data.co.uk,2021-10-31,away,,,,,,,,,9,6,,,,,,,,,,,,,,,,,,,,,,21.0,,,,,,,
2122_20211030_liverpool_brighton,2122,2021-10-30,Liverpool,Brighton,1,football-data.co.uk,2021-10-31,home,,,,,,,,,14,3,,,,,,,,,,,,,,,,,,,,,,20.0,,,,,,,
2122_20211030_man_city_crystal_palace,2122,2021-10-30,Crystal Palace,Man City,0,football-data.co.uk,2021-10-31,away,,,,,,,,,8,3,,,,,,,,,,,,,,,,,,,,,,14.0,,,,,,,
2122_20211030_man_city_crystal_palace,2122,2021-10-30,Man City,Crystal Palace,1,football-data.co.uk,2021-10-31,home,,,,,,,,,14,3,,,,,,,,,,,,,,,,,,,,,,20.0,,,,,,,
2122_20211030_newcastle_chelsea,2122,2021-10-30,Chelsea,Newcastle,0,football-data.co.uk,2021-10-31,away,,,,,,,,,19,6,,,,,,,,,,,,,,,,,,,,,,31.0,,,,,,,
2122_20211030_newcastle_chelsea,2122,2021-10-30,Newcastle,Chelsea,1,football-data.co.uk,2021-10-31,home,,,,,,,,,6,1,,,,,,,,,,,,,,,,,,,,,,8.0,,,,,,,
2122_20211030_tottenham_man_united,2122,2021-10-30,Man United,Tottenham,0,football-data.co.uk,2021-10-31,away,,,,,,,,,10,4,,,,,,,,,,,,,,,,,,,,,,18.0,,,,,,,
2122_20211030_tottenham_man_united,2122,2021-10-30,Tottenham,Man United,1,football-data.co.uk,2021-10-31,home,,,,,,,,,9,0,,,,,,,,,,,,,,,,,,,,,,9.0,,,,,,,
2122_20211030_watford_southampton,2122,2021-10-30,Southampton,Watford,0,football-data.co.uk,2021-10-31,away,,,,,,,,,12,1,,,,,,,,,,,,,,,,,,,,,,14.0,,,,,,,
2122_20211030_watford_southampton,2122,2021-10-30,Watford,Southampton,1,football-data.co.uk,2021-10-31,home,,,,,,,,,10,4,,,,,,,,,,,,,,,,,,,,,,18.0,,,,,,,
2122_20211031_aston_villa_west_ham,2122,2021-10-31,West Ham,Aston Villa,0,football-data.co.uk,2021-11-01,away,,,,,,,,,21,9,,,,,,,,,,,,,,,,,,,,,,39.0,,,,,,,
2122_20211031_aston_villa_west_ham,2122,2021-10-31,Aston Villa,West Ham,1,football-data.co.uk,2021-11-01,home,,,,,,,,,9,3,,,,,,,,,,,,,,,,,,,,,,15.0,,,,,,,
2122_20211031_norwich_leeds,2122,2021-10-31,Leeds,Norwich,0,football-data.co.uk,2021-11-01,away,,,,,,,,,13,6,,,,,,,,,,,,,,,,,,,,,,25.0,,,,,,,
2122_20211031_norwich_leeds,2122,2021-10-31,Norwich,Leeds,1,football-data.co.uk,2021-11-01,home,,,,,,,,,14,3,,,,,,,,,,,,,,,,,,,,,,20.0,,,,,,,
2122_20211101_wolves_everton,2122,2021-11-01,Everton,Wolves,0,football-data.co.uk,2021-11-02,away,,,,,,,,,14,5,,,,,,,,,,,,,,,,,,,,,,24.0,,,,,,,
2122_20211101_wolves_everton,2122,2021-11-01,Wolves,Everton,1,football-data.co.uk,2021-11-02,home,,,,,,,,,10,4,,,,,,,,,,,,,,,,,,,,,,18.0,,,,,,,
2122_20211105_southampton_aston_villa,2122,2021-11-05,Aston Villa,Southampton,0,football-data.co.uk,2021-11-06,away,,,,,,,,,14,3,,,,,,,,,,,,,,,,,,,,,,20.0,,,,,,,
2122_20211105_southampton_aston_villa,2122,2021-11-05,Southampton,Aston Villa,1,football-data.co.uk,2021-11-06,home,,,,,,,,,9,3,,,,,,,,,,,,,,,,,,,,,,15.0,,,,,,,
2122_20211106_brentford_norwich,2122,2021-11-06,Norwich,Brentford,0,football-data.co.uk,2021-11-07,away,,,,,,,,,9,5,,,,,,,,,,,,,,,,,,,,,,19.0,,,,,,,
2122_20211106_brentford_norwich,2122,2021-11-06,Brentford,Norwich,1,football-data.co.uk,2021-11-07,home,,,,,,,,,19,7,,,,,,,,,,,,,,,,,,,,,,33.0,,,,,,,
2122_20211106_brighton_newcastle,2122,2021-11-06,Newcastle,Brighton,0,football-data.co.uk,2021-11-07,away,,,,,,,,,6,1,,,,,,,,,,,,,,,,,,,,,,8.0,,,,,,,
2122_20211106_brighton_newcastle,2122,2021-11-06,Brighton,Newcastle,1,football-data.co.uk,2021-11-07,home,,,,,,,,,14,5,,,,,,,,,,,,,,,,,,,,,,24.0,,,,,,,
2122_20211106_chelsea_burnley,2122,2021-11-06,Burnley,Chelsea,0,football-data.co.uk,2021-11-07,away,,,,,,,,,5,2,,,,,,,,,,,,,,,,,,,,,,9.0,,,,,,,
2122_20211106_chelsea_burnley,2122,2021-11-06,Chelsea,Burnley,1,football-data.co.uk,2021-11-07,home,,,,,,,,,25,4,,,,,,,,,,,,,,,,,,,,,,33.0,,,,,,,
2122_20211106_crystal_palace_wolves,2122,2021-11-06,Wolves,Crystal Palace,0,football-data.co.uk,2021-11-07,away,,,,,,,,,4,2,,,,,,,,,,,,,,,,,,,,,,8.0,,,,,,,
2122_20211106_crystal_palace_wolves,2122,2021-11-06,Crystal Palace,Wolves,1,football-data.co.uk,2021-11-07,home,,,,,,,,,13,6,,,,,,,,,,,,,,,,,,,,,,25.0,,,,,,,
2122_20211106_man_united_man_city,2122,2021-11-06,Man City,Man United,0,football-data.co.uk,2021-11-07,away,,,,,,,,,16,5,,,,,,,,,,,,,,,,,,,,,,26.0,,,,,,,
2122_20211106_man_united_man_city,2122,2021-11-06,Man United,Man City,1,football-data.co.uk,2021-11-07,home,,,,,,,,,5,1,,,,,,,,,,,,,,,,,,,,,,7.0,,,,,,,
2122_20211107_arsenal_watford,2122,2021-11-07,Watford,Arsenal,0,football-data.co.uk,2021-11-08,away,,,,,,,,,7,1,,,,,,,,,,,,,,,,,,,,,,9.0,,,,,,,
2122_20211107_arsenal_watford,2122,2021-11-07,Arsenal,Watford,1,football-data.co.uk,2021-11-08,home,,,,,,,,,14,6,,,,,,,,,,,,,,,,,,,,,,26.0,,,,,,,
2122_20211107_everton_tottenham,2122,2021-11-07,Tottenham,Everton,0,football-data.co.uk,2021-11-08,away,,,,,,,,,8,0,,,,,,,,,,,,,,,,,,,,,,8.0,,,,,,,
2122_20211107_everton_tottenham,2122,2021-11-07,Everton,Tottenham,1,football-data.co.uk,2021-11-08,home,,,,,,,,,12,2,,,,,,,,,,,,,,,,,,,,,,16.0,,,,,,,
2122_20211107_leeds_leicester,2122,2021-11-07,Leicester,Leeds,0,football-data.co.uk,2021-11-08,away,,,,,,,,,9,3,,,,,,,,,,,,,,,,,,,,,,15.0,,,,,,,
2122_20211107_leeds_leicester,2122,2021-11-07,Leeds,Leicester,1,football-data.co.uk,2021-11-08,home,,,,,,,,,18,5,,,,,,,,,,,,,,,,,,,,,,28.0,,,,,,,
2122_20211107_west_ham_liverpool,2122,2021-11-07,Liverpool,West Ham,0,football-data.co.uk,2021-11-08,away,,,,,,,,,16,5,,,,,,,,,,,,,,,,,,,,,,26.0,,,,,,,
2122_20211107_west_ham_liverpool,2122,2021-11-07,West Ham,Liverpool,1,football-data.co.uk,2021-11-08,home,,,,,,,,,7,3,,,,,,,,,,,,,,,,,,,,,,13.0,,,,,,,
2122_20211120_aston_villa_brighton,2122,2021-11-20,Brighton,Aston Villa,0,football-data.co.uk,2021-11-21,away,,,,,,,,,6,2,,,,,,,,,,,,,,,,,,,,,,10.0,,,,,,,
2122_20211120_aston_villa_brighton,2122,2021-11-20,Aston Villa,Brighton,1,football-data.co.uk,2021-11-21,home,,,,,,,,,9,5,,,,,,,,,,,,,,,,,,,,,,19.0,,,,,,,
2122_20211120_burnley_crystal_palace,2122,2021-11-20,Crystal Palace,Burnley,0,football-data.co.uk,2021-11-21,away,,,,,,,,,18,8,,,,,,,,,,,,,,,,,,,,,,34.0,,,,,,,
2122_20211120_burnley_crystal_palace,2122,2021-11-20,Burnley,Crystal Palace,1,football-data.co.uk,2021-11-21,home,,,,,,,,,15,9,,,,,,,,,,,,,,,,,,,,,,33.0,,,,,,,
2122_20211120_leicester_chelsea,2122,2021-11-20,Chelsea,Leicester,0,football-data.co.uk,2021-11-21,away,,,,,,,,,16,7,,,,,,,,,,,,,,,,,,,,,,30.0,,,,,,,
2122_20211120_leicester_chelsea,2122,2021-11-20,Leicester,Chelsea,1,football-data.co.uk,2021-11-21,home,,,,,,,,,4,3,,,,,,,,,,,,,,,,,,,,,,10.0,,,,,,,
2122_20211120_liverpool_arsenal,2122,2021-11-20,Arsenal,Liverpool,0,football-data.co.uk,2021-11-21,away,,,,,,,,,5,3,,,,,,,,,,,,,,,,,,,,,,11.0,,,,,,,
2122_20211120_liverpool_arsenal,2122,2021-11-20,Liverpool,Arsenal,1,football-data.co.uk,2021-11-21,home,,,,,,,,,19,9,,,,,,,,,,,,,,,,,,,,,,37.0,,,,,,,
2122_20211120_newcastle_brentford,2122,2021-11-20,Brentford,Newcastle,0,football-data.co.uk,2021-11-21,away,,,,,,,,,10,4,,,,,,,,,,,,,,,,,,,,,,18.0,,,,,,,
2122_20211120_newcastle_brentford,2122,2021-11-20,Newcastle,Brentford,1,football-data.co.uk,2021-11-21,home,,,,,,,,,23,9,,,,,,,,,,,,,,,,,,,,,,41.0,,,,,,,
2122_20211120_norwich_southampton,2122,2021-11-20,Southampton,Norwich,0,football-data.co.uk,2021-11-21,away,,,,,,,,,17,5,,,,,,,,,,,,,,,,,,,,,,27.0,,,,,,,
2122_20211120_norwich_southampton,2122,2021-11-20,Norwich,Southampton,1,football-data.co.uk,2021-11-21,home,,,,,,,,,8,4,,,,,,,,,,,,,,,,,,,,,,16.0,,,,,,,
2122_20211120_watford_man_united,2122,2021-11-20,Man United,Watford,0,football-data.co.uk,2021-11-21,away,,,,,,,,,9,3,,,,,,,,,,,,,,,,,,,,,,15.0,,,,,,,
2122_20211120_watford_man_united,2122,2021-11-20,Watford,Man United,1,football-data.co.uk,2021-11-21,home,,,,,,,,,20,7,,,,,,,,,,,,,,,,,,,,,,34.0,,,,,,,
2122_20211120_wolves_west_ham,2122,2021-11-20,West Ham,Wolves,0,football-data.co.uk,2021-11-21,away,,,,,,,,,8,3,,,,,,,,,,,,,,,,,,,,,,14.0,,,,,,,
2122_20211120_wolves_west_ham,2122,2021-11-20,Wolves,West Ham,1,football-data.co.uk,2021-11-21,home,,,,,,,,,15,5,,,,,,,,,,,,,,,,,,,,,,25.0,,,,,,,
2122_20211121_man_city_everton,2122,2021-11-21,Everton,Man City,0,football-data.co.uk,2021-11-22,away,,,,,,,,,4,1,,,,,,,,,,,,,,,,,,,,,,6.0,,,,,,,
2122_20211121_man_city_everton,2122,2021-11-21,Man City,Everton,1,football-data.co.uk,2021-11-22,home,,,,,,,,,17,7,,,,,,,,,,,,,,,,,,,,,,31.0,,,,,,,
2122_20211121_tottenham_leeds,2122,2021-11-21,Leeds,Tottenham,0,football-data.co.uk,2021-11-22,away,,,,,,,,,18,7,,,,,,,,,,,,,,,,,,,,,,32.0,,,,,,,
2122_20211121_tottenham_leeds,2122,2021-11-21,Tottenham,Leeds,1,football-data.co.uk,2021-11-22,home,,,,,,,,,13,4,,,,,,,,,,,,,,,,,,,,,,21.0,,,,,,,
2122_20211127_arsenal_newcastle,2122,2021-11-27,Newcastle,Arsenal,0,football-data.co.uk,2021-11-28,away,,,,,,,,,9,5,,,,,,,,,,,,,,,,,,,,,,19.0,,,,,,,
2122_20211127_arsenal_newcastle,2122,2021-11-27,Arsenal,Newcastle,1,football-data.co.uk,2021-11-28,home,,,,,,,,,24,6,,,,,,,,,,,,,,,,,,,,,,36.0,,,,,,,
2122_20211127_brighton_leeds,2122,2021-11-27,Leeds,Brighton,0,football-data.co.uk,2021-11-28,away,,,,,,,,,11,4,,,,,,,,,,,,,,,,,,,,,,19.0,,,,,,,
2122_20211127_brighton_leeds,2122,2021-11-27,Brighton,Leeds,1,football-data.co.uk,2021-11-28,home,,,,,,,,,20,4,,,,,,,,,,,,,,,,,,,,,,28.0,,,,,,,
2122_20211127_crystal_palace_aston_villa,2122,2021-11-27,Aston Villa,Crystal Palace,0,football-data.co.uk,2021-11-28,away,,,,,,,,,10,3,,,,,,,,,,,,,,,,,,,,,,16.0,,,,,,,
2122_20211127_crystal_palace_aston_villa,2122,2021-11-27,Crystal Palace,Aston Villa,1,football-data.co.uk,2021-11-28,home,,,,,,,,,8,3,,,,,,,,,,,,,,,,,,,,,,14.0,,,,,,,
2122_20211127_liverpool_southampton,2122,2021-11-27,Southampton,Liverpool,0,football-data.co.uk,2021-11-28,away,,,,,,,,,7,3,,,,,,,,,,,,,,,,,,,,,,13.0,,,,,,,
2122_20211127_liverpool_southampton,2122,2021-11-27,Liverpool,Southampton,1,football-data.co.uk,2021-11-28,home,,,,,,,,,20,6,,,,,,,,,,,,,,,,,,,,,,32.0,,,,,,,
2122_20211127_norwich_wolves,2122,2021-11-27,Wolves,Norwich,0,football-data.co.uk,2021-11-28,away,,,,,,,,,5,2,,,,,,,,,,,,,,,,,,,,,,9.0,,,,,,,
2122_20211127_norwich_wolves,2122,2021-11-27,Norwich,Wolves,1,football-data.co.uk,2021-11-28,home,,,,,,,,,14,4,,,,,,,,,,,,,,,,,,,,,,22.0,,,,,,,
2122_20211128_brentford_everton,2122,2021-11-28,Everton,Brentford,0,football-data.co.uk,2021-11-29,away,,,,,,,,,14,5,,,,,,,,,,,,,,,,,,,,,,24.0,,,,,,,
2122_20211128_brentford_everton,2122,2021-11-28,Brentford,Everton,1,football-data.co.uk,2021-11-29,home,,,,,,,,,6,4,,,,,,,,,,,,,,,,,,,,,,14.0,,,,,,,
2122_20211128_chelsea_man_united,2122,2021-11-28,Man United,Chelsea,0,football-data.co.uk,2021-11-29,away,,,,,,,,,3,2,,,,,,,,,,,,,,,,,,,,,,7.0,,,,,,,
2122_20211128_chelsea_man_united,2122,2021-11-28,Chelsea,Man United,1,football-data.co.uk,2021-11-29,home,,,,,,,,,24,6,,,,,,,,,,,,,,,,,,,,,,36.0,,,,,,,
2122_20211128_leicester_watford,2122,2021-11-28,Watford,Leicester,0,football-data.co.uk,2021-11-29,away,,,,,,,,,16,5,,,,,,,,,,,,,,,,,,,,,,26.0,,,,,,,
2122_20211128_leicester_watford,2122,2021-11-28,Leicester,Watford,1,football-data.co.uk,2021-11-29,home,,,,,,,,,18,8,,,,,,,,,,,,,,,,,,,,,,34.0,,,,,,,
2122_20211128_man_city_west_ham,2122,2021-11-28,West Ham,Man City,0,football-data.co.uk,2021-11-29,away,,,,,,,,,5,3,,,,,,,,,,,,,,,,,,,,,,11.0,,,,,,,
2122_20211128_man_city_west_ham,2122,2021-11-28,Man City,West Ham,1,football-data.co.uk,2021-11-29,home,,,,,,,,,19,9,,,,,,,,,,,,,,,,,,,,,,37.0,,,,,,,
2122_20211130_leeds_crystal_palace,2122,2021-11-30,Crystal Palace,Leeds,0,football-data.co.uk,2021-12-01,away,,,,,,,,,9,1,,,,,,,,,,,,,,,,,,,,,,11.0,,,,,,,
2122_20211130_leeds_crystal_palace,2122,2021-11-30,Leeds,Crystal Palace,1,football-data.co.uk,2021-12-01,home,,,,,,,,,15,3,,,,,,,,,,,,,,,,,,,,,,21.0,,,,,,,
2122_20211130_newcastle_norwich,2122,2021-11-30,Norwich,Newcastle,0,football-data.co.uk,2021-12-01,away,,,,,,,,,16,6,,,,,,,,,,,,,,,,,,,,,,28.0,,,,,,,
2122_20211130_newcastle_norwich,2122,2021-11-30,Newcastle,Norwich,1,football-data.co.uk,2021-12-01,home,,,,,,,,,9,1,,,,,,,,,,,,,,,,,,,,,,11.0,,,,,,,
2122_20211201_aston_villa_man_city,2122,2021-12-01,Man City,Aston Villa,0,football-data.co.uk,2021-12-02,away,,,,,,,,,17,7,,,,,,,,,,,,,,,,,,,,,,31.0,,,,,,,
2122_20211201_aston_villa_man_city,2122,2021-12-01,Aston Villa,Man City,1,football-data.co.uk,2021-12-02,home,,,,,,,,,9,3,,,,,,,,,,,,,,,,,,,,,,15.0,,,,,,,
2122_20211201_everton_liverpool,2122,2021-12-01,Liverpool,Everton,0,football-data.co.uk,2021-12-02,away,,,,,,,,,16,7,,,,,,,,,,,,,,,,,,,,,,30.0,,,,,,,
2122_20211201_everton_liverpool,2122,2021-12-01,Everton,Liverpool,1,football-data.co.uk,2021-12-02,home,,,,,,,,,8,2,,,,,,,,,,,,,,,,,,,,,,12.0,,,,,,,
2122_20211201_southampton_leicester,2122,2021-12-01,Leicester,Southampton,0,football-data.co.uk,2021-12-02,away,,,,,,,,,15,6,,,,,,,,,,,,,,,,,,,,,,27.0,,,,,,,
2122_20211201_southampton_leicester,2122,2021-12-01,Southampton,Leicester,1,football-data.co.uk,2021-12-02,home,,,,,,,,,15,7,,,,,,,,,,,,,,,,,,,,,,29.0,,,,,,,
2122_20211201_watford_chelsea,2122,2021-12-01,Chelsea,Watford,0,football-data.co.uk,2021-12-02,away,,,,,,,,,8,4,,,,,,,,,,,,,,,,,,,,,,16.0,,,,,,,
2122_20211201_watford_chelsea,2122,2021-12-01,Watford,Chelsea,1,football-data.co.uk,2021-12-02,home,,,,,,,,,13,6,,,,,,,,,,,,,,,,,,,,,,25.0,,,,,,,
2122_20211201_west_ham_brighton,2122,2021-12-01,Brighton,West Ham,0,football-data.co.uk,2021-12-02,away,,,,,,,,,9,3,,,,,,,,,,,,,,,,,,,,,,15.0,,,,,,,
2122_20211201_west_ham_brighton,2122,2021-12-01,West Ham,Brighton,1,football-data.co.uk,2021-12-02,home,,,,,,,,,14,6,,,,,,,,,,,,,,,,,,,,,,26.0,,,,,,,
2122_20211201_wolves_burnley,2122,2021-12-01,Burnley,Wolves,0,football-data.co.uk,2021-12-02,away,,,,,,,,,6,1,,,,,,,,,,,,,,,,,,,,,,8.0,,,,,,,
2122_20211201_wolves_burnley,2122,2021-12-01,Wolves,Burnley,1,football-data.co.uk,2021-12-02,home,,,,,,,,,16,2,,,,,,,,,,,,,,,,,,,,,,20.0,,,,,,,
2122_20211202_man_united_arsenal,2122,2021-12-02,Arsenal,Man United,0,football-data.co.uk,2021-12-03,away,,,,,,,,,17,8,,,,,,,,,,,,,,,,,,,,,,33.0,,,,,,,
2122_20211202_man_united_arsenal,2122,2021-12-02,Man United,Arsenal,1,football-data.co.uk,2021-12-03,home,,,,,,,,,14,10,,,,,,,,,,,,,,,,,,,,,,34.0,,,,,,,
2122_20211202_tottenham_brentford,2122,2021-12-02,Brentford,Tottenham,0,football-data.co.uk,2021-12-03,away,,,,,,,,,6,2,,,,,,,,,,,,,,,,,,,,,,10.0,,,,,,,
2122_20211202_tottenham_brentford,2122,2021-12-02,Tottenham,Brentford,1,football-data.co.uk,2021-12-03,home,,,,,,,,,11,6,,,,,,,,,,,,,,,,,,,,,,23.0,,,,,,,
2122_20211204_newcastle_burnley,2122,2021-12-04,Burnley,Newcastle,0,football-data.co.uk,2021-12-05,away,,,,,,,,,10,1,,,,,,,,,,,,,,,,,,,,,,12.0,,,,,,,
2122_20211204_newcastle_burnley,2122,2021-12-04,Newcastle,Burnley,1,football-data.co.uk,2021-12-05,home,,,,,,,,,19,4,,,,,,,,,,,,,,,,,,,,,,27.0,,,,,,,
2122_20211204_southampton_brighton,2122,2021-12-04,Brighton,Southampton,0,football-data.co.uk,2021-12-05,away,,,,,,,,,14,4,,,,,,,,,,,,,,,,,,,,,,22.0,,,,,,,
2122_20211204_southampton_brighton,2122,2021-12-04,Southampton,Brighton,1,football-data.co.uk,2021-12-05,home,,,,,,,,,14,4,,,,,,,,,,,,,,,,,,,,,,22.0,,,,,,,
2122_20211204_watford_man_city,2122,2021-12-04,Man City,Watford,0,football-data.co.uk,2021-12-05,away,,,,,,,,,26,13,,,,,,,,,,,,,,,,,,,,,,52.0,,,,,,,
2122_20211204_watford_man_city,2122,2021-12-04,Watford,Man City,1,football-data.co.uk,2021-12-05,home,,,,,,,,,11,4,,,,,,,,,,,,,,,,,,,,,,19.0,,,,,,,
2122_20211204_west_ham_chelsea,2122,2021-12-04,Chelsea,West Ham,0,football-data.co.uk,2021-12-05,away,,,,,,,,,19,7,,,,,,,,,,,,,,,,,,,,,,33.0,,,,,,,
2122_20211204_west_ham_chelsea,2122,2021-12-04,West Ham,Chelsea,1,football-data.co.uk,2021-12-05,home,,,,,,,,,11,5,,,,,,,,,,,,,,,,,,,,,,21.0,,,,,,,
2122_20211204_wolves_liverpool,2122,2021-12-04,Liverpool,Wolves,0,football-data.co.uk,2021-12-05,away,,,,,,,,,17,5,,,,,,,,,,,,,,,,,,,,,,27.0,,,,,,,
2122_20211204_wolves_liverpool,2122,2021-12-04,Wolves,Liverpool,1,football-data.co.uk,2021-12-05,home,,,,,,,,,3,1,,,,,,,,,,,,,,,,,,,,,,5.0,,,,,,,
2122_20211205_aston_villa_leicester,2122,2021-12-05,Leicester,Aston Villa,0,football-data.co.uk,2021-12-06,away,,,,,,,,,12,5,,,,,,,,,,,,,,,,,,,,,,22.0,,,,,,,
2122_20211205_aston_villa_leicester,2122,2021-12-05,Aston Villa,Leicester,1,football-data.co.uk,2021-12-06,home,,,,,,,,,13,4,,,,,,,,,,,,,,,,,,,,,,21.0,,,,,,,
2122_20211205_leeds_brentford,2122,2021-12-05,Brentford,Leeds,0,football-data.co.uk,2021-12-06,away,,,,,,,,,9,3,,,,,,,,,,,,,,,,,,,,,,15.0,,,,,,,
2122_20211205_leeds_brentford,2122,2021-12-05,Leeds,Brentford,1,football-data.co.uk,2021-12-06,home,,,,,,,,,13,6,,,,,,,,,,,,,,,,,,,,,,25.0,,,,,,,
2122_20211205_man_united_crystal_palace,2122,2021-12-05,Crystal Palace,Man United,0,football-data.co.uk,2021-12-06,away,,,,,,,,,8,2,,,,,,,,,,,,,,,,,,,,,,12.0,,,,,,,
2122_20211205_man_united_crystal_palace,2122,2021-12-05,Man United,Crystal Palace,1,football-data.co.uk,2021-12-06,home,,,,,,,,,16,3,,,,,,,,,,,,,,,,,,,,,,22.0,,,,,,,
2122_20211205_tottenham_norwich,2122,2021-12-05,Norwich,Tottenham,0,football-data.co.uk,2021-12-06,away,,,,,,,,,10,1,,,,,,,,,,,,,,,,,,,,,,12.0,,,,,,,
2122_20211205_tottenham_norwich,2122,2021-12-05,Tottenham,Norwich,1,football-data.co.uk,2021-12-06,home,,,,,,,,,17,7,,,,,,,,,,,,,,,,,,,,,,31.0,,,,,,,
2122_20211206_everton_arsenal,2122,2021-12-06,Arsenal,Everton,0,football-data.co.uk,2021-12-07,away,,,,,,,,,10,3,,,,,,,,,,,,,,,,,,,,,,16.0,,,,,,,
2122_20211206_everton_arsenal,2122,2021-12-06,Everton,Arsenal,1,football-data.co.uk,2021-12-07,home,,,,,,,,,11,5,,,,,,,,,,,,,,,,,,,,,,21.0,,,,,,,
2122_20211210_brentford_watford,2122,2021-12-10,Watford,Brentford,0,football-data.co.uk,2021-12-11,away,,,,,,,,,6,2,,,,,,,,,,,,,,,,,,,,,,10.0,,,,,,,
2122_20211210_brentford_watford,2122,2021-12-10,Brentford,Watford,1,football-data.co.uk,2021-12-11,home,,,,,,,,,14,5,,,,,,,,,,,,,,,,,,,,,,24.0,,,,,,,
2122_20211211_arsenal_southampton,2122,2021-12-11,Southampton,Arsenal,0,football-data.co.uk,2021-12-12,away,,,,,,,,,11,6,,,,,,,,,,,,,,,,,,,,,,23.0,,,,,,,
2122_20211211_arsenal_southampton,2122,2021-12-11,Arsenal,Southampton,1,football-data.co.uk,2021-12-12,home,,,,,,,,,15,5,,,,,,,,,,,,,,,,,,,,,,25.0,,,,,,,
2122_20211211_chelsea_leeds,2122,2021-12-11,Leeds,Chelsea,0,football-data.co.uk,2021-12-12,away,,,,,,,,,12,5,,,,,,,,,,,,,,,,,,,,,,22.0,,,,,,,
2122_20211211_chelsea_leeds,2122,2021-12-11,Chelsea,Leeds,1,football-data.co.uk,2021-12-12,home,,,,,,,,,16,6,,,,,,,,,,,,,,,,,,,,,,28.0,,,,,,,
2122_20211211_liverpool_aston_villa,2122,2021-12-11,Aston Villa,Liverpool,0,football-data.co.uk,2021-12-12,away,,,,,,,,,4,0,,,,,,,,,,,,,,,,,,,,,,4.0,,,,,,,
2122_20211211_liverpool_aston_villa,2122,2021-12-11,Liverpool,Aston Villa,1,football-data.co.uk,2021-12-12,home,,,,,,,,,20,5,,,,,,,,,,,,,,,,,,,,,,30.0,,,,,,,
2122_20211211_man_city_wolves,2122,2021-12-11,Wolves,Man City,0,football-data.co.uk,2021-12-12,away,,,,,,,,,2,1,,,,,,,,,,,,,,,,,,,,,,4.0,,,,,,,
2122_20211211_man_city_wolves,2122,2021-12-11,Man City,Wolves,1,football-data.co.uk,2021-12-12,home,,,,,,,,,24,10,,,,,,,,,,,,,,,,,,,,,,44.0,,,,,,,
2122_20211211_norwich_man_united,2122,2021-12-11,Man United,Norwich,0,football-data.co.uk,2021-12-12,away,,,,,,,,,13,5,,,,,,,,,,,,,,,,,,,,,,23.0,,,,,,,
2122_20211211_norwich_man_united,2122,2021-12-11,Norwich,Man United,1,football-data.co.uk,2021-12-12,home,,,,,,,,,11,5,,,,,,,,,,,,,,,,,,,,,,21.0,,,,,,,
2122_20211212_burnley_west_ham,2122,2021-12-12,West Ham,Burnley,0,football-data.co.uk,2021-12-13,away,,,,,,,,,16,3,,,,,,,,,,,,,,,,,,,,,,22.0,,,,,,,
2122_20211212_burnley_west_ham,2122,2021-12-12,Burnley,West Ham,1,football-data.co.uk,2021-12-13,home,,,,,,,,,9,1,,,,,,,,,,,,,,,,,,,,,,11.0,,,,,,,
2122_20211212_crystal_palace_everton,2122,2021-12-12,Everton,Crystal Palace,0,football-data.co.uk,2021-12-13,away,,,,,,,,,12,6,,,,,,,,,,,,,,,,,,,,,,24.0,,,,,,,
2122_20211212_crystal_palace_everton,2122,2021-12-12,Crystal Palace,Everton,1,football-data.co.uk,2021-12-13,home,,,,,,,,,17,6,,,,,,,,,,,,,,,,,,,,,,29.0,,,,,,,
2122_20211212_leicester_newcastle,2122,2021-12-12,Newcastle,Leicester,0,football-data.co.uk,2021-12-13,away,,,,,,,,,12,3,,,,,,,,,,,,,,,,,,,,,,18.0,,,,,,,
2122_20211212_leicester_newcastle,2122,2021-12-12,Leicester,Newcastle,1,football-data.co.uk,2021-12-13,home,,,,,,,,,8,5,,,,,,,,,,,,,,,,,,,,,,18.0,,,,,,,
2122_20211214_man_city_leeds,2122,2021-12-14,Leeds,Man City,0,football-data.co.uk,2021-12-15,away,,,,,,,,,6,3,,,,,,,,,,,,,,,,,,,,,,12.0,,,,,,,
2122_20211214_man_city_leeds,2122,2021-12-14,Man City,Leeds,1,football-data.co.uk,2021-12-15,home,,,,,,,,,31,15,,,,,,,,,,,,,,,,,,,,,,61.0,,,,,,,
2122_20211214_norwich_aston_villa,2122,2021-12-14,Aston Villa,Norwich,0,football-data.co.uk,2021-12-15,away,,,,,,,,,17,6,,,,,,,,,,,,,,,,,,,,,,29.0,,,,,,,
2122_20211214_norwich_aston_villa,2122,2021-12-14,Norwich,Aston Villa,1,football-data.co.uk,2021-12-15,home,,,,,,,,,7,3,,,,,,,,,,,,,,,,,,,,,,13.0,,,,,,,
2122_20211215_arsenal_west_ham,2122,2021-12-15,West Ham,Arsenal,0,football-data.co.uk,2021-12-16,away,,,,,,,,,7,1,,,,,,,,,,,,,,,,,,,,,,9.0,,,,,,,
2122_20211215_arsenal_west_ham,2122,2021-12-15,Arsenal,West Ham,1,football-data.co.uk,2021-12-16,home,,,,,,,,,21,8,,,,,,,,,,,,,,,,,,,,,,37.0,,,,,,,
2122_20211215_brighton_wolves,2122,2021-12-15,Wolves,Brighton,0,football-data.co.uk,2021-12-16,away,,,,,,,,,8,5,,,,,,,,,,,,,,,,,,,,,,18.0,,,,,,,
2122_20211215_brighton_wolves,2122,2021-12-15,Brighton,Wolves,1,football-data.co.uk,2021-12-16,home,,,,,,,,,12,2,,,,,,,,,,,,,,,,,,,,,,16.0,,,,,,,
2122_20211215_crystal_palace_southampton,2122,2021-12-15,Southampton,Crystal Palace,0,football-data.co.uk,2021-12-16,away,,,,,,,,,15,4,,,,,,,,,,,,,,,,,,,,,,23.0,,,,,,,
2122_20211215_crystal_palace_southampton,2122,2021-12-15,Crystal Palace,Southampton,1,football-data.co.uk,2021-12-16,home,,,,,,,,,9,6,,,,,,,,,,,,,,,,,,,,,,21.0,,,,,,,
2122_20211216_chelsea_everton,2122,2021-12-16,Everton,Chelsea,0,football-data.co.uk,2021-12-17,away,,,,,,,,,5,3,,,,,,,,,,,,,,,,,,,,,,11.0,,,,,,,
2122_20211216_chelsea_everton,2122,2021-12-16,Chelsea,Everton,1,football-data.co.uk,2021-12-17,home,,,,,,,,,23,10,,,,,,,,,,,,,,,,,,,,,,43.0,,,,,,,
2122_20211216_liverpool_newcastle,2122,2021-12-16,Newcastle,Liverpool,0,football-data.co.uk,2021-12-17,away,,,,,,,,,4,2,,,,,,,,,,,,,,,,,,,,,,8.0,,,,,,,
2122_20211216_liverpool_newcastle,2122,2021-12-16,Liverpool,Newcastle,1,football-data.co.uk,2021-12-17,home,,,,,,,,,23,8,,,,,,,,,,,,,,,,,,,,,,39.0,,,,,,,
2122_20211218_leeds_arsenal,2122,2021-12-18,Arsenal,Leeds,0,football-data.co.uk,2021-12-19,away,,,,,,,,,21,12,,,,,,,,,,,,,,,,,,,,,,45.0,,,,,,,
2122_20211218_leeds_arsenal,2122,2021-12-18,Leeds,Arsenal,1,football-data.co.uk,2021-12-19,home,,,,,,,,,9,2,,,,,,,,,,,,,,,,,,,,,,13.0,,,,,,,
2122_20211219_newcastle_man_city,2122,2021-12-19,Man City,Newcastle,0,football-data.co.uk,2021-12-20,away,,,,,,,,,18,7,,,,,,,,,,,,,,,,,,,,,,32.0,,,,,,,
2122_20211219_newcastle_man_city,2122,2021-12-19,Newcastle,Man City,1,football-data.co.uk,2021-12-20,home,,,,,,,,,5,1,,,,,,,,,,,,,,,,,,,,,,7.0,,,,,,,
2122_20211219_tottenham_liverpool,2122,2021-12-19,Liverpool,Tottenham,0,football-data.co.uk,2021-12-20,away,,,,,,,,,18,6,,,,,,,,,,,,,,,,,,,,,,30.0,,,,,,,
2122_20211219_tottenham_liverpool,2122,2021-12-19,Tottenham,Liverpool,1,football-data.co.uk,2021-12-20,home,,,,,,,,,10,5,,,,,,,,,,,,,,,,,,,,,,20.0,,,,,,,
2122_20211219_wolves_chelsea,2122,2021-12-19,Chelsea,Wolves,0,football-data.co.uk,2021-12-20,away,,,,,,,,,8,1,,,,,,,,,,,,,,,,,,,,,,10.0,,,,,,,
2122_20211219_wolves_chelsea,2122,2021-12-19,Wolves,Chelsea,1,football-data.co.uk,2021-12-20,home,,,,,,,,,4,1,,,,,,,,,,,,,,,,,,,,,,6.0,,,,,,,
2122_20211226_aston_villa_chelsea,2122,2021-12-26,Chelsea,Aston Villa,0,football-data.co.uk,2021-12-27,away,,,,,,,,,10,4,,,,,,,,,,,,,,,,,,,,,,18.0,,,,,,,
2122_20211226_aston_villa_chelsea,2122,2021-12-26,Aston Villa,Chelsea,1,football-data.co.uk,2021-12-27,home,,,,,,,,,8,1,,,,,,,,,,,,,,,,,,,,,,10.0,,,,,,,
2122_20211226_brighton_brentford,2122,2021-12-26,Brentford,Brighton,0,football-data.co.uk,2021-12-27,away,,,,,,,,,16,6,,,,,,,,,,,,,,,,,,,,,,28.0,,,,,,,
2122_20211226_brighton_brentford,2122,2021-12-26,Brighton,Brentford,1,football-data.co.uk,2021-12-27,home,,,,,,,,,15,5,,,,,,,,,,,,,,,,,,,,,,25.0,,,,,,,
2122_20211226_man_city_leicester,2122,2021-12-26,Leicester,Man City,0,football-data.co.uk,2021-12-27,away,,,,,,,,,14,8,,,,,,,,,,,,,,,,,,,,,,30.0,,,,,,,
2122_20211226_man_city_leicester,2122,2021-12-26,Man City,Leicester,1,football-data.co.uk,2021-12-27,home,,,,,,,,,17,9,,,,,,,,,,,,,,,,,,,,,,35.0,,,,,,,
2122_20211226_norwich_arsenal,2122,2021-12-26,Arsenal,Norwich,0,football-data.co.uk,2021-12-27,away,,,,,,,,,16,6,,,,,,,,,,,,,,,,,,,,,,28.0,,,,,,,
2122_20211226_norwich_arsenal,2122,2021-12-26,Norwich,Arsenal,1,football-data.co.uk,2021-12-27,home,,,,,,,,,4,2,,,,,,,,,,,,,,,,,,,,,,8.0,,,,,,,
2122_20211226_tottenham_crystal_palace,2122,2021-12-26,Crystal Palace,Tottenham,0,football-data.co.uk,2021-12-27,away,,,,,,,,,4,0,,,,,,,,,,,,,,,,,,,,,,4.0,,,,,,,
2122_20211226_tottenham_crystal_palace,2122,2021-12-26,Tottenham,Crystal Palace,1,football-data.co.uk,2021-12-27,home,,,,,,,,,17,6,,,,,,,,,,,,,,,,,,,,,,29.0,,,,,,,
2122_20211226_west_ham_southampton,2122,2021-12-26,Southampton,West Ham,0,football-data.co.uk,2021-12-27,away,,,,,,,,,11,6,,,,,,,,,,,,,,,,,,,,,,23.0,,,,,,,
2122_20211226_west_ham_southampton,2122,2021-12-26,West Ham,Southampton,1,football-data.co.uk,2021-12-27,home,,,,,,,,,11,5,,,,,,,,,,,,,,,,,,,,,,21.0,,,,,,,
2122_20211227_newcastle_man_united,2122,2021-12-27,Man United,Newcastle,0,football-data.co.uk,2021-12-28,away,,,,,,,,,13,4,,,,,,,,,,,,,,,,,,,,,,21.0,,,,,,,
2122_20211227_newcastle_man_united,2122,2021-12-27,Newcastle,Man United,1,football-data.co.uk,2021-12-28,home,,,,,,,,,13,8,,,,,,,,,,,,,,,,,,,,,,29.0,,,,,,,
2122_20211228_crystal_palace_norwich,2122,2021-12-28,Norwich,Crystal Palace,0,football-data.co.uk,2021-12-29,away,,,,,,,,,12,3,,,,,,,,,,,,,,,,,,,,,,18.0,,,,,,,
2122_20211228_crystal_palace_norwich,2122,2021-12-28,Crystal Palace,Norwich,1,football-data.co.uk,2021-12-29,home,,,,,,,,,19,6,,,,,,,,,,,,,,,,,,,,,,31.0,,,,,,,
2122_20211228_leicester_liverpool,2122,2021-12-28,Liverpool,Leicester,0,football-data.co.uk,2021-12-29,away,,,,,,,,,21,4,,,,,,,,,,,,,,,,,,,,,,29.0,,,,,,,
2122_20211228_leicester_liverpool,2122,2021-12-28,Leicester,Liverpool,1,football-data.co.uk,2021-12-29,home,,,,,,,,,6,1,,,,,,,,,,,,,,,,,,,,,,8.0,,,,,,,
2122_20211228_southampton_tottenham,2122,2021-12-28,Tottenham,Southampton,0,football-data.co.uk,2021-12-29,away,,,,,,,,,21,11,,,,,,,,,,,,,,,,,,,,,,43.0,,,,,,,
2122_20211228_southampton_tottenham,2122,2021-12-28,Southampton,Tottenham,1,football-data.co.uk,2021-12-29,home,,,,,,,,,9,2,,,,,,,,,,,,,,,,,,,,,,13.0,,,,,,,
2122_20211228_watford_west_ham,2122,2021-12-28,West Ham,Watford,0,football-data.co.uk,2021-12-29,away,,,,,,,,,13,6,,,,,,,,,,,,,,,,,,,,,,25.0,,,,,,,
2122_20211228_watford_west_ham,2122,2021-12-28,Watford,West Ham,1,football-data.co.uk,2021-12-29,home,,,,,,,,,14,5,,,,,,,,,,,,,,,,,,,,,,24.0,,,,,,,
2122_20211229_brentford_man_city,2122,2021-12-29,Man City,Brentford,0,football-data.co.uk,2021-12-30,away,,,,,,,,,12,3,,,,,,,,,,,,,,,,,,,,,,18.0,,,,,,,
2122_20211229_brentford_man_city,2122,2021-12-29,Brentford,Man City,1,football-data.co.uk,2021-12-30,home,,,,,,,,,6,2,,,,,,,,,,,,,,,,,,,,,,10.0,,,,,,,
2122_20211229_chelsea_brighton,2122,2021-12-29,Brighton,Chelsea,0,football-data.co.uk,2021-12-30,away,,,,,,,,,18,6,,,,,,,,,,,,,,,,,,,,,,30.0,,,,,,,
2122_20211229_chelsea_brighton,2122,2021-12-29,Chelsea,Brighton,1,football-data.co.uk,2021-12-30,home,,,,,,,,,11,5,,,,,,,,,,,,,,,,,,,,,,21.0,,,,,,,
2122_20211230_man_united_burnley,2122,2021-12-30,Burnley,Man United,0,football-data.co.uk,2021-12-31,away,,,,,,,,,10,3,,,,,,,,,,,,,,,,,,,,,,16.0,,,,,,,
2122_20211230_man_united_burnley,2122,2021-12-30,Man United,Burnley,1,football-data.co.uk,2021-12-31,home,,,,,,,,,18,6,,,,,,,,,,,,,,,,,,,,,,30.0,,,,,,,
2122_20220101_arsenal_man_city,2122,2022-01-01,Man City,Arsenal,0,football-data.co.uk,2022-01-02,away,,,,,,,,,15,2,,,,,,,,,,,,,,,,,,,,,,19.0,,,,,,,
2122_20220101_arsenal_man_city,2122,2022-01-01,Arsenal,Man City,1,football-data.co.uk,2022-01-02,home,,,,,,,,,7,2,,,,,,,,,,,,,,,,,,,,,,11.0,,,,,,,
2122_20220101_crystal_palace_west_ham,2122,2022-01-01,West Ham,Crystal Palace,0,football-data.co.uk,2022-01-02,away,,,,,,,,,10,5,,,,,,,,,,,,,,,,,,,,,,20.0,,,,,,,
2122_20220101_crystal_palace_west_ham,2122,2022-01-01,Crystal Palace,West Ham,1,football-data.co.uk,2022-01-02,home,,,,,,,,,22,6,,,,,,,,,,,,,,,,,,,,,,34.0,,,,,,,
2122_20220101_watford_tottenham,2122,2022-01-01,Tottenham,Watford,0,football-data.co.uk,2022-01-02,away,,,,,,,,,21,9,,,,,,,,,,,,,,,,,,,,,,39.0,,,,,,,
2122_20220101_watford_tottenham,2122,2022-01-01,Watford,Tottenham,1,football-data.co.uk,2022-01-02,home,,,,,,,,,6,4,,,,,,,,,,,,,,,,,,,,,,14.0,,,,,,,
2122_20220102_brentford_aston_villa,2122,2022-01-02,Aston Villa,Brentford,0,football-data.co.uk,2022-01-03,away,,,,,,,,,16,5,,,,,,,,,,,,,,,,,,,,,,26.0,,,,,,,
2122_20220102_brentford_aston_villa,2122,2022-01-02,Brentford,Aston Villa,1,football-data.co.uk,2022-01-03,home,,,,,,,,,10,4,,,,,,,,,,,,,,,,,,,,,,18.0,,,,,,,
2122_20220102_chelsea_liverpool,2122,2022-01-02,Liverpool,Chelsea,0,football-data.co.uk,2022-01-03,away,,,,,,,,,10,6,,,,,,,,,,,,,,,,,,,,,,22.0,,,,,,,
2122_20220102_chelsea_liverpool,2122,2022-01-02,Chelsea,Liverpool,1,football-data.co.uk,2022-01-03,home,,,,,,,,,15,6,,,,,,,,,,,,,,,,,,,,,,27.0,,,,,,,
2122_20220102_everton_brighton,2122,2022-01-02,Brighton,Everton,0,football-data.co.uk,2022-01-03,away,,,,,,,,,12,5,,,,,,,,,,,,,,,,,,,,,,22.0,,,,,,,
2122_20220102_everton_brighton,2122,2022-01-02,Everton,Brighton,1,football-data.co.uk,2022-01-03,home,,,,,,,,,17,6,,,,,,,,,,,,,,,,,,,,,,29.0,,,,,,,
2122_20220102_leeds_burnley,2122,2022-01-02,Burnley,Leeds,0,football-data.co.uk,2022-01-03,away,,,,,,,,,8,2,,,,,,,,,,,,,,,,,,,,,,12.0,,,,,,,
2122_20220102_leeds_burnley,2122,2022-01-02,Leeds,Burnley,1,football-data.co.uk,2022-01-03,home,,,,,,,,,22,7,,,,,,,,,,,,,,,,,,,,,,36.0,,,,,,,
2122_20220103_man_united_wolves,2122,2022-01-03,Wolves,Man United,0,football-data.co.uk,2022-01-04,away,,,,,,,,,19,6,,,,,,,,,,,,,,,,,,,,,,31.0,,,,,,,
2122_20220103_man_united_wolves,2122,2022-01-03,Man United,Wolves,1,football-data.co.uk,2022-01-04,home,,,,,,,,,9,2,,,,,,,,,,,,,,,,,,,,,,13.0,,,,,,,
2122_20220111_southampton_brentford,2122,2022-01-11,Brentford,Southampton,0,football-data.co.uk,2022-01-12,away,,,,,,,,,5,4,,,,,,,,,,,,,,,,,,,,,,13.0,,,,,,,
2122_20220111_southampton_brentford,2122,2022-01-11,Southampton,Brentford,1,football-data.co.uk,2022-01-12,home,,,,,,,,,12,6,,,,,,,,,,,,,,,,,,,,,,24.0,,,,,,,
2122_20220112_west_ham_norwich,2122,2022-01-12,Norwich,West Ham,0,football-data.co.uk,2022-01-13,away,,,,,,,,,7,3,,,,,,,,,,,,,,,,,,,,,,13.0,,,,,,,
2122_20220112_west_ham_norwich,2122,2022-01-12,West Ham,Norwich,1,football-data.co.uk,2022-01-13,home,,,,,,,,,13,5,,,,,,,,,,,,,,,,,,,,,,23.0,,,,,,,
2122_20220114_brighton_crystal_palace,2122,2022-01-14,Crystal Palace,Brighton,0,football-data.co.uk,2022-01-15,away,,,,,,,,,3,1,,,,,,,,,,,,,,,,,,,,,,5.0,,,,,,,
2122_20220114_brighton_crystal_palace,2122,2022-01-14,Brighton,Crystal Palace,1,football-data.co.uk,2022-01-15,home,,,,,,,,,19,4,,,,,,,,,,,,,,,,,,,,,,27.0,,,,,,,
2122_20220115_aston_villa_man_united,2122,2022-01-15,Man United,Aston Villa,0,football-data.co.uk,2022-01-16,away,,,,,,,,,13,6,,,,,,,,,,,,,,,,,,,,,,25.0,,,,,,,
2122_20220115_aston_villa_man_united,2122,2022-01-15,Aston Villa,Man United,1,football-data.co.uk,2022-01-16,home,,,,,,,,,13,9,,,,,,,,,,,,,,,,,,,,,,31.0,,,,,,,
2122_20220115_man_city_chelsea,2122,2022-01-15,Chelsea,Man City,0,football-data.co.uk,2022-01-16,away,,,,,,,,,4,1,,,,,,,,,,,,,,,,,,,,,,6.0,,,,,,,
2122_20220115_man_city_chelsea,2122,2022-01-15,Man City,Chelsea,1,football-data.co.uk,2022-01-16,home,,,,,,,,,11,6,,,,,,,,,,,,,,,,,,,,,,23.0,,,,,,,
2122_20220115_newcastle_watford,2122,2022-01-15,Watford,Newcastle,0,football-data.co.uk,2022-01-16,away,,,,,,,,,18,5,,,,,,,,,,,,,,,,,,,,,,28.0,,,,,,,
2122_20220115_newcastle_watford,2122,2022-01-15,Newcastle,Watford,1,football-data.co.uk,2022-01-16,home,,,,,,,,,12,1,,,,,,,,,,,,,,,,,,,,,,14.0,,,,,,,
2122_20220115_norwich_everton,2122,2022-01-15,Everton,Norwich,0,football-data.co.uk,2022-01-16,away,,,,,,,,,12,5,,,,,,,,,,,,,,,,,,,,,,22.0,,,,,,,
2122_20220115_norwich_everton,2122,2022-01-15,Norwich,Everton,1,football-data.co.uk,2022-01-16,home,,,,,,,,,14,3,,,,,,,,,,,,,,,,,,,,,,20.0,,,,,,,
2122_20220115_wolves_southampton,2122,2022-01-15,Southampton,Wolves,0,football-data.co.uk,2022-01-16,away,,,,,,,,,13,10,,,,,,,,,,,,,,,,,,,,,,33.0,,,,,,,
2122_20220115_wolves_southampton,2122,2022-01-15,Wolves,Southampton,1,football-data.co.uk,2022-01-16,home,,,,,,,,,9,5,,,,,,,,,,,,,,,,,,,,,,19.0,,,,,,,
2122_20220116_liverpool_brentford,2122,2022-01-16,Brentford,Liverpool,0,football-data.co.uk,2022-01-17,away,,,,,,,,,6,1,,,,,,,,,,,,,,,,,,,,,,8.0,,,,,,,
2122_20220116_liverpool_brentford,2122,2022-01-16,Liverpool,Brentford,1,football-data.co.uk,2022-01-17,home,,,,,,,,,27,13,,,,,,,,,,,,,,,,,,,,,,53.0,,,,,,,
2122_20220116_west_ham_leeds,2122,2022-01-16,Leeds,West Ham,0,football-data.co.uk,2022-01-17,away,,,,,,,,,18,5,,,,,,,,,,,,,,,,,,,,,,28.0,,,,,,,
2122_20220116_west_ham_leeds,2122,2022-01-16,West Ham,Leeds,1,football-data.co.uk,2022-01-17,home,,,,,,,,,15,5,,,,,,,,,,,,,,,,,,,,,,25.0,,,,,,,
2122_20220118_brighton_chelsea,2122,2022-01-18,Chelsea,Brighton,0,football-data.co.uk,2022-01-19,away,,,,,,,,,15,3,,,,,,,,,,,,,,,,,,,,,,21.0,,,,,,,
2122_20220118_brighton_chelsea,2122,2022-01-18,Brighton,Chelsea,1,football-data.co.uk,2022-01-19,home,,,,,,,,,10,2,,,,,,,,,,,,,,,,,,,,,,14.0,,,,,,,
2122_20220119_brentford_man_united,2122,2022-01-19,Man United,Brentford,0,football-data.co.uk,2022-01-20,away,,,,,,,,,13,5,,,,,,,,,,,,,,,,,,,,,,23.0,,,,,,,
2122_20220119_brentford_man_united,2122,2022-01-19,Brentford,Man United,1,football-data.co.uk,2022-01-20,home,,,,,,,,,18,8,,,,,,,,,,,,,,,,,,,,,,34.0,,,,,,,
2122_20220119_leicester_tottenham,2122,2022-01-19,Tottenham,Leicester,0,football-data.co.uk,2022-01-20,away,,,,,,,,,27,10,,,,,,,,,,,,,,,,,,,,,,47.0,,,,,,,
2122_20220119_leicester_tottenham,2122,2022-01-19,Leicester,Tottenham,1,football-data.co.uk,2022-01-20,home,,,,,,,,,14,4,,,,,,,,,,,,,,,,,,,,,,22.0,,,,,,,
2122_20220121_watford_norwich,2122,2022-01-21,Norwich,Watford,0,football-data.co.uk,2022-01-22,away,,,,,,,,,7,2,,,,,,,,,,,,,,,,,,,,,,11.0,,,,,,,
2122_20220121_watford_norwich,2122,2022-01-21,Watford,Norwich,1,football-data.co.uk,2022-01-22,home,,,,,,,,,15,4,,,,,,,,,,,,,,,,,,,,,,23.0,,,,,,,
2122_20220122_brentford_wolves,2122,2022-01-22,Wolves,Brentford,0,football-data.co.uk,2022-01-23,away,,,,,,,,,7,2,,,,,,,,,,,,,,,,,,,,,,11.0,,,,,,,
2122_20220122_brentford_wolves,2122,2022-01-22,Brentford,Wolves,1,football-data.co.uk,2022-01-23,home,,,,,,,,,11,1,,,,,,,,,,,,,,,,,,,,,,13.0,,,,,,,
2122_20220122_everton_aston_villa,2122,2022-01-22,Aston Villa,Everton,0,football-data.co.uk,2022-01-23,away,,,,,,,,,8,3,,,,,,,,,,,,,,,,,,,,,,14.0,,,,,,,
2122_20220122_everton_aston_villa,2122,2022-01-22,Everton,Aston Villa,1,football-data.co.uk,2022-01-23,home,,,,,,,,,15,1,,,,,,,,,,,,,,,,,,,,,,17.0,,,,,,,
2122_20220122_leeds_newcastle,2122,2022-01-22,Newcastle,Leeds,0,football-data.co.uk,2022-01-23,away,,,,,,,,,15,3,,,,,,,,,,,,,,,,,,,,,,21.0,,,,,,,
2122_20220122_leeds_newcastle,2122,2022-01-22,Leeds,Newcastle,1,football-data.co.uk,2022-01-23,home,,,,,,,,,13,4,,,,,,,,,,,,,,,,,,,,,,21.0,,,,,,,
2122_20220122_man_united_west_ham,2122,2022-01-22,West Ham,Man United,0,football-data.co.uk,2022-01-23,away,,,,,,,,,6,1,,,,,,,,,,,,,,,,,,,,,,8.0,,,,,,,
2122_20220122_man_united_west_ham,2122,2022-01-22,Man United,West Ham,1,football-data.co.uk,2022-01-23,home,,,,,,,,,18,3,,,,,,,,,,,,,,,,,,,,,,24.0,,,,,,,
2122_20220122_southampton_man_city,2122,2022-01-22,Man City,Southampton,0,football-data.co.uk,2022-01-23,away,,,,,,,,,20,5,,,,,,,,,,,,,,,,,,,,,,30.0,,,,,,,
2122_20220122_southampton_man_city,2122,2022-01-22,Southampton,Man City,1,football-data.co.uk,2022-01-23,home,,,,,,,,,7,3,,,,,,,,,,,,,,,,,,,,,,13.0,,,,,,,
2122_20220123_arsenal_burnley,2122,2022-01-23,Burnley,Arsenal,0,football-data.co.uk,2022-01-24,away,,,,,,,,,10,1,,,,,,,,,,,,,,,,,,,,,,12.0,,,,,,,
2122_20220123_arsenal_burnley,2122,2022-01-23,Arsenal,Burnley,1,football-data.co.uk,2022-01-24,home,,,,,,,,,20,5,,,,,,,,,,,,,,,,,,,,,,30.0,,,,,,,
2122_20220123_chelsea_tottenham,2122,2022-01-23,Tottenham,Chelsea,0,football-data.co.uk,2022-01-24,away,,,,,,,,,6,3,,,,,,,,,,,,,,,,,,,,,,12.0,,,,,,,
2122_20220123_chelsea_tottenham,2122,2022-01-23,Chelsea,Tottenham,1,football-data.co.uk,2022-01-24,home,,,,,,,,,15,7,,,,,,,,,,,,,,,,,,,,,,29.0,,,,,,,
2122_20220123_crystal_palace_liverpool,2122,2022-01-23,Liverpool,Crystal Palace,0,football-data.co.uk,2022-01-24,away,,,,,,,,,15,7,,,,,,,,,,,,,,,,,,,,,,29.0,,,,,,,
2122_20220123_crystal_palace_liverpool,2122,2022-01-23,Crystal Palace,Liverpool,1,football-data.co.uk,2022-01-24,home,,,,,,,,,8,5,,,,,,,,,,,,,,,,,,,,,,18.0,,,,,,,
2122_20220123_leicester_brighton,2122,2022-01-23,Brighton,Leicester,0,football-data.co.uk,2022-01-24,away,,,,,,,,,14,5,,,,,,,,,,,,,,,,,,,,,,24.0,,,,,,,
2122_20220123_leicester_brighton,2122,2022-01-23,Leicester,Brighton,1,football-data.co.uk,2022-01-24,home,,,,,,,,,15,5,,,,,,,,,,,,,,,,,,,,,,25.0,,,,,,,
2122_20220205_burnley_watford,2122,2022-02-05,Watford,Burnley,0,football-data.co.uk,2022-02-06,away,,,,,,,,,11,5,,,,,,,,,,,,,,,,,,,,,,21.0,,,,,,,
2122_20220205_burnley_watford,2122,2022-02-05,Burnley,Watford,1,football-data.co.uk,2022-02-06,home,,,,,,,,,13,2,,,,,,,,,,,,,,,,,,,,,,17.0,,,,,,,
2122_20220208_burnley_man_united,2122,2022-02-08,Man United,Burnley,0,football-data.co.uk,2022-02-09,away,,,,,,,,,22,5,,,,,,,,,,,,,,,,,,,,,,32.0,,,,,,,
2122_20220208_burnley_man_united,2122,2022-02-08,Burnley,Man United,1,football-data.co.uk,2022-02-09,home,,,,,,,,,9,3,,,,,,,,,,,,,,,,,,,,,,15.0,,,,,,,
2122_20220208_newcastle_everton,2122,2022-02-08,Everton,Newcastle,0,football-data.co.uk,2022-02-09,away,,,,,,,,,11,3,,,,,,,,,,,,,,,,,,,,,,17.0,,,,,,,
2122_20220208_newcastle_everton,2122,2022-02-08,Newcastle,Everton,1,football-data.co.uk,2022-02-09,home,,,,,,,,,20,9,,,,,,,,,,,,,,,,,,,,,,38.0,,,,,,,
2122_20220208_west_ham_watford,2122,2022-02-08,Watford,West Ham,0,football-data.co.uk,2022-02-09,away,,,,,,,,,6,1,,,,,,,,,,,,,,,,,,,,,,8.0,,,,,,,
2122_20220208_west_ham_watford,2122,2022-02-08,West Ham,Watford,1,football-data.co.uk,2022-02-09,home,,,,,,,,,9,3,,,,,,,,,,,,,,,,,,,,,,15.0,,,,,,,
2122_20220209_aston_villa_leeds,2122,2022-02-09,Leeds,Aston Villa,0,football-data.co.uk,2022-02-10,away,,,,,,,,,16,8,,,,,,,,,,,,,,,,,,,,,,32.0,,,,,,,
2122_20220209_aston_villa_leeds,2122,2022-02-09,Aston Villa,Leeds,1,football-data.co.uk,2022-02-10,home,,,,,,,,,12,4,,,,,,,,,,,,,,,,,,,,,,20.0,,,,,,,
2122_20220209_man_city_brentford,2122,2022-02-09,Brentford,Man City,0,football-data.co.uk,2022-02-10,away,,,,,,,,,6,2,,,,,,,,,,,,,,,,,,,,,,10.0,,,,,,,
2122_20220209_man_city_brentford,2122,2022-02-09,Man City,Brentford,1,football-data.co.uk,2022-02-10,home,,,,,,,,,15,7,,,,,,,,,,,,,,,,,,,,,,29.0,,,,,,,
2122_20220209_norwich_crystal_palace,2122,2022-02-09,Crystal Palace,Norwich,0,football-data.co.uk,2022-02-10,away,,,,,,,,,13,5,,,,,,,,,,,,,,,,,,,,,,23.0,,,,,,,
2122_20220209_norwich_crystal_palace,2122,2022-02-09,Norwich,Crystal Palace,1,football-data.co.uk,2022-02-10,home,,,,,,,,,5,1,,,,,,,,,,,,,,,,,,,,,,7.0,,,,,,,
2122_20220209_tottenham_southampton,2122,2022-02-09,Southampton,Tottenham,0,football-data.co.uk,2022-02-10,away,,,,,,,,,23,10,,,,,,,,,,,,,,,,,,,,,,43.0,,,,,,,
2122_20220209_tottenham_southampton,2122,2022-02-09,Tottenham,Southampton,1,football-data.co.uk,2022-02-10,home,,,,,,,,,8,3,,,,,,,,,,,,,,,,,,,,,,14.0,,,,,,,
2122_20220210_liverpool_leicester,2122,2022-02-10,Leicester,Liverpool,0,football-data.co.uk,2022-02-11,away,,,,,,,,,5,1,,,,,,,,,,,,,,,,,,,,,,7.0,,,,,,,
2122_20220210_liverpool_leicester,2122,2022-02-10,Liverpool,Leicester,1,football-data.co.uk,2022-02-11,home,,,,,,,,,22,11,,,,,,,,,,,,,,,,,,,,,,44.0,,,,,,,
2122_20220210_wolves_arsenal,2122,2022-02-10,Arsenal,Wolves,0,football-data.co.uk,2022-02-11,away,,,,,,,,,12,2,,,,,,,,,,,,,,,,,,,,,,16.0,,,,,,,
2122_20220210_wolves_arsenal,2122,2022-02-10,Wolves,Arsenal,1,football-data.co.uk,2022-02-11,home,,,,,,,,,15,4,,,,,,,,,,,,,,,,,,,,,,23.0,,,,,,,
2122_20220212_brentford_crystal_palace,2122,2022-02-12,Crystal Palace,Brentford,0,football-data.co.uk,2022-02-13,away,,,,,,,,,6,3,,,,,,,,,,,,,,,,,,,,,,12.0,,,,,,,
2122_20220212_brentford_crystal_palace,2122,2022-02-12,Brentford,Crystal Palace,1,football-data.co.uk,2022-02-13,home,,,,,,,,,9,2,,,,,,,,,,,,,,,,,,,,,,13.0,,,,,,,
2122_20220212_everton_leeds,2122,2022-02-12,Leeds,Everton,0,football-data.co.uk,2022-02-13,away,,,,,,,,,7,0,,,,,,,,,,,,,,,,,,,,,,7.0,,,,,,,
2122_20220212_everton_leeds,2122,2022-02-12,Everton,Leeds,1,football-data.co.uk,2022-02-13,home,,,,,,,,,21,10,,,,,,,,,,,,,,,,,,,,,,41.0,,,,,,,
2122_20220212_man_united_southampton,2122,2022-02-12,Southampton,Man United,0,football-data.co.uk,2022-02-13,away,,,,,,,,,13,4,,,,,,,,,,,,,,,,,,,,,,21.0,,,,,,,
2122_20220212_man_united_southampton,2122,2022-02-12,Man United,Southampton,1,football-data.co.uk,2022-02-13,home,,,,,,,,,12,8,,,,,,,,,,,,,,,,,,,,,,28.0,,,,,,,
2122_20220212_norwich_man_city,2122,2022-02-12,Man City,Norwich,0,football-data.co.uk,2022-02-13,away,,,,,,,,,22,9,,,,,,,,,,,,,,,,,,,,,,40.0,,,,,,,
2122_20220212_norwich_man_city,2122,2022-02-12,Norwich,Man City,1,football-data.co.uk,2022-02-13,home,,,,,,,,,8,3,,,,,,,,,,,,,,,,,,,,,,14.0,,,,,,,
2122_20220212_watford_brighton,2122,2022-02-12,Brighton,Watford,0,football-data.co.uk,2022-02-13,away,,,,,,,,,11,6,,,,,,,,,,,,,,,,,,,,,,23.0,,,,,,,
2122_20220212_watford_brighton,2122,2022-02-12,Watford,Brighton,1,football-data.co.uk,2022-02-13,home,,,,,,,,,9,1,,,,,,,,,,,,,,,,,,,,,,11.0,,,,,,,
2122_20220213_burnley_liverpool,2122,2022-02-13,Liverpool,Burnley,0,football-data.co.uk,2022-02-14,away,,,,,,,,,12,4,,,,,,,,,,,,,,,,,,,,,,20.0,,,,,,,
2122_20220213_burnley_liverpool,2122,2022-02-13,Burnley,Liverpool,1,football-data.co.uk,2022-02-14,home,,,,,,,,,8,5,,,,,,,,,,,,,,,,,,,,,,18.0,,,,,,,
2122_20220213_leicester_west_ham,2122,2022-02-13,West Ham,Leicester,0,football-data.co.uk,2022-02-14,away,,,,,,,,,8,3,,,,,,,,,,,,,,,,,,,,,,14.0,,,,,,,
2122_20220213_leicester_west_ham,2122,2022-02-13,Leicester,West Ham,1,football-data.co.uk,2022-02-14,home,,,,,,,,,13,2,,,,,,,,,,,,,,,,,,,,,,17.0,,,,,,,
2122_20220213_newcastle_aston_villa,2122,2022-02-13,Aston Villa,Newcastle,0,football-data.co.uk,2022-02-14,away,,,,,,,,,11,1,,,,,,,,,,,,,,,,,,,,,,13.0,,,,,,,
2122_20220213_newcastle_aston_villa,2122,2022-02-13,Newcastle,Aston Villa,1,football-data.co.uk,2022-02-14,home,,,,,,,,,10,2,,,,,,,,,,,,,,,,,,,,,,14.0,,,,,,,
2122_20220213_tottenham_wolves,2122,2022-02-13,Wolves,Tottenham,0,football-data.co.uk,2022-02-14,away,,,,,,,,,11,7,,,,,,,,,,,,,,,,,,,,,,25.0,,,,,,,
2122_20220213_tottenham_wolves,2122,2022-02-13,Tottenham,Wolves,1,football-data.co.uk,2022-02-14,home,,,,,,,,,17,7,,,,,,,,,,,,,,,,,,,,,,31.0,,,,,,,
2122_20220215_man_united_brighton,2122,2022-02-15,Brighton,Man United,0,football-data.co.uk,2022-02-16,away,,,,,,,,,10,3,,,,,,,,,,,,,,,,,,,,,,16.0,,,,,,,
2122_20220215_man_united_brighton,2122,2022-02-15,Man United,Brighton,1,football-data.co.uk,2022-02-16,home,,,,,,,,,19,7,,,,,,,,,,,,,,,,,,,,,,33.0,,,,,,,
2122_20220219_arsenal_brentford,2122,2022-02-19,Brentford,Arsenal,0,football-data.co.uk,2022-02-20,away,,,,,,,,,6,2,,,,,,,,,,,,,,,,,,,,,,10.0,,,,,,,
2122_20220219_arsenal_brentford,2122,2022-02-19,Arsenal,Brentford,1,football-data.co.uk,2022-02-20,home,,,,,,,,,24,8,,,,,,,,,,,,,,,,,,,,,,40.0,,,,,,,
2122_20220219_aston_villa_watford,2122,2022-02-19,Watford,Aston Villa,0,football-data.co.uk,2022-02-20,away,,,,,,,,,8,4,,,,,,,,,,,,,,,,,,,,,,16.0,,,,,,,
2122_20220219_aston_villa_watford,2122,2022-02-19,Aston Villa,Watford,1,football-data.co.uk,2022-02-20,home,,,,,,,,,20,1,,,,,,,,,,,,,,,,,,,,,,22.0,,,,,,,
2122_20220219_brighton_burnley,2122,2022-02-19,Burnley,Brighton,0,football-data.co.uk,2022-02-20,away,,,,,,,,,10,4,,,,,,,,,,,,,,,,,,,,,,18.0,,,,,,,
2122_20220219_brighton_burnley,2122,2022-02-19,Brighton,Burnley,1,football-data.co.uk,2022-02-20,home,,,,,,,,,11,1,,,,,,,,,,,,,,,,,,,,,,13.0,,,,,,,
2122_20220219_crystal_palace_chelsea,2122,2022-02-19,Chelsea,Crystal Palace,0,football-data.co.uk,2022-02-20,away,,,,,,,,,9,3,,,,,,,,,,,,,,,,,,,,,,15.0,,,,,,,
2122_20220219_crystal_palace_chelsea,2122,2022-02-19,Crystal Palace,Chelsea,1,football-data.co.uk,2022-02-20,home,,,,,,,,,7,0,,,,,,,,,,,,,,,,,,,,,,7.0,,,,,,,
2122_20220219_liverpool_norwich,2122,2022-02-19,Norwich,Liverpool,0,football-data.co.uk,2022-02-20,away,,,,,,,,,6,1,,,,,,,,,,,,,,,,,,,,,,8.0,,,,,,,
2122_20220219_liverpool_norwich,2122,2022-02-19,Liverpool,Norwich,1,football-data.co.uk,2022-02-20,home,,,,,,,,,29,8,,,,,,,,,,,,,,,,,,,,,,45.0,,,,,,,
2122_20220219_man_city_tottenham,2122,2022-02-19,Tottenham,Man City,0,football-data.co.uk,2022-02-20,away,,,,,,,,,6,5,,,,,,,,,,,,,,,,,,,,,,16.0,,,,,,,
2122_20220219_man_city_tottenham,2122,2022-02-19,Man City,Tottenham,1,football-data.co.uk,2022-02-20,home,,,,,,,,,21,4,,,,,,,,,,,,,,,,,,,,,,29.0,,,,,,,
2122_20220219_southampton_everton,2122,2022-02-19,Everton,Southampton,0,football-data.co.uk,2022-02-20,away,,,,,,,,,9,0,,,,,,,,,,,,,,,,,,,,,,9.0,,,,,,,
2122_20220219_southampton_everton,2122,2022-02-19,Southampton,Everton,1,football-data.co.uk,2022-02-20,home,,,,,,,,,19,11,,,,,,,,,,,,,,,,,,,,,,41.0,,,,,,,
2122_20220219_west_ham_newcastle,2122,2022-02-19,Newcastle,West Ham,0,football-data.co.uk,2022-02-20,away,,,,,,,,,14,3,,,,,,,,,,,,,,,,,,,,,,20.0,,,,,,,
2122_20220219_west_ham_newcastle,2122,2022-02-19,West Ham,Newcastle,1,football-data.co.uk,2022-02-20,home,,,,,,,,,11,3,,,,,,,,,,,,,,,,,,,,,,17.0,,,,,,,
2122_20220220_leeds_man_united,2122,2022-02-20,Man United,Leeds,0,football-data.co.uk,2022-02-21,away,,,,,,,,,15,9,,,,,,,,,,,,,,,,,,,,,,33.0,,,,,,,
2122_20220220_leeds_man_united,2122,2022-02-20,Leeds,Man United,1,football-data.co.uk,2022-02-21,home,,,,,,,,,16,6,,,,,,,,,,,,,,,,,,,,,,28.0,,,,,,,
2122_20220220_wolves_leicester,2122,2022-02-20,Leicester,Wolves,0,football-data.co.uk,2022-02-21,away,,,,,,,,,17,7,,,,,,,,,,,,,,,,,,,,,,31.0,,,,,,,
2122_20220220_wolves_leicester,2122,2022-02-20,Wolves,Leicester,1,football-data.co.uk,2022-02-21,home,,,,,,,,,11,3,,,,,,,,,,,,,,,,,,,,,,17.0,,,,,,,
2122_20220223_burnley_tottenham,2122,2022-02-23,Tottenham,Burnley,0,football-data.co.uk,2022-02-24,away,,,,,,,,,12,2,,,,,,,,,,,,,,,,,,,,,,16.0,,,,,,,
2122_20220223_burnley_tottenham,2122,2022-02-23,Burnley,Tottenham,1,football-data.co.uk,2022-02-24,home,,,,,,,,,15,4,,,,,,,,,,,,,,,,,,,,,,23.0,,,,,,,
2122_20220223_liverpool_leeds,2122,2022-02-23,Leeds,Liverpool,0,football-data.co.uk,2022-02-24,away,,,,,,,,,3,2,,,,,,,,,,,,,,,,,,,,,,7.0,,,,,,,
2122_20220223_liverpool_leeds,2122,2022-02-23,Liverpool,Leeds,1,football-data.co.uk,2022-02-24,home,,,,,,,,,23,15,,,,,,,,,,,,,,,,,,,,,,53.0,,,,,,,
2122_20220223_watford_crystal_palace,2122,2022-02-23,Crystal Palace,Watford,0,football-data.co.uk,2022-02-24,away,,,,,,,,,7,5,,,,,,,,,,,,,,,,,,,,,,17.0,,,,,,,
2122_20220223_watford_crystal_palace,2122,2022-02-23,Watford,Crystal Palace,1,football-data.co.uk,2022-02-24,home,,,,,,,,,8,1,,,,,,,,,,,,,,,,,,,,,,10.0,,,,,,,
2122_20220224_arsenal_wolves,2122,2022-02-24,Wolves,Arsenal,0,football-data.co.uk,2022-02-25,away,,,,,,,,,6,2,,,,,,,,,,,,,,,,,,,,,,10.0,,,,,,,
2122_20220224_arsenal_wolves,2122,2022-02-24,Arsenal,Wolves,1,football-data.co.uk,2022-02-25,home,,,,,,,,,26,5,,,,,,,,,,,,,,,,,,,,,,36.0,,,,,,,
2122_20220225_southampton_norwich,2122,2022-02-25,Norwich,Southampton,0,football-data.co.uk,2022-02-26,away,,,,,,,,,8,1,,,,,,,,,,,,,,,,,,,,,,10.0,,,,,,,
2122_20220225_southampton_norwich,2122,2022-02-25,Southampton,Norwich,1,football-data.co.uk,2022-02-26,home,,,,,,,,,27,9,,,,,,,,,,,,,,,,,,,,,,45.0,,,,,,,
2122_20220226_brentford_newcastle,2122,2022-02-26,Newcastle,Brentford,0,football-data.co.uk,2022-02-27,away,,,,,,,,,26,11,,,,,,,,,,,,,,,,,,,,,,48.0,,,,,,,
2122_20220226_brentford_newcastle,2122,2022-02-26,Brentford,Newcastle,1,football-data.co.uk,2022-02-27,home,,,,,,,,,6,1,,,,,,,,,,,,,,,,,,,,,,8.0,,,,,,,
2122_20220226_brighton_aston_villa,2122,2022-02-26,Aston Villa,Brighton,0,football-data.co.uk,2022-02-27,away,,,,,,,,,9,4,,,,,,,,,,,,,,,,,,,,,,17.0,,,,,,,
2122_20220226_brighton_aston_villa,2122,2022-02-26,Brighton,Aston Villa,1,football-data.co.uk,2022-02-27,home,,,,,,,,,12,1,,,,,,,,,,,,,,,,,,,,,,14.0,,,,,,,
2122_20220226_crystal_palace_burnley,2122,2022-02-26,Burnley,Crystal Palace,0,football-data.co.uk,2022-02-27,away,,,,,,,,,5,1,,,,,,,,,,,,,,,,,,,,,,7.0,,,,,,,
2122_20220226_crystal_palace_burnley,2122,2022-02-26,Crystal Palace,Burnley,1,football-data.co.uk,2022-02-27,home,,,,,,,,,11,4,,,,,,,,,,,,,,,,,,,,,,19.0,,,,,,,
2122_20220226_everton_man_city,2122,2022-02-26,Man City,Everton,0,football-data.co.uk,2022-02-27,away,,,,,,,,,13,8,,,,,,,,,,,,,,,,,,,,,,29.0,,,,,,,
2122_20220226_everton_man_city,2122,2022-02-26,Everton,Man City,1,football-data.co.uk,2022-02-27,home,,,,,,,,,6,2,,,,,,,,,,,,,,,,,,,,,,10.0,,,,,,,
2122_20220226_leeds_tottenham,2122,2022-02-26,Tottenham,Leeds,0,football-data.co.uk,2022-02-27,away,,,,,,,,,15,11,,,,,,,,,,,,,,,,,,,,,,37.0,,,,,,,
2122_20220226_leeds_tottenham,2122,2022-02-26,Leeds,Tottenham,1,football-data.co.uk,2022-02-27,home,,,,,,,,,19,3,,,,,,,,,,,,,,,,,,,,,,25.0,,,,,,,
2122_20220226_man_united_watford,2122,2022-02-26,Watford,Man United,0,football-data.co.uk,2022-02-27,away,,,,,,,,,10,2,,,,,,,,,,,,,,,,,,,,,,14.0,,,,,,,
2122_20220226_man_united_watford,2122,2022-02-26,Man United,Watford,1,football-data.co.uk,2022-02-27,home,,,,,,,,,22,3,,,,,,,,,,,,,,,,,,,,,,28.0,,,,,,,
2122_20220227_west_ham_wolves,2122,2022-02-27,Wolves,West Ham,0,football-data.co.uk,2022-02-28,away,,,,,,,,,14,1,,,,,,,,,,,,,,,,,,,,,,16.0,,,,,,,
2122_20220227_west_ham_wolves,2122,2022-02-27,West Ham,Wolves,1,football-data.co.uk,2022-02-28,home,,,,,,,,,13,4,,,,,,,,,,,,,,,,,,,,,,21.0,,,,,,,
2122_20220301_burnley_leicester,2122,2022-03-01,Leicester,Burnley,0,football-data.co.uk,2022-03-02,away,,,,,,,,,22,6,,,,,,,,,,,,,,,,,,,,,,34.0,,,,,,,
2122_20220301_burnley_leicester,2122,2022-03-01,Burnley,Leicester,1,football-data.co.uk,2022-03-02,home,,,,,,,,,9,2,,,,,,,,,,,,,,,,,,,,,,13.0,,,,,,,
2122_20220305_aston_villa_southampton,2122,2022-03-05,Southampton,Aston Villa,0,football-data.co.uk,2022-03-06,away,,,,,,,,,11,1,,,,,,,,,,,,,,,,,,,,,,13.0,,,,,,,
2122_20220305_aston_villa_southampton,2122,2022-03-05,Aston Villa,Southampton,1,football-data.co.uk,2022-03-06,home,,,,,,,,,14,9,,,,,,,,,,,,,,,,,,,,,,32.0,,,,,,,
2122_20220305_burnley_chelsea,2122,2022-03-05,Chelsea,Burnley,0,football-data.co.uk,2022-03-06,away,,,,,,,,,11,5,,,,,,,,,,,,,,,,,,,,,,21.0,,,,,,,
2122_20220305_burnley_chelsea,2122,2022-03-05,Burnley,Chelsea,1,football-data.co.uk,2022-03-06,home,,,,,,,,,6,1,,,,,,,,,,,,,,,,,,,,,,8.0,,,,,,,
2122_20220305_leicester_leeds,2122,2022-03-05,Leeds,Leicester,0,football-data.co.uk,2022-03-06,away,,,,,,,,,19,4,,,,,,,,,,,,,,,,,,,,,,27.0,,,,,,,
2122_20220305_leicester_leeds,2122,2022-03-05,Leicester,Leeds,1,football-data.co.uk,2022-03-06,home,,,,,,,,,7,4,,,,,,,,,,,,,,,,,,,,,,15.0,,,,,,,
2122_20220305_liverpool_west_ham,2122,2022-03-05,West Ham,Liverpool,0,football-data.co.uk,2022-03-06,away,,,,,,,,,13,5,,,,,,,,,,,,,,,,,,,,,,23.0,,,,,,,
2122_20220305_liverpool_west_ham,2122,2022-03-05,Liverpool,West Ham,1,football-data.co.uk,2022-03-06,home,,,,,,,,,22,5,,,,,,,,,,,,,,,,,,,,,,32.0,,,,,,,
2122_20220305_newcastle_brighton,2122,2022-03-05,Brighton,Newcastle,0,football-data.co.uk,2022-03-06,away,,,,,,,,,15,4,,,,,,,,,,,,,,,,,,,,,,23.0,,,,,,,
2122_20220305_newcastle_brighton,2122,2022-03-05,Newcastle,Brighton,1,football-data.co.uk,2022-03-06,home,,,,,,,,,10,4,,,,,,,,,,,,,,,,,,,,,,18.0,,,,,,,
2122_20220305_norwich_brentford,2122,2022-03-05,Brentford,Norwich,0,football-data.co.uk,2022-03-06,away,,,,,,,,,10,6,,,,,,,,,,,,,,,,,,,,,,22.0,,,,,,,
2122_20220305_norwich_brentford,2122,2022-03-05,Norwich,Brentford,1,football-data.co.uk,2022-03-06,home,,,,,,,,,15,7,,,,,,,,,,,,,,,,,,,,,,29.0,,,,,,,
2122_20220305_wolves_crystal_palace,2122,2022-03-05,Crystal Palace,Wolves,0,football-data.co.uk,2022-03-06,away,,,,,,,,,12,8,,,,,,,,,,,,,,,,,,,,,,28.0,,,,,,,
2122_20220305_wolves_crystal_palace,2122,2022-03-05,Wolves,Crystal Palace,1,football-data.co.uk,2022-03-06,home,,,,,,,,,12,5,,,,,,,,,,,,,,,,,,,,,,22.0,,,,,,,
2122_20220306_man_city_man_united,2122,2022-03-06,Man United,Man City,0,football-data.co.uk,2022-03-07,away,,,,,,,,,5,2,,,,,,,,,,,,,,,,,,,,,,9.0,,,,,,,
2122_20220306_man_city_man_united,2122,2022-03-06,Man City,Man United,1,football-data.co.uk,2022-03-07,home,,,,,,,,,24,10,,,,,,,,,,,,,,,,,,,,,,44.0,,,,,,,
2122_20220306_watford_arsenal,2122,2022-03-06,Arsenal,Watford,0,football-data.co.uk,2022-03-07,away,,,,,,,,,16,4,,,,,,,,,,,,,,,,,,,,,,24.0,,,,,,,
2122_20220306_watford_arsenal,2122,2022-03-06,Watford,Arsenal,1,football-data.co.uk,2022-03-07,home,,,,,,,,,13,7,,,,,,,,,,,,,,,,,,,,,,27.0,,,,,,,
2122_20220307_tottenham_everton,2122,2022-03-07,Everton,Tottenham,0,football-data.co.uk,2022-03-08,away,,,,,,,,,6,0,,,,,,,,,,,,,,,,,,,,,,6.0,,,,,,,
2122_20220307_tottenham_everton,2122,2022-03-07,Tottenham,Everton,1,football-data.co.uk,2022-03-08,home,,,,,,,,,14,7,,,,,,,,,,,,,,,,,,,,,,28.0,,,,,,,
2122_20220310_leeds_aston_villa,2122,2022-03-10,Aston Villa,Leeds,0,football-data.co.uk,2022-03-11,away,,,,,,,,,15,9,,,,,,,,,,,,,,,,,,,,,,33.0,,,,,,,
2122_20220310_leeds_aston_villa,2122,2022-03-10,Leeds,Aston Villa,1,football-data.co.uk,2022-03-11,home,,,,,,,,,4,1,,,,,,,,,,,,,,,,,,,,,,6.0,,,,,,,
2122_20220310_norwich_chelsea,2122,2022-03-10,Chelsea,Norwich,0,football-data.co.uk,2022-03-11,away,,,,,,,,,15,7,,,,,,,,,,,,,,,,,,,,,,29.0,,,,,,,
2122_20220310_norwich_chelsea,2122,2022-03-10,Norwich,Chelsea,1,football-data.co.uk,2022-03-11,home,,,,,,,,,9,3,,,,,,,,,,,,,,,,,,,,,,15.0,,,,,,,
2122_20220310_southampton_newcastle,2122,2022-03-10,Newcastle,Southampton,0,football-data.co.uk,2022-03-11,away,,,,,,,,,8,4,,,,,,,,,,,,,,,,,,,,,,16.0,,,,,,,
2122_20220310_southampton_newcastle,2122,2022-03-10,Southampton,Newcastle,1,football-data.co.uk,2022-03-11,home,,,,,,,,,14,5,,,,,,,,,,,,,,,,,,,,,,24.0,,,,,,,
2122_20220310_wolves_watford,2122,2022-03-10,Watford,Wolves,0,football-data.co.uk,2022-03-11,away,,,,,,,,,9,0,,,,,,,,,,,,,,,,,,,,,,9.0,,,,,,,
2122_20220310_wolves_watford,2122,2022-03-10,Wolves,Watford,1,football-data.co.uk,2022-03-11,home,,,,,,,,,10,5,,,,,,,,,,,,,,,,,,,,,,20.0,,,,,,,
2122_20220312_brentford_burnley,2122,2022-03-12,Burnley,Brentford,0,football-data.co.uk,2022-03-13,away,,,,,,,,,7,1,,,,,,,,,,,,,,,,,,,,,,9.0,,,,,,,
2122_20220312_brentford_burnley,2122,2022-03-12,Brentford,Burnley,1,football-data.co.uk,2022-03-13,home,,,,,,,,,13,4,,,,,,,,,,,,,,,,,,,,,,21.0,,,,,,,
2122_20220312_brighton_liverpool,2122,2022-03-12,Liverpool,Brighton,0,football-data.co.uk,2022-03-13,away,,,,,,,,,18,9,,,,,,,,,,,,,,,,,,,,,,36.0,,,,,,,
2122_20220312_brighton_liverpool,2122,2022-03-12,Brighton,Liverpool,1,football-data.co.uk,2022-03-13,home,,,,,,,,,8,3,,,,,,,,,,,,,,,,,,,,,,14.0,,,,,,,
2122_20220312_man_united_tottenham,2122,2022-03-12,Tottenham,Man United,0,football-data.co.uk,2022-03-13,away,,,,,,,,,10,3,,,,,,,,,,,,,,,,,,,,,,16.0,,,,,,,
2122_20220312_man_united_tottenham,2122,2022-03-12,Man United,Tottenham,1,football-data.co.uk,2022-03-13,home,,,,,,,,,10,6,,,,,,,,,,,,,,,,,,,,,,22.0,,,,,,,
2122_20220313_arsenal_leicester,2122,2022-03-13,Leicester,Arsenal,0,football-data.co.uk,2022-03-14,away,,,,,,,,,6,3,,,,,,,,,,,,,,,,,,,,,,12.0,,,,,,,
2122_20220313_arsenal_leicester,2122,2022-03-13,Arsenal,Leicester,1,football-data.co.uk,2022-03-14,home,,,,,,,,,21,8,,,,,,,,,,,,,,,,,,,,,,37.0,,,,,,,
2122_20220313_chelsea_newcastle,2122,2022-03-13,Newcastle,Chelsea,0,football-data.co.uk,2022-03-14,away,,,,,,,,,7,2,,,,,,,,,,,,,,,,,,,,,,11.0,,,,,,,
2122_20220313_chelsea_newcastle,2122,2022-03-13,Chelsea,Newcastle,1,football-data.co.uk,2022-03-14,home,,,,,,,,,8,3,,,,,,,,,,,,,,,,,,,,,,14.0,,,,,,,
2122_20220313_everton_wolves,2122,2022-03-13,Wolves,Everton,0,football-data.co.uk,2022-03-14,away,,,,,,,,,14,3,,,,,,,,,,,,,,,,,,,,,,20.0,,,,,,,
2122_20220313_everton_wolves,2122,2022-03-13,Everton,Wolves,1,football-data.co.uk,2022-03-14,home,,,,,,,,,8,2,,,,,,,,,,,,,,,,,,,,,,12.0,,,,,,,
2122_20220313_leeds_norwich,2122,2022-03-13,Norwich,Leeds,0,football-data.co.uk,2022-03-14,away,,,,,,,,,12,4,,,,,,,,,,,,,,,,,,,,,,20.0,,,,,,,
2122_20220313_leeds_norwich,2122,2022-03-13,Leeds,Norwich,1,football-data.co.uk,2022-03-14,home,,,,,,,,,13,7,,,,,,,,,,,,,,,,,,,,,,27.0,,,,,,,
2122_20220313_southampton_watford,2122,2022-03-13,Watford,Southampton,0,football-data.co.uk,2022-03-14,away,,,,,,,,,9,5,,,,,,,,,,,,,,,,,,,,,,19.0,,,,,,,
2122_20220313_southampton_watford,2122,2022-03-13,Southampton,Watford,1,football-data.co.uk,2022-03-14,home,,,,,,,,,13,7,,,,,,,,,,,,,,,,,,,,,,27.0,,,,,,,
2122_20220313_west_ham_aston_villa,2122,2022-03-13,Aston Villa,West Ham,0,football-data.co.uk,2022-03-14,away,,,,,,,,,13,7,,,,,,,,,,,,,,,,,,,,,,27.0,,,,,,,
2122_20220313_west_ham_aston_villa,2122,2022-03-13,West Ham,Aston Villa,1,football-data.co.uk,2022-03-14,home,,,,,,,,,11,4,,,,,,,,,,,,,,,,,,,,,,19.0,,,,,,,
2122_20220314_crystal_palace_man_city,2122,2022-03-14,Man City,Crystal Palace,0,football-data.co.uk,2022-03-15,away,,,,,,,,,18,4,,,,,,,,,,,,,,,,,,,,,,26.0,,,,,,,
2122_20220314_crystal_palace_man_city,2122,2022-03-14,Crystal Palace,Man City,1,football-data.co.uk,2022-03-15,home,,,,,,,,,7,1,,,,,,,,,,,,,,,,,,,,,,9.0,,,,,,,
2122_20220316_arsenal_liverpool,2122,2022-03-16,Liverpool,Arsenal,0,football-data.co.uk,2022-03-17,away,,,,,,,,,9,3,,,,,,,,,,,,,,,,,,,,,,15.0,,,,,,,
2122_20220316_arsenal_liverpool,2122,2022-03-16,Arsenal,Liverpool,1,football-data.co.uk,2022-03-17,home,,,,,,,,,9,2,,,,,,,,,,,,,,,,,,,,,,13.0,,,,,,,
2122_20220316_brighton_tottenham,2122,2022-03-16,Tottenham,Brighton,0,football-data.co.uk,2022-03-17,away,,,,,,,,,17,7,,,,,,,,,,,,,,,,,,,,,,31.0,,,,,,,
2122_20220316_brighton_tottenham,2122,2022-03-16,Brighton,Tottenham,1,football-data.co.uk,2022-03-17,home,,,,,,,,,15,0,,,,,,,,,,,,,,,,,,,,,,15.0,,,,,,,
2122_20220317_everton_newcastle,2122,2022-03-17,Newcastle,Everton,0,football-data.co.uk,2022-03-18,away,,,,,,,,,17,6,,,,,,,,,,,,,,,,,,,,,,29.0,,,,,,,
2122_20220317_everton_newcastle,2122,2022-03-17,Everton,Newcastle,1,football-data.co.uk,2022-03-18,home,,,,,,,,,9,3,,,,,,,,,,,,,,,,,,,,,,15.0,,,,,,,
2122_20220318_wolves_leeds,2122,2022-03-18,Leeds,Wolves,0,football-data.co.uk,2022-03-19,away,,,,,,,,,15,6,,,,,,,,,,,,,,,,,,,,,,27.0,,,,,,,
2122_20220318_wolves_leeds,2122,2022-03-18,Wolves,Leeds,1,football-data.co.uk,2022-03-19,home,,,,,,,,,14,8,,,,,,,,,,,,,,,,,,,,,,30.0,,,,,,,
2122_20220319_aston_villa_arsenal,2122,2022-03-19,Arsenal,Aston Villa,0,football-data.co.uk,2022-03-20,away,,,,,,,,,10,3,,,,,,,,,,,,,,,,,,,,,,16.0,,,,,,,
2122_20220319_aston_villa_arsenal,2122,2022-03-19,Aston Villa,Arsenal,1,football-data.co.uk,2022-03-20,home,,,,,,,,,8,1,,,,,,,,,,,,,,,,,,,,,,10.0,,,,,,,
2122_20220320_leicester_brentford,2122,2022-03-20,Brentford,Leicester,0,football-data.co.uk,2022-03-21,away,,,,,,,,,15,6,,,,,,,,,,,,,,,,,,,,,,27.0,,,,,,,
2122_20220320_leicester_brentford,2122,2022-03-20,Leicester,Brentford,1,football-data.co.uk,2022-03-21,home,,,,,,,,,12,4,,,,,,,,,,,,,,,,,,,,,,20.0,,,,,,,
2122_20220320_tottenham_west_ham,2122,2022-03-20,West Ham,Tottenham,0,football-data.co.uk,2022-03-21,away,,,,,,,,,6,1,,,,,,,,,,,,,,,,,,,,,,8.0,,,,,,,
2122_20220320_tottenham_west_ham,2122,2022-03-20,Tottenham,West Ham,1,football-data.co.uk,2022-03-21,home,,,,,,,,,17,4,,,,,,,,,,,,,,,,,,,,,,25.0,,,,,,,
2122_20220402_brighton_norwich,2122,2022-04-02,Norwich,Brighton,0,football-data.co.uk,2022-04-03,away,,,,,,,,,6,0,,,,,,,,,,,,,,,,,,,,,,6.0,,,,,,,
2122_20220402_brighton_norwich,2122,2022-04-02,Brighton,Norwich,1,football-data.co.uk,2022-04-03,home,,,,,,,,,31,4,,,,,,,,,,,,,,,,,,,,,,39.0,,,,,,,
2122_20220402_burnley_man_city,2122,2022-04-02,Man City,Burnley,0,football-data.co.uk,2022-04-03,away,,,,,,,,,18,6,,,,,,,,,,,,,,,,,,,,,,30.0,,,,,,,
2122_20220402_burnley_man_city,2122,2022-04-02,Burnley,Man City,1,football-data.co.uk,2022-04-03,home,,,,,,,,,3,1,,,,,,,,,,,,,,,,,,,,,,5.0,,,,,,,
2122_20220402_chelsea_brentford,2122,2022-04-02,Brentford,Chelsea,0,football-data.co.uk,2022-04-03,away,,,,,,,,,17,6,,,,,,,,,,,,,,,,,,,,,,29.0,,,,,,,
2122_20220402_chelsea_brentford,2122,2022-04-02,Chelsea,Brentford,1,football-data.co.uk,2022-04-03,home,,,,,,,,,21,8,,,,,,,,,,,,,,,,,,,,,,37.0,,,,,,,
2122_20220402_leeds_southampton,2122,2022-04-02,Southampton,Leeds,0,football-data.co.uk,2022-04-03,away,,,,,,,,,14,6,,,,,,,,,,,,,,,,,,,,,,26.0,,,,,,,
2122_20220402_leeds_southampton,2122,2022-04-02,Leeds,Southampton,1,football-data.co.uk,2022-04-03,home,,,,,,,,,12,3,,,,,,,,,,,,,,,,,,,,,,18.0,,,,,,,
2122_20220402_liverpool_watford,2122,2022-04-02,Watford,Liverpool,0,football-data.co.uk,2022-04-03,away,,,,,,,,,5,2,,,,,,,,,,,,,,,,,,,,,,9.0,,,,,,,
2122_20220402_liverpool_watford,2122,2022-04-02,Liverpool,Watford,1,football-data.co.uk,2022-04-03,home,,,,,,,,,20,3,,,,,,,,,,,,,,,,,,,,,,26.0,,,,,,,
2122_20220402_man_united_leicester,2122,2022-04-02,Leicester,Man United,0,football-data.co.uk,2022-04-03,away,,,,,,,,,11,3,,,,,,,,,,,,,,,,,,,,,,17.0,,,,,,,
2122_20220402_man_united_leicester,2122,2022-04-02,Man United,Leicester,1,football-data.co.uk,2022-04-03,home,,,,,,,,,11,5,,,,,,,,,,,,,,,,,,,,,,21.0,,,,,,,
2122_20220402_wolves_aston_villa,2122,2022-04-02,Aston Villa,Wolves,0,football-data.co.uk,2022-04-03,away,,,,,,,,,15,5,,,,,,,,,,,,,,,,,,,,,,25.0,,,,,,,
2122_20220402_wolves_aston_villa,2122,2022-04-02,Wolves,Aston Villa,1,football-data.co.uk,2022-04-03,home,,,,,,,,,11,5,,,,,,,,,,,,,,,,,,,,,,21.0,,,,,,,
2122_20220403_tottenham_newcastle,2122,2022-04-03,Newcastle,Tottenham,0,football-data.co.uk,2022-04-04,away,,,,,,,,,8,1,,,,,,,,,,,,,,,,,,,,,,10.0,,,,,,,
2122_20220403_tottenham_newcastle,2122,2022-04-03,Tottenham,Newcastle,1,football-data.co.uk,2022-04-04,home,,,,,,,,,19,6,,,,,,,,,,,,,,,,,,,,,,31.0,,,,,,,
2122_20220403_west_ham_everton,2122,2022-04-03,Everton,West Ham,0,football-data.co.uk,2022-04-04,away,,,,,,,,,13,2,,,,,,,,,,,,,,,,,,,,,,17.0,,,,,,,
2122_20220403_west_ham_everton,2122,2022-04-03,West Ham,Everton,1,football-data.co.uk,2022-04-04,home,,,,,,,,,11,5,,,,,,,,,,,,,,,,,,,,,,21.0,,,,,,,
2122_20220404_crystal_palace_arsenal,2122,2022-04-04,Arsenal,Crystal Palace,0,football-data.co.uk,2022-04-05,away,,,,,,,,,12,3,,,,,,,,,,,,,,,,,,,,,,18.0,,,,,,,
2122_20220404_crystal_palace_arsenal,2122,2022-04-04,Crystal Palace,Arsenal,1,football-data.co.uk,2022-04-05,home,,,,,,,,,6,5,,,,,,,,,,,,,,,,,,,,,,16.0,,,,,,,
2122_20220406_burnley_everton,2122,2022-04-06,Everton,Burnley,0,football-data.co.uk,2022-04-07,away,,,,,,,,,16,4,,,,,,,,,,,,,,,,,,,,,,24.0,,,,,,,
2122_20220406_burnley_everton,2122,2022-04-06,Burnley,Everton,1,football-data.co.uk,2022-04-07,home,,,,,,,,,13,4,,,,,,,,,,,,,,,,,,,,,,21.0,,,,,,,
2122_20220408_newcastle_wolves,2122,2022-04-08,Wolves,Newcastle,0,football-data.co.uk,2022-04-09,away,,,,,,,,,5,2,,,,,,,,,,,,,,,,,,,,,,9.0,,,,,,,
2122_20220408_newcastle_wolves,2122,2022-04-08,Newcastle,Wolves,1,football-data.co.uk,2022-04-09,home,,,,,,,,,12,4,,,,,,,,,,,,,,,,,,,,,,20.0,,,,,,,
2122_20220409_arsenal_brighton,2122,2022-04-09,Brighton,Arsenal,0,football-data.co.uk,2022-04-10,away,,,,,,,,,8,3,,,,,,,,,,,,,,,,,,,,,,14.0,,,,,,,
2122_20220409_arsenal_brighton,2122,2022-04-09,Arsenal,Brighton,1,football-data.co.uk,2022-04-10,home,,,,,,,,,20,4,,,,,,,,,,,,,,,,,,,,,,28.0,,,,,,,
2122_20220409_aston_villa_tottenham,2122,2022-04-09,Tottenham,Aston Villa,0,football-data.co.uk,2022-04-10,away,,,,,,,,,11,5,,,,,,,,,,,,,,,,,,,,,,21.0,,,,,,,
2122_20220409_aston_villa_tottenham,2122,2022-04-09,Aston Villa,Tottenham,1,football-data.co.uk,2022-04-10,home,,,,,,,,,9,8,,,,,,,,,,,,,,,,,,,,,,25.0,,,,,,,
2122_20220409_everton_man_united,2122,2022-04-09,Man United,Everton,0,football-data.co.uk,2022-04-10,away,,,,,,,,,12,4,,,,,,,,,,,,,,,,,,,,,,20.0,,,,,,,
2122_20220409_everton_man_united,2122,2022-04-09,Everton,Man United,1,football-data.co.uk,2022-04-10,home,,,,,,,,,7,3,,,,,,,,,,,,,,,,,,,,,,13.0,,,,,,,
2122_20220409_southampton_chelsea,2122,2022-04-09,Chelsea,Southampton,0,football-data.co.uk,2022-04-10,away,,,,,,,,,24,14,,,,,,,,,,,,,,,,,,,,,,52.0,,,,,,,
2122_20220409_southampton_chelsea,2122,2022-04-09,Southampton,Chelsea,1,football-data.co.uk,2022-04-10,home,,,,,,,,,4,1,,,,,,,,,,,,,,,,,,,,,,6.0,,,,,,,
2122_20220409_watford_leeds,2122,2022-04-09,Leeds,Watford,0,football-data.co.uk,2022-04-10,away,,,,,,,,,10,5,,,,,,,,,,,,,,,,,,,,,,20.0,,,,,,,
2122_20220409_watford_leeds,2122,2022-04-09,Watford,Leeds,1,football-data.co.uk,2022-04-10,home,,,,,,,,,8,1,,,,,,,,,,,,,,,,,,,,,,10.0,,,,,,,
2122_20220410_brentford_west_ham,2122,2022-04-10,West Ham,Brentford,0,football-data.co.uk,2022-04-11,away,,,,,,,,,5,1,,,,,,,,,,,,,,,,,,,,,,7.0,,,,,,,
2122_20220410_brentford_west_ham,2122,2022-04-10,Brentford,West Ham,1,football-data.co.uk,2022-04-11,home,,,,,,,,,15,7,,,,,,,,,,,,,,,,,,,,,,29.0,,,,,,,
2122_20220410_leicester_crystal_palace,2122,2022-04-10,Crystal Palace,Leicester,0,football-data.co.uk,2022-04-11,away,,,,,,,,,11,3,,,,,,,,,,,,,,,,,,,,,,17.0,,,,,,,
2122_20220410_leicester_crystal_palace,2122,2022-04-10,Leicester,Crystal Palace,1,football-data.co.uk,2022-04-11,home,,,,,,,,,12,3,,,,,,,,,,,,,,,,,,,,,,18.0,,,,,,,
2122_20220410_man_city_liverpool,2122,2022-04-10,Liverpool,Man City,0,football-data.co.uk,2022-04-11,away,,,,,,,,,6,4,,,,,,,,,,,,,,,,,,,,,,14.0,,,,,,,
2122_20220410_man_city_liverpool,2122,2022-04-10,Man City,Liverpool,1,football-data.co.uk,2022-04-11,home,,,,,,,,,11,5,,,,,,,,,,,,,,,,,,,,,,21.0,,,,,,,
2122_20220410_norwich_burnley,2122,2022-04-10,Burnley,Norwich,0,football-data.co.uk,2022-04-11,away,,,,,,,,,18,4,,,,,,,,,,,,,,,,,,,,,,26.0,,,,,,,
2122_20220410_norwich_burnley,2122,2022-04-10,Norwich,Burnley,1,football-data.co.uk,2022-04-11,home,,,,,,,,,17,6,,,,,,,,,,,,,,,,,,,,,,29.0,,,,,,,
2122_20220416_man_united_norwich,2122,2022-04-16,Norwich,Man United,0,football-data.co.uk,2022-04-17,away,,,,,,,,,15,4,,,,,,,,,,,,,,,,,,,,,,23.0,,,,,,,
2122_20220416_man_united_norwich,2122,2022-04-16,Man United,Norwich,1,football-data.co.uk,2022-04-17,home,,,,,,,,,20,9,,,,,,,,,,,,,,,,,,,,,,38.0,,,,,,,
2122_20220416_southampton_arsenal,2122,2022-04-16,Arsenal,Southampton,0,football-data.co.uk,2022-04-17,away,,,,,,,,,23,6,,,,,,,,,,,,,,,,,,,,,,35.0,,,,,,,
2122_20220416_southampton_arsenal,2122,2022-04-16,Southampton,Arsenal,1,football-data.co.uk,2022-04-17,home,,,,,,,,,9,3,,,,,,,,,,,,,,,,,,,,,,15.0,,,,,,,
2122_20220416_tottenham_brighton,2122,2022-04-16,Brighton,Tottenham,0,football-data.co.uk,2022-04-17,away,,,,,,,,,12,5,,,,,,,,,,,,,,,,,,,,,,22.0,,,,,,,
2122_20220416_tottenham_brighton,2122,2022-04-16,Tottenham,Brighton,1,football-data.co.uk,2022-04-17,home,,,,,,,,,5,0,,,,,,,,,,,,,,,,,,,,,,5.0,,,,,,,
2122_20220416_watford_brentford,2122,2022-04-16,Brentford,Watford,0,football-data.co.uk,2022-04-17,away,,,,,,,,,16,5,,,,,,,,,,,,,,,,,,,,,,26.0,,,,,,,
2122_20220416_watford_brentford,2122,2022-04-16,Watford,Brentford,1,football-data.co.uk,2022-04-17,home,,,,,,,,,17,4,,,,,,,,,,,,,,,,,,,,,,25.0,,,,,,,
2122_20220417_newcastle_leicester,2122,2022-04-17,Leicester,Newcastle,0,football-data.co.uk,2022-04-18,away,,,,,,,,,8,2,,,,,,,,,,,,,,,,,,,,,,12.0,,,,,,,
2122_20220417_newcastle_leicester,2122,2022-04-17,Newcastle,Leicester,1,football-data.co.uk,2022-04-18,home,,,,,,,,,16,7,,,,,,,,,,,,,,,,,,,,,,30.0,,,,,,,
2122_20220417_west_ham_burnley,2122,2022-04-17,Burnley,West Ham,0,football-data.co.uk,2022-04-18,away,,,,,,,,,9,1,,,,,,,,,,,,,,,,,,,,,,11.0,,,,,,,
2122_20220417_west_ham_burnley,2122,2022-04-17,West Ham,Burnley,1,football-data.co.uk,2022-04-18,home,,,,,,,,,21,8,,,,,,,,,,,,,,,,,,,,,,37.0,,,,,,,
2122_20220419_liverpool_man_united,2122,2022-04-19,Man United,Liverpool,0,football-data.co.uk,2022-04-20,away,,,,,,,,,2,1,,,,,,,,,,,,,,,,,,,,,,4.0,,,,,,,
2122_20220419_liverpool_man_united,2122,2022-04-19,Liverpool,Man United,1,football-data.co.uk,2022-04-20,home,,,,,,,,,14,5,,,,,,,,,,,,,,,,,,,,,,24.0,,,,,,,
2122_20220420_chelsea_arsenal,2122,2022-04-20,Arsenal,Chelsea,0,football-data.co.uk,2022-04-21,away,,,,,,,,,14,4,,,,,,,,,,,,,,,,,,,,,,22.0,,,,,,,
2122_20220420_chelsea_arsenal,2122,2022-04-20,Chelsea,Arsenal,1,football-data.co.uk,2022-04-21,home,,,,,,,,,11,2,,,,,,,,,,,,,,,,,,,,,,15.0,,,,,,,
2122_20220420_everton_leicester,2122,2022-04-20,Leicester,Everton,0,football-data.co.uk,2022-04-21,away,,,,,,,,,11,3,,,,,,,,,,,,,,,,,,,,,,17.0,,,,,,,
2122_20220420_everton_leicester,2122,2022-04-20,Everton,Leicester,1,football-data.co.uk,2022-04-21,home,,,,,,,,,13,3,,,,,,,,,,,,,,,,,,,,,,19.0,,,,,,,
2122_20220420_man_city_brighton,2122,2022-04-20,Brighton,Man City,0,football-data.co.uk,2022-04-21,away,,,,,,,,,2,1,,,,,,,,,,,,,,,,,,,,,,4.0,,,,,,,
2122_20220420_man_city_brighton,2122,2022-04-20,Man City,Brighton,1,football-data.co.uk,2022-04-21,home,,,,,,,,,17,5,,,,,,,,,,,,,,,,,,,,,,27.0,,,,,,,
2122_20220420_newcastle_crystal_palace,2122,2022-04-20,Crystal Palace,Newcastle,0,football-data.co.uk,2022-04-21,away,,,,,,,,,10,2,,,,,,,,,,,,,,,,,,,,,,14.0,,,,,,,
2122_20220420_newcastle_crystal_palace,2122,2022-04-20,Newcastle,Crystal Palace,1,football-data.co.uk,2022-04-21,home,,,,,,,,,13,4,,,,,,,,,,,,,,,,,,,,,,21.0,,,,,,,
2122_20220421_burnley_southampton,2122,2022-04-21,Southampton,Burnley,0,football-data.co.uk,2022-04-22,away,,,,,,,,,11,3,,,,,,,,,,,,,,,,,,,,,,17.0,,,,,,,
2122_20220421_burnley_southampton,2122,2022-04-21,Burnley,Southampton,1,football-data.co.uk,2022-04-22,home,,,,,,,,,16,6,,,,,,,,,,,,,,,,,,,,,,28.0,,,,,,,
2122_20220423_arsenal_man_united,2122,2022-04-23,Man United,Arsenal,0,football-data.co.uk,2022-04-24,away,,,,,,,,,14,5,,,,,,,,,,,,,,,,,,,,,,24.0,,,,,,,
2122_20220423_arsenal_man_united,2122,2022-04-23,Arsenal,Man United,1,football-data.co.uk,2022-04-24,home,,,,,,,,,14,7,,,,,,,,,,,,,,,,,,,,,,28.0,,,,,,,
2122_20220423_brentford_tottenham,2122,2022-04-23,Tottenham,Brentford,0,football-data.co.uk,2022-04-24,away,,,,,,,,,9,0,,,,,,,,,,,,,,,,,,,,,,9.0,,,,,,,
2122_20220423_brentford_tottenham,2122,2022-04-23,Brentford,Tottenham,1,football-data.co.uk,2022-04-24,home,,,,,,,,,15,2,,,,,,,,,,,,,,,,,,,,,,19.0,,,,,,,
2122_20220423_leicester_aston_villa,2122,2022-04-23,Aston Villa,Leicester,0,football-data.co.uk,2022-04-24,away,,,,,,,,,11,3,,,,,,,,,,,,,,,,,,,,,,17.0,,,,,,,
2122_20220423_leicester_aston_villa,2122,2022-04-23,Leicester,Aston Villa,1,football-data.co.uk,2022-04-24,home,,,,,,,,,5,2,,,,,,,,,,,,,,,,,,,,,,9.0,,,,,,,
2122_20220423_man_city_watford,2122,2022-04-23,Watford,Man City,0,football-data.co.uk,2022-04-24,away,,,,,,,,,5,2,,,,,,,,,,,,,,,,,,,,,,9.0,,,,,,,
2122_20220423_man_city_watford,2122,2022-04-23,Man City,Watford,1,football-data.co.uk,2022-04-24,home,,,,,,,,,21,8,,,,,,,,,,,,,,,,,,,,,,37.0,,,,,,,
2122_20220423_norwich_newcastle,2122,2022-04-23,Newcastle,Norwich,0,football-data.co.uk,2022-04-24,away,,,,,,,,,13,7,,,,,,,,,,,,,,,,,,,,,,27.0,,,,,,,
2122_20220423_norwich_newcastle,2122,2022-04-23,Norwich,Newcastle,1,football-data.co.uk,2022-04-24,home,,,,,,,,,5,2,,,,,,,,,,,,,,,,,,,,,,9.0,,,,,,,
2122_20220424_brighton_southampton,2122,2022-04-24,Southampton,Brighton,0,football-data.co.uk,2022-04-25,away,,,,,,,,,18,5,,,,,,,,,,,,,,,,,,,,,,28.0,,,,,,,
2122_20220424_brighton_southampton,2122,2022-04-24,Brighton,Southampton,1,football-data.co.uk,2022-04-25,home,,,,,,,,,8,5,,,,,,,,,,,,,,,,,,,,,,18.0,,,,,,,
2122_20220424_burnley_wolves,2122,2022-04-24,Wolves,Burnley,0,football-data.co.uk,2022-04-25,away,,,,,,,,,10,4,,,,,,,,,,,,,,,,,,,,,,18.0,,,,,,,
2122_20220424_burnley_wolves,2122,2022-04-24,Burnley,Wolves,1,football-data.co.uk,2022-04-25,home,,,,,,,,,14,5,,,,,,,,,,,,,,,,,,,,,,24.0,,,,,,,
2122_20220424_chelsea_west_ham,2122,2022-04-24,West Ham,Chelsea,0,football-data.co.uk,2022-04-25,away,,,,,,,,,6,2,,,,,,,,,,,,,,,,,,,,,,10.0,,,,,,,
2122_20220424_chelsea_west_ham,2122,2022-04-24,Chelsea,West Ham,1,football-data.co.uk,2022-04-25,home,,,,,,,,,26,5,,,,,,,,,,,,,,,,,,,,,,36.0,,,,,,,
2122_20220424_liverpool_everton,2122,2022-04-24,Everton,Liverpool,0,football-data.co.uk,2022-04-25,away,,,,,,,,,9,1,,,,,,,,,,,,,,,,,,,,,,11.0,,,,,,,
2122_20220424_liverpool_everton,2122,2022-04-24,Liverpool,Everton,1,football-data.co.uk,2022-04-25,home,,,,,,,,,18,4,,,,,,,,,,,,,,,,,,,,,,26.0,,,,,,,
2122_20220425_crystal_palace_leeds,2122,2022-04-25,Leeds,Crystal Palace,0,football-data.co.uk,2022-04-26,away,,,,,,,,,9,2,,,,,,,,,,,,,,,,,,,,,,13.0,,,,,,,
2122_20220425_crystal_palace_leeds,2122,2022-04-25,Crystal Palace,Leeds,1,football-data.co.uk,2022-04-26,home,,,,,,,,,17,7,,,,,,,,,,,,,,,,,,,,,,31.0,,,,,,,
2122_20220428_man_united_chelsea,2122,2022-04-28,Chelsea,Man United,0,football-data.co.uk,2022-04-29,away,,,,,,,,,21,6,,,,,,,,,,,,,,,,,,,,,,33.0,,,,,,,
2122_20220428_man_united_chelsea,2122,2022-04-28,Man United,Chelsea,1,football-data.co.uk,2022-04-29,home,,,,,,,,,6,3,,,,,,,,,,,,,,,,,,,,,,12.0,,,,,,,
2122_20220430_aston_villa_norwich,2122,2022-04-30,Norwich,Aston Villa,0,football-data.co.uk,2022-05-01,away,,,,,,,,,9,3,,,,,,,,,,,,,,,,,,,,,,15.0,,,,,,,
2122_20220430_aston_villa_norwich,2122,2022-04-30,Aston Villa,Norwich,1,football-data.co.uk,2022-05-01,home,,,,,,,,,21,6,,,,,,,,,,,,,,,,,,,,,,33.0,,,,,,,
2122_20220430_leeds_man_city,2122,2022-04-30,Man City,Leeds,0,football-data.co.uk,2022-05-01,away,,,,,,,,,19,6,,,,,,,,,,,,,,,,,,,,,,31.0,,,,,,,
2122_20220430_leeds_man_city,2122,2022-04-30,Leeds,Man City,1,football-data.co.uk,2022-05-01,home,,,,,,,,,7,2,,,,,,,,,,,,,,,,,,,,,,11.0,,,,,,,
2122_20220430_newcastle_liverpool,2122,2022-04-30,Liverpool,Newcastle,0,football-data.co.uk,2022-05-01,away,,,,,,,,,24,10,,,,,,,,,,,,,,,,,,,,,,44.0,,,,,,,
2122_20220430_newcastle_liverpool,2122,2022-04-30,Newcastle,Liverpool,1,football-data.co.uk,2022-05-01,home,,,,,,,,,4,2,,,,,,,,,,,,,,,,,,,,,,8.0,,,,,,,
2122_20220430_southampton_crystal_palace,2122,2022-04-30,Crystal Palace,Southampton,0,football-data.co.uk,2022-05-01,away,,,,,,,,,14,5,,,,,,,,,,,,,,,,,,,,,,24.0,,,,,,,
2122_20220430_southampton_crystal_palace,2122,2022-04-30,Southampton,Crystal Palace,1,football-data.co.uk,2022-05-01,home,,,,,,,,,8,3,,,,,,,,,,,,,,,,,,,,,,14.0,,,,,,,
2122_20220430_watford_burnley,2122,2022-04-30,Burnley,Watford,0,football-data.co.uk,2022-05-01,away,,,,,,,,,17,6,,,,,,,,,,,,,,,,,,,,,,29.0,,,,,,,
2122_20220430_watford_burnley,2122,2022-04-30,Watford,Burnley,1,football-data.co.uk,2022-05-01,home,,,,,,,,,13,1,,,,,,,,,,,,,,,,,,,,,,15.0,,,,,,,
2122_20220430_wolves_brighton,2122,2022-04-30,Brighton,Wolves,0,football-data.co.uk,2022-05-01,away,,,,,,,,,17,9,,,,,,,,,,,,,,,,,,,,,,35.0,,,,,,,
2122_20220430_wolves_brighton,2122,2022-04-30,Wolves,Brighton,1,football-data.co.uk,2022-05-01,home,,,,,,,,,11,1,,,,,,,,,,,,,,,,,,,,,,13.0,,,,,,,
2122_20220501_everton_chelsea,2122,2022-05-01,Chelsea,Everton,0,football-data.co.uk,2022-05-02,away,,,,,,,,,17,5,,,,,,,,,,,,,,,,,,,,,,27.0,,,,,,,
2122_20220501_everton_chelsea,2122,2022-05-01,Everton,Chelsea,1,football-data.co.uk,2022-05-02,home,,,,,,,,,9,4,,,,,,,,,,,,,,,,,,,,,,17.0,,,,,,,
2122_20220501_tottenham_leicester,2122,2022-05-01,Leicester,Tottenham,0,football-data.co.uk,2022-05-02,away,,,,,,,,,6,2,,,,,,,,,,,,,,,,,,,,,,10.0,,,,,,,
2122_20220501_tottenham_leicester,2122,2022-05-01,Tottenham,Leicester,1,football-data.co.uk,2022-05-02,home,,,,,,,,,13,7,,,,,,,,,,,,,,,,,,,,,,27.0,,,,,,,
2122_20220501_west_ham_arsenal,2122,2022-05-01,Arsenal,West Ham,0,football-data.co.uk,2022-05-02,away,,,,,,,,,13,7,,,,,,,,,,,,,,,,,,,,,,27.0,,,,,,,
2122_20220501_west_ham_arsenal,2122,2022-05-01,West Ham,Arsenal,1,football-data.co.uk,2022-05-02,home,,,,,,,,,8,3,,,,,,,,,,,,,,,,,,,,,,14.0,,,,,,,
2122_20220502_man_united_brentford,2122,2022-05-02,Brentford,Man United,0,football-data.co.uk,2022-05-03,away,,,,,,,,,12,4,,,,,,,,,,,,,,,,,,,,,,20.0,,,,,,,
2122_20220502_man_united_brentford,2122,2022-05-02,Man United,Brentford,1,football-data.co.uk,2022-05-03,home,,,,,,,,,9,5,,,,,,,,,,,,,,,,,,,,,,19.0,,,,,,,
2122_20220507_brentford_southampton,2122,2022-05-07,Southampton,Brentford,0,football-data.co.uk,2022-05-08,away,,,,,,,,,19,4,,,,,,,,,,,,,,,,,,,,,,27.0,,,,,,,
2122_20220507_brentford_southampton,2122,2022-05-07,Brentford,Southampton,1,football-data.co.uk,2022-05-08,home,,,,,,,,,18,5,,,,,,,,,,,,,,,,,,,,,,28.0,,,,,,,
2122_20220507_brighton_man_united,2122,2022-05-07,Man United,Brighton,0,football-data.co.uk,2022-05-08,away,,,,,,,,,15,5,,,,,,,,,,,,,,,,,,,,,,25.0,,,,,,,
2122_20220507_brighton_man_united,2122,2022-05-07,Brighton,Man United,1,football-data.co.uk,2022-05-08,home,,,,,,,,,17,6,,,,,,,,,,,,,,,,,,,,,,29.0,,,,,,,
2122_20220507_burnley_aston_villa,2122,2022-05-07,Aston Villa,Burnley,0,football-data.co.uk,2022-05-08,away,,,,,,,,,12,7,,,,,,,,,,,,,,,,,,,,,,26.0,,,,,,,
2122_20220507_burnley_aston_villa,2122,2022-05-07,Burnley,Aston Villa,1,football-data.co.uk,2022-05-08,home,,,,,,,,,14,6,,,,,,,,,,,,,,,,,,,,,,26.0,,,,,,,
2122_20220507_chelsea_wolves,2122,2022-05-07,Wolves,Chelsea,0,football-data.co.uk,2022-05-08,away,,,,,,,,,14,4,,,,,,,,,,,,,,,,,,,,,,22.0,,,,,,,
2122_20220507_chelsea_wolves,2122,2022-05-07,Chelsea,Wolves,1,football-data.co.uk,2022-05-08,home,,,,,,,,,19,6,,,,,,,,,,,,,,,,,,,,,,31.0,,,,,,,
2122_20220507_crystal_palace_watford,2122,2022-05-07,Watford,Crystal Palace,0,football-data.co.uk,2022-05-08,away,,,,,,,,,6,1,,,,,,,,,,,,,,,,,,,,,,8.0,,,,,,,
2122_20220507_crystal_palace_watford,2122,2022-05-07,Crystal Palace,Watford,1,football-data.co.uk,2022-05-08,home,,,,,,,,,15,7,,,,,,,,,,,,,,,,,,,,,,29.0,,,,,,,
2122_20220507_liverpool_tottenham,2122,2022-05-07,Tottenham,Liverpool,0,football-data.co.uk,2022-05-08,away,,,,,,,,,8,3,,,,,,,,,,,,,,,,,,,,,,14.0,,,,,,,
2122_20220507_liverpool_tottenham,2122,2022-05-07,Liverpool,Tottenham,1,football-data.co.uk,2022-05-08,home,,,,,,,,,22,3,,,,,,,,,,,,,,,,,,,,,,28.0,,,,,,,
2122_20220508_arsenal_leeds,2122,2022-05-08,Leeds,Arsenal,0,football-data.co.uk,2022-05-09,away,,,,,,,,,3,2,,,,,,,,,,,,,,,,,,,,,,7.0,,,,,,,
2122_20220508_arsenal_leeds,2122,2022-05-08,Arsenal,Leeds,1,football-data.co.uk,2022-05-09,home,,,,,,,,,19,9,,,,,,,,,,,,,,,,,,,,,,37.0,,,,,,,
2122_20220508_leicester_everton,2122,2022-05-08,Everton,Leicester,0,football-data.co.uk,2022-05-09,away,,,,,,,,,10,4,,,,,,,,,,,,,,,,,,,,,,18.0,,,,,,,
2122_20220508_leicester_everton,2122,2022-05-08,Leicester,Everton,1,football-data.co.uk,2022-05-09,home,,,,,,,,,16,9,,,,,,,,,,,,,,,,,,,,,,34.0,,,,,,,
2122_20220508_man_city_newcastle,2122,2022-05-08,Newcastle,Man City,0,football-data.co.uk,2022-05-09,away,,,,,,,,,7,3,,,,,,,,,,,,,,,,,,,,,,13.0,,,,,,,
2122_20220508_man_city_newcastle,2122,2022-05-08,Man City,Newcastle,1,football-data.co.uk,2022-05-09,home,,,,,,,,,21,9,,,,,,,,,,,,,,,,,,,,,,39.0,,,,,,,
2122_20220508_norwich_west_ham,2122,2022-05-08,West Ham,Norwich,0,football-data.co.uk,2022-05-09,away,,,,,,,,,13,5,,,,,,,,,,,,,,,,,,,,,,23.0,,,,,,,
2122_20220508_norwich_west_ham,2122,2022-05-08,Norwich,West Ham,1,football-data.co.uk,2022-05-09,home,,,,,,,,,8,2,,,,,,,,,,,,,,,,,,,,,,12.0,,,,,,,
2122_20220510_aston_villa_liverpool,2122,2022-05-10,Liverpool,Aston Villa,0,football-data.co.uk,2022-05-11,away,,,,,,,,,17,6,,,,,,,,,,,,,,,,,,,,,,29.0,,,,,,,
2122_20220510_aston_villa_liverpool,2122,2022-05-10,Aston Villa,Liverpool,1,football-data.co.uk,2022-05-11,home,,,,,,,,,9,4,,,,,,,,,,,,,,,,,,,,,,17.0,,,,,,,
2122_20220511_leeds_chelsea,2122,2022-05-11,Chelsea,Leeds,0,football-data.co.uk,2022-05-12,away,,,,,,,,,17,4,,,,,,,,,,,,,,,,,,,,,,25.0,,,,,,,
2122_20220511_leeds_chelsea,2122,2022-05-11,Leeds,Chelsea,1,football-data.co.uk,2022-05-12,home,,,,,,,,,5,0,,,,,,,,,,,,,,,,,,,,,,5.0,,,,,,,
2122_20220511_leicester_norwich,2122,2022-05-11,Norwich,Leicester,0,football-data.co.uk,2022-05-12,away,,,,,,,,,9,5,,,,,,,,,,,,,,,,,,,,,,19.0,,,,,,,
2122_20220511_leicester_norwich,2122,2022-05-11,Leicester,Norwich,1,football-data.co.uk,2022-05-12,home,,,,,,,,,20,8,,,,,,,,,,,,,,,,,,,,,,36.0,,,,,,,
2122_20220511_watford_everton,2122,2022-05-11,Everton,Watford,0,football-data.co.uk,2022-05-12,away,,,,,,,,,16,5,,,,,,,,,,,,,,,,,,,,,,26.0,,,,,,,
2122_20220511_watford_everton,2122,2022-05-11,Watford,Everton,1,football-data.co.uk,2022-05-12,home,,,,,,,,,6,0,,,,,,,,,,,,,,,,,,,,,,6.0,,,,,,,
2122_20220511_wolves_man_city,2122,2022-05-11,Man City,Wolves,0,football-data.co.uk,2022-05-12,away,,,,,,,,,16,5,,,,,,,,,,,,,,,,,,,,,,26.0,,,,,,,
2122_20220511_wolves_man_city,2122,2022-05-11,Wolves,Man City,1,football-data.co.uk,2022-05-12,home,,,,,,,,,7,3,,,,,,,,,,,,,,,,,,,,,,13.0,,,,,,,
2122_20220512_tottenham_arsenal,2122,2022-05-12,Arsenal,Tottenham,0,football-data.co.uk,2022-05-13,away,,,,,,,,,8,4,,,,,,,,,,,,,,,,,,,,,,16.0,,,,,,,
2122_20220512_tottenham_arsenal,2122,2022-05-12,Tottenham,Arsenal,1,football-data.co.uk,2022-05-13,home,,,,,,,,,16,6,,,,,,,,,,,,,,,,,,,,,,28.0,,,,,,,
2122_20220515_aston_villa_crystal_palace,2122,2022-05-15,Crystal Palace,Aston Villa,0,football-data.co.uk,2022-05-16,away,,,,,,,,,16,4,,,,,,,,,,,,,,,,,,,,,,24.0,,,,,,,
2122_20220515_aston_villa_crystal_palace,2122,2022-05-15,Aston Villa,Crystal Palace,1,football-data.co.uk,2022-05-16,home,,,,,,,,,13,4,,,,,,,,,,,,,,,,,,,,,,21.0,,,,,,,
2122_20220515_everton_brentford,2122,2022-05-15,Brentford,Everton,0,football-data.co.uk,2022-05-16,away,,,,,,,,,18,7,,,,,,,,,,,,,,,,,,,,,,32.0,,,,,,,
2122_20220515_everton_brentford,2122,2022-05-15,Everton,Brentford,1,football-data.co.uk,2022-05-16,home,,,,,,,,,10,5,,,,,,,,,,,,,,,,,,,,,,20.0,,,,,,,
2122_20220515_leeds_brighton,2122,2022-05-15,Brighton,Leeds,0,football-data.co.uk,2022-05-16,away,,,,,,,,,16,6,,,,,,,,,,,,,,,,,,,,,,28.0,,,,,,,
2122_20220515_leeds_brighton,2122,2022-05-15,Leeds,Brighton,1,football-data.co.uk,2022-05-16,home,,,,,,,,,19,5,,,,,,,,,,,,,,,,,,,,,,29.0,,,,,,,
2122_20220515_tottenham_burnley,2122,2022-05-15,Burnley,Tottenham,0,football-data.co.uk,2022-05-16,away,,,,,,,,,8,1,,,,,,,,,,,,,,,,,,,,,,10.0,,,,,,,
2122_20220515_tottenham_burnley,2122,2022-05-15,Tottenham,Burnley,1,football-data.co.uk,2022-05-16,home,,,,,,,,,21,8,,,,,,,,,,,,,,,,,,,,,,37.0,,,,,,,
2122_20220515_watford_leicester,2122,2022-05-15,Leicester,Watford,0,football-data.co.uk,2022-05-16,away,,,,,,,,,13,7,,,,,,,,,,,,,,,,,,,,,,27.0,,,,,,,
2122_20220515_watford_leicester,2122,2022-05-15,Watford,Leicester,1,football-data.co.uk,2022-05-16,home,,,,,,,,,13,5,,,,,,,,,,,,,,,,,,,,,,23.0,,,,,,,
2122_20220515_west_ham_man_city,2122,2022-05-15,Man City,West Ham,0,football-data.co.uk,2022-05-16,away,,,,,,,,,31,8,,,,,,,,,,,,,,,,,,,,,,47.0,,,,,,,
2122_20220515_west_ham_man_city,2122,2022-05-15,West Ham,Man City,1,football-data.co.uk,2022-05-16,home,,,,,,,,,6,2,,,,,,,,,,,,,,,,,,,,,,10.0,,,,,,,
2122_20220515_wolves_norwich,2122,2022-05-15,Norwich,Wolves,0,football-data.co.uk,2022-05-16,away,,,,,,,,,11,2,,,,,,,,,,,,,,,,,,,,,,15.0,,,,,,,
2122_20220515_wolves_norwich,2122,2022-05-15,Wolves,Norwich,1,football-data.co.uk,2022-05-16,home,,,,,,,,,17,4,,,,,,,,,,,,,,,,,,,,,,25.0,,,,,,,
2122_20220516_newcastle_arsenal,2122,2022-05-16,Arsenal,Newcastle,0,football-data.co.uk,2022-05-17,away,,,,,,,,,11,2,,,,,,,,,,,,,,,,,,,,,,15.0,,,,,,,
2122_20220516_newcastle_arsenal,2122,2022-05-16,Newcastle,Arsenal,1,football-data.co.uk,2022-05-17,home,,,,,,,,,16,4,,,,,,,,,,,,,,,,,,,,,,24.0,,,,,,,
2122_20220517_southampton_liverpool,2122,2022-05-17,Liverpool,Southampton,0,football-data.co.uk,2022-05-18,away,,,,,,,,,24,5,,,,,,,,,,,,,,,,,,,,,,34.0,,,,,,,
2122_20220517_southampton_liverpool,2122,2022-05-17,Southampton,Liverpool,1,football-data.co.uk,2022-05-18,home,,,,,,,,,4,2,,,,,,,,,,,,,,,,,,,,,,8.0,,,,,,,
2122_20220519_aston_villa_burnley,2122,2022-05-19,Burnley,Aston Villa,0,football-data.co.uk,2022-05-20,away,,,,,,,,,10,5,,,,,,,,,,,,,,,,,,,,,,20.0,,,,,,,
2122_20220519_aston_villa_burnley,2122,2022-05-19,Aston Villa,Burnley,1,football-data.co.uk,2022-05-20,home,,,,,,,,,22,9,,,,,,,,,,,,,,,,,,,,,,40.0,,,,,,,
2122_20220519_chelsea_leicester,2122,2022-05-19,Leicester,Chelsea,0,football-data.co.uk,2022-05-20,away,,,,,,,,,2,1,,,,,,,,,,,,,,,,,,,,,,4.0,,,,,,,
2122_20220519_chelsea_leicester,2122,2022-05-19,Chelsea,Leicester,1,football-data.co.uk,2022-05-20,home,,,,,,,,,20,7,,,,,,,,,,,,,,,,,,,,,,34.0,,,,,,,
2122_20220519_everton_crystal_palace,2122,2022-05-19,Crystal Palace,Everton,0,football-data.co.uk,2022-05-20,away,,,,,,,,,7,5,,,,,,,,,,,,,,,,,,,,,,17.0,,,,,,,
2122_20220519_everton_crystal_palace,2122,2022-05-19,Everton,Crystal Palace,1,football-data.co.uk,2022-05-20,home,,,,,,,,,12,6,,,,,,,,,,,,,,,,,,,,,,24.0,,,,,,,
2122_20220522_arsenal_everton,2122,2022-05-22,Everton,Arsenal,0,football-data.co.uk,2022-05-23,away,,,,,,,,,6,2,,,,,,,,,,,,,,,,,,,,,,10.0,,,,,,,
2122_20220522_arsenal_everton,2122,2022-05-22,Arsenal,Everton,1,football-data.co.uk,2022-05-23,home,,,,,,,,,26,9,,,,,,,,,,,,,,,,,,,,,,44.0,,,,,,,
2122_20220522_brentford_leeds,2122,2022-05-22,Leeds,Brentford,0,football-data.co.uk,2022-05-23,away,,,,,,,,,14,6,,,,,,,,,,,,,,,,,,,,,,26.0,,,,,,,
2122_20220522_brentford_leeds,2122,2022-05-22,Brentford,Leeds,1,football-data.co.uk,2022-05-23,home,,,,,,,,,14,5,,,,,,,,,,,,,,,,,,,,,,24.0,,,,,,,
2122_20220522_brighton_west_ham,2122,2022-05-22,West Ham,Brighton,0,football-data.co.uk,2022-05-23,away,,,,,,,,,7,2,,,,,,,,,,,,,,,,,,,,,,11.0,,,,,,,
2122_20220522_brighton_west_ham,2122,2022-05-22,Brighton,West Ham,1,football-data.co.uk,2022-05-23,home,,,,,,,,,18,7,,,,,,,,,,,,,,,,,,,,,,32.0,,,,,,,
2122_20220522_burnley_newcastle,2122,2022-05-22,Newcastle,Burnley,0,football-data.co.uk,2022-05-23,away,,,,,,,,,8,6,,,,,,,,,,,,,,,,,,,,,,20.0,,,,,,,
2122_20220522_burnley_newcastle,2122,2022-05-22,Burnley,Newcastle,1,football-data.co.uk,2022-05-23,home,,,,,,,,,12,5,,,,,,,,,,,,,,,,,,,,,,22.0,,,,,,,
2122_20220522_chelsea_watford,2122,2022-05-22,Watford,Chelsea,0,football-data.co.uk,2022-05-23,away,,,,,,,,,8,3,,,,,,,,,,,,,,,,,,,,,,14.0,,,,,,,
2122_20220522_chelsea_watford,2122,2022-05-22,Chelsea,Watford,1,football-data.co.uk,2022-05-23,home,,,,,,,,,19,8,,,,,,,,,,,,,,,,,,,,,,35.0,,,,,,,
2122_20220522_crystal_palace_man_united,2122,2022-05-22,Man United,Crystal Palace,0,football-data.co.uk,2022-05-23,away,,,,,,,,,10,4,,,,,,,,,,,,,,,,,,,,,,18.0,,,,,,,
2122_20220522_crystal_palace_man_united,2122,2022-05-22,Crystal Palace,Man United,1,football-data.co.uk,2022-05-23,home,,,,,,,,,6,3,,,,,,,,,,,,,,,,,,,,,,12.0,,,,,,,
2122_20220522_leicester_southampton,2122,2022-05-22,Southampton,Leicester,0,football-data.co.uk,2022-05-23,away,,,,,,,,,7,2,,,,,,,,,,,,,,,,,,,,,,11.0,,,,,,,
2122_20220522_leicester_southampton,2122,2022-05-22,Leicester,Southampton,1,football-data.co.uk,2022-05-23,home,,,,,,,,,12,6,,,,,,,,,,,,,,,,,,,,,,24.0,,,,,,,
2122_20220522_liverpool_wolves,2122,2022-05-22,Wolves,Liverpool,0,football-data.co.uk,2022-05-23,away,,,,,,,,,7,5,,,,,,,,,,,,,,,,,,,,,,17.0,,,,,,,
2122_20220522_liverpool_wolves,2122,2022-05-22,Liverpool,Wolves,1,football-data.co.uk,2022-05-23,home,,,,,,,,,29,8,,,,,,,,,,,,,,,,,,,,,,45.0,,,,,,,
2122_20220522_man_city_aston_villa,2122,2022-05-22,Aston Villa,Man City,0,football-data.co.uk,2022-05-23,away,,,,,,,,,4,2,,,,,,,,,,,,,,,,,,,,,,8.0,,,,,,,
2122_20220522_man_city_aston_villa,2122,2022-05-22,Man City,Aston Villa,1,football-data.co.uk,2022-05-23,home,,,,,,,,,24,5,,,,,,,,,,,,,,,,,,,,,,34.0,,,,,,,
2122_20220522_norwich_tottenham,2122,2022-05-22,Tottenham,Norwich,0,football-data.co.uk,2022-05-23,away,,,,,,,,,19,13,,,,,,,,,,,,,,,,,,,,,,45.0,,,,,,,
2122_20220522_norwich_tottenham,2122,2022-05-22,Norwich,Tottenham,1,football-data.co.uk,2022-05-23,home,,,,,,,,,9,0,,,,,,,,,,,,,,,,,,,,,,9.0,,,,,,,
2223_20220805_crystal_palace_arsenal,2223,2022-08-05,Arsenal,Crystal Palace,0,football-data.co.uk,2022-08-06,away,,,,,,,,,10,2,,,,,,,,,,,,,,,,,,,,,,14.0,,,,,,,
2223_20220805_crystal_palace_arsenal,2223,2022-08-05,Crystal Palace,Arsenal,1,football-data.co.uk,2022-08-06,home,,,,,,,,,10,2,,,,,,,,,,,,,,,,,,,,,,14.0,,,,,,,
2223_20220806_bournemouth_aston_villa,2223,2022-08-06,Aston Villa,Bournemouth,0,football-data.co.uk,2022-08-07,away,,,,,,,,,15,2,,,,,,,,,,,,,,,,,,,,,,19.0,,,,,,,
2223_20220806_bournemouth_aston_villa,2223,2022-08-06,Bournemouth,Aston Villa,1,football-data.co.uk,2022-08-07,home,,,,,,,,,7,3,,,,,,,,,,,,,,,,,,,,,,13.0,,,,,,,
2223_20220806_everton_chelsea,2223,2022-08-06,Chelsea,Everton,0,football-data.co.uk,2022-08-07,away,,,,,,,,,15,6,,,,,,,,,,,,,,,,,,,,,,27.0,,,,,,,
2223_20220806_everton_chelsea,2223,2022-08-06,Everton,Chelsea,1,football-data.co.uk,2022-08-07,home,,,,,,,,,8,4,,,,,,,,,,,,,,,,,,,,,,16.0,,,,,,,
2223_20220806_fulham_liverpool,2223,2022-08-06,Liverpool,Fulham,0,football-data.co.uk,2022-08-07,away,,,,,,,,,11,4,,,,,,,,,,,,,,,,,,,,,,19.0,,,,,,,
2223_20220806_fulham_liverpool,2223,2022-08-06,Fulham,Liverpool,1,football-data.co.uk,2022-08-07,home,,,,,,,,,9,3,,,,,,,,,,,,,,,,,,,,,,15.0,,,,,,,
2223_20220806_leeds_wolves,2223,2022-08-06,Wolves,Leeds,0,football-data.co.uk,2022-08-07,away,,,,,,,,,15,6,,,,,,,,,,,,,,,,,,,,,,27.0,,,,,,,
2223_20220806_leeds_wolves,2223,2022-08-06,Leeds,Wolves,1,football-data.co.uk,2022-08-07,home,,,,,,,,,12,4,,,,,,,,,,,,,,,,,,,,,,20.0,,,,,,,
2223_20220806_newcastle_nottm_forest,2223,2022-08-06,Nott'm Forest,Newcastle,0,football-data.co.uk,2022-08-07,away,,,,,,,,,5,0,,,,,,,,,,,,,,,,,,,,,,5.0,,,,,,,
2223_20220806_newcastle_nottm_forest,2223,2022-08-06,Newcastle,Nott'm Forest,1,football-data.co.uk,2022-08-07,home,,,,,,,,,23,10,,,,,,,,,,,,,,,,,,,,,,43.0,,,,,,,
2223_20220806_tottenham_southampton,2223,2022-08-06,Southampton,Tottenham,0,football-data.co.uk,2022-08-07,away,,,,,,,,,10,2,,,,,,,,,,,,,,,,,,,,,,14.0,,,,,,,
2223_20220806_tottenham_southampton,2223,2022-08-06,Tottenham,Southampton,1,football-data.co.uk,2022-08-07,home,,,,,,,,,18,8,,,,,,,,,,,,,,,,,,,,,,34.0,,,,,,,
2223_20220807_leicester_brentford,2223,2022-08-07,Brentford,Leicester,0,football-data.co.uk,2022-08-08,away,,,,,,,,,8,3,,,,,,,,,,,,,,,,,,,,,,14.0,,,,,,,
2223_20220807_leicester_brentford,2223,2022-08-07,Leicester,Brentford,1,football-data.co.uk,2022-08-08,home,,,,,,,,,14,5,,,,,,,,,,,,,,,,,,,,,,24.0,,,,,,,
2223_20220807_man_united_brighton,2223,2022-08-07,Brighton,Man United,0,football-data.co.uk,2022-08-08,away,,,,,,,,,15,4,,,,,,,,,,,,,,,,,,,,,,23.0,,,,,,,
2223_20220807_man_united_brighton,2223,2022-08-07,Man United,Brighton,1,football-data.co.uk,2022-08-08,home,,,,,,,,,17,5,,,,,,,,,,,,,,,,,,,,,,27.0,,,,,,,
2223_20220807_west_ham_man_city,2223,2022-08-07,Man City,West Ham,0,football-data.co.uk,2022-08-08,away,,,,,,,,,14,2,,,,,,,,,,,,,,,,,,,,,,18.0,,,,,,,
2223_20220807_west_ham_man_city,2223,2022-08-07,West Ham,Man City,1,football-data.co.uk,2022-08-08,home,,,,,,,,,6,1,,,,,,,,,,,,,,,,,,,,,,8.0,,,,,,,
2223_20220813_arsenal_leicester,2223,2022-08-13,Leicester,Arsenal,0,football-data.co.uk,2022-08-14,away,,,,,,,,,6,2,,,,,,,,,,,,,,,,,,,,,,10.0,,,,,,,
2223_20220813_arsenal_leicester,2223,2022-08-13,Arsenal,Leicester,1,football-data.co.uk,2022-08-14,home,,,,,,,,,19,7,,,,,,,,,,,,,,,,,,,,,,33.0,,,,,,,
2223_20220813_aston_villa_everton,2223,2022-08-13,Everton,Aston Villa,0,football-data.co.uk,2022-08-14,away,,,,,,,,,15,4,,,,,,,,,,,,,,,,,,,,,,23.0,,,,,,,
2223_20220813_aston_villa_everton,2223,2022-08-13,Aston Villa,Everton,1,football-data.co.uk,2022-08-14,home,,,,,,,,,12,4,,,,,,,,,,,,,,,,,,,,,,20.0,,,,,,,
2223_20220813_brentford_man_united,2223,2022-08-13,Man United,Brentford,0,football-data.co.uk,2022-08-14,away,,,,,,,,,15,4,,,,,,,,,,,,,,,,,,,,,,23.0,,,,,,,
2223_20220813_brentford_man_united,2223,2022-08-13,Brentford,Man United,1,football-data.co.uk,2022-08-14,home,,,,,,,,,13,7,,,,,,,,,,,,,,,,,,,,,,27.0,,,,,,,
2223_20220813_brighton_newcastle,2223,2022-08-13,Newcastle,Brighton,0,football-data.co.uk,2022-08-14,away,,,,,,,,,4,1,,,,,,,,,,,,,,,,,,,,,,6.0,,,,,,,
2223_20220813_brighton_newcastle,2223,2022-08-13,Brighton,Newcastle,1,football-data.co.uk,2022-08-14,home,,,,,,,,,13,7,,,,,,,,,,,,,,,,,,,,,,27.0,,,,,,,
2223_20220813_man_city_bournemouth,2223,2022-08-13,Bournemouth,Man City,0,football-data.co.uk,2022-08-14,away,,,,,,,,,3,1,,,,,,,,,,,,,,,,,,,,,,5.0,,,,,,,
2223_20220813_man_city_bournemouth,2223,2022-08-13,Man City,Bournemouth,1,football-data.co.uk,2022-08-14,home,,,,,,,,,19,7,,,,,,,,,,,,,,,,,,,,,,33.0,,,,,,,
2223_20220813_southampton_leeds,2223,2022-08-13,Leeds,Southampton,0,football-data.co.uk,2022-08-14,away,,,,,,,,,13,5,,,,,,,,,,,,,,,,,,,,,,23.0,,,,,,,
2223_20220813_southampton_leeds,2223,2022-08-13,Southampton,Leeds,1,football-data.co.uk,2022-08-14,home,,,,,,,,,14,4,,,,,,,,,,,,,,,,,,,,,,22.0,,,,,,,
2223_20220813_wolves_fulham,2223,2022-08-13,Fulham,Wolves,0,football-data.co.uk,2022-08-14,away,,,,,,,,,9,3,,,,,,,,,,,,,,,,,,,,,,15.0,,,,,,,
2223_20220813_wolves_fulham,2223,2022-08-13,Wolves,Fulham,1,football-data.co.uk,2022-08-14,home,,,,,,,,,7,1,,,,,,,,,,,,,,,,,,,,,,9.0,,,,,,,
2223_20220814_chelsea_tottenham,2223,2022-08-14,Tottenham,Chelsea,0,football-data.co.uk,2022-08-15,away,,,,,,,,,10,5,,,,,,,,,,,,,,,,,,,,,,20.0,,,,,,,
2223_20220814_chelsea_tottenham,2223,2022-08-14,Chelsea,Tottenham,1,football-data.co.uk,2022-08-15,home,,,,,,,,,16,3,,,,,,,,,,,,,,,,,,,,,,22.0,,,,,,,
2223_20220814_nottm_forest_west_ham,2223,2022-08-14,West Ham,Nott'm Forest,0,football-data.co.uk,2022-08-15,away,,,,,,,,,19,5,,,,,,,,,,,,,,,,,,,,,,29.0,,,,,,,
2223_20220814_nottm_forest_west_ham,2223,2022-08-14,Nott'm Forest,West Ham,1,football-data.co.uk,2022-08-15,home,,,,,,,,,13,6,,,,,,,,,,,,,,,,,,,,,,25.0,,,,,,,
2223_20220815_liverpool_crystal_palace,2223,2022-08-15,Crystal Palace,Liverpool,0,football-data.co.uk,2022-08-16,away,,,,,,,,,7,3,,,,,,,,,,,,,,,,,,,,,,13.0,,,,,,,
2223_20220815_liverpool_crystal_palace,2223,2022-08-15,Liverpool,Crystal Palace,1,football-data.co.uk,2022-08-16,home,,,,,,,,,24,4,,,,,,,,,,,,,,,,,,,,,,32.0,,,,,,,
2223_20220820_bournemouth_arsenal,2223,2022-08-20,Arsenal,Bournemouth,0,football-data.co.uk,2022-08-21,away,,,,,,,,,14,6,,,,,,,,,,,,,,,,,,,,,,26.0,,,,,,,
2223_20220820_bournemouth_arsenal,2223,2022-08-20,Bournemouth,Arsenal,1,football-data.co.uk,2022-08-21,home,,,,,,,,,6,1,,,,,,,,,,,,,,,,,,,,,,8.0,,,,,,,
2223_20220820_crystal_palace_aston_villa,2223,2022-08-20,Aston Villa,Crystal Palace,0,football-data.co.uk,2022-08-21,away,,,,,,,,,13,5,,,,,,,,,,,,,,,,,,,,,,23.0,,,,,,,
2223_20220820_crystal_palace_aston_villa,2223,2022-08-20,Crystal Palace,Aston Villa,1,football-data.co.uk,2022-08-21,home,,,,,,,,,17,9,,,,,,,,,,,,,,,,,,,,,,35.0,,,,,,,
2223_20220820_everton_nottm_forest,2223,2022-08-20,Nott'm Forest,Everton,0,football-data.co.uk,2022-08-21,away,,,,,,,,,14,5,,,,,,,,,,,,,,,,,,,,,,24.0,,,,,,,
2223_20220820_everton_nottm_forest,2223,2022-08-20,Everton,Nott'm Forest,1,football-data.co.uk,2022-08-21,home,,,,,,,,,19,8,,,,,,,,,,,,,,,,,,,,,,35.0,,,,,,,
2223_20220820_fulham_brentford,2223,2022-08-20,Brentford,Fulham,0,football-data.co.uk,2022-08-21,away,,,,,,,,,13,5,,,,,,,,,,,,,,,,,,,,,,23.0,,,,,,,
2223_20220820_fulham_brentford,2223,2022-08-20,Fulham,Brentford,1,football-data.co.uk,2022-08-21,home,,,,,,,,,18,9,,,,,,,,,,,,,,,,,,,,,,36.0,,,,,,,
2223_20220820_leicester_southampton,2223,2022-08-20,Southampton,Leicester,0,football-data.co.uk,2022-08-21,away,,,,,,,,,9,3,,,,,,,,,,,,,,,,,,,,,,15.0,,,,,,,
2223_20220820_leicester_southampton,2223,2022-08-20,Leicester,Southampton,1,football-data.co.uk,2022-08-21,home,,,,,,,,,6,1,,,,,,,,,,,,,,,,,,,,,,8.0,,,,,,,
2223_20220820_tottenham_wolves,2223,2022-08-20,Wolves,Tottenham,0,football-data.co.uk,2022-08-21,away,,,,,,,,,20,3,,,,,,,,,,,,,,,,,,,,,,26.0,,,,,,,
2223_20220820_tottenham_wolves,2223,2022-08-20,Tottenham,Wolves,1,football-data.co.uk,2022-08-21,home,,,,,,,,,11,4,,,,,,,,,,,,,,,,,,,,,,19.0,,,,,,,
2223_20220821_leeds_chelsea,2223,2022-08-21,Chelsea,Leeds,0,football-data.co.uk,2022-08-22,away,,,,,,,,,14,3,,,,,,,,,,,,,,,,,,,,,,20.0,,,,,,,
2223_20220821_leeds_chelsea,2223,2022-08-21,Leeds,Chelsea,1,football-data.co.uk,2022-08-22,home,,,,,,,,,12,6,,,,,,,,,,,,,,,,,,,,,,24.0,,,,,,,
2223_20220821_newcastle_man_city,2223,2022-08-21,Man City,Newcastle,0,football-data.co.uk,2022-08-22,away,,,,,,,,,21,10,,,,,,,,,,,,,,,,,,,,,,41.0,,,,,,,
2223_20220821_newcastle_man_city,2223,2022-08-21,Newcastle,Man City,1,football-data.co.uk,2022-08-22,home,,,,,,,,,12,6,,,,,,,,,,,,,,,,,,,,,,24.0,,,,,,,
2223_20220821_west_ham_brighton,2223,2022-08-21,Brighton,West Ham,0,football-data.co.uk,2022-08-22,away,,,,,,,,,11,2,,,,,,,,,,,,,,,,,,,,,,15.0,,,,,,,
2223_20220821_west_ham_brighton,2223,2022-08-21,West Ham,Brighton,1,football-data.co.uk,2022-08-22,home,,,,,,,,,13,3,,,,,,,,,,,,,,,,,,,,,,19.0,,,,,,,
2223_20220822_man_united_liverpool,2223,2022-08-22,Liverpool,Man United,0,football-data.co.uk,2022-08-23,away,,,,,,,,,17,5,,,,,,,,,,,,,,,,,,,,,,27.0,,,,,,,
2223_20220822_man_united_liverpool,2223,2022-08-22,Man United,Liverpool,1,football-data.co.uk,2022-08-23,home,,,,,,,,,12,4,,,,,,,,,,,,,,,,,,,,,,20.0,,,,,,,
2223_20220827_arsenal_fulham,2223,2022-08-27,Fulham,Arsenal,0,football-data.co.uk,2022-08-28,away,,,,,,,,,11,3,,,,,,,,,,,,,,,,,,,,,,17.0,,,,,,,
2223_20220827_arsenal_fulham,2223,2022-08-27,Arsenal,Fulham,1,football-data.co.uk,2022-08-28,home,,,,,,,,,22,8,,,,,,,,,,,,,,,,,,,,,,38.0,,,,,,,
2223_20220827_brentford_everton,2223,2022-08-27,Everton,Brentford,0,football-data.co.uk,2022-08-28,away,,,,,,,,,14,7,,,,,,,,,,,,,,,,,,,,,,28.0,,,,,,,
2223_20220827_brentford_everton,2223,2022-08-27,Brentford,Everton,1,football-data.co.uk,2022-08-28,home,,,,,,,,,19,5,,,,,,,,,,,,,,,,,,,,,,29.0,,,,,,,
2223_20220827_brighton_leeds,2223,2022-08-27,Leeds,Brighton,0,football-data.co.uk,2022-08-28,away,,,,,,,,,10,2,,,,,,,,,,,,,,,,,,,,,,14.0,,,,,,,
2223_20220827_brighton_leeds,2223,2022-08-27,Brighton,Leeds,1,football-data.co.uk,2022-08-28,home,,,,,,,,,13,4,,,,,,,,,,,,,,,,,,,,,,21.0,,,,,,,
2223_20220827_chelsea_leicester,2223,2022-08-27,Leicester,Chelsea,0,football-data.co.uk,2022-08-28,away,,,,,,,,,17,5,,,,,,,,,,,,,,,,,,,,,,27.0,,,,,,,
2223_20220827_chelsea_leicester,2223,2022-08-27,Chelsea,Leicester,1,football-data.co.uk,2022-08-28,home,,,,,,,,,7,3,,,,,,,,,,,,,,,,,,,,,,13.0,,,,,,,
2223_20220827_liverpool_bournemouth,2223,2022-08-27,Bournemouth,Liverpool,0,football-data.co.uk,2022-08-28,away,,,,,,,,,5,2,,,,,,,,,,,,,,,,,,,,,,9.0,,,,,,,
2223_20220827_liverpool_bournemouth,2223,2022-08-27,Liverpool,Bournemouth,1,football-data.co.uk,2022-08-28,home,,,,,,,,,19,12,,,,,,,,,,,,,,,,,,,,,,43.0,,,,,,,
2223_20220827_man_city_crystal_palace,2223,2022-08-27,Crystal Palace,Man City,0,football-data.co.uk,2022-08-28,away,,,,,,,,,2,2,,,,,,,,,,,,,,,,,,,,,,6.0,,,,,,,
2223_20220827_man_city_crystal_palace,2223,2022-08-27,Man City,Crystal Palace,1,football-data.co.uk,2022-08-28,home,,,,,,,,,18,5,,,,,,,,,,,,,,,,,,,,,,28.0,,,,,,,
2223_20220827_southampton_man_united,2223,2022-08-27,Man United,Southampton,0,football-data.co.uk,2022-08-28,away,,,,,,,,,11,6,,,,,,,,,,,,,,,,,,,,,,23.0,,,,,,,
2223_20220827_southampton_man_united,2223,2022-08-27,Southampton,Man United,1,football-data.co.uk,2022-08-28,home,,,,,,,,,17,5,,,,,,,,,,,,,,,,,,,,,,27.0,,,,,,,
2223_20220828_aston_villa_west_ham,2223,2022-08-28,West Ham,Aston Villa,0,football-data.co.uk,2022-08-29,away,,,,,,,,,7,2,,,,,,,,,,,,,,,,,,,,,,11.0,,,,,,,
2223_20220828_aston_villa_west_ham,2223,2022-08-28,Aston Villa,West Ham,1,football-data.co.uk,2022-08-29,home,,,,,,,,,9,3,,,,,,,,,,,,,,,,,,,,,,15.0,,,,,,,
2223_20220828_nottm_forest_tottenham,2223,2022-08-28,Tottenham,Nott'm Forest,0,football-data.co.uk,2022-08-29,away,,,,,,,,,18,7,,,,,,,,,,,,,,,,,,,,,,32.0,,,,,,,
2223_20220828_nottm_forest_tottenham,2223,2022-08-28,Nott'm Forest,Tottenham,1,football-data.co.uk,2022-08-29,home,,,,,,,,,17,1,,,,,,,,,,,,,,,,,,,,,,19.0,,,,,,,
2223_20220828_wolves_newcastle,2223,2022-08-28,Newcastle,Wolves,0,football-data.co.uk,2022-08-29,away,,,,,,,,,21,6,,,,,,,,,,,,,,,,,,,,,,33.0,,,,,,,
2223_20220828_wolves_newcastle,2223,2022-08-28,Wolves,Newcastle,1,football-data.co.uk,2022-08-29,home,,,,,,,,,10,4,,,,,,,,,,,,,,,,,,,,,,18.0,,,,,,,
2223_20220830_crystal_palace_brentford,2223,2022-08-30,Brentford,Crystal Palace,0,football-data.co.uk,2022-08-31,away,,,,,,,,,9,3,,,,,,,,,,,,,,,,,,,,,,15.0,,,,,,,
2223_20220830_crystal_palace_brentford,2223,2022-08-30,Crystal Palace,Brentford,1,football-data.co.uk,2022-08-31,home,,,,,,,,,13,4,,,,,,,,,,,,,,,,,,,,,,21.0,,,,,,,
2223_20220830_fulham_brighton,2223,2022-08-30,Brighton,Fulham,0,football-data.co.uk,2022-08-31,away,,,,,,,,,7,4,,,,,,,,,,,,,,,,,,,,,,15.0,,,,,,,
2223_20220830_fulham_brighton,2223,2022-08-30,Fulham,Brighton,1,football-data.co.uk,2022-08-31,home,,,,,,,,,10,3,,,,,,,,,,,,,,,,,,,,,,16.0,,,,,,,
2223_20220830_leeds_everton,2223,2022-08-30,Everton,Leeds,0,football-data.co.uk,2022-08-31,away,,,,,,,,,7,2,,,,,,,,,,,,,,,,,,,,,,11.0,,,,,,,
2223_20220830_leeds_everton,2223,2022-08-30,Leeds,Everton,1,football-data.co.uk,2022-08-31,home,,,,,,,,,14,5,,,,,,,,,,,,,,,,,,,,,,24.0,,,,,,,
2223_20220830_southampton_chelsea,2223,2022-08-30,Chelsea,Southampton,0,football-data.co.uk,2022-08-31,away,,,,,,,,,10,4,,,,,,,,,,,,,,,,,,,,,,18.0,,,,,,,
2223_20220830_southampton_chelsea,2223,2022-08-30,Southampton,Chelsea,1,football-data.co.uk,2022-08-31,home,,,,,,,,,9,7,,,,,,,,,,,,,,,,,,,,,,23.0,,,,,,,
2223_20220831_arsenal_aston_villa,2223,2022-08-31,Aston Villa,Arsenal,0,football-data.co.uk,2022-09-01,away,,,,,,,,,4,3,,,,,,,,,,,,,,,,,,,,,,10.0,,,,,,,
2223_20220831_arsenal_aston_villa,2223,2022-08-31,Arsenal,Aston Villa,1,football-data.co.uk,2022-09-01,home,,,,,,,,,22,9,,,,,,,,,,,,,,,,,,,,,,40.0,,,,,,,
2223_20220831_bournemouth_wolves,2223,2022-08-31,Wolves,Bournemouth,0,football-data.co.uk,2022-09-01,away,,,,,,,,,17,4,,,,,,,,,,,,,,,,,,,,,,25.0,,,,,,,
2223_20220831_bournemouth_wolves,2223,2022-08-31,Bournemouth,Wolves,1,football-data.co.uk,2022-09-01,home,,,,,,,,,5,2,,,,,,,,,,,,,,,,,,,,,,9.0,,,,,,,
2223_20220831_liverpool_newcastle,2223,2022-08-31,Newcastle,Liverpool,0,football-data.co.uk,2022-09-01,away,,,,,,,,,5,2,,,,,,,,,,,,,,,,,,,,,,9.0,,,,,,,
2223_20220831_liverpool_newcastle,2223,2022-08-31,Liverpool,Newcastle,1,football-data.co.uk,2022-09-01,home,,,,,,,,,23,6,,,,,,,,,,,,,,,,,,,,,,35.0,,,,,,,
2223_20220831_man_city_nottm_forest,2223,2022-08-31,Nott'm Forest,Man City,0,football-data.co.uk,2022-09-01,away,,,,,,,,,8,1,,,,,,,,,,,,,,,,,,,,,,10.0,,,,,,,
2223_20220831_man_city_nottm_forest,2223,2022-08-31,Man City,Nott'm Forest,1,football-data.co.uk,2022-09-01,home,,,,,,,,,17,9,,,,,,,,,,,,,,,,,,,,,,35.0,,,,,,,
2223_20220831_west_ham_tottenham,2223,2022-08-31,Tottenham,West Ham,0,football-data.co.uk,2022-09-01,away,,,,,,,,,13,4,,,,,,,,,,,,,,,,,,,,,,21.0,,,,,,,
2223_20220831_west_ham_tottenham,2223,2022-08-31,West Ham,Tottenham,1,football-data.co.uk,2022-09-01,home,,,,,,,,,14,4,,,,,,,,,,,,,,,,,,,,,,22.0,,,,,,,
2223_20220901_leicester_man_united,2223,2022-09-01,Man United,Leicester,0,football-data.co.uk,2022-09-02,away,,,,,,,,,9,2,,,,,,,,,,,,,,,,,,,,,,13.0,,,,,,,
2223_20220901_leicester_man_united,2223,2022-09-01,Leicester,Man United,1,football-data.co.uk,2022-09-02,home,,,,,,,,,10,2,,,,,,,,,,,,,,,,,,,,,,14.0,,,,,,,
2223_20220903_aston_villa_man_city,2223,2022-09-03,Man City,Aston Villa,0,football-data.co.uk,2022-09-04,away,,,,,,,,,13,4,,,,,,,,,,,,,,,,,,,,,,21.0,,,,,,,
2223_20220903_aston_villa_man_city,2223,2022-09-03,Aston Villa,Man City,1,football-data.co.uk,2022-09-04,home,,,,,,,,,3,1,,,,,,,,,,,,,,,,,,,,,,5.0,,,,,,,
2223_20220903_brentford_leeds,2223,2022-09-03,Leeds,Brentford,0,football-data.co.uk,2022-09-04,away,,,,,,,,,17,6,,,,,,,,,,,,,,,,,,,,,,29.0,,,,,,,
2223_20220903_brentford_leeds,2223,2022-09-03,Brentford,Leeds,1,football-data.co.uk,2022-09-04,home,,,,,,,,,14,8,,,,,,,,,,,,,,,,,,,,,,30.0,,,,,,,
2223_20220903_chelsea_west_ham,2223,2022-09-03,West Ham,Chelsea,0,football-data.co.uk,2022-09-04,away,,,,,,,,,6,3,,,,,,,,,,,,,,,,,,,,,,12.0,,,,,,,
2223_20220903_chelsea_west_ham,2223,2022-09-03,Chelsea,West Ham,1,football-data.co.uk,2022-09-04,home,,,,,,,,,8,3,,,,,,,,,,,,,,,,,,,,,,14.0,,,,,,,
2223_20220903_everton_liverpool,2223,2022-09-03,Liverpool,Everton,0,football-data.co.uk,2022-09-04,away,,,,,,,,,23,8,,,,,,,,,,,,,,,,,,,,,,39.0,,,,,,,
2223_20220903_everton_liverpool,2223,2022-09-03,Everton,Liverpool,1,football-data.co.uk,2022-09-04,home,,,,,,,,,14,3,,,,,,,,,,,,,,,,,,,,,,20.0,,,,,,,
2223_20220903_newcastle_crystal_palace,2223,2022-09-03,Crystal Palace,Newcastle,0,football-data.co.uk,2022-09-04,away,,,,,,,,,19,9,,,,,,,,,,,,,,,,,,,,,,37.0,,,,,,,
2223_20220903_newcastle_crystal_palace,2223,2022-09-03,Newcastle,Crystal Palace,1,football-data.co.uk,2022-09-04,home,,,,,,,,,23,6,,,,,,,,,,,,,,,,,,,,,,35.0,,,,,,,
2223_20220903_nottm_forest_bournemouth,2223,2022-09-03,Bournemouth,Nott'm Forest,0,football-data.co.uk,2022-09-04,away,,,,,,,,,8,3,,,,,,,,,,,,,,,,,,,,,,14.0,,,,,,,
2223_20220903_nottm_forest_bournemouth,2223,2022-09-03,Nott'm Forest,Bournemouth,1,football-data.co.uk,2022-09-04,home,,,,,,,,,11,3,,,,,,,,,,,,,,,,,,,,,,17.0,,,,,,,
2223_20220903_tottenham_fulham,2223,2022-09-03,Fulham,Tottenham,0,football-data.co.uk,2022-09-04,away,,,,,,,,,9,3,,,,,,,,,,,,,,,,,,,,,,15.0,,,,,,,
2223_20220903_tottenham_fulham,2223,2022-09-03,Tottenham,Fulham,1,football-data.co.uk,2022-09-04,home,,,,,,,,,23,10,,,,,,,,,,,,,,,,,,,,,,43.0,,,,,,,
2223_20220903_wolves_southampton,2223,2022-09-03,Southampton,Wolves,0,football-data.co.uk,2022-09-04,away,,,,,,,,,12,1,,,,,,,,,,,,,,,,,,,,,,14.0,,,,,,,
2223_20220903_wolves_southampton,2223,2022-09-03,Wolves,Southampton,1,football-data.co.uk,2022-09-04,home,,,,,,,,,7,2,,,,,,,,,,,,,,,,,,,,,,11.0,,,,,,,
2223_20220904_brighton_leicester,2223,2022-09-04,Leicester,Brighton,0,football-data.co.uk,2022-09-05,away,,,,,,,,,6,4,,,,,,,,,,,,,,,,,,,,,,14.0,,,,,,,
2223_20220904_brighton_leicester,2223,2022-09-04,Brighton,Leicester,1,football-data.co.uk,2022-09-05,home,,,,,,,,,23,11,,,,,,,,,,,,,,,,,,,,,,45.0,,,,,,,
2223_20220904_man_united_arsenal,2223,2022-09-04,Arsenal,Man United,0,football-data.co.uk,2022-09-05,away,,,,,,,,,16,3,,,,,,,,,,,,,,,,,,,,,,22.0,,,,,,,
2223_20220904_man_united_arsenal,2223,2022-09-04,Man United,Arsenal,1,football-data.co.uk,2022-09-05,home,,,,,,,,,10,6,,,,,,,,,,,,,,,,,,,,,,22.0,,,,,,,
2223_20220916_aston_villa_southampton,2223,2022-09-16,Southampton,Aston Villa,0,football-data.co.uk,2022-09-17,away,,,,,,,,,7,1,,,,,,,,,,,,,,,,,,,,,,9.0,,,,,,,
2223_20220916_aston_villa_southampton,2223,2022-09-16,Aston Villa,Southampton,1,football-data.co.uk,2022-09-17,home,,,,,,,,,11,3,,,,,,,,,,,,,,,,,,,,,,17.0,,,,,,,
2223_20220916_nottm_forest_fulham,2223,2022-09-16,Fulham,Nott'm Forest,0,football-data.co.uk,2022-09-17,away,,,,,,,,,15,7,,,,,,,,,,,,,,,,,,,,,,29.0,,,,,,,
2223_20220916_nottm_forest_fulham,2223,2022-09-16,Nott'm Forest,Fulham,1,football-data.co.uk,2022-09-17,home,,,,,,,,,11,3,,,,,,,,,,,,,,,,,,,,,,17.0,,,,,,,
2223_20220917_newcastle_bournemouth,2223,2022-09-17,Bournemouth,Newcastle,0,football-data.co.uk,2022-09-18,away,,,,,,,,,10,3,,,,,,,,,,,,,,,,,,,,,,16.0,,,,,,,
2223_20220917_newcastle_bournemouth,2223,2022-09-17,Newcastle,Bournemouth,1,football-data.co.uk,2022-09-18,home,,,,,,,,,20,7,,,,,,,,,,,,,,,,,,,,,,34.0,,,,,,,
2223_20220917_tottenham_leicester,2223,2022-09-17,Leicester,Tottenham,0,football-data.co.uk,2022-09-18,away,,,,,,,,,19,7,,,,,,,,,,,,,,,,,,,,,,33.0,,,,,,,
2223_20220917_tottenham_leicester,2223,2022-09-17,Tottenham,Leicester,1,football-data.co.uk,2022-09-18,home,,,,,,,,,16,11,,,,,,,,,,,,,,,,,,,,,,38.0,,,,,,,
2223_20220917_wolves_man_city,2223,2022-09-17,Man City,Wolves,0,football-data.co.uk,2022-09-18,away,,,,,,,,,16,7,,,,,,,,,,,,,,,,,,,,,,30.0,,,,,,,
2223_20220917_wolves_man_city,2223,2022-09-17,Wolves,Man City,1,football-data.co.uk,2022-09-18,home,,,,,,,,,6,1,,,,,,,,,,,,,,,,,,,,,,8.0,,,,,,,
2223_20220918_brentford_arsenal,2223,2022-09-18,Arsenal,Brentford,0,football-data.co.uk,2022-09-19,away,,,,,,,,,13,7,,,,,,,,,,,,,,,,,,,,,,27.0,,,,,,,
2223_20220918_brentford_arsenal,2223,2022-09-18,Brentford,Arsenal,1,football-data.co.uk,2022-09-19,home,,,,,,,,,5,2,,,,,,,,,,,,,,,,,,,,,,9.0,,,,,,,
2223_20220918_everton_west_ham,2223,2022-09-18,West Ham,Everton,0,football-data.co.uk,2022-09-19,away,,,,,,,,,14,4,,,,,,,,,,,,,,,,,,,,,,22.0,,,,,,,
2223_20220918_everton_west_ham,2223,2022-09-18,Everton,West Ham,1,football-data.co.uk,2022-09-19,home,,,,,,,,,7,2,,,,,,,,,,,,,,,,,,,,,,11.0,,,,,,,
2223_20221001_arsenal_tottenham,2223,2022-10-01,Tottenham,Arsenal,0,football-data.co.uk,2022-10-02,away,,,,,,,,,7,3,,,,,,,,,,,,,,,,,,,,,,13.0,,,,,,,
2223_20221001_arsenal_tottenham,2223,2022-10-01,Arsenal,Tottenham,1,football-data.co.uk,2022-10-02,home,,,,,,,,,22,9,,,,,,,,,,,,,,,,,,,,,,40.0,,,,,,,
2223_20221001_bournemouth_brentford,2223,2022-10-01,Brentford,Bournemouth,0,football-data.co.uk,2022-10-02,away,,,,,,,,,13,4,,,,,,,,,,,,,,,,,,,,,,21.0,,,,,,,
2223_20221001_bournemouth_brentford,2223,2022-10-01,Bournemouth,Brentford,1,football-data.co.uk,2022-10-02,home,,,,,,,,,7,1,,,,,,,,,,,,,,,,,,,,,,9.0,,,,,,,
2223_20221001_crystal_palace_chelsea,2223,2022-10-01,Chelsea,Crystal Palace,0,football-data.co.uk,2022-10-02,away,,,,,,,,,13,3,,,,,,,,,,,,,,,,,,,,,,19.0,,,,,,,
2223_20221001_crystal_palace_chelsea,2223,2022-10-01,Crystal Palace,Chelsea,1,football-data.co.uk,2022-10-02,home,,,,,,,,,7,3,,,,,,,,,,,,,,,,,,,,,,13.0,,,,,,,
2223_20221001_fulham_newcastle,2223,2022-10-01,Newcastle,Fulham,0,football-data.co.uk,2022-10-02,away,,,,,,,,,19,10,,,,,,,,,,,,,,,,,,,,,,39.0,,,,,,,
2223_20221001_fulham_newcastle,2223,2022-10-01,Fulham,Newcastle,1,football-data.co.uk,2022-10-02,home,,,,,,,,,3,1,,,,,,,,,,,,,,,,,,,,,,5.0,,,,,,,
2223_20221001_liverpool_brighton,2223,2022-10-01,Brighton,Liverpool,0,football-data.co.uk,2022-10-02,away,,,,,,,,,6,6,,,,,,,,,,,,,,,,,,,,,,18.0,,,,,,,
2223_20221001_liverpool_brighton,2223,2022-10-01,Liverpool,Brighton,1,football-data.co.uk,2022-10-02,home,,,,,,,,,15,7,,,,,,,,,,,,,,,,,,,,,,29.0,,,,,,,
2223_20221001_southampton_everton,2223,2022-10-01,Everton,Southampton,0,football-data.co.uk,2022-10-02,away,,,,,,,,,12,5,,,,,,,,,,,,,,,,,,,,,,22.0,,,,,,,
2223_20221001_southampton_everton,2223,2022-10-01,Southampton,Everton,1,football-data.co.uk,2022-10-02,home,,,,,,,,,22,6,,,,,,,,,,,,,,,,,,,,,,34.0,,,,,,,
2223_20221001_west_ham_wolves,2223,2022-10-01,Wolves,West Ham,0,football-data.co.uk,2022-10-02,away,,,,,,,,,15,4,,,,,,,,,,,,,,,,,,,,,,23.0,,,,,,,
2223_20221001_west_ham_wolves,2223,2022-10-01,West Ham,Wolves,1,football-data.co.uk,2022-10-02,home,,,,,,,,,18,5,,,,,,,,,,,,,,,,,,,,,,28.0,,,,,,,
2223_20221002_leeds_aston_villa,2223,2022-10-02,Aston Villa,Leeds,0,football-data.co.uk,2022-10-03,away,,,,,,,,,19,7,,,,,,,,,,,,,,,,,,,,,,33.0,,,,,,,
2223_20221002_leeds_aston_villa,2223,2022-10-02,Leeds,Aston Villa,1,football-data.co.uk,2022-10-03,home,,,,,,,,,9,1,,,,,,,,,,,,,,,,,,,,,,11.0,,,,,,,
2223_20221002_man_city_man_united,2223,2022-10-02,Man United,Man City,0,football-data.co.uk,2022-10-03,away,,,,,,,,,12,8,,,,,,,,,,,,,,,,,,,,,,28.0,,,,,,,
2223_20221002_man_city_man_united,2223,2022-10-02,Man City,Man United,1,football-data.co.uk,2022-10-03,home,,,,,,,,,22,10,,,,,,,,,,,,,,,,,,,,,,42.0,,,,,,,
2223_20221003_leicester_nottm_forest,2223,2022-10-03,Nott'm Forest,Leicester,0,football-data.co.uk,2022-10-04,away,,,,,,,,,10,3,,,,,,,,,,,,,,,,,,,,,,16.0,,,,,,,
2223_20221003_leicester_nottm_forest,2223,2022-10-03,Leicester,Nott'm Forest,1,football-data.co.uk,2022-10-04,home,,,,,,,,,17,7,,,,,,,,,,,,,,,,,,,,,,31.0,,,,,,,
2223_20221008_bournemouth_leicester,2223,2022-10-08,Leicester,Bournemouth,0,football-data.co.uk,2022-10-09,away,,,,,,,,,9,5,,,,,,,,,,,,,,,,,,,,,,19.0,,,,,,,
2223_20221008_bournemouth_leicester,2223,2022-10-08,Bournemouth,Leicester,1,football-data.co.uk,2022-10-09,home,,,,,,,,,10,4,,,,,,,,,,,,,,,,,,,,,,18.0,,,,,,,
2223_20221008_brighton_tottenham,2223,2022-10-08,Tottenham,Brighton,0,football-data.co.uk,2022-10-09,away,,,,,,,,,8,3,,,,,,,,,,,,,,,,,,,,,,14.0,,,,,,,
2223_20221008_brighton_tottenham,2223,2022-10-08,Brighton,Tottenham,1,football-data.co.uk,2022-10-09,home,,,,,,,,,14,4,,,,,,,,,,,,,,,,,,,,,,22.0,,,,,,,
2223_20221008_chelsea_wolves,2223,2022-10-08,Wolves,Chelsea,0,football-data.co.uk,2022-10-09,away,,,,,,,,,8,2,,,,,,,,,,,,,,,,,,,,,,12.0,,,,,,,
2223_20221008_chelsea_wolves,2223,2022-10-08,Chelsea,Wolves,1,football-data.co.uk,2022-10-09,home,,,,,,,,,20,7,,,,,,,,,,,,,,,,,,,,,,34.0,,,,,,,
2223_20221008_man_city_southampton,2223,2022-10-08,Southampton,Man City,0,football-data.co.uk,2022-10-09,away,,,,,,,,,5,0,,,,,,,,,,,,,,,,,,,,,,5.0,,,,,,,
2223_20221008_man_city_southampton,2223,2022-10-08,Man City,Southampton,1,football-data.co.uk,2022-10-09,home,,,,,,,,,21,8,,,,,,,,,,,,,,,,,,,,,,37.0,,,,,,,
2223_20221008_newcastle_brentford,2223,2022-10-08,Brentford,Newcastle,0,football-data.co.uk,2022-10-09,away,,,,,,,,,6,3,,,,,,,,,,,,,,,,,,,,,,12.0,,,,,,,
2223_20221008_newcastle_brentford,2223,2022-10-08,Newcastle,Brentford,1,football-data.co.uk,2022-10-09,home,,,,,,,,,16,6,,,,,,,,,,,,,,,,,,,,,,28.0,,,,,,,
2223_20221009_arsenal_liverpool,2223,2022-10-09,Liverpool,Arsenal,0,football-data.co.uk,2022-10-10,away,,,,,,,,,8,3,,,,,,,,,,,,,,,,,,,,,,14.0,,,,,,,
2223_20221009_arsenal_liverpool,2223,2022-10-09,Arsenal,Liverpool,1,football-data.co.uk,2022-10-10,home,,,,,,,,,11,7,,,,,,,,,,,,,,,,,,,,,,25.0,,,,,,,
2223_20221009_crystal_palace_leeds,2223,2022-10-09,Leeds,Crystal Palace,0,football-data.co.uk,2022-10-10,away,,,,,,,,,10,4,,,,,,,,,,,,,,,,,,,,,,18.0,,,,,,,
2223_20221009_crystal_palace_leeds,2223,2022-10-09,Crystal Palace,Leeds,1,football-data.co.uk,2022-10-10,home,,,,,,,,,13,5,,,,,,,,,,,,,,,,,,,,,,23.0,,,,,,,
2223_20221009_everton_man_united,2223,2022-10-09,Man United,Everton,0,football-data.co.uk,2022-10-10,away,,,,,,,,,12,4,,,,,,,,,,,,,,,,,,,,,,20.0,,,,,,,
2223_20221009_everton_man_united,2223,2022-10-09,Everton,Man United,1,football-data.co.uk,2022-10-10,home,,,,,,,,,11,2,,,,,,,,,,,,,,,,,,,,,,15.0,,,,,,,
2223_20221009_west_ham_fulham,2223,2022-10-09,Fulham,West Ham,0,football-data.co.uk,2022-10-10,away,,,,,,,,,8,2,,,,,,,,,,,,,,,,,,,,,,12.0,,,,,,,
2223_20221009_west_ham_fulham,2223,2022-10-09,West Ham,Fulham,1,football-data.co.uk,2022-10-10,home,,,,,,,,,17,8,,,,,,,,,,,,,,,,,,,,,,33.0,,,,,,,
2223_20221010_nottm_forest_aston_villa,2223,2022-10-10,Aston Villa,Nott'm Forest,0,football-data.co.uk,2022-10-11,away,,,,,,,,,12,2,,,,,,,,,,,,,,,,,,,,,,16.0,,,,,,,
2223_20221010_nottm_forest_aston_villa,2223,2022-10-10,Nott'm Forest,Aston Villa,1,football-data.co.uk,2022-10-11,home,,,,,,,,,6,3,,,,,,,,,,,,,,,,,,,,,,12.0,,,,,,,
2223_20221014_brentford_brighton,2223,2022-10-14,Brighton,Brentford,0,football-data.co.uk,2022-10-15,away,,,,,,,,,21,7,,,,,,,,,,,,,,,,,,,,,,35.0,,,,,,,
2223_20221014_brentford_brighton,2223,2022-10-14,Brentford,Brighton,1,football-data.co.uk,2022-10-15,home,,,,,,,,,7,3,,,,,,,,,,,,,,,,,,,,,,13.0,,,,,,,
2223_20221015_fulham_bournemouth,2223,2022-10-15,Bournemouth,Fulham,0,football-data.co.uk,2022-10-16,away,,,,,,,,,10,6,,,,,,,,,,,,,,,,,,,,,,22.0,,,,,,,
2223_20221015_fulham_bournemouth,2223,2022-10-15,Fulham,Bournemouth,1,football-data.co.uk,2022-10-16,home,,,,,,,,,19,4,,,,,,,,,,,,,,,,,,,,,,27.0,,,,,,,
2223_20221015_leicester_crystal_palace,2223,2022-10-15,Crystal Palace,Leicester,0,football-data.co.uk,2022-10-16,away,,,,,,,,,8,1,,,,,,,,,,,,,,,,,,,,,,10.0,,,,,,,
2223_20221015_leicester_crystal_palace,2223,2022-10-15,Leicester,Crystal Palace,1,football-data.co.uk,2022-10-16,home,,,,,,,,,14,5,,,,,,,,,,,,,,,,,,,,,,24.0,,,,,,,
2223_20221015_tottenham_everton,2223,2022-10-15,Everton,Tottenham,0,football-data.co.uk,2022-10-16,away,,,,,,,,,4,0,,,,,,,,,,,,,,,,,,,,,,4.0,,,,,,,
2223_20221015_tottenham_everton,2223,2022-10-15,Tottenham,Everton,1,football-data.co.uk,2022-10-16,home,,,,,,,,,21,7,,,,,,,,,,,,,,,,,,,,,,35.0,,,,,,,
2223_20221015_wolves_nottm_forest,2223,2022-10-15,Nott'm Forest,Wolves,0,football-data.co.uk,2022-10-16,away,,,,,,,,,10,2,,,,,,,,,,,,,,,,,,,,,,14.0,,,,,,,
2223_20221015_wolves_nottm_forest,2223,2022-10-15,Wolves,Nott'm Forest,1,football-data.co.uk,2022-10-16,home,,,,,,,,,9,2,,,,,,,,,,,,,,,,,,,,,,13.0,,,,,,,
2223_20221016_aston_villa_chelsea,2223,2022-10-16,Chelsea,Aston Villa,0,football-data.co.uk,2022-10-17,away,,,,,,,,,8,4,,,,,,,,,,,,,,,,,,,,,,16.0,,,,,,,
2223_20221016_aston_villa_chelsea,2223,2022-10-16,Aston Villa,Chelsea,1,football-data.co.uk,2022-10-17,home,,,,,,,,,18,7,,,,,,,,,,,,,,,,,,,,,,32.0,,,,,,,
2223_20221016_leeds_arsenal,2223,2022-10-16,Arsenal,Leeds,0,football-data.co.uk,2022-10-17,away,,,,,,,,,9,4,,,,,,,,,,,,,,,,,,,,,,17.0,,,,,,,
2223_20221016_leeds_arsenal,2223,2022-10-16,Leeds,Arsenal,1,football-data.co.uk,2022-10-17,home,,,,,,,,,16,4,,,,,,,,,,,,,,,,,,,,,,24.0,,,,,,,
2223_20221016_liverpool_man_city,2223,2022-10-16,Man City,Liverpool,0,football-data.co.uk,2022-10-17,away,,,,,,,,,16,6,,,,,,,,,,,,,,,,,,,,,,28.0,,,,,,,
2223_20221016_liverpool_man_city,2223,2022-10-16,Liverpool,Man City,1,football-data.co.uk,2022-10-17,home,,,,,,,,,13,2,,,,,,,,,,,,,,,,,,,,,,17.0,,,,,,,
2223_20221016_man_united_newcastle,2223,2022-10-16,Newcastle,Man United,0,football-data.co.uk,2022-10-17,away,,,,,,,,,9,2,,,,,,,,,,,,,,,,,,,,,,13.0,,,,,,,
2223_20221016_man_united_newcastle,2223,2022-10-16,Man United,Newcastle,1,football-data.co.uk,2022-10-17,home,,,,,,,,,15,2,,,,,,,,,,,,,,,,,,,,,,19.0,,,,,,,
2223_20221016_southampton_west_ham,2223,2022-10-16,West Ham,Southampton,0,football-data.co.uk,2022-10-17,away,,,,,,,,,25,4,,,,,,,,,,,,,,,,,,,,,,33.0,,,,,,,
2223_20221016_southampton_west_ham,2223,2022-10-16,Southampton,West Ham,1,football-data.co.uk,2022-10-17,home,,,,,,,,,10,8,,,,,,,,,,,,,,,,,,,,,,26.0,,,,,,,
2223_20221018_brighton_nottm_forest,2223,2022-10-18,Nott'm Forest,Brighton,0,football-data.co.uk,2022-10-19,away,,,,,,,,,3,0,,,,,,,,,,,,,,,,,,,,,,3.0,,,,,,,
2223_20221018_brighton_nottm_forest,2223,2022-10-18,Brighton,Nott'm Forest,1,football-data.co.uk,2022-10-19,home,,,,,,,,,19,7,,,,,,,,,,,,,,,,,,,,,,33.0,,,,,,,
2223_20221018_crystal_palace_wolves,2223,2022-10-18,Wolves,Crystal Palace,0,football-data.co.uk,2022-10-19,away,,,,,,,,,10,4,,,,,,,,,,,,,,,,,,,,,,18.0,,,,,,,
2223_20221018_crystal_palace_wolves,2223,2022-10-18,Crystal Palace,Wolves,1,football-data.co.uk,2022-10-19,home,,,,,,,,,14,4,,,,,,,,,,,,,,,,,,,,,,22.0,,,,,,,
2223_20221019_bournemouth_southampton,2223,2022-10-19,Southampton,Bournemouth,0,football-data.co.uk,2022-10-20,away,,,,,,,,,9,3,,,,,,,,,,,,,,,,,,,,,,15.0,,,,,,,
2223_20221019_bournemouth_southampton,2223,2022-10-19,Bournemouth,Southampton,1,football-data.co.uk,2022-10-20,home,,,,,,,,,15,3,,,,,,,,,,,,,,,,,,,,,,21.0,,,,,,,
2223_20221019_brentford_chelsea,2223,2022-10-19,Chelsea,Brentford,0,football-data.co.uk,2022-10-20,away,,,,,,,,,14,5,,,,,,,,,,,,,,,,,,,,,,24.0,,,,,,,
2223_20221019_brentford_chelsea,2223,2022-10-19,Brentford,Chelsea,1,football-data.co.uk,2022-10-20,home,,,,,,,,,8,5,,,,,,,,,,,,,,,,,,,,,,18.0,,,,,,,
2223_20221019_liverpool_west_ham,2223,2022-10-19,West Ham,Liverpool,0,football-data.co.uk,2022-10-20,away,,,,,,,,,8,3,,,,,,,,,,,,,,,,,,,,,,14.0,,,,,,,
2223_20221019_liverpool_west_ham,2223,2022-10-19,Liverpool,West Ham,1,football-data.co.uk,2022-10-20,home,,,,,,,,,22,7,,,,,,,,,,,,,,,,,,,,,,36.0,,,,,,,
2223_20221019_man_united_tottenham,2223,2022-10-19,Tottenham,Man United,0,football-data.co.uk,2022-10-20,away,,,,,,,,,9,2,,,,,,,,,,,,,,,,,,,,,,13.0,,,,,,,
2223_20221019_man_united_tottenham,2223,2022-10-19,Man United,Tottenham,1,football-data.co.uk,2022-10-20,home,,,,,,,,,28,10,,,,,,,,,,,,,,,,,,,,,,48.0,,,,,,,
2223_20221019_newcastle_everton,2223,2022-10-19,Everton,Newcastle,0,football-data.co.uk,2022-10-20,away,,,,,,,,,1,0,,,,,,,,,,,,,,,,,,,,,,1.0,,,,,,,
2223_20221019_newcastle_everton,2223,2022-10-19,Newcastle,Everton,1,football-data.co.uk,2022-10-20,home,,,,,,,,,16,4,,,,,,,,,,,,,,,,,,,,,,24.0,,,,,,,
2223_20221020_fulham_aston_villa,2223,2022-10-20,Aston Villa,Fulham,0,football-data.co.uk,2022-10-21,away,,,,,,,,,12,6,,,,,,,,,,,,,,,,,,,,,,24.0,,,,,,,
2223_20221020_fulham_aston_villa,2223,2022-10-20,Fulham,Aston Villa,1,football-data.co.uk,2022-10-21,home,,,,,,,,,18,8,,,,,,,,,,,,,,,,,,,,,,34.0,,,,,,,
2223_20221020_leicester_leeds,2223,2022-10-20,Leeds,Leicester,0,football-data.co.uk,2022-10-21,away,,,,,,,,,14,2,,,,,,,,,,,,,,,,,,,,,,18.0,,,,,,,
2223_20221020_leicester_leeds,2223,2022-10-20,Leicester,Leeds,1,football-data.co.uk,2022-10-21,home,,,,,,,,,5,1,,,,,,,,,,,,,,,,,,,,,,7.0,,,,,,,
2223_20221022_chelsea_man_united,2223,2022-10-22,Man United,Chelsea,0,football-data.co.uk,2022-10-23,away,,,,,,,,,13,6,,,,,,,,,,,,,,,,,,,,,,25.0,,,,,,,
2223_20221022_chelsea_man_united,2223,2022-10-22,Chelsea,Man United,1,football-data.co.uk,2022-10-23,home,,,,,,,,,6,2,,,,,,,,,,,,,,,,,,,,,,10.0,,,,,,,
2223_20221022_everton_crystal_palace,2223,2022-10-22,Crystal Palace,Everton,0,football-data.co.uk,2022-10-23,away,,,,,,,,,9,2,,,,,,,,,,,,,,,,,,,,,,13.0,,,,,,,
2223_20221022_everton_crystal_palace,2223,2022-10-22,Everton,Crystal Palace,1,football-data.co.uk,2022-10-23,home,,,,,,,,,9,6,,,,,,,,,,,,,,,,,,,,,,21.0,,,,,,,
2223_20221022_man_city_brighton,2223,2022-10-22,Brighton,Man City,0,football-data.co.uk,2022-10-23,away,,,,,,,,,8,2,,,,,,,,,,,,,,,,,,,,,,12.0,,,,,,,
2223_20221022_man_city_brighton,2223,2022-10-22,Man City,Brighton,1,football-data.co.uk,2022-10-23,home,,,,,,,,,10,4,,,,,,,,,,,,,,,,,,,,,,18.0,,,,,,,
2223_20221022_nottm_forest_liverpool,2223,2022-10-22,Liverpool,Nott'm Forest,0,football-data.co.uk,2022-10-23,away,,,,,,,,,15,7,,,,,,,,,,,,,,,,,,,,,,29.0,,,,,,,
2223_20221022_nottm_forest_liverpool,2223,2022-10-22,Nott'm Forest,Liverpool,1,football-data.co.uk,2022-10-23,home,,,,,,,,,10,7,,,,,,,,,,,,,,,,,,,,,,24.0,,,,,,,
2223_20221023_aston_villa_brentford,2223,2022-10-23,Brentford,Aston Villa,0,football-data.co.uk,2022-10-24,away,,,,,,,,,12,3,,,,,,,,,,,,,,,,,,,,,,18.0,,,,,,,
2223_20221023_aston_villa_brentford,2223,2022-10-23,Aston Villa,Brentford,1,football-data.co.uk,2022-10-24,home,,,,,,,,,19,11,,,,,,,,,,,,,,,,,,,,,,41.0,,,,,,,
2223_20221023_leeds_fulham,2223,2022-10-23,Fulham,Leeds,0,football-data.co.uk,2022-10-24,away,,,,,,,,,11,5,,,,,,,,,,,,,,,,,,,,,,21.0,,,,,,,
2223_20221023_leeds_fulham,2223,2022-10-23,Leeds,Fulham,1,football-data.co.uk,2022-10-24,home,,,,,,,,,14,5,,,,,,,,,,,,,,,,,,,,,,24.0,,,,,,,
2223_20221023_southampton_arsenal,2223,2022-10-23,Arsenal,Southampton,0,football-data.co.uk,2022-10-24,away,,,,,,,,,12,3,,,,,,,,,,,,,,,,,,,,,,18.0,,,,,,,
2223_20221023_southampton_arsenal,2223,2022-10-23,Southampton,Arsenal,1,football-data.co.uk,2022-10-24,home,,,,,,,,,10,3,,,,,,,,,,,,,,,,,,,,,,16.0,,,,,,,
2223_20221023_tottenham_newcastle,2223,2022-10-23,Newcastle,Tottenham,0,football-data.co.uk,2022-10-24,away,,,,,,,,,13,5,,,,,,,,,,,,,,,,,,,,,,23.0,,,,,,,
2223_20221023_tottenham_newcastle,2223,2022-10-23,Tottenham,Newcastle,1,football-data.co.uk,2022-10-24,home,,,,,,,,,17,5,,,,,,,,,,,,,,,,,,,,,,27.0,,,,,,,
2223_20221023_wolves_leicester,2223,2022-10-23,Leicester,Wolves,0,football-data.co.uk,2022-10-24,away,,,,,,,,,5,4,,,,,,,,,,,,,,,,,,,,,,13.0,,,,,,,
2223_20221023_wolves_leicester,2223,2022-10-23,Wolves,Leicester,1,football-data.co.uk,2022-10-24,home,,,,,,,,,21,5,,,,,,,,,,,,,,,,,,,,,,31.0,,,,,,,
2223_20221024_west_ham_bournemouth,2223,2022-10-24,Bournemouth,West Ham,0,football-data.co.uk,2022-10-25,away,,,,,,,,,5,3,,,,,,,,,,,,,,,,,,,,,,11.0,,,,,,,
2223_20221024_west_ham_bournemouth,2223,2022-10-24,West Ham,Bournemouth,1,football-data.co.uk,2022-10-25,home,,,,,,,,,20,4,,,,,,,,,,,,,,,,,,,,,,28.0,,,,,,,
2223_20221029_bournemouth_tottenham,2223,2022-10-29,Tottenham,Bournemouth,0,football-data.co.uk,2022-10-30,away,,,,,,,,,23,7,,,,,,,,,,,,,,,,,,,,,,37.0,,,,,,,
2223_20221029_bournemouth_tottenham,2223,2022-10-29,Bournemouth,Tottenham,1,football-data.co.uk,2022-10-30,home,,,,,,,,,6,4,,,,,,,,,,,,,,,,,,,,,,14.0,,,,,,,
2223_20221029_brentford_wolves,2223,2022-10-29,Wolves,Brentford,0,football-data.co.uk,2022-10-30,away,,,,,,,,,14,4,,,,,,,,,,,,,,,,,,,,,,22.0,,,,,,,
2223_20221029_brentford_wolves,2223,2022-10-29,Brentford,Wolves,1,football-data.co.uk,2022-10-30,home,,,,,,,,,12,3,,,,,,,,,,,,,,,,,,,,,,18.0,,,,,,,
2223_20221029_brighton_chelsea,2223,2022-10-29,Chelsea,Brighton,0,football-data.co.uk,2022-10-30,away,,,,,,,,,15,7,,,,,,,,,,,,,,,,,,,,,,29.0,,,,,,,
2223_20221029_brighton_chelsea,2223,2022-10-29,Brighton,Chelsea,1,football-data.co.uk,2022-10-30,home,,,,,,,,,19,9,,,,,,,,,,,,,,,,,,,,,,37.0,,,,,,,
2223_20221029_crystal_palace_southampton,2223,2022-10-29,Southampton,Crystal Palace,0,football-data.co.uk,2022-10-30,away,,,,,,,,,14,4,,,,,,,,,,,,,,,,,,,,,,22.0,,,,,,,
2223_20221029_crystal_palace_southampton,2223,2022-10-29,Crystal Palace,Southampton,1,football-data.co.uk,2022-10-30,home,,,,,,,,,12,3,,,,,,,,,,,,,,,,,,,,,,18.0,,,,,,,
2223_20221029_fulham_everton,2223,2022-10-29,Everton,Fulham,0,football-data.co.uk,2022-10-30,away,,,,,,,,,9,4,,,,,,,,,,,,,,,,,,,,,,17.0,,,,,,,
2223_20221029_fulham_everton,2223,2022-10-29,Fulham,Everton,1,football-data.co.uk,2022-10-30,home,,,,,,,,,24,6,,,,,,,,,,,,,,,,,,,,,,36.0,,,,,,,
2223_20221029_leicester_man_city,2223,2022-10-29,Man City,Leicester,0,football-data.co.uk,2022-10-30,away,,,,,,,,,15,5,,,,,,,,,,,,,,,,,,,,,,25.0,,,,,,,
2223_20221029_leicester_man_city,2223,2022-10-29,Leicester,Man City,1,football-data.co.uk,2022-10-30,home,,,,,,,,,10,5,,,,,,,,,,,,,,,,,,,,,,20.0,,,,,,,
2223_20221029_liverpool_leeds,2223,2022-10-29,Leeds,Liverpool,0,football-data.co.uk,2022-10-30,away,,,,,,,,,14,6,,,,,,,,,,,,,,,,,,,,,,26.0,,,,,,,
2223_20221029_liverpool_leeds,2223,2022-10-29,Liverpool,Leeds,1,football-data.co.uk,2022-10-30,home,,,,,,,,,22,10,,,,,,,,,,,,,,,,,,,,,,42.0,,,,,,,
2223_20221029_newcastle_aston_villa,2223,2022-10-29,Aston Villa,Newcastle,0,football-data.co.uk,2022-10-30,away,,,,,,,,,3,0,,,,,,,,,,,,,,,,,,,,,,3.0,,,,,,,
2223_20221029_newcastle_aston_villa,2223,2022-10-29,Newcastle,Aston Villa,1,football-data.co.uk,2022-10-30,home,,,,,,,,,20,7,,,,,,,,,,,,,,,,,,,,,,34.0,,,,,,,
2223_20221030_arsenal_nottm_forest,2223,2022-10-30,Nott'm Forest,Arsenal,0,football-data.co.uk,2022-10-31,away,,,,,,,,,5,2,,,,,,,,,,,,,,,,,,,,,,9.0,,,,,,,
2223_20221030_arsenal_nottm_forest,2223,2022-10-30,Arsenal,Nott'm Forest,1,football-data.co.uk,2022-10-31,home,,,,,,,,,24,10,,,,,,,,,,,,,,,,,,,,,,44.0,,,,,,,
2223_20221030_man_united_west_ham,2223,2022-10-30,West Ham,Man United,0,football-data.co.uk,2022-10-31,away,,,,,,,,,13,5,,,,,,,,,,,,,,,,,,,,,,23.0,,,,,,,
2223_20221030_man_united_west_ham,2223,2022-10-30,Man United,West Ham,1,football-data.co.uk,2022-10-31,home,,,,,,,,,16,3,,,,,,,,,,,,,,,,,,,,,,22.0,,,,,,,
2223_20221105_everton_leicester,2223,2022-11-05,Leicester,Everton,0,football-data.co.uk,2022-11-06,away,,,,,,,,,22,8,,,,,,,,,,,,,,,,,,,,,,38.0,,,,,,,
2223_20221105_everton_leicester,2223,2022-11-05,Everton,Leicester,1,football-data.co.uk,2022-11-06,home,,,,,,,,,12,2,,,,,,,,,,,,,,,,,,,,,,16.0,,,,,,,
2223_20221105_leeds_bournemouth,2223,2022-11-05,Bournemouth,Leeds,0,football-data.co.uk,2022-11-06,away,,,,,,,,,9,6,,,,,,,,,,,,,,,,,,,,,,21.0,,,,,,,
2223_20221105_leeds_bournemouth,2223,2022-11-05,Leeds,Bournemouth,1,football-data.co.uk,2022-11-06,home,,,,,,,,,18,4,,,,,,,,,,,,,,,,,,,,,,26.0,,,,,,,
2223_20221105_man_city_fulham,2223,2022-11-05,Fulham,Man City,0,football-data.co.uk,2022-11-06,away,,,,,,,,,4,2,,,,,,,,,,,,,,,,,,,,,,8.0,,,,,,,
2223_20221105_man_city_fulham,2223,2022-11-05,Man City,Fulham,1,football-data.co.uk,2022-11-06,home,,,,,,,,,16,5,,,,,,,,,,,,,,,,,,,,,,26.0,,,,,,,
2223_20221105_nottm_forest_brentford,2223,2022-11-05,Brentford,Nott'm Forest,0,football-data.co.uk,2022-11-06,away,,,,,,,,,6,2,,,,,,,,,,,,,,,,,,,,,,10.0,,,,,,,
2223_20221105_nottm_forest_brentford,2223,2022-11-05,Nott'm Forest,Brentford,1,football-data.co.uk,2022-11-06,home,,,,,,,,,15,7,,,,,,,,,,,,,,,,,,,,,,29.0,,,,,,,
2223_20221105_wolves_brighton,2223,2022-11-05,Brighton,Wolves,0,football-data.co.uk,2022-11-06,away,,,,,,,,,19,8,,,,,,,,,,,,,,,,,,,,,,35.0,,,,,,,
2223_20221105_wolves_brighton,2223,2022-11-05,Wolves,Brighton,1,football-data.co.uk,2022-11-06,home,,,,,,,,,8,5,,,,,,,,,,,,,,,,,,,,,,18.0,,,,,,,
2223_20221106_aston_villa_man_united,2223,2022-11-06,Man United,Aston Villa,0,football-data.co.uk,2022-11-07,away,,,,,,,,,8,3,,,,,,,,,,,,,,,,,,,,,,14.0,,,,,,,
2223_20221106_aston_villa_man_united,2223,2022-11-06,Aston Villa,Man United,1,football-data.co.uk,2022-11-07,home,,,,,,,,,6,4,,,,,,,,,,,,,,,,,,,,,,14.0,,,,,,,
2223_20221106_chelsea_arsenal,2223,2022-11-06,Arsenal,Chelsea,0,football-data.co.uk,2022-11-07,away,,,,,,,,,14,2,,,,,,,,,,,,,,,,,,,,,,18.0,,,,,,,
2223_20221106_chelsea_arsenal,2223,2022-11-06,Chelsea,Arsenal,1,football-data.co.uk,2022-11-07,home,,,,,,,,,5,1,,,,,,,,,,,,,,,,,,,,,,7.0,,,,,,,
2223_20221106_southampton_newcastle,2223,2022-11-06,Newcastle,Southampton,0,football-data.co.uk,2022-11-07,away,,,,,,,,,7,4,,,,,,,,,,,,,,,,,,,,,,15.0,,,,,,,
2223_20221106_southampton_newcastle,2223,2022-11-06,Southampton,Newcastle,1,football-data.co.uk,2022-11-07,home,,,,,,,,,16,5,,,,,,,,,,,,,,,,,,,,,,26.0,,,,,,,
2223_20221106_tottenham_liverpool,2223,2022-11-06,Liverpool,Tottenham,0,football-data.co.uk,2022-11-07,away,,,,,,,,,13,6,,,,,,,,,,,,,,,,,,,,,,25.0,,,,,,,
2223_20221106_tottenham_liverpool,2223,2022-11-06,Tottenham,Liverpool,1,football-data.co.uk,2022-11-07,home,,,,,,,,,14,5,,,,,,,,,,,,,,,,,,,,,,24.0,,,,,,,
2223_20221106_west_ham_crystal_palace,2223,2022-11-06,Crystal Palace,West Ham,0,football-data.co.uk,2022-11-07,away,,,,,,,,,15,6,,,,,,,,,,,,,,,,,,,,,,27.0,,,,,,,
2223_20221106_west_ham_crystal_palace,2223,2022-11-06,West Ham,Crystal Palace,1,football-data.co.uk,2022-11-07,home,,,,,,,,,5,2,,,,,,,,,,,,,,,,,,,,,,9.0,,,,,,,
2223_20221112_bournemouth_everton,2223,2022-11-12,Everton,Bournemouth,0,football-data.co.uk,2022-11-13,away,,,,,,,,,15,3,,,,,,,,,,,,,,,,,,,,,,21.0,,,,,,,
2223_20221112_bournemouth_everton,2223,2022-11-12,Bournemouth,Everton,1,football-data.co.uk,2022-11-13,home,,,,,,,,,16,9,,,,,,,,,,,,,,,,,,,,,,34.0,,,,,,,
2223_20221112_liverpool_southampton,2223,2022-11-12,Southampton,Liverpool,0,football-data.co.uk,2022-11-13,away,,,,,,,,,9,5,,,,,,,,,,,,,,,,,,,,,,19.0,,,,,,,
2223_20221112_liverpool_southampton,2223,2022-11-12,Liverpool,Southampton,1,football-data.co.uk,2022-11-13,home,,,,,,,,,15,7,,,,,,,,,,,,,,,,,,,,,,29.0,,,,,,,
2223_20221112_man_city_brentford,2223,2022-11-12,Brentford,Man City,0,football-data.co.uk,2022-11-13,away,,,,,,,,,10,8,,,,,,,,,,,,,,,,,,,,,,26.0,,,,,,,
2223_20221112_man_city_brentford,2223,2022-11-12,Man City,Brentford,1,football-data.co.uk,2022-11-13,home,,,,,,,,,29,6,,,,,,,,,,,,,,,,,,,,,,41.0,,,,,,,
2223_20221112_newcastle_chelsea,2223,2022-11-12,Chelsea,Newcastle,0,football-data.co.uk,2022-11-13,away,,,,,,,,,5,2,,,,,,,,,,,,,,,,,,,,,,9.0,,,,,,,
2223_20221112_newcastle_chelsea,2223,2022-11-12,Newcastle,Chelsea,1,football-data.co.uk,2022-11-13,home,,,,,,,,,10,3,,,,,,,,,,,,,,,,,,,,,,16.0,,,,,,,
2223_20221112_nottm_forest_crystal_palace,2223,2022-11-12,Crystal Palace,Nott'm Forest,0,football-data.co.uk,2022-11-13,away,,,,,,,,,8,0,,,,,,,,,,,,,,,,,,,,,,8.0,,,,,,,
2223_20221112_nottm_forest_crystal_palace,2223,2022-11-12,Nott'm Forest,Crystal Palace,1,football-data.co.uk,2022-11-13,home,,,,,,,,,9,2,,,,,,,,,,,,,,,,,,,,,,13.0,,,,,,,
2223_20221112_tottenham_leeds,2223,2022-11-12,Leeds,Tottenham,0,football-data.co.uk,2022-11-13,away,,,,,,,,,12,5,,,,,,,,,,,,,,,,,,,,,,22.0,,,,,,,
2223_20221112_tottenham_leeds,2223,2022-11-12,Tottenham,Leeds,1,football-data.co.uk,2022-11-13,home,,,,,,,,,14,8,,,,,,,,,,,,,,,,,,,,,,30.0,,,,,,,
2223_20221112_west_ham_leicester,2223,2022-11-12,Leicester,West Ham,0,football-data.co.uk,2022-11-13,away,,,,,,,,,9,6,,,,,,,,,,,,,,,,,,,,,,21.0,,,,,,,
2223_20221112_west_ham_leicester,2223,2022-11-12,West Ham,Leicester,1,football-data.co.uk,2022-11-13,home,,,,,,,,,18,6,,,,,,,,,,,,,,,,,,,,,,30.0,,,,,,,
2223_20221112_wolves_arsenal,2223,2022-11-12,Arsenal,Wolves,0,football-data.co.uk,2022-11-13,away,,,,,,,,,14,4,,,,,,,,,,,,,,,,,,,,,,22.0,,,,,,,
2223_20221112_wolves_arsenal,2223,2022-11-12,Wolves,Arsenal,1,football-data.co.uk,2022-11-13,home,,,,,,,,,11,2,,,,,,,,,,,,,,,,,,,,,,15.0,,,,,,,
2223_20221113_brighton_aston_villa,2223,2022-11-13,Aston Villa,Brighton,0,football-data.co.uk,2022-11-14,away,,,,,,,,,8,2,,,,,,,,,,,,,,,,,,,,,,12.0,,,,,,,
2223_20221113_brighton_aston_villa,2223,2022-11-13,Brighton,Aston Villa,1,football-data.co.uk,2022-11-14,home,,,,,,,,,7,2,,,,,,,,,,,,,,,,,,,,,,11.0,,,,,,,
2223_20221113_fulham_man_united,2223,2022-11-13,Man United,Fulham,0,football-data.co.uk,2022-11-14,away,,,,,,,,,14,9,,,,,,,,,,,,,,,,,,,,,,32.0,,,,,,,
2223_20221113_fulham_man_united,2223,2022-11-13,Fulham,Man United,1,football-data.co.uk,2022-11-14,home,,,,,,,,,14,7,,,,,,,,,,,,,,,,,,,,,,28.0,,,,,,,
2223_20221226_arsenal_west_ham,2223,2022-12-26,West Ham,Arsenal,0,football-data.co.uk,2022-12-27,away,,,,,,,,,8,4,,,,,,,,,,,,,,,,,,,,,,16.0,,,,,,,
2223_20221226_arsenal_west_ham,2223,2022-12-26,Arsenal,West Ham,1,football-data.co.uk,2022-12-27,home,,,,,,,,,16,5,,,,,,,,,,,,,,,,,,,,,,26.0,,,,,,,
2223_20221226_aston_villa_liverpool,2223,2022-12-26,Liverpool,Aston Villa,0,football-data.co.uk,2022-12-27,away,,,,,,,,,16,9,,,,,,,,,,,,,,,,,,,,,,34.0,,,,,,,
2223_20221226_aston_villa_liverpool,2223,2022-12-26,Aston Villa,Liverpool,1,football-data.co.uk,2022-12-27,home,,,,,,,,,12,6,,,,,,,,,,,,,,,,,,,,,,24.0,,,,,,,
2223_20221226_brentford_tottenham,2223,2022-12-26,Tottenham,Brentford,0,football-data.co.uk,2022-12-27,away,,,,,,,,,16,8,,,,,,,,,,,,,,,,,,,,,,32.0,,,,,,,
2223_20221226_brentford_tottenham,2223,2022-12-26,Brentford,Tottenham,1,football-data.co.uk,2022-12-27,home,,,,,,,,,9,5,,,,,,,,,,,,,,,,,,,,,,19.0,,,,,,,
2223_20221226_crystal_palace_fulham,2223,2022-12-26,Fulham,Crystal Palace,0,football-data.co.uk,2022-12-27,away,,,,,,,,,23,11,,,,,,,,,,,,,,,,,,,,,,45.0,,,,,,,
2223_20221226_crystal_palace_fulham,2223,2022-12-26,Crystal Palace,Fulham,1,football-data.co.uk,2022-12-27,home,,,,,,,,,4,0,,,,,,,,,,,,,,,,,,,,,,4.0,,,,,,,
2223_20221226_everton_wolves,2223,2022-12-26,Wolves,Everton,0,football-data.co.uk,2022-12-27,away,,,,,,,,,7,4,,,,,,,,,,,,,,,,,,,,,,15.0,,,,,,,
2223_20221226_everton_wolves,2223,2022-12-26,Everton,Wolves,1,football-data.co.uk,2022-12-27,home,,,,,,,,,12,6,,,,,,,,,,,,,,,,,,,,,,24.0,,,,,,,
2223_20221226_leicester_newcastle,2223,2022-12-26,Newcastle,Leicester,0,football-data.co.uk,2022-12-27,away,,,,,,,,,12,5,,,,,,,,,,,,,,,,,,,,,,22.0,,,,,,,
2223_20221226_leicester_newcastle,2223,2022-12-26,Leicester,Newcastle,1,football-data.co.uk,2022-12-27,home,,,,,,,,,8,2,,,,,,,,,,,,,,,,,,,,,,12.0,,,,,,,
2223_20221226_southampton_brighton,2223,2022-12-26,Brighton,Southampton,0,football-data.co.uk,2022-12-27,away,,,,,,,,,7,4,,,,,,,,,,,,,,,,,,,,,,15.0,,,,,,,
2223_20221226_southampton_brighton,2223,2022-12-26,Southampton,Brighton,1,football-data.co.uk,2022-12-27,home,,,,,,,,,14,4,,,,,,,,,,,,,,,,,,,,,,22.0,,,,,,,
2223_20221227_chelsea_bournemouth,2223,2022-12-27,Bournemouth,Chelsea,0,football-data.co.uk,2022-12-28,away,,,,,,,,,9,4,,,,,,,,,,,,,,,,,,,,,,17.0,,,,,,,
2223_20221227_chelsea_bournemouth,2223,2022-12-27,Chelsea,Bournemouth,1,football-data.co.uk,2022-12-28,home,,,,,,,,,15,5,,,,,,,,,,,,,,,,,,,,,,25.0,,,,,,,
2223_20221227_man_united_nottm_forest,2223,2022-12-27,Nott'm Forest,Man United,0,football-data.co.uk,2022-12-28,away,,,,,,,,,8,3,,,,,,,,,,,,,,,,,,,,,,14.0,,,,,,,
2223_20221227_man_united_nottm_forest,2223,2022-12-27,Man United,Nott'm Forest,1,football-data.co.uk,2022-12-28,home,,,,,,,,,17,8,,,,,,,,,,,,,,,,,,,,,,33.0,,,,,,,
2223_20221228_leeds_man_city,2223,2022-12-28,Man City,Leeds,0,football-data.co.uk,2022-12-29,away,,,,,,,,,26,9,,,,,,,,,,,,,,,,,,,,,,44.0,,,,,,,
2223_20221228_leeds_man_city,2223,2022-12-28,Leeds,Man City,1,football-data.co.uk,2022-12-29,home,,,,,,,,,9,1,,,,,,,,,,,,,,,,,,,,,,11.0,,,,,,,
2223_20221230_liverpool_leicester,2223,2022-12-30,Leicester,Liverpool,0,football-data.co.uk,2022-12-31,away,,,,,,,,,7,2,,,,,,,,,,,,,,,,,,,,,,11.0,,,,,,,
2223_20221230_liverpool_leicester,2223,2022-12-30,Liverpool,Leicester,1,football-data.co.uk,2022-12-31,home,,,,,,,,,21,5,,,,,,,,,,,,,,,,,,,,,,31.0,,,,,,,
2223_20221230_west_ham_brentford,2223,2022-12-30,Brentford,West Ham,0,football-data.co.uk,2022-12-31,away,,,,,,,,,9,6,,,,,,,,,,,,,,,,,,,,,,21.0,,,,,,,
2223_20221230_west_ham_brentford,2223,2022-12-30,West Ham,Brentford,1,football-data.co.uk,2022-12-31,home,,,,,,,,,20,5,,,,,,,,,,,,,,,,,,,,,,30.0,,,,,,,
2223_20221231_bournemouth_crystal_palace,2223,2022-12-31,Crystal Palace,Bournemouth,0,football-data.co.uk,2023-01-01,away,,,,,,,,,15,6,,,,,,,,,,,,,,,,,,,,,,27.0,,,,,,,
2223_20221231_bournemouth_crystal_palace,2223,2022-12-31,Bournemouth,Crystal Palace,1,football-data.co.uk,2023-01-01,home,,,,,,,,,6,2,,,,,,,,,,,,,,,,,,,,,,10.0,,,,,,,
2223_20221231_brighton_arsenal,2223,2022-12-31,Arsenal,Brighton,0,football-data.co.uk,2023-01-01,away,,,,,,,,,14,7,,,,,,,,,,,,,,,,,,,,,,28.0,,,,,,,
2223_20221231_brighton_arsenal,2223,2022-12-31,Brighton,Arsenal,1,football-data.co.uk,2023-01-01,home,,,,,,,,,9,5,,,,,,,,,,,,,,,,,,,,,,19.0,,,,,,,
2223_20221231_fulham_southampton,2223,2022-12-31,Southampton,Fulham,0,football-data.co.uk,2023-01-01,away,,,,,,,,,9,3,,,,,,,,,,,,,,,,,,,,,,15.0,,,,,,,
2223_20221231_fulham_southampton,2223,2022-12-31,Fulham,Southampton,1,football-data.co.uk,2023-01-01,home,,,,,,,,,8,2,,,,,,,,,,,,,,,,,,,,,,12.0,,,,,,,
2223_20221231_man_city_everton,2223,2022-12-31,Everton,Man City,0,football-data.co.uk,2023-01-01,away,,,,,,,,,2,1,,,,,,,,,,,,,,,,,,,,,,4.0,,,,,,,
2223_20221231_man_city_everton,2223,2022-12-31,Man City,Everton,1,football-data.co.uk,2023-01-01,home,,,,,,,,,16,3,,,,,,,,,,,,,,,,,,,,,,22.0,,,,,,,
2223_20221231_newcastle_leeds,2223,2022-12-31,Leeds,Newcastle,0,football-data.co.uk,2023-01-01,away,,,,,,,,,8,1,,,,,,,,,,,,,,,,,,,,,,10.0,,,,,,,
2223_20221231_newcastle_leeds,2223,2022-12-31,Newcastle,Leeds,1,football-data.co.uk,2023-01-01,home,,,,,,,,,16,5,,,,,,,,,,,,,,,,,,,,,,26.0,,,,,,,
2223_20221231_wolves_man_united,2223,2022-12-31,Man United,Wolves,0,football-data.co.uk,2023-01-01,away,,,,,,,,,16,6,,,,,,,,,,,,,,,,,,,,,,28.0,,,,,,,
2223_20221231_wolves_man_united,2223,2022-12-31,Wolves,Man United,1,football-data.co.uk,2023-01-01,home,,,,,,,,,10,3,,,,,,,,,,,,,,,,,,,,,,16.0,,,,,,,
2223_20230101_nottm_forest_chelsea,2223,2023-01-01,Chelsea,Nott'm Forest,0,football-data.co.uk,2023-01-02,away,,,,,,,,,7,2,,,,,,,,,,,,,,,,,,,,,,11.0,,,,,,,
2223_20230101_nottm_forest_chelsea,2223,2023-01-01,Nott'm Forest,Chelsea,1,football-data.co.uk,2023-01-02,home,,,,,,,,,12,5,,,,,,,,,,,,,,,,,,,,,,22.0,,,,,,,
2223_20230101_tottenham_aston_villa,2223,2023-01-01,Aston Villa,Tottenham,0,football-data.co.uk,2023-01-02,away,,,,,,,,,13,4,,,,,,,,,,,,,,,,,,,,,,21.0,,,,,,,
2223_20230101_tottenham_aston_villa,2223,2023-01-01,Tottenham,Aston Villa,1,football-data.co.uk,2023-01-02,home,,,,,,,,,6,2,,,,,,,,,,,,,,,,,,,,,,10.0,,,,,,,
2223_20230102_brentford_liverpool,2223,2023-01-02,Liverpool,Brentford,0,football-data.co.uk,2023-01-03,away,,,,,,,,,16,6,,,,,,,,,,,,,,,,,,,,,,28.0,,,,,,,
2223_20230102_brentford_liverpool,2223,2023-01-02,Brentford,Liverpool,1,football-data.co.uk,2023-01-03,home,,,,,,,,,10,7,,,,,,,,,,,,,,,,,,,,,,24.0,,,,,,,
2223_20230103_arsenal_newcastle,2223,2023-01-03,Newcastle,Arsenal,0,football-data.co.uk,2023-01-04,away,,,,,,,,,8,1,,,,,,,,,,,,,,,,,,,,,,10.0,,,,,,,
2223_20230103_arsenal_newcastle,2223,2023-01-03,Arsenal,Newcastle,1,football-data.co.uk,2023-01-04,home,,,,,,,,,17,4,,,,,,,,,,,,,,,,,,,,,,25.0,,,,,,,
2223_20230103_everton_brighton,2223,2023-01-03,Brighton,Everton,0,football-data.co.uk,2023-01-04,away,,,,,,,,,19,8,,,,,,,,,,,,,,,,,,,,,,35.0,,,,,,,
2223_20230103_everton_brighton,2223,2023-01-03,Everton,Brighton,1,football-data.co.uk,2023-01-04,home,,,,,,,,,10,4,,,,,,,,,,,,,,,,,,,,,,18.0,,,,,,,
2223_20230103_leicester_fulham,2223,2023-01-03,Fulham,Leicester,0,football-data.co.uk,2023-01-04,away,,,,,,,,,11,2,,,,,,,,,,,,,,,,,,,,,,15.0,,,,,,,
2223_20230103_leicester_fulham,2223,2023-01-03,Leicester,Fulham,1,football-data.co.uk,2023-01-04,home,,,,,,,,,15,6,,,,,,,,,,,,,,,,,,,,,,27.0,,,,,,,
2223_20230103_man_united_bournemouth,2223,2023-01-03,Bournemouth,Man United,0,football-data.co.uk,2023-01-04,away,,,,,,,,,7,4,,,,,,,,,,,,,,,,,,,,,,15.0,,,,,,,
2223_20230103_man_united_bournemouth,2223,2023-01-03,Man United,Bournemouth,1,football-data.co.uk,2023-01-04,home,,,,,,,,,18,6,,,,,,,,,,,,,,,,,,,,,,30.0,,,,,,,
2223_20230104_aston_villa_wolves,2223,2023-01-04,Wolves,Aston Villa,0,football-data.co.uk,2023-01-05,away,,,,,,,,,10,3,,,,,,,,,,,,,,,,,,,,,,16.0,,,,,,,
2223_20230104_aston_villa_wolves,2223,2023-01-04,Aston Villa,Wolves,1,football-data.co.uk,2023-01-05,home,,,,,,,,,13,4,,,,,,,,,,,,,,,,,,,,,,21.0,,,,,,,
2223_20230104_crystal_palace_tottenham,2223,2023-01-04,Tottenham,Crystal Palace,0,football-data.co.uk,2023-01-05,away,,,,,,,,,14,6,,,,,,,,,,,,,,,,,,,,,,26.0,,,,,,,
2223_20230104_crystal_palace_tottenham,2223,2023-01-04,Crystal Palace,Tottenham,1,football-data.co.uk,2023-01-05,home,,,,,,,,,19,4,,,,,,,,,,,,,,,,,,,,,,27.0,,,,,,,
2223_20230104_leeds_west_ham,2223,2023-01-04,West Ham,Leeds,0,football-data.co.uk,2023-01-05,away,,,,,,,,,15,2,,,,,,,,,,,,,,,,,,,,,,19.0,,,,,,,
2223_20230104_leeds_west_ham,2223,2023-01-04,Leeds,West Ham,1,football-data.co.uk,2023-01-05,home,,,,,,,,,14,6,,,,,,,,,,,,,,,,,,,,,,26.0,,,,,,,
2223_20230104_southampton_nottm_forest,2223,2023-01-04,Nott'm Forest,Southampton,0,football-data.co.uk,2023-01-05,away,,,,,,,,,11,1,,,,,,,,,,,,,,,,,,,,,,13.0,,,,,,,
2223_20230104_southampton_nottm_forest,2223,2023-01-04,Southampton,Nott'm Forest,1,football-data.co.uk,2023-01-05,home,,,,,,,,,8,0,,,,,,,,,,,,,,,,,,,,,,8.0,,,,,,,
2223_20230105_chelsea_man_city,2223,2023-01-05,Man City,Chelsea,0,football-data.co.uk,2023-01-06,away,,,,,,,,,12,3,,,,,,,,,,,,,,,,,,,,,,18.0,,,,,,,
2223_20230105_chelsea_man_city,2223,2023-01-05,Chelsea,Man City,1,football-data.co.uk,2023-01-06,home,,,,,,,,,8,2,,,,,,,,,,,,,,,,,,,,,,12.0,,,,,,,
2223_20230112_fulham_chelsea,2223,2023-01-12,Chelsea,Fulham,0,football-data.co.uk,2023-01-13,away,,,,,,,,,20,10,,,,,,,,,,,,,,,,,,,,,,40.0,,,,,,,
2223_20230112_fulham_chelsea,2223,2023-01-12,Fulham,Chelsea,1,football-data.co.uk,2023-01-13,home,,,,,,,,,8,3,,,,,,,,,,,,,,,,,,,,,,14.0,,,,,,,
2223_20230113_aston_villa_leeds,2223,2023-01-13,Leeds,Aston Villa,0,football-data.co.uk,2023-01-14,away,,,,,,,,,16,4,,,,,,,,,,,,,,,,,,,,,,24.0,,,,,,,
2223_20230113_aston_villa_leeds,2223,2023-01-13,Aston Villa,Leeds,1,football-data.co.uk,2023-01-14,home,,,,,,,,,11,5,,,,,,,,,,,,,,,,,,,,,,21.0,,,,,,,
2223_20230114_brentford_bournemouth,2223,2023-01-14,Bournemouth,Brentford,0,football-data.co.uk,2023-01-15,away,,,,,,,,,7,2,,,,,,,,,,,,,,,,,,,,,,11.0,,,,,,,
2223_20230114_brentford_bournemouth,2223,2023-01-14,Brentford,Bournemouth,1,football-data.co.uk,2023-01-15,home,,,,,,,,,12,4,,,,,,,,,,,,,,,,,,,,,,20.0,,,,,,,
2223_20230114_brighton_liverpool,2223,2023-01-14,Liverpool,Brighton,0,football-data.co.uk,2023-01-15,away,,,,,,,,,6,2,,,,,,,,,,,,,,,,,,,,,,10.0,,,,,,,
2223_20230114_brighton_liverpool,2223,2023-01-14,Brighton,Liverpool,1,football-data.co.uk,2023-01-15,home,,,,,,,,,16,9,,,,,,,,,,,,,,,,,,,,,,34.0,,,,,,,
2223_20230114_everton_southampton,2223,2023-01-14,Southampton,Everton,0,football-data.co.uk,2023-01-15,away,,,,,,,,,13,5,,,,,,,,,,,,,,,,,,,,,,23.0,,,,,,,
2223_20230114_everton_southampton,2223,2023-01-14,Everton,Southampton,1,football-data.co.uk,2023-01-15,home,,,,,,,,,12,4,,,,,,,,,,,,,,,,,,,,,,20.0,,,,,,,
2223_20230114_man_united_man_city,2223,2023-01-14,Man City,Man United,0,football-data.co.uk,2023-01-15,away,,,,,,,,,5,1,,,,,,,,,,,,,,,,,,,,,,7.0,,,,,,,
2223_20230114_man_united_man_city,2223,2023-01-14,Man United,Man City,1,football-data.co.uk,2023-01-15,home,,,,,,,,,8,4,,,,,,,,,,,,,,,,,,,,,,16.0,,,,,,,
2223_20230114_nottm_forest_leicester,2223,2023-01-14,Leicester,Nott'm Forest,0,football-data.co.uk,2023-01-15,away,,,,,,,,,6,1,,,,,,,,,,,,,,,,,,,,,,8.0,,,,,,,
2223_20230114_nottm_forest_leicester,2223,2023-01-14,Nott'm Forest,Leicester,1,football-data.co.uk,2023-01-15,home,,,,,,,,,15,5,,,,,,,,,,,,,,,,,,,,,,25.0,,,,,,,
2223_20230114_wolves_west_ham,2223,2023-01-14,West Ham,Wolves,0,football-data.co.uk,2023-01-15,away,,,,,,,,,16,4,,,,,,,,,,,,,,,,,,,,,,24.0,,,,,,,
2223_20230114_wolves_west_ham,2223,2023-01-14,Wolves,West Ham,1,football-data.co.uk,2023-01-15,home,,,,,,,,,17,4,,,,,,,,,,,,,,,,,,,,,,25.0,,,,,,,
2223_20230115_chelsea_crystal_palace,2223,2023-01-15,Crystal Palace,Chelsea,0,football-data.co.uk,2023-01-16,away,,,,,,,,,10,5,,,,,,,,,,,,,,,,,,,,,,20.0,,,,,,,
2223_20230115_chelsea_crystal_palace,2223,2023-01-15,Chelsea,Crystal Palace,1,football-data.co.uk,2023-01-16,home,,,,,,,,,15,5,,,,,,,,,,,,,,,,,,,,,,25.0,,,,,,,
2223_20230115_newcastle_fulham,2223,2023-01-15,Fulham,Newcastle,0,football-data.co.uk,2023-01-16,away,,,,,,,,,5,0,,,,,,,,,,,,,,,,,,,,,,5.0,,,,,,,
2223_20230115_newcastle_fulham,2223,2023-01-15,Newcastle,Fulham,1,football-data.co.uk,2023-01-16,home,,,,,,,,,20,5,,,,,,,,,,,,,,,,,,,,,,30.0,,,,,,,
2223_20230115_tottenham_arsenal,2223,2023-01-15,Arsenal,Tottenham,0,football-data.co.uk,2023-01-16,away,,,,,,,,,14,5,,,,,,,,,,,,,,,,,,,,,,24.0,,,,,,,
2223_20230115_tottenham_arsenal,2223,2023-01-15,Tottenham,Arsenal,1,football-data.co.uk,2023-01-16,home,,,,,,,,,17,7,,,,,,,,,,,,,,,,,,,,,,31.0,,,,,,,
2223_20230118_crystal_palace_man_united,2223,2023-01-18,Man United,Crystal Palace,0,football-data.co.uk,2023-01-19,away,,,,,,,,,15,4,,,,,,,,,,,,,,,,,,,,,,23.0,,,,,,,
2223_20230118_crystal_palace_man_united,2223,2023-01-18,Crystal Palace,Man United,1,football-data.co.uk,2023-01-19,home,,,,,,,,,10,5,,,,,,,,,,,,,,,,,,,,,,20.0,,,,,,,
2223_20230119_man_city_tottenham,2223,2023-01-19,Tottenham,Man City,0,football-data.co.uk,2023-01-20,away,,,,,,,,,9,3,,,,,,,,,,,,,,,,,,,,,,15.0,,,,,,,
2223_20230119_man_city_tottenham,2223,2023-01-19,Man City,Tottenham,1,football-data.co.uk,2023-01-20,home,,,,,,,,,16,6,,,,,,,,,,,,,,,,,,,,,,28.0,,,,,,,
2223_20230121_bournemouth_nottm_forest,2223,2023-01-21,Nott'm Forest,Bournemouth,0,football-data.co.uk,2023-01-22,away,,,,,,,,,20,5,,,,,,,,,,,,,,,,,,,,,,30.0,,,,,,,
2223_20230121_bournemouth_nottm_forest,2223,2023-01-21,Bournemouth,Nott'm Forest,1,football-data.co.uk,2023-01-22,home,,,,,,,,,16,4,,,,,,,,,,,,,,,,,,,,,,24.0,,,,,,,
2223_20230121_crystal_palace_newcastle,2223,2023-01-21,Newcastle,Crystal Palace,0,football-data.co.uk,2023-01-22,away,,,,,,,,,16,7,,,,,,,,,,,,,,,,,,,,,,30.0,,,,,,,
2223_20230121_crystal_palace_newcastle,2223,2023-01-21,Crystal Palace,Newcastle,1,football-data.co.uk,2023-01-22,home,,,,,,,,,6,1,,,,,,,,,,,,,,,,,,,,,,8.0,,,,,,,
2223_20230121_leicester_brighton,2223,2023-01-21,Brighton,Leicester,0,football-data.co.uk,2023-01-22,away,,,,,,,,,13,4,,,,,,,,,,,,,,,,,,,,,,21.0,,,,,,,
2223_20230121_leicester_brighton,2223,2023-01-21,Leicester,Brighton,1,football-data.co.uk,2023-01-22,home,,,,,,,,,9,2,,,,,,,,,,,,,,,,,,,,,,13.0,,,,,,,
2223_20230121_liverpool_chelsea,2223,2023-01-21,Chelsea,Liverpool,0,football-data.co.uk,2023-01-22,away,,,,,,,,,11,2,,,,,,,,,,,,,,,,,,,,,,15.0,,,,,,,
2223_20230121_liverpool_chelsea,2223,2023-01-21,Liverpool,Chelsea,1,football-data.co.uk,2023-01-22,home,,,,,,,,,15,3,,,,,,,,,,,,,,,,,,,,,,21.0,,,,,,,
2223_20230121_southampton_aston_villa,2223,2023-01-21,Aston Villa,Southampton,0,football-data.co.uk,2023-01-22,away,,,,,,,,,16,5,,,,,,,,,,,,,,,,,,,,,,26.0,,,,,,,
2223_20230121_southampton_aston_villa,2223,2023-01-21,Southampton,Aston Villa,1,football-data.co.uk,2023-01-22,home,,,,,,,,,8,5,,,,,,,,,,,,,,,,,,,,,,18.0,,,,,,,
2223_20230121_west_ham_everton,2223,2023-01-21,Everton,West Ham,0,football-data.co.uk,2023-01-22,away,,,,,,,,,5,2,,,,,,,,,,,,,,,,,,,,,,9.0,,,,,,,
2223_20230121_west_ham_everton,2223,2023-01-21,West Ham,Everton,1,football-data.co.uk,2023-01-22,home,,,,,,,,,11,4,,,,,,,,,,,,,,,,,,,,,,19.0,,,,,,,
2223_20230122_arsenal_man_united,2223,2023-01-22,Man United,Arsenal,0,football-data.co.uk,2023-01-23,away,,,,,,,,,6,4,,,,,,,,,,,,,,,,,,,,,,14.0,,,,,,,
2223_20230122_arsenal_man_united,2223,2023-01-22,Arsenal,Man United,1,football-data.co.uk,2023-01-23,home,,,,,,,,,25,5,,,,,,,,,,,,,,,,,,,,,,35.0,,,,,,,
2223_20230122_leeds_brentford,2223,2023-01-22,Brentford,Leeds,0,football-data.co.uk,2023-01-23,away,,,,,,,,,6,0,,,,,,,,,,,,,,,,,,,,,,6.0,,,,,,,
2223_20230122_leeds_brentford,2223,2023-01-22,Leeds,Brentford,1,football-data.co.uk,2023-01-23,home,,,,,,,,,9,5,,,,,,,,,,,,,,,,,,,,,,19.0,,,,,,,
2223_20230122_man_city_wolves,2223,2023-01-22,Wolves,Man City,0,football-data.co.uk,2023-01-23,away,,,,,,,,,10,1,,,,,,,,,,,,,,,,,,,,,,12.0,,,,,,,
2223_20230122_man_city_wolves,2223,2023-01-22,Man City,Wolves,1,football-data.co.uk,2023-01-23,home,,,,,,,,,13,7,,,,,,,,,,,,,,,,,,,,,,27.0,,,,,,,
2223_20230123_fulham_tottenham,2223,2023-01-23,Tottenham,Fulham,0,football-data.co.uk,2023-01-24,away,,,,,,,,,10,3,,,,,,,,,,,,,,,,,,,,,,16.0,,,,,,,
2223_20230123_fulham_tottenham,2223,2023-01-23,Fulham,Tottenham,1,football-data.co.uk,2023-01-24,home,,,,,,,,,10,5,,,,,,,,,,,,,,,,,,,,,,20.0,,,,,,,
2223_20230203_chelsea_fulham,2223,2023-02-03,Fulham,Chelsea,0,football-data.co.uk,2023-02-04,away,,,,,,,,,10,4,,,,,,,,,,,,,,,,,,,,,,18.0,,,,,,,
2223_20230203_chelsea_fulham,2223,2023-02-03,Chelsea,Fulham,1,football-data.co.uk,2023-02-04,home,,,,,,,,,12,3,,,,,,,,,,,,,,,,,,,,,,18.0,,,,,,,
2223_20230204_aston_villa_leicester,2223,2023-02-04,Leicester,Aston Villa,0,football-data.co.uk,2023-02-05,away,,,,,,,,,9,5,,,,,,,,,,,,,,,,,,,,,,19.0,,,,,,,
2223_20230204_aston_villa_leicester,2223,2023-02-04,Aston Villa,Leicester,1,football-data.co.uk,2023-02-05,home,,,,,,,,,19,4,,,,,,,,,,,,,,,,,,,,,,27.0,,,,,,,
2223_20230204_brentford_southampton,2223,2023-02-04,Southampton,Brentford,0,football-data.co.uk,2023-02-05,away,,,,,,,,,14,6,,,,,,,,,,,,,,,,,,,,,,26.0,,,,,,,
2223_20230204_brentford_southampton,2223,2023-02-04,Brentford,Southampton,1,football-data.co.uk,2023-02-05,home,,,,,,,,,14,4,,,,,,,,,,,,,,,,,,,,,,22.0,,,,,,,
2223_20230204_brighton_bournemouth,2223,2023-02-04,Bournemouth,Brighton,0,football-data.co.uk,2023-02-05,away,,,,,,,,,12,2,,,,,,,,,,,,,,,,,,,,,,16.0,,,,,,,
2223_20230204_brighton_bournemouth,2223,2023-02-04,Brighton,Bournemouth,1,football-data.co.uk,2023-02-05,home,,,,,,,,,20,6,,,,,,,,,,,,,,,,,,,,,,32.0,,,,,,,
2223_20230204_everton_arsenal,2223,2023-02-04,Arsenal,Everton,0,football-data.co.uk,2023-02-05,away,,,,,,,,,15,3,,,,,,,,,,,,,,,,,,,,,,21.0,,,,,,,
2223_20230204_everton_arsenal,2223,2023-02-04,Everton,Arsenal,1,football-data.co.uk,2023-02-05,home,,,,,,,,,12,4,,,,,,,,,,,,,,,,,,,,,,20.0,,,,,,,
2223_20230204_man_united_crystal_palace,2223,2023-02-04,Crystal Palace,Man United,0,football-data.co.uk,2023-02-05,away,,,,,,,,,10,3,,,,,,,,,,,,,,,,,,,,,,16.0,,,,,,,
2223_20230204_man_united_crystal_palace,2223,2023-02-04,Man United,Crystal Palace,1,football-data.co.uk,2023-02-05,home,,,,,,,,,14,5,,,,,,,,,,,,,,,,,,,,,,24.0,,,,,,,
2223_20230204_newcastle_west_ham,2223,2023-02-04,West Ham,Newcastle,0,football-data.co.uk,2023-02-05,away,,,,,,,,,10,1,,,,,,,,,,,,,,,,,,,,,,12.0,,,,,,,
2223_20230204_newcastle_west_ham,2223,2023-02-04,Newcastle,West Ham,1,football-data.co.uk,2023-02-05,home,,,,,,,,,8,2,,,,,,,,,,,,,,,,,,,,,,12.0,,,,,,,
2223_20230204_wolves_liverpool,2223,2023-02-04,Liverpool,Wolves,0,football-data.co.uk,2023-02-05,away,,,,,,,,,22,4,,,,,,,,,,,,,,,,,,,,,,30.0,,,,,,,
2223_20230204_wolves_liverpool,2223,2023-02-04,Wolves,Liverpool,1,football-data.co.uk,2023-02-05,home,,,,,,,,,12,6,,,,,,,,,,,,,,,,,,,,,,24.0,,,,,,,
2223_20230205_nottm_forest_leeds,2223,2023-02-05,Leeds,Nott'm Forest,0,football-data.co.uk,2023-02-06,away,,,,,,,,,10,4,,,,,,,,,,,,,,,,,,,,,,18.0,,,,,,,
2223_20230205_nottm_forest_leeds,2223,2023-02-05,Nott'm Forest,Leeds,1,football-data.co.uk,2023-02-06,home,,,,,,,,,6,2,,,,,,,,,,,,,,,,,,,,,,10.0,,,,,,,
2223_20230205_tottenham_man_city,2223,2023-02-05,Man City,Tottenham,0,football-data.co.uk,2023-02-06,away,,,,,,,,,15,5,,,,,,,,,,,,,,,,,,,,,,25.0,,,,,,,
2223_20230205_tottenham_man_city,2223,2023-02-05,Tottenham,Man City,1,football-data.co.uk,2023-02-06,home,,,,,,,,,12,3,,,,,,,,,,,,,,,,,,,,,,18.0,,,,,,,
2223_20230208_man_united_leeds,2223,2023-02-08,Leeds,Man United,0,football-data.co.uk,2023-02-09,away,,,,,,,,,8,2,,,,,,,,,,,,,,,,,,,,,,12.0,,,,,,,
2223_20230208_man_united_leeds,2223,2023-02-08,Man United,Leeds,1,football-data.co.uk,2023-02-09,home,,,,,,,,,24,7,,,,,,,,,,,,,,,,,,,,,,38.0,,,,,,,
2223_20230211_arsenal_brentford,2223,2023-02-11,Brentford,Arsenal,0,football-data.co.uk,2023-02-12,away,,,,,,,,,9,2,,,,,,,,,,,,,,,,,,,,,,13.0,,,,,,,
2223_20230211_arsenal_brentford,2223,2023-02-11,Arsenal,Brentford,1,football-data.co.uk,2023-02-12,home,,,,,,,,,23,7,,,,,,,,,,,,,,,,,,,,,,37.0,,,,,,,
2223_20230211_bournemouth_newcastle,2223,2023-02-11,Newcastle,Bournemouth,0,football-data.co.uk,2023-02-12,away,,,,,,,,,15,7,,,,,,,,,,,,,,,,,,,,,,29.0,,,,,,,
2223_20230211_bournemouth_newcastle,2223,2023-02-11,Bournemouth,Newcastle,1,football-data.co.uk,2023-02-12,home,,,,,,,,,11,5,,,,,,,,,,,,,,,,,,,,,,21.0,,,,,,,
2223_20230211_crystal_palace_brighton,2223,2023-02-11,Brighton,Crystal Palace,0,football-data.co.uk,2023-02-12,away,,,,,,,,,17,7,,,,,,,,,,,,,,,,,,,,,,31.0,,,,,,,
2223_20230211_crystal_palace_brighton,2223,2023-02-11,Crystal Palace,Brighton,1,football-data.co.uk,2023-02-12,home,,,,,,,,,6,1,,,,,,,,,,,,,,,,,,,,,,8.0,,,,,,,
2223_20230211_fulham_nottm_forest,2223,2023-02-11,Nott'm Forest,Fulham,0,football-data.co.uk,2023-02-12,away,,,,,,,,,10,1,,,,,,,,,,,,,,,,,,,,,,12.0,,,,,,,
2223_20230211_fulham_nottm_forest,2223,2023-02-11,Fulham,Nott'm Forest,1,football-data.co.uk,2023-02-12,home,,,,,,,,,16,3,,,,,,,,,,,,,,,,,,,,,,22.0,,,,,,,
2223_20230211_leicester_tottenham,2223,2023-02-11,Tottenham,Leicester,0,football-data.co.uk,2023-02-12,away,,,,,,,,,11,4,,,,,,,,,,,,,,,,,,,,,,19.0,,,,,,,
2223_20230211_leicester_tottenham,2223,2023-02-11,Leicester,Tottenham,1,football-data.co.uk,2023-02-12,home,,,,,,,,,15,7,,,,,,,,,,,,,,,,,,,,,,29.0,,,,,,,
2223_20230211_southampton_wolves,2223,2023-02-11,Wolves,Southampton,0,football-data.co.uk,2023-02-12,away,,,,,,,,,11,2,,,,,,,,,,,,,,,,,,,,,,15.0,,,,,,,
2223_20230211_southampton_wolves,2223,2023-02-11,Southampton,Wolves,1,football-data.co.uk,2023-02-12,home,,,,,,,,,17,2,,,,,,,,,,,,,,,,,,,,,,21.0,,,,,,,
2223_20230211_west_ham_chelsea,2223,2023-02-11,Chelsea,West Ham,0,football-data.co.uk,2023-02-12,away,,,,,,,,,12,4,,,,,,,,,,,,,,,,,,,,,,20.0,,,,,,,
2223_20230211_west_ham_chelsea,2223,2023-02-11,West Ham,Chelsea,1,football-data.co.uk,2023-02-12,home,,,,,,,,,10,2,,,,,,,,,,,,,,,,,,,,,,14.0,,,,,,,
2223_20230212_leeds_man_united,2223,2023-02-12,Man United,Leeds,0,football-data.co.uk,2023-02-13,away,,,,,,,,,11,5,,,,,,,,,,,,,,,,,,,,,,21.0,,,,,,,
2223_20230212_leeds_man_united,2223,2023-02-12,Leeds,Man United,1,football-data.co.uk,2023-02-13,home,,,,,,,,,16,6,,,,,,,,,,,,,,,,,,,,,,28.0,,,,,,,
2223_20230212_man_city_aston_villa,2223,2023-02-12,Aston Villa,Man City,0,football-data.co.uk,2023-02-13,away,,,,,,,,,6,2,,,,,,,,,,,,,,,,,,,,,,10.0,,,,,,,
2223_20230212_man_city_aston_villa,2223,2023-02-12,Man City,Aston Villa,1,football-data.co.uk,2023-02-13,home,,,,,,,,,17,9,,,,,,,,,,,,,,,,,,,,,,35.0,,,,,,,
2223_20230213_liverpool_everton,2223,2023-02-13,Everton,Liverpool,0,football-data.co.uk,2023-02-14,away,,,,,,,,,6,1,,,,,,,,,,,,,,,,,,,,,,8.0,,,,,,,
2223_20230213_liverpool_everton,2223,2023-02-13,Liverpool,Everton,1,football-data.co.uk,2023-02-14,home,,,,,,,,,15,6,,,,,,,,,,,,,,,,,,,,,,27.0,,,,,,,
2223_20230215_arsenal_man_city,2223,2023-02-15,Man City,Arsenal,0,football-data.co.uk,2023-02-16,away,,,,,,,,,9,6,,,,,,,,,,,,,,,,,,,,,,21.0,,,,,,,
2223_20230215_arsenal_man_city,2223,2023-02-15,Arsenal,Man City,1,football-data.co.uk,2023-02-16,home,,,,,,,,,10,1,,,,,,,,,,,,,,,,,,,,,,12.0,,,,,,,
2223_20230218_aston_villa_arsenal,2223,2023-02-18,Arsenal,Aston Villa,0,football-data.co.uk,2023-02-19,away,,,,,,,,,20,5,,,,,,,,,,,,,,,,,,,,,,30.0,,,,,,,
2223_20230218_aston_villa_arsenal,2223,2023-02-18,Aston Villa,Arsenal,1,football-data.co.uk,2023-02-19,home,,,,,,,,,7,5,,,,,,,,,,,,,,,,,,,,,,17.0,,,,,,,
2223_20230218_brentford_crystal_palace,2223,2023-02-18,Crystal Palace,Brentford,0,football-data.co.uk,2023-02-19,away,,,,,,,,,10,4,,,,,,,,,,,,,,,,,,,,,,18.0,,,,,,,
2223_20230218_brentford_crystal_palace,2223,2023-02-18,Brentford,Crystal Palace,1,football-data.co.uk,2023-02-19,home,,,,,,,,,12,5,,,,,,,,,,,,,,,,,,,,,,22.0,,,,,,,
2223_20230218_brighton_fulham,2223,2023-02-18,Fulham,Brighton,0,football-data.co.uk,2023-02-19,away,,,,,,,,,5,2,,,,,,,,,,,,,,,,,,,,,,9.0,,,,,,,
2223_20230218_brighton_fulham,2223,2023-02-18,Brighton,Fulham,1,football-data.co.uk,2023-02-19,home,,,,,,,,,21,7,,,,,,,,,,,,,,,,,,,,,,35.0,,,,,,,
2223_20230218_chelsea_southampton,2223,2023-02-18,Southampton,Chelsea,0,football-data.co.uk,2023-02-19,away,,,,,,,,,8,5,,,,,,,,,,,,,,,,,,,,,,18.0,,,,,,,
2223_20230218_chelsea_southampton,2223,2023-02-18,Chelsea,Southampton,1,football-data.co.uk,2023-02-19,home,,,,,,,,,17,5,,,,,,,,,,,,,,,,,,,,,,27.0,,,,,,,
2223_20230218_everton_leeds,2223,2023-02-18,Leeds,Everton,0,football-data.co.uk,2023-02-19,away,,,,,,,,,8,0,,,,,,,,,,,,,,,,,,,,,,8.0,,,,,,,
2223_20230218_everton_leeds,2223,2023-02-18,Everton,Leeds,1,football-data.co.uk,2023-02-19,home,,,,,,,,,15,6,,,,,,,,,,,,,,,,,,,,,,27.0,,,,,,,
2223_20230218_newcastle_liverpool,2223,2023-02-18,Liverpool,Newcastle,0,football-data.co.uk,2023-02-19,away,,,,,,,,,13,7,,,,,,,,,,,,,,,,,,,,,,27.0,,,,,,,
2223_20230218_newcastle_liverpool,2223,2023-02-18,Newcastle,Liverpool,1,football-data.co.uk,2023-02-19,home,,,,,,,,,14,4,,,,,,,,,,,,,,,,,,,,,,22.0,,,,,,,
2223_20230218_nottm_forest_man_city,2223,2023-02-18,Man City,Nott'm Forest,0,football-data.co.uk,2023-02-19,away,,,,,,,,,26,6,,,,,,,,,,,,,,,,,,,,,,38.0,,,,,,,
2223_20230218_nottm_forest_man_city,2223,2023-02-18,Nott'm Forest,Man City,1,football-data.co.uk,2023-02-19,home,,,,,,,,,4,1,,,,,,,,,,,,,,,,,,,,,,6.0,,,,,,,
2223_20230218_wolves_bournemouth,2223,2023-02-18,Bournemouth,Wolves,0,football-data.co.uk,2023-02-19,away,,,,,,,,,5,1,,,,,,,,,,,,,,,,,,,,,,7.0,,,,,,,
2223_20230218_wolves_bournemouth,2223,2023-02-18,Wolves,Bournemouth,1,football-data.co.uk,2023-02-19,home,,,,,,,,,15,4,,,,,,,,,,,,,,,,,,,,,,23.0,,,,,,,
2223_20230219_man_united_leicester,2223,2023-02-19,Leicester,Man United,0,football-data.co.uk,2023-02-20,away,,,,,,,,,19,3,,,,,,,,,,,,,,,,,,,,,,25.0,,,,,,,
2223_20230219_man_united_leicester,2223,2023-02-19,Man United,Leicester,1,football-data.co.uk,2023-02-20,home,,,,,,,,,26,8,,,,,,,,,,,,,,,,,,,,,,42.0,,,,,,,
2223_20230219_tottenham_west_ham,2223,2023-02-19,West Ham,Tottenham,0,football-data.co.uk,2023-02-20,away,,,,,,,,,6,1,,,,,,,,,,,,,,,,,,,,,,8.0,,,,,,,
2223_20230219_tottenham_west_ham,2223,2023-02-19,Tottenham,West Ham,1,football-data.co.uk,2023-02-20,home,,,,,,,,,16,6,,,,,,,,,,,,,,,,,,,,,,28.0,,,,,,,
2223_20230224_fulham_wolves,2223,2023-02-24,Wolves,Fulham,0,football-data.co.uk,2023-02-25,away,,,,,,,,,8,2,,,,,,,,,,,,,,,,,,,,,,12.0,,,,,,,
2223_20230224_fulham_wolves,2223,2023-02-24,Fulham,Wolves,1,football-data.co.uk,2023-02-25,home,,,,,,,,,10,5,,,,,,,,,,,,,,,,,,,,,,20.0,,,,,,,
2223_20230225_bournemouth_man_city,2223,2023-02-25,Man City,Bournemouth,0,football-data.co.uk,2023-02-26,away,,,,,,,,,20,5,,,,,,,,,,,,,,,,,,,,,,30.0,,,,,,,
2223_20230225_bournemouth_man_city,2223,2023-02-25,Bournemouth,Man City,1,football-data.co.uk,2023-02-26,home,,,,,,,,,13,2,,,,,,,,,,,,,,,,,,,,,,17.0,,,,,,,
2223_20230225_crystal_palace_liverpool,2223,2023-02-25,Liverpool,Crystal Palace,0,football-data.co.uk,2023-02-26,away,,,,,,,,,12,4,,,,,,,,,,,,,,,,,,,,,,20.0,,,,,,,
2223_20230225_crystal_palace_liverpool,2223,2023-02-25,Crystal Palace,Liverpool,1,football-data.co.uk,2023-02-26,home,,,,,,,,,6,0,,,,,,,,,,,,,,,,,,,,,,6.0,,,,,,,
2223_20230225_everton_aston_villa,2223,2023-02-25,Aston Villa,Everton,0,football-data.co.uk,2023-02-26,away,,,,,,,,,9,5,,,,,,,,,,,,,,,,,,,,,,19.0,,,,,,,
2223_20230225_everton_aston_villa,2223,2023-02-25,Everton,Aston Villa,1,football-data.co.uk,2023-02-26,home,,,,,,,,,15,5,,,,,,,,,,,,,,,,,,,,,,25.0,,,,,,,
2223_20230225_leeds_southampton,2223,2023-02-25,Southampton,Leeds,0,football-data.co.uk,2023-02-26,away,,,,,,,,,8,2,,,,,,,,,,,,,,,,,,,,,,12.0,,,,,,,
2223_20230225_leeds_southampton,2223,2023-02-25,Leeds,Southampton,1,football-data.co.uk,2023-02-26,home,,,,,,,,,14,4,,,,,,,,,,,,,,,,,,,,,,22.0,,,,,,,
2223_20230225_leicester_arsenal,2223,2023-02-25,Arsenal,Leicester,0,football-data.co.uk,2023-02-26,away,,,,,,,,,10,2,,,,,,,,,,,,,,,,,,,,,,14.0,,,,,,,
2223_20230225_leicester_arsenal,2223,2023-02-25,Leicester,Arsenal,1,football-data.co.uk,2023-02-26,home,,,,,,,,,1,0,,,,,,,,,,,,,,,,,,,,,,1.0,,,,,,,
2223_20230225_west_ham_nottm_forest,2223,2023-02-25,Nott'm Forest,West Ham,0,football-data.co.uk,2023-02-26,away,,,,,,,,,8,3,,,,,,,,,,,,,,,,,,,,,,14.0,,,,,,,
2223_20230225_west_ham_nottm_forest,2223,2023-02-25,West Ham,Nott'm Forest,1,football-data.co.uk,2023-02-26,home,,,,,,,,,18,5,,,,,,,,,,,,,,,,,,,,,,28.0,,,,,,,
2223_20230226_tottenham_chelsea,2223,2023-02-26,Chelsea,Tottenham,0,football-data.co.uk,2023-02-27,away,,,,,,,,,10,2,,,,,,,,,,,,,,,,,,,,,,14.0,,,,,,,
2223_20230226_tottenham_chelsea,2223,2023-02-26,Tottenham,Chelsea,1,football-data.co.uk,2023-02-27,home,,,,,,,,,8,3,,,,,,,,,,,,,,,,,,,,,,14.0,,,,,,,
2223_20230301_arsenal_everton,2223,2023-03-01,Everton,Arsenal,0,football-data.co.uk,2023-03-02,away,,,,,,,,,8,5,,,,,,,,,,,,,,,,,,,,,,18.0,,,,,,,
2223_20230301_arsenal_everton,2223,2023-03-01,Arsenal,Everton,1,football-data.co.uk,2023-03-02,home,,,,,,,,,15,5,,,,,,,,,,,,,,,,,,,,,,25.0,,,,,,,
2223_20230301_liverpool_wolves,2223,2023-03-01,Wolves,Liverpool,0,football-data.co.uk,2023-03-02,away,,,,,,,,,4,1,,,,,,,,,,,,,,,,,,,,,,6.0,,,,,,,
2223_20230301_liverpool_wolves,2223,2023-03-01,Liverpool,Wolves,1,football-data.co.uk,2023-03-02,home,,,,,,,,,15,6,,,,,,,,,,,,,,,,,,,,,,27.0,,,,,,,
2223_20230304_arsenal_bournemouth,2223,2023-03-04,Bournemouth,Arsenal,0,football-data.co.uk,2023-03-05,away,,,,,,,,,4,4,,,,,,,,,,,,,,,,,,,,,,12.0,,,,,,,
2223_20230304_arsenal_bournemouth,2223,2023-03-04,Arsenal,Bournemouth,1,football-data.co.uk,2023-03-05,home,,,,,,,,,31,9,,,,,,,,,,,,,,,,,,,,,,49.0,,,,,,,
2223_20230304_aston_villa_crystal_palace,2223,2023-03-04,Crystal Palace,Aston Villa,0,football-data.co.uk,2023-03-05,away,,,,,,,,,3,0,,,,,,,,,,,,,,,,,,,,,,3.0,,,,,,,
2223_20230304_aston_villa_crystal_palace,2223,2023-03-04,Aston Villa,Crystal Palace,1,football-data.co.uk,2023-03-05,home,,,,,,,,,8,1,,,,,,,,,,,,,,,,,,,,,,10.0,,,,,,,
2223_20230304_brighton_west_ham,2223,2023-03-04,West Ham,Brighton,0,football-data.co.uk,2023-03-05,away,,,,,,,,,3,2,,,,,,,,,,,,,,,,,,,,,,7.0,,,,,,,
2223_20230304_brighton_west_ham,2223,2023-03-04,Brighton,West Ham,1,football-data.co.uk,2023-03-05,home,,,,,,,,,20,9,,,,,,,,,,,,,,,,,,,,,,38.0,,,,,,,
2223_20230304_chelsea_leeds,2223,2023-03-04,Leeds,Chelsea,0,football-data.co.uk,2023-03-05,away,,,,,,,,,11,2,,,,,,,,,,,,,,,,,,,,,,15.0,,,,,,,
2223_20230304_chelsea_leeds,2223,2023-03-04,Chelsea,Leeds,1,football-data.co.uk,2023-03-05,home,,,,,,,,,13,3,,,,,,,,,,,,,,,,,,,,,,19.0,,,,,,,
2223_20230304_man_city_newcastle,2223,2023-03-04,Newcastle,Man City,0,football-data.co.uk,2023-03-05,away,,,,,,,,,5,2,,,,,,,,,,,,,,,,,,,,,,9.0,,,,,,,
2223_20230304_man_city_newcastle,2223,2023-03-04,Man City,Newcastle,1,football-data.co.uk,2023-03-05,home,,,,,,,,,11,3,,,,,,,,,,,,,,,,,,,,,,17.0,,,,,,,
2223_20230304_southampton_leicester,2223,2023-03-04,Leicester,Southampton,0,football-data.co.uk,2023-03-05,away,,,,,,,,,11,0,,,,,,,,,,,,,,,,,,,,,,11.0,,,,,,,
2223_20230304_southampton_leicester,2223,2023-03-04,Southampton,Leicester,1,football-data.co.uk,2023-03-05,home,,,,,,,,,11,5,,,,,,,,,,,,,,,,,,,,,,21.0,,,,,,,
2223_20230304_wolves_tottenham,2223,2023-03-04,Tottenham,Wolves,0,football-data.co.uk,2023-03-05,away,,,,,,,,,21,6,,,,,,,,,,,,,,,,,,,,,,33.0,,,,,,,
2223_20230304_wolves_tottenham,2223,2023-03-04,Wolves,Tottenham,1,football-data.co.uk,2023-03-05,home,,,,,,,,,8,5,,,,,,,,,,,,,,,,,,,,,,18.0,,,,,,,
2223_20230305_liverpool_man_united,2223,2023-03-05,Man United,Liverpool,0,football-data.co.uk,2023-03-06,away,,,,,,,,,8,4,,,,,,,,,,,,,,,,,,,,,,16.0,,,,,,,
2223_20230305_liverpool_man_united,2223,2023-03-05,Liverpool,Man United,1,football-data.co.uk,2023-03-06,home,,,,,,,,,18,8,,,,,,,,,,,,,,,,,,,,,,34.0,,,,,,,
2223_20230305_nottm_forest_everton,2223,2023-03-05,Everton,Nott'm Forest,0,football-data.co.uk,2023-03-06,away,,,,,,,,,10,3,,,,,,,,,,,,,,,,,,,,,,16.0,,,,,,,
2223_20230305_nottm_forest_everton,2223,2023-03-05,Nott'm Forest,Everton,1,football-data.co.uk,2023-03-06,home,,,,,,,,,10,4,,,,,,,,,,,,,,,,,,,,,,18.0,,,,,,,
2223_20230306_brentford_fulham,2223,2023-03-06,Fulham,Brentford,0,football-data.co.uk,2023-03-07,away,,,,,,,,,9,5,,,,,,,,,,,,,,,,,,,,,,19.0,,,,,,,
2223_20230306_brentford_fulham,2223,2023-03-06,Brentford,Fulham,1,football-data.co.uk,2023-03-07,home,,,,,,,,,14,6,,,,,,,,,,,,,,,,,,,,,,26.0,,,,,,,
2223_20230311_bournemouth_liverpool,2223,2023-03-11,Liverpool,Bournemouth,0,football-data.co.uk,2023-03-12,away,,,,,,,,,15,6,,,,,,,,,,,,,,,,,,,,,,27.0,,,,,,,
2223_20230311_bournemouth_liverpool,2223,2023-03-11,Bournemouth,Liverpool,1,football-data.co.uk,2023-03-12,home,,,,,,,,,5,2,,,,,,,,,,,,,,,,,,,,,,9.0,,,,,,,
2223_20230311_crystal_palace_man_city,2223,2023-03-11,Man City,Crystal Palace,0,football-data.co.uk,2023-03-12,away,,,,,,,,,14,4,,,,,,,,,,,,,,,,,,,,,,22.0,,,,,,,
2223_20230311_crystal_palace_man_city,2223,2023-03-11,Crystal Palace,Man City,1,football-data.co.uk,2023-03-12,home,,,,,,,,,4,0,,,,,,,,,,,,,,,,,,,,,,4.0,,,,,,,
2223_20230311_everton_brentford,2223,2023-03-11,Brentford,Everton,0,football-data.co.uk,2023-03-12,away,,,,,,,,,12,4,,,,,,,,,,,,,,,,,,,,,,20.0,,,,,,,
2223_20230311_everton_brentford,2223,2023-03-11,Everton,Brentford,1,football-data.co.uk,2023-03-12,home,,,,,,,,,13,6,,,,,,,,,,,,,,,,,,,,,,25.0,,,,,,,
2223_20230311_leeds_brighton,2223,2023-03-11,Brighton,Leeds,0,football-data.co.uk,2023-03-12,away,,,,,,,,,14,2,,,,,,,,,,,,,,,,,,,,,,18.0,,,,,,,
2223_20230311_leeds_brighton,2223,2023-03-11,Leeds,Brighton,1,football-data.co.uk,2023-03-12,home,,,,,,,,,12,4,,,,,,,,,,,,,,,,,,,,,,20.0,,,,,,,
2223_20230311_leicester_chelsea,2223,2023-03-11,Chelsea,Leicester,0,football-data.co.uk,2023-03-12,away,,,,,,,,,12,6,,,,,,,,,,,,,,,,,,,,,,24.0,,,,,,,
2223_20230311_leicester_chelsea,2223,2023-03-11,Leicester,Chelsea,1,football-data.co.uk,2023-03-12,home,,,,,,,,,17,7,,,,,,,,,,,,,,,,,,,,,,31.0,,,,,,,
2223_20230311_tottenham_nottm_forest,2223,2023-03-11,Nott'm Forest,Tottenham,0,football-data.co.uk,2023-03-12,away,,,,,,,,,9,5,,,,,,,,,,,,,,,,,,,,,,19.0,,,,,,,
2223_20230311_tottenham_nottm_forest,2223,2023-03-11,Tottenham,Nott'm Forest,1,football-data.co.uk,2023-03-12,home,,,,,,,,,15,7,,,,,,,,,,,,,,,,,,,,,,29.0,,,,,,,
2223_20230312_fulham_arsenal,2223,2023-03-12,Arsenal,Fulham,0,football-data.co.uk,2023-03-13,away,,,,,,,,,15,7,,,,,,,,,,,,,,,,,,,,,,29.0,,,,,,,
2223_20230312_fulham_arsenal,2223,2023-03-12,Fulham,Arsenal,1,football-data.co.uk,2023-03-13,home,,,,,,,,,12,2,,,,,,,,,,,,,,,,,,,,,,16.0,,,,,,,
2223_20230312_man_united_southampton,2223,2023-03-12,Southampton,Man United,0,football-data.co.uk,2023-03-13,away,,,,,,,,,17,4,,,,,,,,,,,,,,,,,,,,,,25.0,,,,,,,
2223_20230312_man_united_southampton,2223,2023-03-12,Man United,Southampton,1,football-data.co.uk,2023-03-13,home,,,,,,,,,10,4,,,,,,,,,,,,,,,,,,,,,,18.0,,,,,,,
2223_20230312_newcastle_wolves,2223,2023-03-12,Wolves,Newcastle,0,football-data.co.uk,2023-03-13,away,,,,,,,,,7,4,,,,,,,,,,,,,,,,,,,,,,15.0,,,,,,,
2223_20230312_newcastle_wolves,2223,2023-03-12,Newcastle,Wolves,1,football-data.co.uk,2023-03-13,home,,,,,,,,,19,8,,,,,,,,,,,,,,,,,,,,,,35.0,,,,,,,
2223_20230312_west_ham_aston_villa,2223,2023-03-12,Aston Villa,West Ham,0,football-data.co.uk,2023-03-13,away,,,,,,,,,12,4,,,,,,,,,,,,,,,,,,,,,,20.0,,,,,,,
2223_20230312_west_ham_aston_villa,2223,2023-03-12,West Ham,Aston Villa,1,football-data.co.uk,2023-03-13,home,,,,,,,,,17,6,,,,,,,,,,,,,,,,,,,,,,29.0,,,,,,,
2223_20230315_brighton_crystal_palace,2223,2023-03-15,Crystal Palace,Brighton,0,football-data.co.uk,2023-03-16,away,,,,,,,,,11,3,,,,,,,,,,,,,,,,,,,,,,17.0,,,,,,,
2223_20230315_brighton_crystal_palace,2223,2023-03-15,Brighton,Crystal Palace,1,football-data.co.uk,2023-03-16,home,,,,,,,,,11,5,,,,,,,,,,,,,,,,,,,,,,21.0,,,,,,,
2223_20230315_southampton_brentford,2223,2023-03-15,Brentford,Southampton,0,football-data.co.uk,2023-03-16,away,,,,,,,,,11,5,,,,,,,,,,,,,,,,,,,,,,21.0,,,,,,,
2223_20230315_southampton_brentford,2223,2023-03-15,Southampton,Brentford,1,football-data.co.uk,2023-03-16,home,,,,,,,,,7,1,,,,,,,,,,,,,,,,,,,,,,9.0,,,,,,,
2223_20230317_nottm_forest_newcastle,2223,2023-03-17,Newcastle,Nott'm Forest,0,football-data.co.uk,2023-03-18,away,,,,,,,,,15,4,,,,,,,,,,,,,,,,,,,,,,23.0,,,,,,,
2223_20230317_nottm_forest_newcastle,2223,2023-03-17,Nott'm Forest,Newcastle,1,football-data.co.uk,2023-03-18,home,,,,,,,,,5,3,,,,,,,,,,,,,,,,,,,,,,11.0,,,,,,,
2223_20230318_aston_villa_bournemouth,2223,2023-03-18,Bournemouth,Aston Villa,0,football-data.co.uk,2023-03-19,away,,,,,,,,,10,3,,,,,,,,,,,,,,,,,,,,,,16.0,,,,,,,
2223_20230318_aston_villa_bournemouth,2223,2023-03-18,Aston Villa,Bournemouth,1,football-data.co.uk,2023-03-19,home,,,,,,,,,20,9,,,,,,,,,,,,,,,,,,,,,,38.0,,,,,,,
2223_20230318_brentford_leicester,2223,2023-03-18,Leicester,Brentford,0,football-data.co.uk,2023-03-19,away,,,,,,,,,14,1,,,,,,,,,,,,,,,,,,,,,,16.0,,,,,,,
2223_20230318_brentford_leicester,2223,2023-03-18,Brentford,Leicester,1,football-data.co.uk,2023-03-19,home,,,,,,,,,11,2,,,,,,,,,,,,,,,,,,,,,,15.0,,,,,,,
2223_20230318_chelsea_everton,2223,2023-03-18,Everton,Chelsea,0,football-data.co.uk,2023-03-19,away,,,,,,,,,12,3,,,,,,,,,,,,,,,,,,,,,,18.0,,,,,,,
2223_20230318_chelsea_everton,2223,2023-03-18,Chelsea,Everton,1,football-data.co.uk,2023-03-19,home,,,,,,,,,20,7,,,,,,,,,,,,,,,,,,,,,,34.0,,,,,,,
2223_20230318_southampton_tottenham,2223,2023-03-18,Tottenham,Southampton,0,football-data.co.uk,2023-03-19,away,,,,,,,,,17,3,,,,,,,,,,,,,,,,,,,,,,23.0,,,,,,,
2223_20230318_southampton_tottenham,2223,2023-03-18,Southampton,Tottenham,1,football-data.co.uk,2023-03-19,home,,,,,,,,,19,7,,,,,,,,,,,,,,,,,,,,,,33.0,,,,,,,
2223_20230318_wolves_leeds,2223,2023-03-18,Leeds,Wolves,0,football-data.co.uk,2023-03-19,away,,,,,,,,,11,4,,,,,,,,,,,,,,,,,,,,,,19.0,,,,,,,
2223_20230318_wolves_leeds,2223,2023-03-18,Wolves,Leeds,1,football-data.co.uk,2023-03-19,home,,,,,,,,,23,8,,,,,,,,,,,,,,,,,,,,,,39.0,,,,,,,
2223_20230319_arsenal_crystal_palace,2223,2023-03-19,Crystal Palace,Arsenal,0,football-data.co.uk,2023-03-20,away,,,,,,,,,8,4,,,,,,,,,,,,,,,,,,,,,,16.0,,,,,,,
2223_20230319_arsenal_crystal_palace,2223,2023-03-19,Arsenal,Crystal Palace,1,football-data.co.uk,2023-03-20,home,,,,,,,,,15,5,,,,,,,,,,,,,,,,,,,,,,25.0,,,,,,,
2223_20230401_arsenal_leeds,2223,2023-04-01,Leeds,Arsenal,0,football-data.co.uk,2023-04-02,away,,,,,,,,,7,5,,,,,,,,,,,,,,,,,,,,,,17.0,,,,,,,
2223_20230401_arsenal_leeds,2223,2023-04-01,Arsenal,Leeds,1,football-data.co.uk,2023-04-02,home,,,,,,,,,13,6,,,,,,,,,,,,,,,,,,,,,,25.0,,,,,,,
2223_20230401_bournemouth_fulham,2223,2023-04-01,Fulham,Bournemouth,0,football-data.co.uk,2023-04-02,away,,,,,,,,,10,2,,,,,,,,,,,,,,,,,,,,,,14.0,,,,,,,
2223_20230401_bournemouth_fulham,2223,2023-04-01,Bournemouth,Fulham,1,football-data.co.uk,2023-04-02,home,,,,,,,,,12,7,,,,,,,,,,,,,,,,,,,,,,26.0,,,,,,,
2223_20230401_brighton_brentford,2223,2023-04-01,Brentford,Brighton,0,football-data.co.uk,2023-04-02,away,,,,,,,,,7,5,,,,,,,,,,,,,,,,,,,,,,17.0,,,,,,,
2223_20230401_brighton_brentford,2223,2023-04-01,Brighton,Brentford,1,football-data.co.uk,2023-04-02,home,,,,,,,,,33,15,,,,,,,,,,,,,,,,,,,,,,63.0,,,,,,,
2223_20230401_chelsea_aston_villa,2223,2023-04-01,Aston Villa,Chelsea,0,football-data.co.uk,2023-04-02,away,,,,,,,,,5,2,,,,,,,,,,,,,,,,,,,,,,9.0,,,,,,,
2223_20230401_chelsea_aston_villa,2223,2023-04-01,Chelsea,Aston Villa,1,football-data.co.uk,2023-04-02,home,,,,,,,,,27,8,,,,,,,,,,,,,,,,,,,,,,43.0,,,,,,,
2223_20230401_crystal_palace_leicester,2223,2023-04-01,Leicester,Crystal Palace,0,football-data.co.uk,2023-04-02,away,,,,,,,,,3,2,,,,,,,,,,,,,,,,,,,,,,7.0,,,,,,,
2223_20230401_crystal_palace_leicester,2223,2023-04-01,Crystal Palace,Leicester,1,football-data.co.uk,2023-04-02,home,,,,,,,,,31,9,,,,,,,,,,,,,,,,,,,,,,49.0,,,,,,,
2223_20230401_man_city_liverpool,2223,2023-04-01,Liverpool,Man City,0,football-data.co.uk,2023-04-02,away,,,,,,,,,4,1,,,,,,,,,,,,,,,,,,,,,,6.0,,,,,,,
2223_20230401_man_city_liverpool,2223,2023-04-01,Man City,Liverpool,1,football-data.co.uk,2023-04-02,home,,,,,,,,,17,8,,,,,,,,,,,,,,,,,,,,,,33.0,,,,,,,
2223_20230401_nottm_forest_wolves,2223,2023-04-01,Wolves,Nott'm Forest,0,football-data.co.uk,2023-04-02,away,,,,,,,,,8,1,,,,,,,,,,,,,,,,,,,,,,10.0,,,,,,,
2223_20230401_nottm_forest_wolves,2223,2023-04-01,Nott'm Forest,Wolves,1,football-data.co.uk,2023-04-02,home,,,,,,,,,17,7,,,,,,,,,,,,,,,,,,,,,,31.0,,,,,,,
2223_20230402_newcastle_man_united,2223,2023-04-02,Man United,Newcastle,0,football-data.co.uk,2023-04-03,away,,,,,,,,,6,1,,,,,,,,,,,,,,,,,,,,,,8.0,,,,,,,
2223_20230402_newcastle_man_united,2223,2023-04-02,Newcastle,Man United,1,football-data.co.uk,2023-04-03,home,,,,,,,,,22,6,,,,,,,,,,,,,,,,,,,,,,34.0,,,,,,,
2223_20230402_west_ham_southampton,2223,2023-04-02,Southampton,West Ham,0,football-data.co.uk,2023-04-03,away,,,,,,,,,9,3,,,,,,,,,,,,,,,,,,,,,,15.0,,,,,,,
2223_20230402_west_ham_southampton,2223,2023-04-02,West Ham,Southampton,1,football-data.co.uk,2023-04-03,home,,,,,,,,,12,2,,,,,,,,,,,,,,,,,,,,,,16.0,,,,,,,
2223_20230403_everton_tottenham,2223,2023-04-03,Tottenham,Everton,0,football-data.co.uk,2023-04-04,away,,,,,,,,,8,2,,,,,,,,,,,,,,,,,,,,,,12.0,,,,,,,
2223_20230403_everton_tottenham,2223,2023-04-03,Everton,Tottenham,1,football-data.co.uk,2023-04-04,home,,,,,,,,,15,6,,,,,,,,,,,,,,,,,,,,,,27.0,,,,,,,
2223_20230404_bournemouth_brighton,2223,2023-04-04,Brighton,Bournemouth,0,football-data.co.uk,2023-04-05,away,,,,,,,,,16,6,,,,,,,,,,,,,,,,,,,,,,28.0,,,,,,,
2223_20230404_bournemouth_brighton,2223,2023-04-04,Bournemouth,Brighton,1,football-data.co.uk,2023-04-05,home,,,,,,,,,14,3,,,,,,,,,,,,,,,,,,,,,,20.0,,,,,,,
2223_20230404_chelsea_liverpool,2223,2023-04-04,Liverpool,Chelsea,0,football-data.co.uk,2023-04-05,away,,,,,,,,,7,4,,,,,,,,,,,,,,,,,,,,,,15.0,,,,,,,
2223_20230404_chelsea_liverpool,2223,2023-04-04,Chelsea,Liverpool,1,football-data.co.uk,2023-04-05,home,,,,,,,,,12,3,,,,,,,,,,,,,,,,,,,,,,18.0,,,,,,,
2223_20230404_leeds_nottm_forest,2223,2023-04-04,Nott'm Forest,Leeds,0,football-data.co.uk,2023-04-05,away,,,,,,,,,13,1,,,,,,,,,,,,,,,,,,,,,,15.0,,,,,,,
2223_20230404_leeds_nottm_forest,2223,2023-04-04,Leeds,Nott'm Forest,1,football-data.co.uk,2023-04-05,home,,,,,,,,,21,6,,,,,,,,,,,,,,,,,,,,,,33.0,,,,,,,
2223_20230404_leicester_aston_villa,2223,2023-04-04,Aston Villa,Leicester,0,football-data.co.uk,2023-04-05,away,,,,,,,,,15,5,,,,,,,,,,,,,,,,,,,,,,25.0,,,,,,,
2223_20230404_leicester_aston_villa,2223,2023-04-04,Leicester,Aston Villa,1,football-data.co.uk,2023-04-05,home,,,,,,,,,9,4,,,,,,,,,,,,,,,,,,,,,,17.0,,,,,,,
2223_20230405_man_united_brentford,2223,2023-04-05,Brentford,Man United,0,football-data.co.uk,2023-04-06,away,,,,,,,,,6,1,,,,,,,,,,,,,,,,,,,,,,8.0,,,,,,,
2223_20230405_man_united_brentford,2223,2023-04-05,Man United,Brentford,1,football-data.co.uk,2023-04-06,home,,,,,,,,,18,3,,,,,,,,,,,,,,,,,,,,,,24.0,,,,,,,
2223_20230405_west_ham_newcastle,2223,2023-04-05,Newcastle,West Ham,0,football-data.co.uk,2023-04-06,away,,,,,,,,,15,8,,,,,,,,,,,,,,,,,,,,,,31.0,,,,,,,
2223_20230405_west_ham_newcastle,2223,2023-04-05,West Ham,Newcastle,1,football-data.co.uk,2023-04-06,home,,,,,,,,,7,2,,,,,,,,,,,,,,,,,,,,,,11.0,,,,,,,
2223_20230408_aston_villa_nottm_forest,2223,2023-04-08,Nott'm Forest,Aston Villa,0,football-data.co.uk,2023-04-09,away,,,,,,,,,6,2,,,,,,,,,,,,,,,,,,,,,,10.0,,,,,,,
2223_20230408_aston_villa_nottm_forest,2223,2023-04-08,Aston Villa,Nott'm Forest,1,football-data.co.uk,2023-04-09,home,,,,,,,,,8,3,,,,,,,,,,,,,,,,,,,,,,14.0,,,,,,,
2223_20230408_brentford_newcastle,2223,2023-04-08,Newcastle,Brentford,0,football-data.co.uk,2023-04-09,away,,,,,,,,,10,4,,,,,,,,,,,,,,,,,,,,,,18.0,,,,,,,
2223_20230408_brentford_newcastle,2223,2023-04-08,Brentford,Newcastle,1,football-data.co.uk,2023-04-09,home,,,,,,,,,12,6,,,,,,,,,,,,,,,,,,,,,,24.0,,,,,,,
2223_20230408_fulham_west_ham,2223,2023-04-08,West Ham,Fulham,0,football-data.co.uk,2023-04-09,away,,,,,,,,,9,5,,,,,,,,,,,,,,,,,,,,,,19.0,,,,,,,
2223_20230408_fulham_west_ham,2223,2023-04-08,Fulham,West Ham,1,football-data.co.uk,2023-04-09,home,,,,,,,,,16,3,,,,,,,,,,,,,,,,,,,,,,22.0,,,,,,,
2223_20230408_leicester_bournemouth,2223,2023-04-08,Bournemouth,Leicester,0,football-data.co.uk,2023-04-09,away,,,,,,,,,19,7,,,,,,,,,,,,,,,,,,,,,,33.0,,,,,,,
2223_20230408_leicester_bournemouth,2223,2023-04-08,Leicester,Bournemouth,1,football-data.co.uk,2023-04-09,home,,,,,,,,,14,4,,,,,,,,,,,,,,,,,,,,,,22.0,,,,,,,
2223_20230408_man_united_everton,2223,2023-04-08,Everton,Man United,0,football-data.co.uk,2023-04-09,away,,,,,,,,,15,1,,,,,,,,,,,,,,,,,,,,,,17.0,,,,,,,
2223_20230408_man_united_everton,2223,2023-04-08,Man United,Everton,1,football-data.co.uk,2023-04-09,home,,,,,,,,,29,11,,,,,,,,,,,,,,,,,,,,,,51.0,,,,,,,
2223_20230408_southampton_man_city,2223,2023-04-08,Man City,Southampton,0,football-data.co.uk,2023-04-09,away,,,,,,,,,13,8,,,,,,,,,,,,,,,,,,,,,,29.0,,,,,,,
2223_20230408_southampton_man_city,2223,2023-04-08,Southampton,Man City,1,football-data.co.uk,2023-04-09,home,,,,,,,,,4,1,,,,,,,,,,,,,,,,,,,,,,6.0,,,,,,,
2223_20230408_tottenham_brighton,2223,2023-04-08,Brighton,Tottenham,0,football-data.co.uk,2023-04-09,away,,,,,,,,,17,4,,,,,,,,,,,,,,,,,,,,,,25.0,,,,,,,
2223_20230408_tottenham_brighton,2223,2023-04-08,Tottenham,Brighton,1,football-data.co.uk,2023-04-09,home,,,,,,,,,9,3,,,,,,,,,,,,,,,,,,,,,,15.0,,,,,,,
2223_20230408_wolves_chelsea,2223,2023-04-08,Chelsea,Wolves,0,football-data.co.uk,2023-04-09,away,,,,,,,,,13,1,,,,,,,,,,,,,,,,,,,,,,15.0,,,,,,,
2223_20230408_wolves_chelsea,2223,2023-04-08,Wolves,Chelsea,1,football-data.co.uk,2023-04-09,home,,,,,,,,,9,4,,,,,,,,,,,,,,,,,,,,,,17.0,,,,,,,
2223_20230409_leeds_crystal_palace,2223,2023-04-09,Crystal Palace,Leeds,0,football-data.co.uk,2023-04-10,away,,,,,,,,,16,8,,,,,,,,,,,,,,,,,,,,,,32.0,,,,,,,
2223_20230409_leeds_crystal_palace,2223,2023-04-09,Leeds,Crystal Palace,1,football-data.co.uk,2023-04-10,home,,,,,,,,,11,7,,,,,,,,,,,,,,,,,,,,,,25.0,,,,,,,
2223_20230409_liverpool_arsenal,2223,2023-04-09,Arsenal,Liverpool,0,football-data.co.uk,2023-04-10,away,,,,,,,,,9,5,,,,,,,,,,,,,,,,,,,,,,19.0,,,,,,,
2223_20230409_liverpool_arsenal,2223,2023-04-09,Liverpool,Arsenal,1,football-data.co.uk,2023-04-10,home,,,,,,,,,21,6,,,,,,,,,,,,,,,,,,,,,,33.0,,,,,,,
2223_20230415_aston_villa_newcastle,2223,2023-04-15,Newcastle,Aston Villa,0,football-data.co.uk,2023-04-16,away,,,,,,,,,8,2,,,,,,,,,,,,,,,,,,,,,,12.0,,,,,,,
2223_20230415_aston_villa_newcastle,2223,2023-04-15,Aston Villa,Newcastle,1,football-data.co.uk,2023-04-16,home,,,,,,,,,16,6,,,,,,,,,,,,,,,,,,,,,,28.0,,,,,,,
2223_20230415_chelsea_brighton,2223,2023-04-15,Brighton,Chelsea,0,football-data.co.uk,2023-04-16,away,,,,,,,,,26,10,,,,,,,,,,,,,,,,,,,,,,46.0,,,,,,,
2223_20230415_chelsea_brighton,2223,2023-04-15,Chelsea,Brighton,1,football-data.co.uk,2023-04-16,home,,,,,,,,,8,2,,,,,,,,,,,,,,,,,,,,,,12.0,,,,,,,
2223_20230415_everton_fulham,2223,2023-04-15,Fulham,Everton,0,football-data.co.uk,2023-04-16,away,,,,,,,,,21,7,,,,,,,,,,,,,,,,,,,,,,35.0,,,,,,,
2223_20230415_everton_fulham,2223,2023-04-15,Everton,Fulham,1,football-data.co.uk,2023-04-16,home,,,,,,,,,15,7,,,,,,,,,,,,,,,,,,,,,,29.0,,,,,,,
2223_20230415_man_city_leicester,2223,2023-04-15,Leicester,Man City,0,football-data.co.uk,2023-04-16,away,,,,,,,,,10,4,,,,,,,,,,,,,,,,,,,,,,18.0,,,,,,,
2223_20230415_man_city_leicester,2223,2023-04-15,Man City,Leicester,1,football-data.co.uk,2023-04-16,home,,,,,,,,,12,4,,,,,,,,,,,,,,,,,,,,,,20.0,,,,,,,
2223_20230415_southampton_crystal_palace,2223,2023-04-15,Crystal Palace,Southampton,0,football-data.co.uk,2023-04-16,away,,,,,,,,,9,2,,,,,,,,,,,,,,,,,,,,,,13.0,,,,,,,
2223_20230415_southampton_crystal_palace,2223,2023-04-15,Southampton,Crystal Palace,1,football-data.co.uk,2023-04-16,home,,,,,,,,,11,4,,,,,,,,,,,,,,,,,,,,,,19.0,,,,,,,
2223_20230415_tottenham_bournemouth,2223,2023-04-15,Bournemouth,Tottenham,0,football-data.co.uk,2023-04-16,away,,,,,,,,,6,6,,,,,,,,,,,,,,,,,,,,,,18.0,,,,,,,
2223_20230415_tottenham_bournemouth,2223,2023-04-15,Tottenham,Bournemouth,1,football-data.co.uk,2023-04-16,home,,,,,,,,,24,8,,,,,,,,,,,,,,,,,,,,,,40.0,,,,,,,
2223_20230415_wolves_brentford,2223,2023-04-15,Brentford,Wolves,0,football-data.co.uk,2023-04-16,away,,,,,,,,,10,3,,,,,,,,,,,,,,,,,,,,,,16.0,,,,,,,
2223_20230415_wolves_brentford,2223,2023-04-15,Wolves,Brentford,1,football-data.co.uk,2023-04-16,home,,,,,,,,,11,9,,,,,,,,,,,,,,,,,,,,,,29.0,,,,,,,
2223_20230416_nottm_forest_man_united,2223,2023-04-16,Man United,Nott'm Forest,0,football-data.co.uk,2023-04-17,away,,,,,,,,,22,8,,,,,,,,,,,,,,,,,,,,,,38.0,,,,,,,
2223_20230416_nottm_forest_man_united,2223,2023-04-16,Nott'm Forest,Man United,1,football-data.co.uk,2023-04-17,home,,,,,,,,,6,0,,,,,,,,,,,,,,,,,,,,,,6.0,,,,,,,
2223_20230416_west_ham_arsenal,2223,2023-04-16,Arsenal,West Ham,0,football-data.co.uk,2023-04-17,away,,,,,,,,,11,5,,,,,,,,,,,,,,,,,,,,,,21.0,,,,,,,
2223_20230416_west_ham_arsenal,2223,2023-04-16,West Ham,Arsenal,1,football-data.co.uk,2023-04-17,home,,,,,,,,,16,3,,,,,,,,,,,,,,,,,,,,,,22.0,,,,,,,
2223_20230417_leeds_liverpool,2223,2023-04-17,Liverpool,Leeds,0,football-data.co.uk,2023-04-18,away,,,,,,,,,13,7,,,,,,,,,,,,,,,,,,,,,,27.0,,,,,,,
2223_20230417_leeds_liverpool,2223,2023-04-17,Leeds,Liverpool,1,football-data.co.uk,2023-04-18,home,,,,,,,,,13,3,,,,,,,,,,,,,,,,,,,,,,19.0,,,,,,,
2223_20230421_arsenal_southampton,2223,2023-04-21,Southampton,Arsenal,0,football-data.co.uk,2023-04-22,away,,,,,,,,,8,6,,,,,,,,,,,,,,,,,,,,,,20.0,,,,,,,
2223_20230421_arsenal_southampton,2223,2023-04-21,Arsenal,Southampton,1,football-data.co.uk,2023-04-22,home,,,,,,,,,25,6,,,,,,,,,,,,,,,,,,,,,,37.0,,,,,,,
2223_20230422_brentford_aston_villa,2223,2023-04-22,Aston Villa,Brentford,0,football-data.co.uk,2023-04-23,away,,,,,,,,,14,2,,,,,,,,,,,,,,,,,,,,,,18.0,,,,,,,
2223_20230422_brentford_aston_villa,2223,2023-04-22,Brentford,Aston Villa,1,football-data.co.uk,2023-04-23,home,,,,,,,,,6,5,,,,,,,,,,,,,,,,,,,,,,16.0,,,,,,,
2223_20230422_crystal_palace_everton,2223,2023-04-22,Everton,Crystal Palace,0,football-data.co.uk,2023-04-23,away,,,,,,,,,10,5,,,,,,,,,,,,,,,,,,,,,,20.0,,,,,,,
2223_20230422_crystal_palace_everton,2223,2023-04-22,Crystal Palace,Everton,1,football-data.co.uk,2023-04-23,home,,,,,,,,,12,2,,,,,,,,,,,,,,,,,,,,,,16.0,,,,,,,
2223_20230422_fulham_leeds,2223,2023-04-22,Leeds,Fulham,0,football-data.co.uk,2023-04-23,away,,,,,,,,,10,2,,,,,,,,,,,,,,,,,,,,,,14.0,,,,,,,
2223_20230422_fulham_leeds,2223,2023-04-22,Fulham,Leeds,1,football-data.co.uk,2023-04-23,home,,,,,,,,,12,5,,,,,,,,,,,,,,,,,,,,,,22.0,,,,,,,
2223_20230422_leicester_wolves,2223,2023-04-22,Wolves,Leicester,0,football-data.co.uk,2023-04-23,away,,,,,,,,,16,3,,,,,,,,,,,,,,,,,,,,,,22.0,,,,,,,
2223_20230422_leicester_wolves,2223,2023-04-22,Leicester,Wolves,1,football-data.co.uk,2023-04-23,home,,,,,,,,,15,8,,,,,,,,,,,,,,,,,,,,,,31.0,,,,,,,
2223_20230422_liverpool_nottm_forest,2223,2023-04-22,Nott'm Forest,Liverpool,0,football-data.co.uk,2023-04-23,away,,,,,,,,,11,5,,,,,,,,,,,,,,,,,,,,,,21.0,,,,,,,
2223_20230422_liverpool_nottm_forest,2223,2023-04-22,Liverpool,Nott'm Forest,1,football-data.co.uk,2023-04-23,home,,,,,,,,,18,6,,,,,,,,,,,,,,,,,,,,,,30.0,,,,,,,
2223_20230423_bournemouth_west_ham,2223,2023-04-23,West Ham,Bournemouth,0,football-data.co.uk,2023-04-24,away,,,,,,,,,18,10,,,,,,,,,,,,,,,,,,,,,,38.0,,,,,,,
2223_20230423_bournemouth_west_ham,2223,2023-04-23,Bournemouth,West Ham,1,football-data.co.uk,2023-04-24,home,,,,,,,,,17,5,,,,,,,,,,,,,,,,,,,,,,27.0,,,,,,,
2223_20230423_newcastle_tottenham,2223,2023-04-23,Tottenham,Newcastle,0,football-data.co.uk,2023-04-24,away,,,,,,,,,11,3,,,,,,,,,,,,,,,,,,,,,,17.0,,,,,,,
2223_20230423_newcastle_tottenham,2223,2023-04-23,Newcastle,Tottenham,1,football-data.co.uk,2023-04-24,home,,,,,,,,,25,8,,,,,,,,,,,,,,,,,,,,,,41.0,,,,,,,
2223_20230425_aston_villa_fulham,2223,2023-04-25,Fulham,Aston Villa,0,football-data.co.uk,2023-04-26,away,,,,,,,,,1,0,,,,,,,,,,,,,,,,,,,,,,1.0,,,,,,,
2223_20230425_aston_villa_fulham,2223,2023-04-25,Aston Villa,Fulham,1,football-data.co.uk,2023-04-26,home,,,,,,,,,14,3,,,,,,,,,,,,,,,,,,,,,,20.0,,,,,,,
2223_20230425_leeds_leicester,2223,2023-04-25,Leicester,Leeds,0,football-data.co.uk,2023-04-26,away,,,,,,,,,15,3,,,,,,,,,,,,,,,,,,,,,,21.0,,,,,,,
2223_20230425_leeds_leicester,2223,2023-04-25,Leeds,Leicester,1,football-data.co.uk,2023-04-26,home,,,,,,,,,13,3,,,,,,,,,,,,,,,,,,,,,,19.0,,,,,,,
2223_20230425_wolves_crystal_palace,2223,2023-04-25,Crystal Palace,Wolves,0,football-data.co.uk,2023-04-26,away,,,,,,,,,14,4,,,,,,,,,,,,,,,,,,,,,,22.0,,,,,,,
2223_20230425_wolves_crystal_palace,2223,2023-04-25,Wolves,Crystal Palace,1,football-data.co.uk,2023-04-26,home,,,,,,,,,9,3,,,,,,,,,,,,,,,,,,,,,,15.0,,,,,,,
2223_20230426_chelsea_brentford,2223,2023-04-26,Brentford,Chelsea,0,football-data.co.uk,2023-04-27,away,,,,,,,,,7,1,,,,,,,,,,,,,,,,,,,,,,9.0,,,,,,,
2223_20230426_chelsea_brentford,2223,2023-04-26,Chelsea,Brentford,1,football-data.co.uk,2023-04-27,home,,,,,,,,,15,4,,,,,,,,,,,,,,,,,,,,,,23.0,,,,,,,
2223_20230426_man_city_arsenal,2223,2023-04-26,Arsenal,Man City,0,football-data.co.uk,2023-04-27,away,,,,,,,,,8,2,,,,,,,,,,,,,,,,,,,,,,12.0,,,,,,,
2223_20230426_man_city_arsenal,2223,2023-04-26,Man City,Arsenal,1,football-data.co.uk,2023-04-27,home,,,,,,,,,14,9,,,,,,,,,,,,,,,,,,,,,,32.0,,,,,,,
2223_20230426_nottm_forest_brighton,2223,2023-04-26,Brighton,Nott'm Forest,0,football-data.co.uk,2023-04-27,away,,,,,,,,,17,7,,,,,,,,,,,,,,,,,,,,,,31.0,,,,,,,
2223_20230426_nottm_forest_brighton,2223,2023-04-26,Nott'm Forest,Brighton,1,football-data.co.uk,2023-04-27,home,,,,,,,,,12,5,,,,,,,,,,,,,,,,,,,,,,22.0,,,,,,,
2223_20230426_west_ham_liverpool,2223,2023-04-26,Liverpool,West Ham,0,football-data.co.uk,2023-04-27,away,,,,,,,,,20,4,,,,,,,,,,,,,,,,,,,,,,28.0,,,,,,,
2223_20230426_west_ham_liverpool,2223,2023-04-26,West Ham,Liverpool,1,football-data.co.uk,2023-04-27,home,,,,,,,,,7,2,,,,,,,,,,,,,,,,,,,,,,11.0,,,,,,,
2223_20230427_everton_newcastle,2223,2023-04-27,Newcastle,Everton,0,football-data.co.uk,2023-04-28,away,,,,,,,,,15,8,,,,,,,,,,,,,,,,,,,,,,31.0,,,,,,,
2223_20230427_everton_newcastle,2223,2023-04-27,Everton,Newcastle,1,football-data.co.uk,2023-04-28,home,,,,,,,,,13,5,,,,,,,,,,,,,,,,,,,,,,23.0,,,,,,,
2223_20230427_southampton_bournemouth,2223,2023-04-27,Bournemouth,Southampton,0,football-data.co.uk,2023-04-28,away,,,,,,,,,16,2,,,,,,,,,,,,,,,,,,,,,,20.0,,,,,,,
2223_20230427_southampton_bournemouth,2223,2023-04-27,Southampton,Bournemouth,1,football-data.co.uk,2023-04-28,home,,,,,,,,,11,2,,,,,,,,,,,,,,,,,,,,,,15.0,,,,,,,
2223_20230427_tottenham_man_united,2223,2023-04-27,Man United,Tottenham,0,football-data.co.uk,2023-04-28,away,,,,,,,,,17,8,,,,,,,,,,,,,,,,,,,,,,33.0,,,,,,,
2223_20230427_tottenham_man_united,2223,2023-04-27,Tottenham,Man United,1,football-data.co.uk,2023-04-28,home,,,,,,,,,18,7,,,,,,,,,,,,,,,,,,,,,,32.0,,,,,,,
2223_20230429_brentford_nottm_forest,2223,2023-04-29,Nott'm Forest,Brentford,0,football-data.co.uk,2023-04-30,away,,,,,,,,,5,3,,,,,,,,,,,,,,,,,,,,,,11.0,,,,,,,
2223_20230429_brentford_nottm_forest,2223,2023-04-29,Brentford,Nott'm Forest,1,football-data.co.uk,2023-04-30,home,,,,,,,,,14,8,,,,,,,,,,,,,,,,,,,,,,30.0,,,,,,,
2223_20230429_brighton_wolves,2223,2023-04-29,Wolves,Brighton,0,football-data.co.uk,2023-04-30,away,,,,,,,,,10,2,,,,,,,,,,,,,,,,,,,,,,14.0,,,,,,,
2223_20230429_brighton_wolves,2223,2023-04-29,Brighton,Wolves,1,football-data.co.uk,2023-04-30,home,,,,,,,,,22,8,,,,,,,,,,,,,,,,,,,,,,38.0,,,,,,,
2223_20230429_crystal_palace_west_ham,2223,2023-04-29,West Ham,Crystal Palace,0,football-data.co.uk,2023-04-30,away,,,,,,,,,8,4,,,,,,,,,,,,,,,,,,,,,,16.0,,,,,,,
2223_20230429_crystal_palace_west_ham,2223,2023-04-29,Crystal Palace,West Ham,1,football-data.co.uk,2023-04-30,home,,,,,,,,,16,6,,,,,,,,,,,,,,,,,,,,,,28.0,,,,,,,
2223_20230430_bournemouth_leeds,2223,2023-04-30,Leeds,Bournemouth,0,football-data.co.uk,2023-05-01,away,,,,,,,,,15,6,,,,,,,,,,,,,,,,,,,,,,27.0,,,,,,,
2223_20230430_bournemouth_leeds,2223,2023-04-30,Bournemouth,Leeds,1,football-data.co.uk,2023-05-01,home,,,,,,,,,12,7,,,,,,,,,,,,,,,,,,,,,,26.0,,,,,,,
2223_20230430_fulham_man_city,2223,2023-04-30,Man City,Fulham,0,football-data.co.uk,2023-05-01,away,,,,,,,,,12,9,,,,,,,,,,,,,,,,,,,,,,30.0,,,,,,,
2223_20230430_fulham_man_city,2223,2023-04-30,Fulham,Man City,1,football-data.co.uk,2023-05-01,home,,,,,,,,,4,1,,,,,,,,,,,,,,,,,,,,,,6.0,,,,,,,
2223_20230430_liverpool_tottenham,2223,2023-04-30,Tottenham,Liverpool,0,football-data.co.uk,2023-05-01,away,,,,,,,,,10,7,,,,,,,,,,,,,,,,,,,,,,24.0,,,,,,,
2223_20230430_liverpool_tottenham,2223,2023-04-30,Liverpool,Tottenham,1,football-data.co.uk,2023-05-01,home,,,,,,,,,12,4,,,,,,,,,,,,,,,,,,,,,,20.0,,,,,,,
2223_20230430_man_united_aston_villa,2223,2023-04-30,Aston Villa,Man United,0,football-data.co.uk,2023-05-01,away,,,,,,,,,7,1,,,,,,,,,,,,,,,,,,,,,,9.0,,,,,,,
2223_20230430_man_united_aston_villa,2223,2023-04-30,Man United,Aston Villa,1,football-data.co.uk,2023-05-01,home,,,,,,,,,14,6,,,,,,,,,,,,,,,,,,,,,,26.0,,,,,,,
2223_20230430_newcastle_southampton,2223,2023-04-30,Southampton,Newcastle,0,football-data.co.uk,2023-05-01,away,,,,,,,,,4,3,,,,,,,,,,,,,,,,,,,,,,10.0,,,,,,,
2223_20230430_newcastle_southampton,2223,2023-04-30,Newcastle,Southampton,1,football-data.co.uk,2023-05-01,home,,,,,,,,,22,5,,,,,,,,,,,,,,,,,,,,,,32.0,,,,,,,
2223_20230501_leicester_everton,2223,2023-05-01,Everton,Leicester,0,football-data.co.uk,2023-05-02,away,,,,,,,,,23,8,,,,,,,,,,,,,,,,,,,,,,39.0,,,,,,,
2223_20230501_leicester_everton,2223,2023-05-01,Leicester,Everton,1,football-data.co.uk,2023-05-02,home,,,,,,,,,15,6,,,,,,,,,,,,,,,,,,,,,,27.0,,,,,,,
2223_20230502_arsenal_chelsea,2223,2023-05-02,Chelsea,Arsenal,0,football-data.co.uk,2023-05-03,away,,,,,,,,,7,4,,,,,,,,,,,,,,,,,,,,,,15.0,,,,,,,
2223_20230502_arsenal_chelsea,2223,2023-05-02,Arsenal,Chelsea,1,football-data.co.uk,2023-05-03,home,,,,,,,,,16,10,,,,,,,,,,,,,,,,,,,,,,36.0,,,,,,,
2223_20230503_liverpool_fulham,2223,2023-05-03,Fulham,Liverpool,0,football-data.co.uk,2023-05-04,away,,,,,,,,,9,3,,,,,,,,,,,,,,,,,,,,,,15.0,,,,,,,
2223_20230503_liverpool_fulham,2223,2023-05-03,Liverpool,Fulham,1,football-data.co.uk,2023-05-04,home,,,,,,,,,15,3,,,,,,,,,,,,,,,,,,,,,,21.0,,,,,,,
2223_20230503_man_city_west_ham,2223,2023-05-03,West Ham,Man City,0,football-data.co.uk,2023-05-04,away,,,,,,,,,6,2,,,,,,,,,,,,,,,,,,,,,,10.0,,,,,,,
2223_20230503_man_city_west_ham,2223,2023-05-03,Man City,West Ham,1,football-data.co.uk,2023-05-04,home,,,,,,,,,16,7,,,,,,,,,,,,,,,,,,,,,,30.0,,,,,,,
2223_20230504_brighton_man_united,2223,2023-05-04,Man United,Brighton,0,football-data.co.uk,2023-05-05,away,,,,,,,,,16,5,,,,,,,,,,,,,,,,,,,,,,26.0,,,,,,,
2223_20230504_brighton_man_united,2223,2023-05-04,Brighton,Man United,1,football-data.co.uk,2023-05-05,home,,,,,,,,,22,6,,,,,,,,,,,,,,,,,,,,,,34.0,,,,,,,
2223_20230506_bournemouth_chelsea,2223,2023-05-06,Chelsea,Bournemouth,0,football-data.co.uk,2023-05-07,away,,,,,,,,,11,5,,,,,,,,,,,,,,,,,,,,,,21.0,,,,,,,
2223_20230506_bournemouth_chelsea,2223,2023-05-06,Bournemouth,Chelsea,1,football-data.co.uk,2023-05-07,home,,,,,,,,,10,4,,,,,,,,,,,,,,,,,,,,,,18.0,,,,,,,
2223_20230506_liverpool_brentford,2223,2023-05-06,Brentford,Liverpool,0,football-data.co.uk,2023-05-07,away,,,,,,,,,5,1,,,,,,,,,,,,,,,,,,,,,,7.0,,,,,,,
2223_20230506_liverpool_brentford,2223,2023-05-06,Liverpool,Brentford,1,football-data.co.uk,2023-05-07,home,,,,,,,,,15,5,,,,,,,,,,,,,,,,,,,,,,25.0,,,,,,,
2223_20230506_man_city_leeds,2223,2023-05-06,Leeds,Man City,0,football-data.co.uk,2023-05-07,away,,,,,,,,,4,2,,,,,,,,,,,,,,,,,,,,,,8.0,,,,,,,
2223_20230506_man_city_leeds,2223,2023-05-06,Man City,Leeds,1,football-data.co.uk,2023-05-07,home,,,,,,,,,18,6,,,,,,,,,,,,,,,,,,,,,,30.0,,,,,,,
2223_20230506_tottenham_crystal_palace,2223,2023-05-06,Crystal Palace,Tottenham,0,football-data.co.uk,2023-05-07,away,,,,,,,,,7,2,,,,,,,,,,,,,,,,,,,,,,11.0,,,,,,,
2223_20230506_tottenham_crystal_palace,2223,2023-05-06,Tottenham,Crystal Palace,1,football-data.co.uk,2023-05-07,home,,,,,,,,,8,3,,,,,,,,,,,,,,,,,,,,,,14.0,,,,,,,
2223_20230506_wolves_aston_villa,2223,2023-05-06,Aston Villa,Wolves,0,football-data.co.uk,2023-05-07,away,,,,,,,,,16,3,,,,,,,,,,,,,,,,,,,,,,22.0,,,,,,,
2223_20230506_wolves_aston_villa,2223,2023-05-06,Wolves,Aston Villa,1,football-data.co.uk,2023-05-07,home,,,,,,,,,6,2,,,,,,,,,,,,,,,,,,,,,,10.0,,,,,,,
2223_20230507_newcastle_arsenal,2223,2023-05-07,Arsenal,Newcastle,0,football-data.co.uk,2023-05-08,away,,,,,,,,,10,6,,,,,,,,,,,,,,,,,,,,,,22.0,,,,,,,
2223_20230507_newcastle_arsenal,2223,2023-05-07,Newcastle,Arsenal,1,football-data.co.uk,2023-05-08,home,,,,,,,,,12,5,,,,,,,,,,,,,,,,,,,,,,22.0,,,,,,,
2223_20230507_west_ham_man_united,2223,2023-05-07,Man United,West Ham,0,football-data.co.uk,2023-05-08,away,,,,,,,,,19,4,,,,,,,,,,,,,,,,,,,,,,27.0,,,,,,,
2223_20230507_west_ham_man_united,2223,2023-05-07,West Ham,Man United,1,football-data.co.uk,2023-05-08,home,,,,,,,,,15,4,,,,,,,,,,,,,,,,,,,,,,23.0,,,,,,,
2223_20230508_brighton_everton,2223,2023-05-08,Everton,Brighton,0,football-data.co.uk,2023-05-09,away,,,,,,,,,10,5,,,,,,,,,,,,,,,,,,,,,,20.0,,,,,,,
2223_20230508_brighton_everton,2223,2023-05-08,Brighton,Everton,1,football-data.co.uk,2023-05-09,home,,,,,,,,,23,5,,,,,,,,,,,,,,,,,,,,,,33.0,,,,,,,
2223_20230508_fulham_leicester,2223,2023-05-08,Leicester,Fulham,0,football-data.co.uk,2023-05-09,away,,,,,,,,,18,9,,,,,,,,,,,,,,,,,,,,,,36.0,,,,,,,
2223_20230508_fulham_leicester,2223,2023-05-08,Fulham,Leicester,1,football-data.co.uk,2023-05-09,home,,,,,,,,,17,7,,,,,,,,,,,,,,,,,,,,,,31.0,,,,,,,
2223_20230508_nottm_forest_southampton,2223,2023-05-08,Southampton,Nott'm Forest,0,football-data.co.uk,2023-05-09,away,,,,,,,,,19,5,,,,,,,,,,,,,,,,,,,,,,29.0,,,,,,,
2223_20230508_nottm_forest_southampton,2223,2023-05-08,Nott'm Forest,Southampton,1,football-data.co.uk,2023-05-09,home,,,,,,,,,9,4,,,,,,,,,,,,,,,,,,,,,,17.0,,,,,,,
2223_20230513_aston_villa_tottenham,2223,2023-05-13,Tottenham,Aston Villa,0,football-data.co.uk,2023-05-14,away,,,,,,,,,5,2,,,,,,,,,,,,,,,,,,,,,,9.0,,,,,,,
2223_20230513_aston_villa_tottenham,2223,2023-05-13,Aston Villa,Tottenham,1,football-data.co.uk,2023-05-14,home,,,,,,,,,8,4,,,,,,,,,,,,,,,,,,,,,,16.0,,,,,,,
2223_20230513_chelsea_nottm_forest,2223,2023-05-13,Nott'm Forest,Chelsea,0,football-data.co.uk,2023-05-14,away,,,,,,,,,11,2,,,,,,,,,,,,,,,,,,,,,,15.0,,,,,,,
2223_20230513_chelsea_nottm_forest,2223,2023-05-13,Chelsea,Nott'm Forest,1,football-data.co.uk,2023-05-14,home,,,,,,,,,14,6,,,,,,,,,,,,,,,,,,,,,,26.0,,,,,,,
2223_20230513_crystal_palace_bournemouth,2223,2023-05-13,Bournemouth,Crystal Palace,0,football-data.co.uk,2023-05-14,away,,,,,,,,,5,0,,,,,,,,,,,,,,,,,,,,,,5.0,,,,,,,
2223_20230513_crystal_palace_bournemouth,2223,2023-05-13,Crystal Palace,Bournemouth,1,football-data.co.uk,2023-05-14,home,,,,,,,,,17,5,,,,,,,,,,,,,,,,,,,,,,27.0,,,,,,,
2223_20230513_leeds_newcastle,2223,2023-05-13,Newcastle,Leeds,0,football-data.co.uk,2023-05-14,away,,,,,,,,,18,5,,,,,,,,,,,,,,,,,,,,,,28.0,,,,,,,
2223_20230513_leeds_newcastle,2223,2023-05-13,Leeds,Newcastle,1,football-data.co.uk,2023-05-14,home,,,,,,,,,9,4,,,,,,,,,,,,,,,,,,,,,,17.0,,,,,,,
2223_20230513_man_united_wolves,2223,2023-05-13,Wolves,Man United,0,football-data.co.uk,2023-05-14,away,,,,,,,,,5,0,,,,,,,,,,,,,,,,,,,,,,5.0,,,,,,,
2223_20230513_man_united_wolves,2223,2023-05-13,Man United,Wolves,1,football-data.co.uk,2023-05-14,home,,,,,,,,,27,9,,,,,,,,,,,,,,,,,,,,,,45.0,,,,,,,
2223_20230513_southampton_fulham,2223,2023-05-13,Fulham,Southampton,0,football-data.co.uk,2023-05-14,away,,,,,,,,,9,4,,,,,,,,,,,,,,,,,,,,,,17.0,,,,,,,
2223_20230513_southampton_fulham,2223,2023-05-13,Southampton,Fulham,1,football-data.co.uk,2023-05-14,home,,,,,,,,,5,1,,,,,,,,,,,,,,,,,,,,,,7.0,,,,,,,
2223_20230514_arsenal_brighton,2223,2023-05-14,Brighton,Arsenal,0,football-data.co.uk,2023-05-15,away,,,,,,,,,12,6,,,,,,,,,,,,,,,,,,,,,,24.0,,,,,,,
2223_20230514_arsenal_brighton,2223,2023-05-14,Arsenal,Brighton,1,football-data.co.uk,2023-05-15,home,,,,,,,,,14,2,,,,,,,,,,,,,,,,,,,,,,18.0,,,,,,,
2223_20230514_brentford_west_ham,2223,2023-05-14,West Ham,Brentford,0,football-data.co.uk,2023-05-15,away,,,,,,,,,4,4,,,,,,,,,,,,,,,,,,,,,,12.0,,,,,,,
2223_20230514_brentford_west_ham,2223,2023-05-14,Brentford,West Ham,1,football-data.co.uk,2023-05-15,home,,,,,,,,,24,10,,,,,,,,,,,,,,,,,,,,,,44.0,,,,,,,
2223_20230514_everton_man_city,2223,2023-05-14,Man City,Everton,0,football-data.co.uk,2023-05-15,away,,,,,,,,,9,4,,,,,,,,,,,,,,,,,,,,,,17.0,,,,,,,
2223_20230514_everton_man_city,2223,2023-05-14,Everton,Man City,1,football-data.co.uk,2023-05-15,home,,,,,,,,,7,3,,,,,,,,,,,,,,,,,,,,,,13.0,,,,,,,
2223_20230515_leicester_liverpool,2223,2023-05-15,Liverpool,Leicester,0,football-data.co.uk,2023-05-16,away,,,,,,,,,16,5,,,,,,,,,,,,,,,,,,,,,,26.0,,,,,,,
2223_20230515_leicester_liverpool,2223,2023-05-15,Leicester,Liverpool,1,football-data.co.uk,2023-05-16,home,,,,,,,,,4,4,,,,,,,,,,,,,,,,,,,,,,12.0,,,,,,,
2223_20230518_newcastle_brighton,2223,2023-05-18,Brighton,Newcastle,0,football-data.co.uk,2023-05-19,away,,,,,,,,,8,2,,,,,,,,,,,,,,,,,,,,,,12.0,,,,,,,
2223_20230518_newcastle_brighton,2223,2023-05-18,Newcastle,Brighton,1,football-data.co.uk,2023-05-19,home,,,,,,,,,22,9,,,,,,,,,,,,,,,,,,,,,,40.0,,,,,,,
2223_20230520_bournemouth_man_united,2223,2023-05-20,Man United,Bournemouth,0,football-data.co.uk,2023-05-21,away,,,,,,,,,20,5,,,,,,,,,,,,,,,,,,,,,,30.0,,,,,,,
2223_20230520_bournemouth_man_united,2223,2023-05-20,Bournemouth,Man United,1,football-data.co.uk,2023-05-21,home,,,,,,,,,10,4,,,,,,,,,,,,,,,,,,,,,,18.0,,,,,,,
2223_20230520_fulham_crystal_palace,2223,2023-05-20,Crystal Palace,Fulham,0,football-data.co.uk,2023-05-21,away,,,,,,,,,11,5,,,,,,,,,,,,,,,,,,,,,,21.0,,,,,,,
2223_20230520_fulham_crystal_palace,2223,2023-05-20,Fulham,Crystal Palace,1,football-data.co.uk,2023-05-21,home,,,,,,,,,11,4,,,,,,,,,,,,,,,,,,,,,,19.0,,,,,,,
2223_20230520_liverpool_aston_villa,2223,2023-05-20,Aston Villa,Liverpool,0,football-data.co.uk,2023-05-21,away,,,,,,,,,6,3,,,,,,,,,,,,,,,,,,,,,,12.0,,,,,,,
2223_20230520_liverpool_aston_villa,2223,2023-05-20,Liverpool,Aston Villa,1,football-data.co.uk,2023-05-21,home,,,,,,,,,10,5,,,,,,,,,,,,,,,,,,,,,,20.0,,,,,,,
2223_20230520_nottm_forest_arsenal,2223,2023-05-20,Arsenal,Nott'm Forest,0,football-data.co.uk,2023-05-21,away,,,,,,,,,11,3,,,,,,,,,,,,,,,,,,,,,,17.0,,,,,,,
2223_20230520_nottm_forest_arsenal,2223,2023-05-20,Nott'm Forest,Arsenal,1,football-data.co.uk,2023-05-21,home,,,,,,,,,6,2,,,,,,,,,,,,,,,,,,,,,,10.0,,,,,,,
2223_20230520_tottenham_brentford,2223,2023-05-20,Brentford,Tottenham,0,football-data.co.uk,2023-05-21,away,,,,,,,,,11,4,,,,,,,,,,,,,,,,,,,,,,19.0,,,,,,,
2223_20230520_tottenham_brentford,2223,2023-05-20,Tottenham,Brentford,1,football-data.co.uk,2023-05-21,home,,,,,,,,,22,8,,,,,,,,,,,,,,,,,,,,,,38.0,,,,,,,
2223_20230520_wolves_everton,2223,2023-05-20,Everton,Wolves,0,football-data.co.uk,2023-05-21,away,,,,,,,,,19,4,,,,,,,,,,,,,,,,,,,,,,27.0,,,,,,,
2223_20230520_wolves_everton,2223,2023-05-20,Wolves,Everton,1,football-data.co.uk,2023-05-21,home,,,,,,,,,13,5,,,,,,,,,,,,,,,,,,,,,,23.0,,,,,,,
2223_20230521_brighton_southampton,2223,2023-05-21,Southampton,Brighton,0,football-data.co.uk,2023-05-22,away,,,,,,,,,5,1,,,,,,,,,,,,,,,,,,,,,,7.0,,,,,,,
2223_20230521_brighton_southampton,2223,2023-05-21,Brighton,Southampton,1,football-data.co.uk,2023-05-22,home,,,,,,,,,26,8,,,,,,,,,,,,,,,,,,,,,,42.0,,,,,,,
2223_20230521_man_city_chelsea,2223,2023-05-21,Chelsea,Man City,0,football-data.co.uk,2023-05-22,away,,,,,,,,,13,6,,,,,,,,,,,,,,,,,,,,,,25.0,,,,,,,
2223_20230521_man_city_chelsea,2223,2023-05-21,Man City,Chelsea,1,football-data.co.uk,2023-05-22,home,,,,,,,,,15,2,,,,,,,,,,,,,,,,,,,,,,19.0,,,,,,,
2223_20230521_west_ham_leeds,2223,2023-05-21,Leeds,West Ham,0,football-data.co.uk,2023-05-22,away,,,,,,,,,12,3,,,,,,,,,,,,,,,,,,,,,,18.0,,,,,,,
2223_20230521_west_ham_leeds,2223,2023-05-21,West Ham,Leeds,1,football-data.co.uk,2023-05-22,home,,,,,,,,,19,9,,,,,,,,,,,,,,,,,,,,,,37.0,,,,,,,
2223_20230522_newcastle_leicester,2223,2023-05-22,Leicester,Newcastle,0,football-data.co.uk,2023-05-23,away,,,,,,,,,1,1,,,,,,,,,,,,,,,,,,,,,,3.0,,,,,,,
2223_20230522_newcastle_leicester,2223,2023-05-22,Newcastle,Leicester,1,football-data.co.uk,2023-05-23,home,,,,,,,,,23,4,,,,,,,,,,,,,,,,,,,,,,31.0,,,,,,,
2223_20230524_brighton_man_city,2223,2023-05-24,Man City,Brighton,0,football-data.co.uk,2023-05-25,away,,,,,,,,,13,4,,,,,,,,,,,,,,,,,,,,,,21.0,,,,,,,
2223_20230524_brighton_man_city,2223,2023-05-24,Brighton,Man City,1,football-data.co.uk,2023-05-25,home,,,,,,,,,20,7,,,,,,,,,,,,,,,,,,,,,,34.0,,,,,,,
2223_20230525_man_united_chelsea,2223,2023-05-25,Chelsea,Man United,0,football-data.co.uk,2023-05-26,away,,,,,,,,,14,5,,,,,,,,,,,,,,,,,,,,,,24.0,,,,,,,
2223_20230525_man_united_chelsea,2223,2023-05-25,Man United,Chelsea,1,football-data.co.uk,2023-05-26,home,,,,,,,,,18,9,,,,,,,,,,,,,,,,,,,,,,36.0,,,,,,,
2223_20230528_arsenal_wolves,2223,2023-05-28,Wolves,Arsenal,0,football-data.co.uk,2023-05-29,away,,,,,,,,,6,0,,,,,,,,,,,,,,,,,,,,,,6.0,,,,,,,
2223_20230528_arsenal_wolves,2223,2023-05-28,Arsenal,Wolves,1,football-data.co.uk,2023-05-29,home,,,,,,,,,14,8,,,,,,,,,,,,,,,,,,,,,,30.0,,,,,,,
2223_20230528_aston_villa_brighton,2223,2023-05-28,Brighton,Aston Villa,0,football-data.co.uk,2023-05-29,away,,,,,,,,,8,4,,,,,,,,,,,,,,,,,,,,,,16.0,,,,,,,
2223_20230528_aston_villa_brighton,2223,2023-05-28,Aston Villa,Brighton,1,football-data.co.uk,2023-05-29,home,,,,,,,,,12,5,,,,,,,,,,,,,,,,,,,,,,22.0,,,,,,,
2223_20230528_brentford_man_city,2223,2023-05-28,Man City,Brentford,0,football-data.co.uk,2023-05-29,away,,,,,,,,,17,3,,,,,,,,,,,,,,,,,,,,,,23.0,,,,,,,
2223_20230528_brentford_man_city,2223,2023-05-28,Brentford,Man City,1,football-data.co.uk,2023-05-29,home,,,,,,,,,11,4,,,,,,,,,,,,,,,,,,,,,,19.0,,,,,,,
2223_20230528_chelsea_newcastle,2223,2023-05-28,Newcastle,Chelsea,0,football-data.co.uk,2023-05-29,away,,,,,,,,,13,4,,,,,,,,,,,,,,,,,,,,,,21.0,,,,,,,
2223_20230528_chelsea_newcastle,2223,2023-05-28,Chelsea,Newcastle,1,football-data.co.uk,2023-05-29,home,,,,,,,,,22,5,,,,,,,,,,,,,,,,,,,,,,32.0,,,,,,,
2223_20230528_crystal_palace_nottm_forest,2223,2023-05-28,Nott'm Forest,Crystal Palace,0,football-data.co.uk,2023-05-29,away,,,,,,,,,7,4,,,,,,,,,,,,,,,,,,,,,,15.0,,,,,,,
2223_20230528_crystal_palace_nottm_forest,2223,2023-05-28,Crystal Palace,Nott'm Forest,1,football-data.co.uk,2023-05-29,home,,,,,,,,,16,4,,,,,,,,,,,,,,,,,,,,,,24.0,,,,,,,
2223_20230528_everton_bournemouth,2223,2023-05-28,Bournemouth,Everton,0,football-data.co.uk,2023-05-29,away,,,,,,,,,7,2,,,,,,,,,,,,,,,,,,,,,,11.0,,,,,,,
2223_20230528_everton_bournemouth,2223,2023-05-28,Everton,Bournemouth,1,football-data.co.uk,2023-05-29,home,,,,,,,,,13,6,,,,,,,,,,,,,,,,,,,,,,25.0,,,,,,,
2223_20230528_leeds_tottenham,2223,2023-05-28,Tottenham,Leeds,0,football-data.co.uk,2023-05-29,away,,,,,,,,,11,7,,,,,,,,,,,,,,,,,,,,,,25.0,,,,,,,
2223_20230528_leeds_tottenham,2223,2023-05-28,Leeds,Tottenham,1,football-data.co.uk,2023-05-29,home,,,,,,,,,19,2,,,,,,,,,,,,,,,,,,,,,,23.0,,,,,,,
2223_20230528_leicester_west_ham,2223,2023-05-28,West Ham,Leicester,0,football-data.co.uk,2023-05-29,away,,,,,,,,,16,3,,,,,,,,,,,,,,,,,,,,,,22.0,,,,,,,
2223_20230528_leicester_west_ham,2223,2023-05-28,Leicester,West Ham,1,football-data.co.uk,2023-05-29,home,,,,,,,,,13,4,,,,,,,,,,,,,,,,,,,,,,21.0,,,,,,,
2223_20230528_man_united_fulham,2223,2023-05-28,Fulham,Man United,0,football-data.co.uk,2023-05-29,away,,,,,,,,,10,3,,,,,,,,,,,,,,,,,,,,,,16.0,,,,,,,
2223_20230528_man_united_fulham,2223,2023-05-28,Man United,Fulham,1,football-data.co.uk,2023-05-29,home,,,,,,,,,21,8,,,,,,,,,,,,,,,,,,,,,,37.0,,,,,,,
2223_20230528_southampton_liverpool,2223,2023-05-28,Liverpool,Southampton,0,football-data.co.uk,2023-05-29,away,,,,,,,,,30,8,,,,,,,,,,,,,,,,,,,,,,46.0,,,,,,,
2223_20230528_southampton_liverpool,2223,2023-05-28,Southampton,Liverpool,1,football-data.co.uk,2023-05-29,home,,,,,,,,,15,10,,,,,,,,,,,,,,,,,,,,,,35.0,,,,,,,
2324_20230811_burnley_man_city,2324,2023-08-11,Man City,Burnley,0,football-data.co.uk,2023-08-12,away,,,,,,,,,17,8,,,,,,,,,,,,,,,,,,,,,,33.0,,,,,,,
2324_20230811_burnley_man_city,2324,2023-08-11,Burnley,Man City,1,football-data.co.uk,2023-08-12,home,,,,,,,,,6,1,,,,,,,,,,,,,,,,,,,,,,8.0,,,,,,,
2324_20230812_arsenal_nottm_forest,2324,2023-08-12,Nott'm Forest,Arsenal,0,football-data.co.uk,2023-08-13,away,,,,,,,,,6,2,,,,,,,,,,,,,,,,,,,,,,10.0,,,,,,,
2324_20230812_arsenal_nottm_forest,2324,2023-08-12,Arsenal,Nott'm Forest,1,football-data.co.uk,2023-08-13,home,,,,,,,,,15,7,,,,,,,,,,,,,,,,,,,,,,29.0,,,,,,,
2324_20230812_bournemouth_west_ham,2324,2023-08-12,West Ham,Bournemouth,0,football-data.co.uk,2023-08-13,away,,,,,,,,,16,3,,,,,,,,,,,,,,,,,,,,,,22.0,,,,,,,
2324_20230812_bournemouth_west_ham,2324,2023-08-12,Bournemouth,West Ham,1,football-data.co.uk,2023-08-13,home,,,,,,,,,14,5,,,,,,,,,,,,,,,,,,,,,,24.0,,,,,,,
2324_20230812_brighton_luton,2324,2023-08-12,Luton,Brighton,0,football-data.co.uk,2023-08-13,away,,,,,,,,,9,3,,,,,,,,,,,,,,,,,,,,,,15.0,,,,,,,
2324_20230812_brighton_luton,2324,2023-08-12,Brighton,Luton,1,football-data.co.uk,2023-08-13,home,,,,,,,,,27,12,,,,,,,,,,,,,,,,,,,,,,51.0,,,,,,,
2324_20230812_everton_fulham,2324,2023-08-12,Fulham,Everton,0,football-data.co.uk,2023-08-13,away,,,,,,,,,9,2,,,,,,,,,,,,,,,,,,,,,,13.0,,,,,,,
2324_20230812_everton_fulham,2324,2023-08-12,Everton,Fulham,1,football-data.co.uk,2023-08-13,home,,,,,,,,,19,9,,,,,,,,,,,,,,,,,,,,,,37.0,,,,,,,
2324_20230812_newcastle_aston_villa,2324,2023-08-12,Aston Villa,Newcastle,0,football-data.co.uk,2023-08-13,away,,,,,,,,,16,6,,,,,,,,,,,,,,,,,,,,,,28.0,,,,,,,
2324_20230812_newcastle_aston_villa,2324,2023-08-12,Newcastle,Aston Villa,1,football-data.co.uk,2023-08-13,home,,,,,,,,,17,13,,,,,,,,,,,,,,,,,,,,,,43.0,,,,,,,
2324_20230812_sheffield_united_crystal_palace,2324,2023-08-12,Crystal Palace,Sheffield United,0,football-data.co.uk,2023-08-13,away,,,,,,,,,24,8,,,,,,,,,,,,,,,,,,,,,,40.0,,,,,,,
2324_20230812_sheffield_united_crystal_palace,2324,2023-08-12,Sheffield United,Crystal Palace,1,football-data.co.uk,2023-08-13,home,,,,,,,,,8,1,,,,,,,,,,,,,,,,,,,,,,10.0,,,,,,,
2324_20230813_brentford_tottenham,2324,2023-08-13,Tottenham,Brentford,0,football-data.co.uk,2023-08-14,away,,,,,,,,,18,6,,,,,,,,,,,,,,,,,,,,,,30.0,,,,,,,
2324_20230813_brentford_tottenham,2324,2023-08-13,Brentford,Tottenham,1,football-data.co.uk,2023-08-14,home,,,,,,,,,11,6,,,,,,,,,,,,,,,,,,,,,,23.0,,,,,,,
2324_20230813_chelsea_liverpool,2324,2023-08-13,Liverpool,Chelsea,0,football-data.co.uk,2023-08-14,away,,,,,,,,,13,1,,,,,,,,,,,,,,,,,,,,,,15.0,,,,,,,
2324_20230813_chelsea_liverpool,2324,2023-08-13,Chelsea,Liverpool,1,football-data.co.uk,2023-08-14,home,,,,,,,,,10,4,,,,,,,,,,,,,,,,,,,,,,18.0,,,,,,,
2324_20230814_man_united_wolves,2324,2023-08-14,Wolves,Man United,0,football-data.co.uk,2023-08-15,away,,,,,,,,,23,6,,,,,,,,,,,,,,,,,,,,,,35.0,,,,,,,
2324_20230814_man_united_wolves,2324,2023-08-14,Man United,Wolves,1,football-data.co.uk,2023-08-15,home,,,,,,,,,15,3,,,,,,,,,,,,,,,,,,,,,,21.0,,,,,,,
2324_20230818_nottm_forest_sheffield_united,2324,2023-08-18,Sheffield United,Nott'm Forest,0,football-data.co.uk,2023-08-19,away,,,,,,,,,7,3,,,,,,,,,,,,,,,,,,,,,,13.0,,,,,,,
2324_20230818_nottm_forest_sheffield_united,2324,2023-08-18,Nott'm Forest,Sheffield United,1,football-data.co.uk,2023-08-19,home,,,,,,,,,16,4,,,,,,,,,,,,,,,,,,,,,,24.0,,,,,,,
2324_20230819_fulham_brentford,2324,2023-08-19,Brentford,Fulham,0,football-data.co.uk,2023-08-20,away,,,,,,,,,17,8,,,,,,,,,,,,,,,,,,,,,,33.0,,,,,,,
2324_20230819_fulham_brentford,2324,2023-08-19,Fulham,Brentford,1,football-data.co.uk,2023-08-20,home,,,,,,,,,10,2,,,,,,,,,,,,,,,,,,,,,,14.0,,,,,,,
2324_20230819_liverpool_bournemouth,2324,2023-08-19,Bournemouth,Liverpool,0,football-data.co.uk,2023-08-20,away,,,,,,,,,13,5,,,,,,,,,,,,,,,,,,,,,,23.0,,,,,,,
2324_20230819_liverpool_bournemouth,2324,2023-08-19,Liverpool,Bournemouth,1,football-data.co.uk,2023-08-20,home,,,,,,,,,26,10,,,,,,,,,,,,,,,,,,,,,,46.0,,,,,,,
2324_20230819_man_city_newcastle,2324,2023-08-19,Newcastle,Man City,0,football-data.co.uk,2023-08-20,away,,,,,,,,,7,1,,,,,,,,,,,,,,,,,,,,,,9.0,,,,,,,
2324_20230819_man_city_newcastle,2324,2023-08-19,Man City,Newcastle,1,football-data.co.uk,2023-08-20,home,,,,,,,,,14,4,,,,,,,,,,,,,,,,,,,,,,22.0,,,,,,,
2324_20230819_tottenham_man_united,2324,2023-08-19,Man United,Tottenham,0,football-data.co.uk,2023-08-20,away,,,,,,,,,22,6,,,,,,,,,,,,,,,,,,,,,,34.0,,,,,,,
2324_20230819_tottenham_man_united,2324,2023-08-19,Tottenham,Man United,1,football-data.co.uk,2023-08-20,home,,,,,,,,,17,6,,,,,,,,,,,,,,,,,,,,,,29.0,,,,,,,
2324_20230819_wolves_brighton,2324,2023-08-19,Brighton,Wolves,0,football-data.co.uk,2023-08-20,away,,,,,,,,,16,8,,,,,,,,,,,,,,,,,,,,,,32.0,,,,,,,
2324_20230819_wolves_brighton,2324,2023-08-19,Wolves,Brighton,1,football-data.co.uk,2023-08-20,home,,,,,,,,,16,5,,,,,,,,,,,,,,,,,,,,,,26.0,,,,,,,
2324_20230820_aston_villa_everton,2324,2023-08-20,Everton,Aston Villa,0,football-data.co.uk,2023-08-21,away,,,,,,,,,9,2,,,,,,,,,,,,,,,,,,,,,,13.0,,,,,,,
2324_20230820_aston_villa_everton,2324,2023-08-20,Aston Villa,Everton,1,football-data.co.uk,2023-08-21,home,,,,,,,,,13,7,,,,,,,,,,,,,,,,,,,,,,27.0,,,,,,,
2324_20230820_west_ham_chelsea,2324,2023-08-20,Chelsea,West Ham,0,football-data.co.uk,2023-08-21,away,,,,,,,,,17,4,,,,,,,,,,,,,,,,,,,,,,25.0,,,,,,,
2324_20230820_west_ham_chelsea,2324,2023-08-20,West Ham,Chelsea,1,football-data.co.uk,2023-08-21,home,,,,,,,,,12,6,,,,,,,,,,,,,,,,,,,,,,24.0,,,,,,,
2324_20230821_crystal_palace_arsenal,2324,2023-08-21,Arsenal,Crystal Palace,0,football-data.co.uk,2023-08-22,away,,,,,,,,,14,3,,,,,,,,,,,,,,,,,,,,,,20.0,,,,,,,
2324_20230821_crystal_palace_arsenal,2324,2023-08-21,Crystal Palace,Arsenal,1,football-data.co.uk,2023-08-22,home,,,,,,,,,14,2,,,,,,,,,,,,,,,,,,,,,,18.0,,,,,,,
2324_20230825_chelsea_luton,2324,2023-08-25,Luton,Chelsea,0,football-data.co.uk,2023-08-26,away,,,,,,,,,11,1,,,,,,,,,,,,,,,,,,,,,,13.0,,,,,,,
2324_20230825_chelsea_luton,2324,2023-08-25,Chelsea,Luton,1,football-data.co.uk,2023-08-26,home,,,,,,,,,19,8,,,,,,,,,,,,,,,,,,,,,,35.0,,,,,,,
2324_20230826_arsenal_fulham,2324,2023-08-26,Fulham,Arsenal,0,football-data.co.uk,2023-08-27,away,,,,,,,,,8,3,,,,,,,,,,,,,,,,,,,,,,14.0,,,,,,,
2324_20230826_arsenal_fulham,2324,2023-08-26,Arsenal,Fulham,1,football-data.co.uk,2023-08-27,home,,,,,,,,,19,11,,,,,,,,,,,,,,,,,,,,,,41.0,,,,,,,
2324_20230826_bournemouth_tottenham,2324,2023-08-26,Tottenham,Bournemouth,0,football-data.co.uk,2023-08-27,away,,,,,,,,,17,6,,,,,,,,,,,,,,,,,,,,,,29.0,,,,,,,
2324_20230826_bournemouth_tottenham,2324,2023-08-26,Bournemouth,Tottenham,1,football-data.co.uk,2023-08-27,home,,,,,,,,,11,3,,,,,,,,,,,,,,,,,,,,,,17.0,,,,,,,
2324_20230826_brentford_crystal_palace,2324,2023-08-26,Crystal Palace,Brentford,0,football-data.co.uk,2023-08-27,away,,,,,,,,,15,5,,,,,,,,,,,,,,,,,,,,,,25.0,,,,,,,
2324_20230826_brentford_crystal_palace,2324,2023-08-26,Brentford,Crystal Palace,1,football-data.co.uk,2023-08-27,home,,,,,,,,,12,1,,,,,,,,,,,,,,,,,,,,,,14.0,,,,,,,
2324_20230826_brighton_west_ham,2324,2023-08-26,West Ham,Brighton,0,football-data.co.uk,2023-08-27,away,,,,,,,,,12,3,,,,,,,,,,,,,,,,,,,,,,18.0,,,,,,,
2324_20230826_brighton_west_ham,2324,2023-08-26,Brighton,West Ham,1,football-data.co.uk,2023-08-27,home,,,,,,,,,25,10,,,,,,,,,,,,,,,,,,,,,,45.0,,,,,,,
2324_20230826_everton_wolves,2324,2023-08-26,Wolves,Everton,0,football-data.co.uk,2023-08-27,away,,,,,,,,,11,2,,,,,,,,,,,,,,,,,,,,,,15.0,,,,,,,
2324_20230826_everton_wolves,2324,2023-08-26,Everton,Wolves,1,football-data.co.uk,2023-08-27,home,,,,,,,,,15,7,,,,,,,,,,,,,,,,,,,,,,29.0,,,,,,,
2324_20230826_man_united_nottm_forest,2324,2023-08-26,Nott'm Forest,Man United,0,football-data.co.uk,2023-08-27,away,,,,,,,,,9,4,,,,,,,,,,,,,,,,,,,,,,17.0,,,,,,,
2324_20230826_man_united_nottm_forest,2324,2023-08-26,Man United,Nott'm Forest,1,football-data.co.uk,2023-08-27,home,,,,,,,,,18,9,,,,,,,,,,,,,,,,,,,,,,36.0,,,,,,,
2324_20230827_burnley_aston_villa,2324,2023-08-27,Aston Villa,Burnley,0,football-data.co.uk,2023-08-28,away,,,,,,,,,16,6,,,,,,,,,,,,,,,,,,,,,,28.0,,,,,,,
2324_20230827_burnley_aston_villa,2324,2023-08-27,Burnley,Aston Villa,1,football-data.co.uk,2023-08-28,home,,,,,,,,,9,2,,,,,,,,,,,,,,,,,,,,,,13.0,,,,,,,
2324_20230827_newcastle_liverpool,2324,2023-08-27,Liverpool,Newcastle,0,football-data.co.uk,2023-08-28,away,,,,,,,,,9,4,,,,,,,,,,,,,,,,,,,,,,17.0,,,,,,,
2324_20230827_newcastle_liverpool,2324,2023-08-27,Newcastle,Liverpool,1,football-data.co.uk,2023-08-28,home,,,,,,,,,23,8,,,,,,,,,,,,,,,,,,,,,,39.0,,,,,,,
2324_20230827_sheffield_united_man_city,2324,2023-08-27,Man City,Sheffield United,0,football-data.co.uk,2023-08-28,away,,,,,,,,,30,9,,,,,,,,,,,,,,,,,,,,,,48.0,,,,,,,
2324_20230827_sheffield_united_man_city,2324,2023-08-27,Sheffield United,Man City,1,football-data.co.uk,2023-08-28,home,,,,,,,,,6,2,,,,,,,,,,,,,,,,,,,,,,10.0,,,,,,,
2324_20230901_luton_west_ham,2324,2023-09-01,West Ham,Luton,0,football-data.co.uk,2023-09-02,away,,,,,,,,,9,3,,,,,,,,,,,,,,,,,,,,,,15.0,,,,,,,
2324_20230901_luton_west_ham,2324,2023-09-01,Luton,West Ham,1,football-data.co.uk,2023-09-02,home,,,,,,,,,16,1,,,,,,,,,,,,,,,,,,,,,,18.0,,,,,,,
2324_20230902_brentford_bournemouth,2324,2023-09-02,Bournemouth,Brentford,0,football-data.co.uk,2023-09-03,away,,,,,,,,,12,5,,,,,,,,,,,,,,,,,,,,,,22.0,,,,,,,
2324_20230902_brentford_bournemouth,2324,2023-09-02,Brentford,Bournemouth,1,football-data.co.uk,2023-09-03,home,,,,,,,,,21,7,,,,,,,,,,,,,,,,,,,,,,35.0,,,,,,,
2324_20230902_brighton_newcastle,2324,2023-09-02,Newcastle,Brighton,0,football-data.co.uk,2023-09-03,away,,,,,,,,,9,2,,,,,,,,,,,,,,,,,,,,,,13.0,,,,,,,
2324_20230902_brighton_newcastle,2324,2023-09-02,Brighton,Newcastle,1,football-data.co.uk,2023-09-03,home,,,,,,,,,15,6,,,,,,,,,,,,,,,,,,,,,,27.0,,,,,,,
2324_20230902_burnley_tottenham,2324,2023-09-02,Tottenham,Burnley,0,football-data.co.uk,2023-09-03,away,,,,,,,,,20,10,,,,,,,,,,,,,,,,,,,,,,40.0,,,,,,,
2324_20230902_burnley_tottenham,2324,2023-09-02,Burnley,Tottenham,1,football-data.co.uk,2023-09-03,home,,,,,,,,,16,4,,,,,,,,,,,,,,,,,,,,,,24.0,,,,,,,
2324_20230902_chelsea_nottm_forest,2324,2023-09-02,Nott'm Forest,Chelsea,0,football-data.co.uk,2023-09-03,away,,,,,,,,,7,3,,,,,,,,,,,,,,,,,,,,,,13.0,,,,,,,
2324_20230902_chelsea_nottm_forest,2324,2023-09-02,Chelsea,Nott'm Forest,1,football-data.co.uk,2023-09-03,home,,,,,,,,,21,2,,,,,,,,,,,,,,,,,,,,,,25.0,,,,,,,
2324_20230902_man_city_fulham,2324,2023-09-02,Fulham,Man City,0,football-data.co.uk,2023-09-03,away,,,,,,,,,6,4,,,,,,,,,,,,,,,,,,,,,,14.0,,,,,,,
2324_20230902_man_city_fulham,2324,2023-09-02,Man City,Fulham,1,football-data.co.uk,2023-09-03,home,,,,,,,,,7,5,,,,,,,,,,,,,,,,,,,,,,17.0,,,,,,,
2324_20230902_sheffield_united_everton,2324,2023-09-02,Everton,Sheffield United,0,football-data.co.uk,2023-09-03,away,,,,,,,,,16,6,,,,,,,,,,,,,,,,,,,,,,28.0,,,,,,,
2324_20230902_sheffield_united_everton,2324,2023-09-02,Sheffield United,Everton,1,football-data.co.uk,2023-09-03,home,,,,,,,,,13,8,,,,,,,,,,,,,,,,,,,,,,29.0,,,,,,,
2324_20230903_arsenal_man_united,2324,2023-09-03,Man United,Arsenal,0,football-data.co.uk,2023-09-04,away,,,,,,,,,10,2,,,,,,,,,,,,,,,,,,,,,,14.0,,,,,,,
2324_20230903_arsenal_man_united,2324,2023-09-03,Arsenal,Man United,1,football-data.co.uk,2023-09-04,home,,,,,,,,,17,5,,,,,,,,,,,,,,,,,,,,,,27.0,,,,,,,
2324_20230903_crystal_palace_wolves,2324,2023-09-03,Wolves,Crystal Palace,0,football-data.co.uk,2023-09-04,away,,,,,,,,,12,4,,,,,,,,,,,,,,,,,,,,,,20.0,,,,,,,
2324_20230903_crystal_palace_wolves,2324,2023-09-03,Crystal Palace,Wolves,1,football-data.co.uk,2023-09-04,home,,,,,,,,,16,11,,,,,,,,,,,,,,,,,,,,,,38.0,,,,,,,
2324_20230903_liverpool_aston_villa,2324,2023-09-03,Aston Villa,Liverpool,0,football-data.co.uk,2023-09-04,away,,,,,,,,,9,3,,,,,,,,,,,,,,,,,,,,,,15.0,,,,,,,
2324_20230903_liverpool_aston_villa,2324,2023-09-03,Liverpool,Aston Villa,1,football-data.co.uk,2023-09-04,home,,,,,,,,,17,4,,,,,,,,,,,,,,,,,,,,,,25.0,,,,,,,
2324_20230916_aston_villa_crystal_palace,2324,2023-09-16,Crystal Palace,Aston Villa,0,football-data.co.uk,2023-09-17,away,,,,,,,,,6,3,,,,,,,,,,,,,,,,,,,,,,12.0,,,,,,,
2324_20230916_aston_villa_crystal_palace,2324,2023-09-16,Aston Villa,Crystal Palace,1,football-data.co.uk,2023-09-17,home,,,,,,,,,16,5,,,,,,,,,,,,,,,,,,,,,,26.0,,,,,,,
2324_20230916_fulham_luton,2324,2023-09-16,Luton,Fulham,0,football-data.co.uk,2023-09-17,away,,,,,,,,,7,2,,,,,,,,,,,,,,,,,,,,,,11.0,,,,,,,
2324_20230916_fulham_luton,2324,2023-09-16,Fulham,Luton,1,football-data.co.uk,2023-09-17,home,,,,,,,,,13,2,,,,,,,,,,,,,,,,,,,,,,17.0,,,,,,,
2324_20230916_man_united_brighton,2324,2023-09-16,Brighton,Man United,0,football-data.co.uk,2023-09-17,away,,,,,,,,,10,8,,,,,,,,,,,,,,,,,,,,,,26.0,,,,,,,
2324_20230916_man_united_brighton,2324,2023-09-16,Man United,Brighton,1,football-data.co.uk,2023-09-17,home,,,,,,,,,14,4,,,,,,,,,,,,,,,,,,,,,,22.0,,,,,,,
2324_20230916_newcastle_brentford,2324,2023-09-16,Brentford,Newcastle,0,football-data.co.uk,2023-09-17,away,,,,,,,,,11,2,,,,,,,,,,,,,,,,,,,,,,15.0,,,,,,,
2324_20230916_newcastle_brentford,2324,2023-09-16,Newcastle,Brentford,1,football-data.co.uk,2023-09-17,home,,,,,,,,,9,2,,,,,,,,,,,,,,,,,,,,,,13.0,,,,,,,
2324_20230916_tottenham_sheffield_united,2324,2023-09-16,Sheffield United,Tottenham,0,football-data.co.uk,2023-09-17,away,,,,,,,,,7,5,,,,,,,,,,,,,,,,,,,,,,17.0,,,,,,,
2324_20230916_tottenham_sheffield_united,2324,2023-09-16,Tottenham,Sheffield United,1,football-data.co.uk,2023-09-17,home,,,,,,,,,28,10,,,,,,,,,,,,,,,,,,,,,,48.0,,,,,,,
2324_20230916_west_ham_man_city,2324,2023-09-16,Man City,West Ham,0,football-data.co.uk,2023-09-17,away,,,,,,,,,29,15,,,,,,,,,,,,,,,,,,,,,,59.0,,,,,,,
2324_20230916_west_ham_man_city,2324,2023-09-16,West Ham,Man City,1,football-data.co.uk,2023-09-17,home,,,,,,,,,6,3,,,,,,,,,,,,,,,,,,,,,,12.0,,,,,,,
2324_20230916_wolves_liverpool,2324,2023-09-16,Liverpool,Wolves,0,football-data.co.uk,2023-09-17,away,,,,,,,,,16,6,,,,,,,,,,,,,,,,,,,,,,28.0,,,,,,,
2324_20230916_wolves_liverpool,2324,2023-09-16,Wolves,Liverpool,1,football-data.co.uk,2023-09-17,home,,,,,,,,,11,2,,,,,,,,,,,,,,,,,,,,,,15.0,,,,,,,
2324_20230917_bournemouth_chelsea,2324,2023-09-17,Chelsea,Bournemouth,0,football-data.co.uk,2023-09-18,away,,,,,,,,,14,6,,,,,,,,,,,,,,,,,,,,,,26.0,,,,,,,
2324_20230917_bournemouth_chelsea,2324,2023-09-17,Bournemouth,Chelsea,1,football-data.co.uk,2023-09-18,home,,,,,,,,,13,4,,,,,,,,,,,,,,,,,,,,,,21.0,,,,,,,
2324_20230917_everton_arsenal,2324,2023-09-17,Arsenal,Everton,0,football-data.co.uk,2023-09-18,away,,,,,,,,,13,4,,,,,,,,,,,,,,,,,,,,,,21.0,,,,,,,
2324_20230917_everton_arsenal,2324,2023-09-17,Everton,Arsenal,1,football-data.co.uk,2023-09-18,home,,,,,,,,,8,1,,,,,,,,,,,,,,,,,,,,,,10.0,,,,,,,
2324_20230918_nottm_forest_burnley,2324,2023-09-18,Burnley,Nott'm Forest,0,football-data.co.uk,2023-09-19,away,,,,,,,,,10,3,,,,,,,,,,,,,,,,,,,,,,16.0,,,,,,,
2324_20230918_nottm_forest_burnley,2324,2023-09-18,Nott'm Forest,Burnley,1,football-data.co.uk,2023-09-19,home,,,,,,,,,14,4,,,,,,,,,,,,,,,,,,,,,,22.0,,,,,,,
2324_20230923_brentford_everton,2324,2023-09-23,Everton,Brentford,0,football-data.co.uk,2023-09-24,away,,,,,,,,,18,6,,,,,,,,,,,,,,,,,,,,,,30.0,,,,,,,
2324_20230923_brentford_everton,2324,2023-09-23,Brentford,Everton,1,football-data.co.uk,2023-09-24,home,,,,,,,,,12,2,,,,,,,,,,,,,,,,,,,,,,16.0,,,,,,,
2324_20230923_burnley_man_united,2324,2023-09-23,Man United,Burnley,0,football-data.co.uk,2023-09-24,away,,,,,,,,,11,4,,,,,,,,,,,,,,,,,,,,,,19.0,,,,,,,
2324_20230923_burnley_man_united,2324,2023-09-23,Burnley,Man United,1,football-data.co.uk,2023-09-24,home,,,,,,,,,12,4,,,,,,,,,,,,,,,,,,,,,,20.0,,,,,,,
2324_20230923_crystal_palace_fulham,2324,2023-09-23,Fulham,Crystal Palace,0,football-data.co.uk,2023-09-24,away,,,,,,,,,10,5,,,,,,,,,,,,,,,,,,,,,,20.0,,,,,,,
2324_20230923_crystal_palace_fulham,2324,2023-09-23,Crystal Palace,Fulham,1,football-data.co.uk,2023-09-24,home,,,,,,,,,7,3,,,,,,,,,,,,,,,,,,,,,,13.0,,,,,,,
2324_20230923_luton_wolves,2324,2023-09-23,Wolves,Luton,0,football-data.co.uk,2023-09-24,away,,,,,,,,,3,3,,,,,,,,,,,,,,,,,,,,,,9.0,,,,,,,
2324_20230923_luton_wolves,2324,2023-09-23,Luton,Wolves,1,football-data.co.uk,2023-09-24,home,,,,,,,,,20,4,,,,,,,,,,,,,,,,,,,,,,28.0,,,,,,,
2324_20230923_man_city_nottm_forest,2324,2023-09-23,Nott'm Forest,Man City,0,football-data.co.uk,2023-09-24,away,,,,,,,,,10,3,,,,,,,,,,,,,,,,,,,,,,16.0,,,,,,,
2324_20230923_man_city_nottm_forest,2324,2023-09-23,Man City,Nott'm Forest,1,football-data.co.uk,2023-09-24,home,,,,,,,,,7,4,,,,,,,,,,,,,,,,,,,,,,15.0,,,,,,,
2324_20230924_arsenal_tottenham,2324,2023-09-24,Tottenham,Arsenal,0,football-data.co.uk,2023-09-25,away,,,,,,,,,13,5,,,,,,,,,,,,,,,,,,,,,,23.0,,,,,,,
2324_20230924_arsenal_tottenham,2324,2023-09-24,Arsenal,Tottenham,1,football-data.co.uk,2023-09-25,home,,,,,,,,,13,6,,,,,,,,,,,,,,,,,,,,,,25.0,,,,,,,
2324_20230924_brighton_bournemouth,2324,2023-09-24,Bournemouth,Brighton,0,football-data.co.uk,2023-09-25,away,,,,,,,,,12,4,,,,,,,,,,,,,,,,,,,,,,20.0,,,,,,,
2324_20230924_brighton_bournemouth,2324,2023-09-24,Brighton,Bournemouth,1,football-data.co.uk,2023-09-25,home,,,,,,,,,13,4,,,,,,,,,,,,,,,,,,,,,,21.0,,,,,,,
2324_20230924_chelsea_aston_villa,2324,2023-09-24,Aston Villa,Chelsea,0,football-data.co.uk,2023-09-25,away,,,,,,,,,15,7,,,,,,,,,,,,,,,,,,,,,,29.0,,,,,,,
2324_20230924_chelsea_aston_villa,2324,2023-09-24,Chelsea,Aston Villa,1,football-data.co.uk,2023-09-25,home,,,,,,,,,10,4,,,,,,,,,,,,,,,,,,,,,,18.0,,,,,,,
2324_20230924_liverpool_west_ham,2324,2023-09-24,West Ham,Liverpool,0,football-data.co.uk,2023-09-25,away,,,,,,,,,11,4,,,,,,,,,,,,,,,,,,,,,,19.0,,,,,,,
2324_20230924_liverpool_west_ham,2324,2023-09-24,Liverpool,West Ham,1,football-data.co.uk,2023-09-25,home,,,,,,,,,22,7,,,,,,,,,,,,,,,,,,,,,,36.0,,,,,,,
2324_20230924_sheffield_united_newcastle,2324,2023-09-24,Newcastle,Sheffield United,0,football-data.co.uk,2023-09-25,away,,,,,,,,,22,15,,,,,,,,,,,,,,,,,,,,,,52.0,,,,,,,
2324_20230924_sheffield_united_newcastle,2324,2023-09-24,Sheffield United,Newcastle,1,football-data.co.uk,2023-09-25,home,,,,,,,,,9,1,,,,,,,,,,,,,,,,,,,,,,11.0,,,,,,,
2324_20230930_aston_villa_brighton,2324,2023-09-30,Brighton,Aston Villa,0,football-data.co.uk,2023-10-01,away,,,,,,,,,11,3,,,,,,,,,,,,,,,,,,,,,,17.0,,,,,,,
2324_20230930_aston_villa_brighton,2324,2023-09-30,Aston Villa,Brighton,1,football-data.co.uk,2023-10-01,home,,,,,,,,,19,9,,,,,,,,,,,,,,,,,,,,,,37.0,,,,,,,
2324_20230930_bournemouth_arsenal,2324,2023-09-30,Arsenal,Bournemouth,0,football-data.co.uk,2023-10-01,away,,,,,,,,,15,8,,,,,,,,,,,,,,,,,,,,,,31.0,,,,,,,
2324_20230930_bournemouth_arsenal,2324,2023-09-30,Bournemouth,Arsenal,1,football-data.co.uk,2023-10-01,home,,,,,,,,,8,1,,,,,,,,,,,,,,,,,,,,,,10.0,,,,,,,
2324_20230930_everton_luton,2324,2023-09-30,Luton,Everton,0,football-data.co.uk,2023-10-01,away,,,,,,,,,9,2,,,,,,,,,,,,,,,,,,,,,,13.0,,,,,,,
2324_20230930_everton_luton,2324,2023-09-30,Everton,Luton,1,football-data.co.uk,2023-10-01,home,,,,,,,,,23,5,,,,,,,,,,,,,,,,,,,,,,33.0,,,,,,,
2324_20230930_man_united_crystal_palace,2324,2023-09-30,Crystal Palace,Man United,0,football-data.co.uk,2023-10-01,away,,,,,,,,,8,2,,,,,,,,,,,,,,,,,,,,,,12.0,,,,,,,
2324_20230930_man_united_crystal_palace,2324,2023-09-30,Man United,Crystal Palace,1,football-data.co.uk,2023-10-01,home,,,,,,,,,19,4,,,,,,,,,,,,,,,,,,,,,,27.0,,,,,,,
2324_20230930_newcastle_burnley,2324,2023-09-30,Burnley,Newcastle,0,football-data.co.uk,2023-10-01,away,,,,,,,,,8,2,,,,,,,,,,,,,,,,,,,,,,12.0,,,,,,,
2324_20230930_newcastle_burnley,2324,2023-09-30,Newcastle,Burnley,1,football-data.co.uk,2023-10-01,home,,,,,,,,,20,8,,,,,,,,,,,,,,,,,,,,,,36.0,,,,,,,
2324_20230930_tottenham_liverpool,2324,2023-09-30,Liverpool,Tottenham,0,football-data.co.uk,2023-10-01,away,,,,,,,,,12,4,,,,,,,,,,,,,,,,,,,,,,20.0,,,,,,,
2324_20230930_tottenham_liverpool,2324,2023-09-30,Tottenham,Liverpool,1,football-data.co.uk,2023-10-01,home,,,,,,,,,24,8,,,,,,,,,,,,,,,,,,,,,,40.0,,,,,,,
2324_20230930_west_ham_sheffield_united,2324,2023-09-30,Sheffield United,West Ham,0,football-data.co.uk,2023-10-01,away,,,,,,,,,16,2,,,,,,,,,,,,,,,,,,,,,,20.0,,,,,,,
2324_20230930_west_ham_sheffield_united,2324,2023-09-30,West Ham,Sheffield United,1,football-data.co.uk,2023-10-01,home,,,,,,,,,20,9,,,,,,,,,,,,,,,,,,,,,,38.0,,,,,,,
2324_20230930_wolves_man_city,2324,2023-09-30,Man City,Wolves,0,football-data.co.uk,2023-10-01,away,,,,,,,,,23,8,,,,,,,,,,,,,,,,,,,,,,39.0,,,,,,,
2324_20230930_wolves_man_city,2324,2023-09-30,Wolves,Man City,1,football-data.co.uk,2023-10-01,home,,,,,,,,,3,1,,,,,,,,,,,,,,,,,,,,,,5.0,,,,,,,
2324_20231001_nottm_forest_brentford,2324,2023-10-01,Brentford,Nott'm Forest,0,football-data.co.uk,2023-10-02,away,,,,,,,,,18,5,,,,,,,,,,,,,,,,,,,,,,28.0,,,,,,,
2324_20231001_nottm_forest_brentford,2324,2023-10-01,Nott'm Forest,Brentford,1,football-data.co.uk,2023-10-02,home,,,,,,,,,6,1,,,,,,,,,,,,,,,,,,,,,,8.0,,,,,,,
2324_20231002_fulham_chelsea,2324,2023-10-02,Chelsea,Fulham,0,football-data.co.uk,2023-10-03,away,,,,,,,,,11,4,,,,,,,,,,,,,,,,,,,,,,19.0,,,,,,,
2324_20231002_fulham_chelsea,2324,2023-10-02,Fulham,Chelsea,1,football-data.co.uk,2023-10-03,home,,,,,,,,,10,3,,,,,,,,,,,,,,,,,,,,,,16.0,,,,,,,
2324_20231003_luton_burnley,2324,2023-10-03,Burnley,Luton,0,football-data.co.uk,2023-10-04,away,,,,,,,,,14,4,,,,,,,,,,,,,,,,,,,,,,22.0,,,,,,,
2324_20231003_luton_burnley,2324,2023-10-03,Luton,Burnley,1,football-data.co.uk,2023-10-04,home,,,,,,,,,18,3,,,,,,,,,,,,,,,,,,,,,,24.0,,,,,,,
2324_20231007_burnley_chelsea,2324,2023-10-07,Chelsea,Burnley,0,football-data.co.uk,2023-10-08,away,,,,,,,,,9,5,,,,,,,,,,,,,,,,,,,,,,19.0,,,,,,,
2324_20231007_burnley_chelsea,2324,2023-10-07,Burnley,Chelsea,1,football-data.co.uk,2023-10-08,home,,,,,,,,,10,3,,,,,,,,,,,,,,,,,,,,,,16.0,,,,,,,
2324_20231007_crystal_palace_nottm_forest,2324,2023-10-07,Nott'm Forest,Crystal Palace,0,football-data.co.uk,2023-10-08,away,,,,,,,,,16,5,,,,,,,,,,,,,,,,,,,,,,26.0,,,,,,,
2324_20231007_crystal_palace_nottm_forest,2324,2023-10-07,Crystal Palace,Nott'm Forest,1,football-data.co.uk,2023-10-08,home,,,,,,,,,8,2,,,,,,,,,,,,,,,,,,,,,,12.0,,,,,,,
2324_20231007_everton_bournemouth,2324,2023-10-07,Bournemouth,Everton,0,football-data.co.uk,2023-10-08,away,,,,,,,,,11,4,,,,,,,,,,,,,,,,,,,,,,19.0,,,,,,,
2324_20231007_everton_bournemouth,2324,2023-10-07,Everton,Bournemouth,1,football-data.co.uk,2023-10-08,home,,,,,,,,,25,8,,,,,,,,,,,,,,,,,,,,,,41.0,,,,,,,
2324_20231007_fulham_sheffield_united,2324,2023-10-07,Sheffield United,Fulham,0,football-data.co.uk,2023-10-08,away,,,,,,,,,5,2,,,,,,,,,,,,,,,,,,,,,,9.0,,,,,,,
2324_20231007_fulham_sheffield_united,2324,2023-10-07,Fulham,Sheffield United,1,football-data.co.uk,2023-10-08,home,,,,,,,,,20,6,,,,,,,,,,,,,,,,,,,,,,32.0,,,,,,,
2324_20231007_luton_tottenham,2324,2023-10-07,Tottenham,Luton,0,football-data.co.uk,2023-10-08,away,,,,,,,,,15,4,,,,,,,,,,,,,,,,,,,,,,23.0,,,,,,,
2324_20231007_luton_tottenham,2324,2023-10-07,Luton,Tottenham,1,football-data.co.uk,2023-10-08,home,,,,,,,,,12,2,,,,,,,,,,,,,,,,,,,,,,16.0,,,,,,,
2324_20231007_man_united_brentford,2324,2023-10-07,Brentford,Man United,0,football-data.co.uk,2023-10-08,away,,,,,,,,,11,3,,,,,,,,,,,,,,,,,,,,,,17.0,,,,,,,
2324_20231007_man_united_brentford,2324,2023-10-07,Man United,Brentford,1,football-data.co.uk,2023-10-08,home,,,,,,,,,21,8,,,,,,,,,,,,,,,,,,,,,,37.0,,,,,,,
2324_20231008_arsenal_man_city,2324,2023-10-08,Man City,Arsenal,0,football-data.co.uk,2023-10-09,away,,,,,,,,,4,1,,,,,,,,,,,,,,,,,,,,,,6.0,,,,,,,
2324_20231008_arsenal_man_city,2324,2023-10-08,Arsenal,Man City,1,football-data.co.uk,2023-10-09,home,,,,,,,,,12,2,,,,,,,,,,,,,,,,,,,,,,16.0,,,,,,,
2324_20231008_brighton_liverpool,2324,2023-10-08,Liverpool,Brighton,0,football-data.co.uk,2023-10-09,away,,,,,,,,,14,4,,,,,,,,,,,,,,,,,,,,,,22.0,,,,,,,
2324_20231008_brighton_liverpool,2324,2023-10-08,Brighton,Liverpool,1,football-data.co.uk,2023-10-09,home,,,,,,,,,14,3,,,,,,,,,,,,,,,,,,,,,,20.0,,,,,,,
2324_20231008_west_ham_newcastle,2324,2023-10-08,Newcastle,West Ham,0,football-data.co.uk,2023-10-09,away,,,,,,,,,10,3,,,,,,,,,,,,,,,,,,,,,,16.0,,,,,,,
2324_20231008_west_ham_newcastle,2324,2023-10-08,West Ham,Newcastle,1,football-data.co.uk,2023-10-09,home,,,,,,,,,5,3,,,,,,,,,,,,,,,,,,,,,,11.0,,,,,,,
2324_20231008_wolves_aston_villa,2324,2023-10-08,Aston Villa,Wolves,0,football-data.co.uk,2023-10-09,away,,,,,,,,,18,4,,,,,,,,,,,,,,,,,,,,,,26.0,,,,,,,
2324_20231008_wolves_aston_villa,2324,2023-10-08,Wolves,Aston Villa,1,football-data.co.uk,2023-10-09,home,,,,,,,,,8,3,,,,,,,,,,,,,,,,,,,,,,14.0,,,,,,,
2324_20231021_bournemouth_wolves,2324,2023-10-21,Wolves,Bournemouth,0,football-data.co.uk,2023-10-22,away,,,,,,,,,20,7,,,,,,,,,,,,,,,,,,,,,,34.0,,,,,,,
2324_20231021_bournemouth_wolves,2324,2023-10-21,Bournemouth,Wolves,1,football-data.co.uk,2023-10-22,home,,,,,,,,,7,4,,,,,,,,,,,,,,,,,,,,,,15.0,,,,,,,
2324_20231021_brentford_burnley,2324,2023-10-21,Burnley,Brentford,0,football-data.co.uk,2023-10-22,away,,,,,,,,,6,1,,,,,,,,,,,,,,,,,,,,,,8.0,,,,,,,
2324_20231021_brentford_burnley,2324,2023-10-21,Brentford,Burnley,1,football-data.co.uk,2023-10-22,home,,,,,,,,,23,10,,,,,,,,,,,,,,,,,,,,,,43.0,,,,,,,
2324_20231021_chelsea_arsenal,2324,2023-10-21,Arsenal,Chelsea,0,football-data.co.uk,2023-10-22,away,,,,,,,,,13,3,,,,,,,,,,,,,,,,,,,,,,19.0,,,,,,,
2324_20231021_chelsea_arsenal,2324,2023-10-21,Chelsea,Arsenal,1,football-data.co.uk,2023-10-22,home,,,,,,,,,11,5,,,,,,,,,,,,,,,,,,,,,,21.0,,,,,,,
2324_20231021_liverpool_everton,2324,2023-10-21,Everton,Liverpool,0,football-data.co.uk,2023-10-22,away,,,,,,,,,6,1,,,,,,,,,,,,,,,,,,,,,,8.0,,,,,,,
2324_20231021_liverpool_everton,2324,2023-10-21,Liverpool,Everton,1,football-data.co.uk,2023-10-22,home,,,,,,,,,26,6,,,,,,,,,,,,,,,,,,,,,,38.0,,,,,,,
2324_20231021_man_city_brighton,2324,2023-10-21,Brighton,Man City,0,football-data.co.uk,2023-10-22,away,,,,,,,,,5,3,,,,,,,,,,,,,,,,,,,,,,11.0,,,,,,,
2324_20231021_man_city_brighton,2324,2023-10-21,Man City,Brighton,1,football-data.co.uk,2023-10-22,home,,,,,,,,,10,6,,,,,,,,,,,,,,,,,,,,,,22.0,,,,,,,
2324_20231021_newcastle_crystal_palace,2324,2023-10-21,Crystal Palace,Newcastle,0,football-data.co.uk,2023-10-22,away,,,,,,,,,17,3,,,,,,,,,,,,,,,,,,,,,,23.0,,,,,,,
2324_20231021_newcastle_crystal_palace,2324,2023-10-21,Newcastle,Crystal Palace,1,football-data.co.uk,2023-10-22,home,,,,,,,,,10,7,,,,,,,,,,,,,,,,,,,,,,24.0,,,,,,,
2324_20231021_nottm_forest_luton,2324,2023-10-21,Luton,Nott'm Forest,0,football-data.co.uk,2023-10-22,away,,,,,,,,,13,4,,,,,,,,,,,,,,,,,,,,,,21.0,,,,,,,
2324_20231021_nottm_forest_luton,2324,2023-10-21,Nott'm Forest,Luton,1,football-data.co.uk,2023-10-22,home,,,,,,,,,19,8,,,,,,,,,,,,,,,,,,,,,,35.0,,,,,,,
2324_20231021_sheffield_united_man_united,2324,2023-10-21,Man United,Sheffield United,0,football-data.co.uk,2023-10-22,away,,,,,,,,,14,5,,,,,,,,,,,,,,,,,,,,,,24.0,,,,,,,
2324_20231021_sheffield_united_man_united,2324,2023-10-21,Sheffield United,Man United,1,football-data.co.uk,2023-10-22,home,,,,,,,,,12,6,,,,,,,,,,,,,,,,,,,,,,24.0,,,,,,,
2324_20231022_aston_villa_west_ham,2324,2023-10-22,West Ham,Aston Villa,0,football-data.co.uk,2023-10-23,away,,,,,,,,,14,4,,,,,,,,,,,,,,,,,,,,,,22.0,,,,,,,
2324_20231022_aston_villa_west_ham,2324,2023-10-22,Aston Villa,West Ham,1,football-data.co.uk,2023-10-23,home,,,,,,,,,15,7,,,,,,,,,,,,,,,,,,,,,,29.0,,,,,,,
2324_20231023_tottenham_fulham,2324,2023-10-23,Fulham,Tottenham,0,football-data.co.uk,2023-10-24,away,,,,,,,,,10,3,,,,,,,,,,,,,,,,,,,,,,16.0,,,,,,,
2324_20231023_tottenham_fulham,2324,2023-10-23,Tottenham,Fulham,1,football-data.co.uk,2023-10-24,home,,,,,,,,,15,5,,,,,,,,,,,,,,,,,,,,,,25.0,,,,,,,
2324_20231027_crystal_palace_tottenham,2324,2023-10-27,Tottenham,Crystal Palace,0,football-data.co.uk,2023-10-28,away,,,,,,,,,10,1,,,,,,,,,,,,,,,,,,,,,,12.0,,,,,,,
2324_20231027_crystal_palace_tottenham,2324,2023-10-27,Crystal Palace,Tottenham,1,football-data.co.uk,2023-10-28,home,,,,,,,,,13,3,,,,,,,,,,,,,,,,,,,,,,19.0,,,,,,,
2324_20231028_arsenal_sheffield_united,2324,2023-10-28,Sheffield United,Arsenal,0,football-data.co.uk,2023-10-29,away,,,,,,,,,2,0,,,,,,,,,,,,,,,,,,,,,,2.0,,,,,,,
2324_20231028_arsenal_sheffield_united,2324,2023-10-28,Arsenal,Sheffield United,1,football-data.co.uk,2023-10-29,home,,,,,,,,,13,8,,,,,,,,,,,,,,,,,,,,,,29.0,,,,,,,
2324_20231028_bournemouth_burnley,2324,2023-10-28,Burnley,Bournemouth,0,football-data.co.uk,2023-10-29,away,,,,,,,,,6,3,,,,,,,,,,,,,,,,,,,,,,12.0,,,,,,,
2324_20231028_bournemouth_burnley,2324,2023-10-28,Bournemouth,Burnley,1,football-data.co.uk,2023-10-29,home,,,,,,,,,13,6,,,,,,,,,,,,,,,,,,,,,,25.0,,,,,,,
2324_20231028_chelsea_brentford,2324,2023-10-28,Brentford,Chelsea,0,football-data.co.uk,2023-10-29,away,,,,,,,,,7,5,,,,,,,,,,,,,,,,,,,,,,17.0,,,,,,,
2324_20231028_chelsea_brentford,2324,2023-10-28,Chelsea,Brentford,1,football-data.co.uk,2023-10-29,home,,,,,,,,,17,2,,,,,,,,,,,,,,,,,,,,,,21.0,,,,,,,
2324_20231028_wolves_newcastle,2324,2023-10-28,Newcastle,Wolves,0,football-data.co.uk,2023-10-29,away,,,,,,,,,13,5,,,,,,,,,,,,,,,,,,,,,,23.0,,,,,,,
2324_20231028_wolves_newcastle,2324,2023-10-28,Wolves,Newcastle,1,football-data.co.uk,2023-10-29,home,,,,,,,,,11,6,,,,,,,,,,,,,,,,,,,,,,23.0,,,,,,,
2324_20231029_aston_villa_luton,2324,2023-10-29,Luton,Aston Villa,0,football-data.co.uk,2023-10-30,away,,,,,,,,,7,1,,,,,,,,,,,,,,,,,,,,,,9.0,,,,,,,
2324_20231029_aston_villa_luton,2324,2023-10-29,Aston Villa,Luton,1,football-data.co.uk,2023-10-30,home,,,,,,,,,17,6,,,,,,,,,,,,,,,,,,,,,,29.0,,,,,,,
2324_20231029_brighton_fulham,2324,2023-10-29,Fulham,Brighton,0,football-data.co.uk,2023-10-30,away,,,,,,,,,10,5,,,,,,,,,,,,,,,,,,,,,,20.0,,,,,,,
2324_20231029_brighton_fulham,2324,2023-10-29,Brighton,Fulham,1,football-data.co.uk,2023-10-30,home,,,,,,,,,18,7,,,,,,,,,,,,,,,,,,,,,,32.0,,,,,,,
2324_20231029_liverpool_nottm_forest,2324,2023-10-29,Nott'm Forest,Liverpool,0,football-data.co.uk,2023-10-30,away,,,,,,,,,9,1,,,,,,,,,,,,,,,,,,,,,,11.0,,,,,,,
2324_20231029_liverpool_nottm_forest,2324,2023-10-29,Liverpool,Nott'm Forest,1,football-data.co.uk,2023-10-30,home,,,,,,,,,21,8,,,,,,,,,,,,,,,,,,,,,,37.0,,,,,,,
2324_20231029_man_united_man_city,2324,2023-10-29,Man City,Man United,0,football-data.co.uk,2023-10-30,away,,,,,,,,,21,10,,,,,,,,,,,,,,,,,,,,,,41.0,,,,,,,
2324_20231029_man_united_man_city,2324,2023-10-29,Man United,Man City,1,football-data.co.uk,2023-10-30,home,,,,,,,,,7,3,,,,,,,,,,,,,,,,,,,,,,13.0,,,,,,,
2324_20231029_west_ham_everton,2324,2023-10-29,Everton,West Ham,0,football-data.co.uk,2023-10-30,away,,,,,,,,,10,4,,,,,,,,,,,,,,,,,,,,,,18.0,,,,,,,
2324_20231029_west_ham_everton,2324,2023-10-29,West Ham,Everton,1,football-data.co.uk,2023-10-30,home,,,,,,,,,12,2,,,,,,,,,,,,,,,,,,,,,,16.0,,,,,,,
2324_20231104_brentford_west_ham,2324,2023-11-04,West Ham,Brentford,0,football-data.co.uk,2023-11-05,away,,,,,,,,,12,2,,,,,,,,,,,,,,,,,,,,,,16.0,,,,,,,
2324_20231104_brentford_west_ham,2324,2023-11-04,Brentford,West Ham,1,football-data.co.uk,2023-11-05,home,,,,,,,,,16,4,,,,,,,,,,,,,,,,,,,,,,24.0,,,,,,,
2324_20231104_burnley_crystal_palace,2324,2023-11-04,Crystal Palace,Burnley,0,football-data.co.uk,2023-11-05,away,,,,,,,,,4,3,,,,,,,,,,,,,,,,,,,,,,10.0,,,,,,,
2324_20231104_burnley_crystal_palace,2324,2023-11-04,Burnley,Crystal Palace,1,football-data.co.uk,2023-11-05,home,,,,,,,,,17,5,,,,,,,,,,,,,,,,,,,,,,27.0,,,,,,,
2324_20231104_everton_brighton,2324,2023-11-04,Brighton,Everton,0,football-data.co.uk,2023-11-05,away,,,,,,,,,7,2,,,,,,,,,,,,,,,,,,,,,,11.0,,,,,,,
2324_20231104_everton_brighton,2324,2023-11-04,Everton,Brighton,1,football-data.co.uk,2023-11-05,home,,,,,,,,,10,4,,,,,,,,,,,,,,,,,,,,,,18.0,,,,,,,
2324_20231104_fulham_man_united,2324,2023-11-04,Man United,Fulham,0,football-data.co.uk,2023-11-05,away,,,,,,,,,12,5,,,,,,,,,,,,,,,,,,,,,,22.0,,,,,,,
2324_20231104_fulham_man_united,2324,2023-11-04,Fulham,Man United,1,football-data.co.uk,2023-11-05,home,,,,,,,,,18,3,,,,,,,,,,,,,,,,,,,,,,24.0,,,,,,,
2324_20231104_man_city_bournemouth,2324,2023-11-04,Bournemouth,Man City,0,football-data.co.uk,2023-11-05,away,,,,,,,,,5,1,,,,,,,,,,,,,,,,,,,,,,7.0,,,,,,,
2324_20231104_man_city_bournemouth,2324,2023-11-04,Man City,Bournemouth,1,football-data.co.uk,2023-11-05,home,,,,,,,,,21,8,,,,,,,,,,,,,,,,,,,,,,37.0,,,,,,,
2324_20231104_newcastle_arsenal,2324,2023-11-04,Arsenal,Newcastle,0,football-data.co.uk,2023-11-05,away,,,,,,,,,14,1,,,,,,,,,,,,,,,,,,,,,,16.0,,,,,,,
2324_20231104_newcastle_arsenal,2324,2023-11-04,Newcastle,Arsenal,1,football-data.co.uk,2023-11-05,home,,,,,,,,,9,2,,,,,,,,,,,,,,,,,,,,,,13.0,,,,,,,
2324_20231104_sheffield_united_wolves,2324,2023-11-04,Wolves,Sheffield United,0,football-data.co.uk,2023-11-05,away,,,,,,,,,10,3,,,,,,,,,,,,,,,,,,,,,,16.0,,,,,,,
2324_20231104_sheffield_united_wolves,2324,2023-11-04,Sheffield United,Wolves,1,football-data.co.uk,2023-11-05,home,,,,,,,,,11,2,,,,,,,,,,,,,,,,,,,,,,15.0,,,,,,,
2324_20231105_luton_liverpool,2324,2023-11-05,Liverpool,Luton,0,football-data.co.uk,2023-11-06,away,,,,,,,,,24,6,,,,,,,,,,,,,,,,,,,,,,36.0,,,,,,,
2324_20231105_luton_liverpool,2324,2023-11-05,Luton,Liverpool,1,football-data.co.uk,2023-11-06,home,,,,,,,,,8,5,,,,,,,,,,,,,,,,,,,,,,18.0,,,,,,,
2324_20231105_nottm_forest_aston_villa,2324,2023-11-05,Aston Villa,Nott'm Forest,0,football-data.co.uk,2023-11-06,away,,,,,,,,,13,3,,,,,,,,,,,,,,,,,,,,,,19.0,,,,,,,
2324_20231105_nottm_forest_aston_villa,2324,2023-11-05,Nott'm Forest,Aston Villa,1,football-data.co.uk,2023-11-06,home,,,,,,,,,5,3,,,,,,,,,,,,,,,,,,,,,,11.0,,,,,,,
2324_20231106_tottenham_chelsea,2324,2023-11-06,Chelsea,Tottenham,0,football-data.co.uk,2023-11-07,away,,,,,,,,,17,8,,,,,,,,,,,,,,,,,,,,,,33.0,,,,,,,
2324_20231106_tottenham_chelsea,2324,2023-11-06,Tottenham,Chelsea,1,football-data.co.uk,2023-11-07,home,,,,,,,,,8,5,,,,,,,,,,,,,,,,,,,,,,18.0,,,,,,,
2324_20231111_arsenal_burnley,2324,2023-11-11,Burnley,Arsenal,0,football-data.co.uk,2023-11-12,away,,,,,,,,,8,5,,,,,,,,,,,,,,,,,,,,,,18.0,,,,,,,
2324_20231111_arsenal_burnley,2324,2023-11-11,Arsenal,Burnley,1,football-data.co.uk,2023-11-12,home,,,,,,,,,16,6,,,,,,,,,,,,,,,,,,,,,,28.0,,,,,,,
2324_20231111_bournemouth_newcastle,2324,2023-11-11,Newcastle,Bournemouth,0,football-data.co.uk,2023-11-12,away,,,,,,,,,8,5,,,,,,,,,,,,,,,,,,,,,,18.0,,,,,,,
2324_20231111_bournemouth_newcastle,2324,2023-11-11,Bournemouth,Newcastle,1,football-data.co.uk,2023-11-12,home,,,,,,,,,19,10,,,,,,,,,,,,,,,,,,,,,,39.0,,,,,,,
2324_20231111_crystal_palace_everton,2324,2023-11-11,Everton,Crystal Palace,0,football-data.co.uk,2023-11-12,away,,,,,,,,,8,4,,,,,,,,,,,,,,,,,,,,,,16.0,,,,,,,
2324_20231111_crystal_palace_everton,2324,2023-11-11,Crystal Palace,Everton,1,football-data.co.uk,2023-11-12,home,,,,,,,,,13,4,,,,,,,,,,,,,,,,,,,,,,21.0,,,,,,,
2324_20231111_man_united_luton,2324,2023-11-11,Luton,Man United,0,football-data.co.uk,2023-11-12,away,,,,,,,,,10,4,,,,,,,,,,,,,,,,,,,,,,18.0,,,,,,,
2324_20231111_man_united_luton,2324,2023-11-11,Man United,Luton,1,football-data.co.uk,2023-11-12,home,,,,,,,,,15,4,,,,,,,,,,,,,,,,,,,,,,23.0,,,,,,,
2324_20231111_wolves_tottenham,2324,2023-11-11,Tottenham,Wolves,0,football-data.co.uk,2023-11-12,away,,,,,,,,,6,2,,,,,,,,,,,,,,,,,,,,,,10.0,,,,,,,
2324_20231111_wolves_tottenham,2324,2023-11-11,Wolves,Tottenham,1,football-data.co.uk,2023-11-12,home,,,,,,,,,17,4,,,,,,,,,,,,,,,,,,,,,,25.0,,,,,,,
2324_20231112_aston_villa_fulham,2324,2023-11-12,Fulham,Aston Villa,0,football-data.co.uk,2023-11-13,away,,,,,,,,,9,5,,,,,,,,,,,,,,,,,,,,,,19.0,,,,,,,
2324_20231112_aston_villa_fulham,2324,2023-11-12,Aston Villa,Fulham,1,football-data.co.uk,2023-11-13,home,,,,,,,,,12,6,,,,,,,,,,,,,,,,,,,,,,24.0,,,,,,,
2324_20231112_brighton_sheffield_united,2324,2023-11-12,Sheffield United,Brighton,0,football-data.co.uk,2023-11-13,away,,,,,,,,,9,1,,,,,,,,,,,,,,,,,,,,,,11.0,,,,,,,
2324_20231112_brighton_sheffield_united,2324,2023-11-12,Brighton,Sheffield United,1,football-data.co.uk,2023-11-13,home,,,,,,,,,11,6,,,,,,,,,,,,,,,,,,,,,,23.0,,,,,,,
2324_20231112_chelsea_man_city,2324,2023-11-12,Man City,Chelsea,0,football-data.co.uk,2023-11-13,away,,,,,,,,,15,10,,,,,,,,,,,,,,,,,,,,,,35.0,,,,,,,
2324_20231112_chelsea_man_city,2324,2023-11-12,Chelsea,Man City,1,football-data.co.uk,2023-11-13,home,,,,,,,,,17,9,,,,,,,,,,,,,,,,,,,,,,35.0,,,,,,,
2324_20231112_liverpool_brentford,2324,2023-11-12,Brentford,Liverpool,0,football-data.co.uk,2023-11-13,away,,,,,,,,,16,3,,,,,,,,,,,,,,,,,,,,,,22.0,,,,,,,
2324_20231112_liverpool_brentford,2324,2023-11-12,Liverpool,Brentford,1,football-data.co.uk,2023-11-13,home,,,,,,,,,17,10,,,,,,,,,,,,,,,,,,,,,,37.0,,,,,,,
2324_20231112_west_ham_nottm_forest,2324,2023-11-12,Nott'm Forest,West Ham,0,football-data.co.uk,2023-11-13,away,,,,,,,,,10,5,,,,,,,,,,,,,,,,,,,,,,20.0,,,,,,,
2324_20231112_west_ham_nottm_forest,2324,2023-11-12,West Ham,Nott'm Forest,1,football-data.co.uk,2023-11-13,home,,,,,,,,,16,6,,,,,,,,,,,,,,,,,,,,,,28.0,,,,,,,
2324_20231125_brentford_arsenal,2324,2023-11-25,Arsenal,Brentford,0,football-data.co.uk,2023-11-26,away,,,,,,,,,15,4,,,,,,,,,,,,,,,,,,,,,,23.0,,,,,,,
2324_20231125_brentford_arsenal,2324,2023-11-25,Brentford,Arsenal,1,football-data.co.uk,2023-11-26,home,,,,,,,,,9,3,,,,,,,,,,,,,,,,,,,,,,15.0,,,,,,,
2324_20231125_burnley_west_ham,2324,2023-11-25,West Ham,Burnley,0,football-data.co.uk,2023-11-26,away,,,,,,,,,11,3,,,,,,,,,,,,,,,,,,,,,,17.0,,,,,,,
2324_20231125_burnley_west_ham,2324,2023-11-25,Burnley,West Ham,1,football-data.co.uk,2023-11-26,home,,,,,,,,,11,5,,,,,,,,,,,,,,,,,,,,,,21.0,,,,,,,
2324_20231125_luton_crystal_palace,2324,2023-11-25,Crystal Palace,Luton,0,football-data.co.uk,2023-11-26,away,,,,,,,,,16,8,,,,,,,,,,,,,,,,,,,,,,32.0,,,,,,,
2324_20231125_luton_crystal_palace,2324,2023-11-25,Luton,Crystal Palace,1,football-data.co.uk,2023-11-26,home,,,,,,,,,8,3,,,,,,,,,,,,,,,,,,,,,,14.0,,,,,,,
2324_20231125_man_city_liverpool,2324,2023-11-25,Liverpool,Man City,0,football-data.co.uk,2023-11-26,away,,,,,,,,,8,3,,,,,,,,,,,,,,,,,,,,,,14.0,,,,,,,
2324_20231125_man_city_liverpool,2324,2023-11-25,Man City,Liverpool,1,football-data.co.uk,2023-11-26,home,,,,,,,,,16,5,,,,,,,,,,,,,,,,,,,,,,26.0,,,,,,,
2324_20231125_newcastle_chelsea,2324,2023-11-25,Chelsea,Newcastle,0,football-data.co.uk,2023-11-26,away,,,,,,,,,7,4,,,,,,,,,,,,,,,,,,,,,,15.0,,,,,,,
2324_20231125_newcastle_chelsea,2324,2023-11-25,Newcastle,Chelsea,1,football-data.co.uk,2023-11-26,home,,,,,,,,,14,5,,,,,,,,,,,,,,,,,,,,,,24.0,,,,,,,
2324_20231125_nottm_forest_brighton,2324,2023-11-25,Brighton,Nott'm Forest,0,football-data.co.uk,2023-11-26,away,,,,,,,,,11,5,,,,,,,,,,,,,,,,,,,,,,21.0,,,,,,,
2324_20231125_nottm_forest_brighton,2324,2023-11-25,Nott'm Forest,Brighton,1,football-data.co.uk,2023-11-26,home,,,,,,,,,18,5,,,,,,,,,,,,,,,,,,,,,,28.0,,,,,,,
2324_20231125_sheffield_united_bournemouth,2324,2023-11-25,Bournemouth,Sheffield United,0,football-data.co.uk,2023-11-26,away,,,,,,,,,23,11,,,,,,,,,,,,,,,,,,,,,,45.0,,,,,,,
2324_20231125_sheffield_united_bournemouth,2324,2023-11-25,Sheffield United,Bournemouth,1,football-data.co.uk,2023-11-26,home,,,,,,,,,10,2,,,,,,,,,,,,,,,,,,,,,,14.0,,,,,,,
2324_20231126_everton_man_united,2324,2023-11-26,Man United,Everton,0,football-data.co.uk,2023-11-27,away,,,,,,,,,9,4,,,,,,,,,,,,,,,,,,,,,,17.0,,,,,,,
2324_20231126_everton_man_united,2324,2023-11-26,Everton,Man United,1,football-data.co.uk,2023-11-27,home,,,,,,,,,24,6,,,,,,,,,,,,,,,,,,,,,,36.0,,,,,,,
2324_20231126_tottenham_aston_villa,2324,2023-11-26,Aston Villa,Tottenham,0,football-data.co.uk,2023-11-27,away,,,,,,,,,15,5,,,,,,,,,,,,,,,,,,,,,,25.0,,,,,,,
2324_20231126_tottenham_aston_villa,2324,2023-11-26,Tottenham,Aston Villa,1,football-data.co.uk,2023-11-27,home,,,,,,,,,18,8,,,,,,,,,,,,,,,,,,,,,,34.0,,,,,,,
2324_20231127_fulham_wolves,2324,2023-11-27,Wolves,Fulham,0,football-data.co.uk,2023-11-28,away,,,,,,,,,10,6,,,,,,,,,,,,,,,,,,,,,,22.0,,,,,,,
2324_20231127_fulham_wolves,2324,2023-11-27,Fulham,Wolves,1,football-data.co.uk,2023-11-28,home,,,,,,,,,12,6,,,,,,,,,,,,,,,,,,,,,,24.0,,,,,,,
2324_20231202_arsenal_wolves,2324,2023-12-02,Wolves,Arsenal,0,football-data.co.uk,2023-12-03,away,,,,,,,,,6,3,,,,,,,,,,,,,,,,,,,,,,12.0,,,,,,,
2324_20231202_arsenal_wolves,2324,2023-12-02,Arsenal,Wolves,1,football-data.co.uk,2023-12-03,home,,,,,,,,,19,6,,,,,,,,,,,,,,,,,,,,,,31.0,,,,,,,
2324_20231202_brentford_luton,2324,2023-12-02,Luton,Brentford,0,football-data.co.uk,2023-12-03,away,,,,,,,,,7,1,,,,,,,,,,,,,,,,,,,,,,9.0,,,,,,,
2324_20231202_brentford_luton,2324,2023-12-02,Brentford,Luton,1,football-data.co.uk,2023-12-03,home,,,,,,,,,27,6,,,,,,,,,,,,,,,,,,,,,,39.0,,,,,,,
2324_20231202_burnley_sheffield_united,2324,2023-12-02,Sheffield United,Burnley,0,football-data.co.uk,2023-12-03,away,,,,,,,,,6,3,,,,,,,,,,,,,,,,,,,,,,12.0,,,,,,,
2324_20231202_burnley_sheffield_united,2324,2023-12-02,Burnley,Sheffield United,1,football-data.co.uk,2023-12-03,home,,,,,,,,,19,7,,,,,,,,,,,,,,,,,,,,,,33.0,,,,,,,
2324_20231202_newcastle_man_united,2324,2023-12-02,Man United,Newcastle,0,football-data.co.uk,2023-12-03,away,,,,,,,,,8,1,,,,,,,,,,,,,,,,,,,,,,10.0,,,,,,,
2324_20231202_newcastle_man_united,2324,2023-12-02,Newcastle,Man United,1,football-data.co.uk,2023-12-03,home,,,,,,,,,22,4,,,,,,,,,,,,,,,,,,,,,,30.0,,,,,,,
2324_20231202_nottm_forest_everton,2324,2023-12-02,Everton,Nott'm Forest,0,football-data.co.uk,2023-12-03,away,,,,,,,,,12,3,,,,,,,,,,,,,,,,,,,,,,18.0,,,,,,,
2324_20231202_nottm_forest_everton,2324,2023-12-02,Nott'm Forest,Everton,1,football-data.co.uk,2023-12-03,home,,,,,,,,,13,2,,,,,,,,,,,,,,,,,,,,,,17.0,,,,,,,
2324_20231203_bournemouth_aston_villa,2324,2023-12-03,Aston Villa,Bournemouth,0,football-data.co.uk,2023-12-04,away,,,,,,,,,11,3,,,,,,,,,,,,,,,,,,,,,,17.0,,,,,,,
2324_20231203_bournemouth_aston_villa,2324,2023-12-03,Bournemouth,Aston Villa,1,football-data.co.uk,2023-12-04,home,,,,,,,,,15,7,,,,,,,,,,,,,,,,,,,,,,29.0,,,,,,,
2324_20231203_chelsea_brighton,2324,2023-12-03,Brighton,Chelsea,0,football-data.co.uk,2023-12-04,away,,,,,,,,,18,9,,,,,,,,,,,,,,,,,,,,,,36.0,,,,,,,
2324_20231203_chelsea_brighton,2324,2023-12-03,Chelsea,Brighton,1,football-data.co.uk,2023-12-04,home,,,,,,,,,8,5,,,,,,,,,,,,,,,,,,,,,,18.0,,,,,,,
2324_20231203_liverpool_fulham,2324,2023-12-03,Fulham,Liverpool,0,football-data.co.uk,2023-12-04,away,,,,,,,,,9,5,,,,,,,,,,,,,,,,,,,,,,19.0,,,,,,,
2324_20231203_liverpool_fulham,2324,2023-12-03,Liverpool,Fulham,1,football-data.co.uk,2023-12-04,home,,,,,,,,,26,12,,,,,,,,,,,,,,,,,,,,,,50.0,,,,,,,
2324_20231203_man_city_tottenham,2324,2023-12-03,Tottenham,Man City,0,football-data.co.uk,2023-12-04,away,,,,,,,,,8,4,,,,,,,,,,,,,,,,,,,,,,16.0,,,,,,,
2324_20231203_man_city_tottenham,2324,2023-12-03,Man City,Tottenham,1,football-data.co.uk,2023-12-04,home,,,,,,,,,18,4,,,,,,,,,,,,,,,,,,,,,,26.0,,,,,,,
2324_20231203_west_ham_crystal_palace,2324,2023-12-03,Crystal Palace,West Ham,0,football-data.co.uk,2023-12-04,away,,,,,,,,,9,2,,,,,,,,,,,,,,,,,,,,,,13.0,,,,,,,
2324_20231203_west_ham_crystal_palace,2324,2023-12-03,West Ham,Crystal Palace,1,football-data.co.uk,2023-12-04,home,,,,,,,,,9,3,,,,,,,,,,,,,,,,,,,,,,15.0,,,,,,,
2324_20231205_luton_arsenal,2324,2023-12-05,Arsenal,Luton,0,football-data.co.uk,2023-12-06,away,,,,,,,,,23,9,,,,,,,,,,,,,,,,,,,,,,41.0,,,,,,,
2324_20231205_luton_arsenal,2324,2023-12-05,Luton,Arsenal,1,football-data.co.uk,2023-12-06,home,,,,,,,,,6,4,,,,,,,,,,,,,,,,,,,,,,14.0,,,,,,,
2324_20231205_wolves_burnley,2324,2023-12-05,Burnley,Wolves,0,football-data.co.uk,2023-12-06,away,,,,,,,,,12,3,,,,,,,,,,,,,,,,,,,,,,18.0,,,,,,,
2324_20231205_wolves_burnley,2324,2023-12-05,Wolves,Burnley,1,football-data.co.uk,2023-12-06,home,,,,,,,,,7,4,,,,,,,,,,,,,,,,,,,,,,15.0,,,,,,,
2324_20231206_aston_villa_man_city,2324,2023-12-06,Man City,Aston Villa,0,football-data.co.uk,2023-12-07,away,,,,,,,,,2,2,,,,,,,,,,,,,,,,,,,,,,6.0,,,,,,,
2324_20231206_aston_villa_man_city,2324,2023-12-06,Aston Villa,Man City,1,football-data.co.uk,2023-12-07,home,,,,,,,,,22,7,,,,,,,,,,,,,,,,,,,,,,36.0,,,,,,,
2324_20231206_brighton_brentford,2324,2023-12-06,Brentford,Brighton,0,football-data.co.uk,2023-12-07,away,,,,,,,,,8,2,,,,,,,,,,,,,,,,,,,,,,12.0,,,,,,,
2324_20231206_brighton_brentford,2324,2023-12-06,Brighton,Brentford,1,football-data.co.uk,2023-12-07,home,,,,,,,,,18,7,,,,,,,,,,,,,,,,,,,,,,32.0,,,,,,,
2324_20231206_crystal_palace_bournemouth,2324,2023-12-06,Bournemouth,Crystal Palace,0,football-data.co.uk,2023-12-07,away,,,,,,,,,11,4,,,,,,,,,,,,,,,,,,,,,,19.0,,,,,,,
2324_20231206_crystal_palace_bournemouth,2324,2023-12-06,Crystal Palace,Bournemouth,1,football-data.co.uk,2023-12-07,home,,,,,,,,,16,3,,,,,,,,,,,,,,,,,,,,,,22.0,,,,,,,
2324_20231206_fulham_nottm_forest,2324,2023-12-06,Nott'm Forest,Fulham,0,football-data.co.uk,2023-12-07,away,,,,,,,,,4,1,,,,,,,,,,,,,,,,,,,,,,6.0,,,,,,,
2324_20231206_fulham_nottm_forest,2324,2023-12-06,Fulham,Nott'm Forest,1,football-data.co.uk,2023-12-07,home,,,,,,,,,14,6,,,,,,,,,,,,,,,,,,,,,,26.0,,,,,,,
2324_20231206_man_united_chelsea,2324,2023-12-06,Chelsea,Man United,0,football-data.co.uk,2023-12-07,away,,,,,,,,,13,3,,,,,,,,,,,,,,,,,,,,,,19.0,,,,,,,
2324_20231206_man_united_chelsea,2324,2023-12-06,Man United,Chelsea,1,football-data.co.uk,2023-12-07,home,,,,,,,,,28,9,,,,,,,,,,,,,,,,,,,,,,46.0,,,,,,,
2324_20231206_sheffield_united_liverpool,2324,2023-12-06,Liverpool,Sheffield United,0,football-data.co.uk,2023-12-07,away,,,,,,,,,15,8,,,,,,,,,,,,,,,,,,,,,,31.0,,,,,,,
2324_20231206_sheffield_united_liverpool,2324,2023-12-06,Sheffield United,Liverpool,1,football-data.co.uk,2023-12-07,home,,,,,,,,,6,1,,,,,,,,,,,,,,,,,,,,,,8.0,,,,,,,
2324_20231207_everton_newcastle,2324,2023-12-07,Newcastle,Everton,0,football-data.co.uk,2023-12-08,away,,,,,,,,,13,3,,,,,,,,,,,,,,,,,,,,,,19.0,,,,,,,
2324_20231207_everton_newcastle,2324,2023-12-07,Everton,Newcastle,1,football-data.co.uk,2023-12-08,home,,,,,,,,,21,6,,,,,,,,,,,,,,,,,,,,,,33.0,,,,,,,
2324_20231207_tottenham_west_ham,2324,2023-12-07,West Ham,Tottenham,0,football-data.co.uk,2023-12-08,away,,,,,,,,,11,5,,,,,,,,,,,,,,,,,,,,,,21.0,,,,,,,
2324_20231207_tottenham_west_ham,2324,2023-12-07,Tottenham,West Ham,1,football-data.co.uk,2023-12-08,home,,,,,,,,,23,7,,,,,,,,,,,,,,,,,,,,,,37.0,,,,,,,
2324_20231209_aston_villa_arsenal,2324,2023-12-09,Arsenal,Aston Villa,0,football-data.co.uk,2023-12-10,away,,,,,,,,,12,5,,,,,,,,,,,,,,,,,,,,,,22.0,,,,,,,
2324_20231209_aston_villa_arsenal,2324,2023-12-09,Aston Villa,Arsenal,1,football-data.co.uk,2023-12-10,home,,,,,,,,,10,3,,,,,,,,,,,,,,,,,,,,,,16.0,,,,,,,
2324_20231209_brighton_burnley,2324,2023-12-09,Burnley,Brighton,0,football-data.co.uk,2023-12-10,away,,,,,,,,,6,3,,,,,,,,,,,,,,,,,,,,,,12.0,,,,,,,
2324_20231209_brighton_burnley,2324,2023-12-09,Brighton,Burnley,1,football-data.co.uk,2023-12-10,home,,,,,,,,,29,11,,,,,,,,,,,,,,,,,,,,,,51.0,,,,,,,
2324_20231209_crystal_palace_liverpool,2324,2023-12-09,Liverpool,Crystal Palace,0,football-data.co.uk,2023-12-10,away,,,,,,,,,14,2,,,,,,,,,,,,,,,,,,,,,,18.0,,,,,,,
2324_20231209_crystal_palace_liverpool,2324,2023-12-09,Crystal Palace,Liverpool,1,football-data.co.uk,2023-12-10,home,,,,,,,,,8,4,,,,,,,,,,,,,,,,,,,,,,16.0,,,,,,,
2324_20231209_man_united_bournemouth,2324,2023-12-09,Bournemouth,Man United,0,football-data.co.uk,2023-12-10,away,,,,,,,,,10,4,,,,,,,,,,,,,,,,,,,,,,18.0,,,,,,,
2324_20231209_man_united_bournemouth,2324,2023-12-09,Man United,Bournemouth,1,football-data.co.uk,2023-12-10,home,,,,,,,,,20,3,,,,,,,,,,,,,,,,,,,,,,26.0,,,,,,,
2324_20231209_sheffield_united_brentford,2324,2023-12-09,Brentford,Sheffield United,0,football-data.co.uk,2023-12-10,away,,,,,,,,,10,4,,,,,,,,,,,,,,,,,,,,,,18.0,,,,,,,
2324_20231209_sheffield_united_brentford,2324,2023-12-09,Sheffield United,Brentford,1,football-data.co.uk,2023-12-10,home,,,,,,,,,9,4,,,,,,,,,,,,,,,,,,,,,,17.0,,,,,,,
2324_20231209_wolves_nottm_forest,2324,2023-12-09,Nott'm Forest,Wolves,0,football-data.co.uk,2023-12-10,away,,,,,,,,,8,2,,,,,,,,,,,,,,,,,,,,,,12.0,,,,,,,
2324_20231209_wolves_nottm_forest,2324,2023-12-09,Wolves,Nott'm Forest,1,football-data.co.uk,2023-12-10,home,,,,,,,,,10,4,,,,,,,,,,,,,,,,,,,,,,18.0,,,,,,,
2324_20231210_everton_chelsea,2324,2023-12-10,Chelsea,Everton,0,football-data.co.uk,2023-12-11,away,,,,,,,,,16,4,,,,,,,,,,,,,,,,,,,,,,24.0,,,,,,,
2324_20231210_everton_chelsea,2324,2023-12-10,Everton,Chelsea,1,football-data.co.uk,2023-12-11,home,,,,,,,,,9,5,,,,,,,,,,,,,,,,,,,,,,19.0,,,,,,,
2324_20231210_fulham_west_ham,2324,2023-12-10,West Ham,Fulham,0,football-data.co.uk,2023-12-11,away,,,,,,,,,9,5,,,,,,,,,,,,,,,,,,,,,,19.0,,,,,,,
2324_20231210_fulham_west_ham,2324,2023-12-10,Fulham,West Ham,1,football-data.co.uk,2023-12-11,home,,,,,,,,,14,8,,,,,,,,,,,,,,,,,,,,,,30.0,,,,,,,
2324_20231210_luton_man_city,2324,2023-12-10,Man City,Luton,0,football-data.co.uk,2023-12-11,away,,,,,,,,,18,6,,,,,,,,,,,,,,,,,,,,,,30.0,,,,,,,
2324_20231210_luton_man_city,2324,2023-12-10,Luton,Man City,1,football-data.co.uk,2023-12-11,home,,,,,,,,,4,2,,,,,,,,,,,,,,,,,,,,,,8.0,,,,,,,
2324_20231210_tottenham_newcastle,2324,2023-12-10,Newcastle,Tottenham,0,football-data.co.uk,2023-12-11,away,,,,,,,,,9,3,,,,,,,,,,,,,,,,,,,,,,15.0,,,,,,,
2324_20231210_tottenham_newcastle,2324,2023-12-10,Tottenham,Newcastle,1,football-data.co.uk,2023-12-11,home,,,,,,,,,23,12,,,,,,,,,,,,,,,,,,,,,,47.0,,,,,,,
2324_20231215_nottm_forest_tottenham,2324,2023-12-15,Tottenham,Nott'm Forest,0,football-data.co.uk,2023-12-16,away,,,,,,,,,12,6,,,,,,,,,,,,,,,,,,,,,,24.0,,,,,,,
2324_20231215_nottm_forest_tottenham,2324,2023-12-15,Nott'm Forest,Tottenham,1,football-data.co.uk,2023-12-16,home,,,,,,,,,15,1,,,,,,,,,,,,,,,,,,,,,,17.0,,,,,,,
2324_20231216_burnley_everton,2324,2023-12-16,Everton,Burnley,0,football-data.co.uk,2023-12-17,away,,,,,,,,,9,6,,,,,,,,,,,,,,,,,,,,,,21.0,,,,,,,
2324_20231216_burnley_everton,2324,2023-12-16,Burnley,Everton,1,football-data.co.uk,2023-12-17,home,,,,,,,,,14,2,,,,,,,,,,,,,,,,,,,,,,18.0,,,,,,,
2324_20231216_chelsea_sheffield_united,2324,2023-12-16,Sheffield United,Chelsea,0,football-data.co.uk,2023-12-17,away,,,,,,,,,6,1,,,,,,,,,,,,,,,,,,,,,,8.0,,,,,,,
2324_20231216_chelsea_sheffield_united,2324,2023-12-16,Chelsea,Sheffield United,1,football-data.co.uk,2023-12-17,home,,,,,,,,,15,6,,,,,,,,,,,,,,,,,,,,,,27.0,,,,,,,
2324_20231216_man_city_crystal_palace,2324,2023-12-16,Crystal Palace,Man City,0,football-data.co.uk,2023-12-17,away,,,,,,,,,5,2,,,,,,,,,,,,,,,,,,,,,,9.0,,,,,,,
2324_20231216_man_city_crystal_palace,2324,2023-12-16,Man City,Crystal Palace,1,football-data.co.uk,2023-12-17,home,,,,,,,,,19,9,,,,,,,,,,,,,,,,,,,,,,37.0,,,,,,,
2324_20231216_newcastle_fulham,2324,2023-12-16,Fulham,Newcastle,0,football-data.co.uk,2023-12-17,away,,,,,,,,,6,4,,,,,,,,,,,,,,,,,,,,,,14.0,,,,,,,
2324_20231216_newcastle_fulham,2324,2023-12-16,Newcastle,Fulham,1,football-data.co.uk,2023-12-17,home,,,,,,,,,27,10,,,,,,,,,,,,,,,,,,,,,,47.0,,,,,,,
2324_20231217_arsenal_brighton,2324,2023-12-17,Brighton,Arsenal,0,football-data.co.uk,2023-12-18,away,,,,,,,,,6,1,,,,,,,,,,,,,,,,,,,,,,8.0,,,,,,,
2324_20231217_arsenal_brighton,2324,2023-12-17,Arsenal,Brighton,1,football-data.co.uk,2023-12-18,home,,,,,,,,,26,9,,,,,,,,,,,,,,,,,,,,,,44.0,,,,,,,
2324_20231217_brentford_aston_villa,2324,2023-12-17,Aston Villa,Brentford,0,football-data.co.uk,2023-12-18,away,,,,,,,,,15,5,,,,,,,,,,,,,,,,,,,,,,25.0,,,,,,,
2324_20231217_brentford_aston_villa,2324,2023-12-17,Brentford,Aston Villa,1,football-data.co.uk,2023-12-18,home,,,,,,,,,4,3,,,,,,,,,,,,,,,,,,,,,,10.0,,,,,,,
2324_20231217_liverpool_man_united,2324,2023-12-17,Man United,Liverpool,0,football-data.co.uk,2023-12-18,away,,,,,,,,,6,1,,,,,,,,,,,,,,,,,,,,,,8.0,,,,,,,
2324_20231217_liverpool_man_united,2324,2023-12-17,Liverpool,Man United,1,football-data.co.uk,2023-12-18,home,,,,,,,,,34,8,,,,,,,,,,,,,,,,,,,,,,50.0,,,,,,,
2324_20231217_west_ham_wolves,2324,2023-12-17,Wolves,West Ham,0,football-data.co.uk,2023-12-18,away,,,,,,,,,14,3,,,,,,,,,,,,,,,,,,,,,,20.0,,,,,,,
2324_20231217_west_ham_wolves,2324,2023-12-17,West Ham,Wolves,1,football-data.co.uk,2023-12-18,home,,,,,,,,,13,4,,,,,,,,,,,,,,,,,,,,,,21.0,,,,,,,
2324_20231221_crystal_palace_brighton,2324,2023-12-21,Brighton,Crystal Palace,0,football-data.co.uk,2023-12-22,away,,,,,,,,,18,6,,,,,,,,,,,,,,,,,,,,,,30.0,,,,,,,
2324_20231221_crystal_palace_brighton,2324,2023-12-21,Crystal Palace,Brighton,1,football-data.co.uk,2023-12-22,home,,,,,,,,,11,3,,,,,,,,,,,,,,,,,,,,,,17.0,,,,,,,
2324_20231222_aston_villa_sheffield_united,2324,2023-12-22,Sheffield United,Aston Villa,0,football-data.co.uk,2023-12-23,away,,,,,,,,,5,2,,,,,,,,,,,,,,,,,,,,,,9.0,,,,,,,
2324_20231222_aston_villa_sheffield_united,2324,2023-12-22,Aston Villa,Sheffield United,1,football-data.co.uk,2023-12-23,home,,,,,,,,,12,4,,,,,,,,,,,,,,,,,,,,,,20.0,,,,,,,
2324_20231223_fulham_burnley,2324,2023-12-23,Burnley,Fulham,0,football-data.co.uk,2023-12-24,away,,,,,,,,,7,2,,,,,,,,,,,,,,,,,,,,,,11.0,,,,,,,
2324_20231223_fulham_burnley,2324,2023-12-23,Fulham,Burnley,1,football-data.co.uk,2023-12-24,home,,,,,,,,,19,5,,,,,,,,,,,,,,,,,,,,,,29.0,,,,,,,
2324_20231223_liverpool_arsenal,2324,2023-12-23,Arsenal,Liverpool,0,football-data.co.uk,2023-12-24,away,,,,,,,,,13,2,,,,,,,,,,,,,,,,,,,,,,17.0,,,,,,,
2324_20231223_liverpool_arsenal,2324,2023-12-23,Liverpool,Arsenal,1,football-data.co.uk,2023-12-24,home,,,,,,,,,13,3,,,,,,,,,,,,,,,,,,,,,,19.0,,,,,,,
2324_20231223_luton_newcastle,2324,2023-12-23,Newcastle,Luton,0,football-data.co.uk,2023-12-24,away,,,,,,,,,15,2,,,,,,,,,,,,,,,,,,,,,,19.0,,,,,,,
2324_20231223_luton_newcastle,2324,2023-12-23,Luton,Newcastle,1,football-data.co.uk,2023-12-24,home,,,,,,,,,16,5,,,,,,,,,,,,,,,,,,,,,,26.0,,,,,,,
2324_20231223_nottm_forest_bournemouth,2324,2023-12-23,Bournemouth,Nott'm Forest,0,football-data.co.uk,2023-12-24,away,,,,,,,,,18,7,,,,,,,,,,,,,,,,,,,,,,32.0,,,,,,,
2324_20231223_nottm_forest_bournemouth,2324,2023-12-23,Nott'm Forest,Bournemouth,1,football-data.co.uk,2023-12-24,home,,,,,,,,,11,5,,,,,,,,,,,,,,,,,,,,,,21.0,,,,,,,
2324_20231223_tottenham_everton,2324,2023-12-23,Everton,Tottenham,0,football-data.co.uk,2023-12-24,away,,,,,,,,,18,8,,,,,,,,,,,,,,,,,,,,,,34.0,,,,,,,
2324_20231223_tottenham_everton,2324,2023-12-23,Tottenham,Everton,1,football-data.co.uk,2023-12-24,home,,,,,,,,,13,6,,,,,,,,,,,,,,,,,,,,,,25.0,,,,,,,
2324_20231223_west_ham_man_united,2324,2023-12-23,Man United,West Ham,0,football-data.co.uk,2023-12-24,away,,,,,,,,,11,3,,,,,,,,,,,,,,,,,,,,,,17.0,,,,,,,
2324_20231223_west_ham_man_united,2324,2023-12-23,West Ham,Man United,1,football-data.co.uk,2023-12-24,home,,,,,,,,,12,5,,,,,,,,,,,,,,,,,,,,,,22.0,,,,,,,
2324_20231224_wolves_chelsea,2324,2023-12-24,Chelsea,Wolves,0,football-data.co.uk,2023-12-25,away,,,,,,,,,16,5,,,,,,,,,,,,,,,,,,,,,,26.0,,,,,,,
2324_20231224_wolves_chelsea,2324,2023-12-24,Wolves,Chelsea,1,football-data.co.uk,2023-12-25,home,,,,,,,,,14,6,,,,,,,,,,,,,,,,,,,,,,26.0,,,,,,,
2324_20231226_bournemouth_fulham,2324,2023-12-26,Fulham,Bournemouth,0,football-data.co.uk,2023-12-27,away,,,,,,,,,8,3,,,,,,,,,,,,,,,,,,,,,,14.0,,,,,,,
2324_20231226_bournemouth_fulham,2324,2023-12-26,Bournemouth,Fulham,1,football-data.co.uk,2023-12-27,home,,,,,,,,,16,4,,,,,,,,,,,,,,,,,,,,,,24.0,,,,,,,
2324_20231226_burnley_liverpool,2324,2023-12-26,Liverpool,Burnley,0,football-data.co.uk,2023-12-27,away,,,,,,,,,19,10,,,,,,,,,,,,,,,,,,,,,,39.0,,,,,,,
2324_20231226_burnley_liverpool,2324,2023-12-26,Burnley,Liverpool,1,football-data.co.uk,2023-12-27,home,,,,,,,,,9,0,,,,,,,,,,,,,,,,,,,,,,9.0,,,,,,,
2324_20231226_man_united_aston_villa,2324,2023-12-26,Aston Villa,Man United,0,football-data.co.uk,2023-12-27,away,,,,,,,,,10,4,,,,,,,,,,,,,,,,,,,,,,18.0,,,,,,,
2324_20231226_man_united_aston_villa,2324,2023-12-26,Man United,Aston Villa,1,football-data.co.uk,2023-12-27,home,,,,,,,,,13,7,,,,,,,,,,,,,,,,,,,,,,27.0,,,,,,,
2324_20231226_newcastle_nottm_forest,2324,2023-12-26,Nott'm Forest,Newcastle,0,football-data.co.uk,2023-12-27,away,,,,,,,,,15,6,,,,,,,,,,,,,,,,,,,,,,27.0,,,,,,,
2324_20231226_newcastle_nottm_forest,2324,2023-12-26,Newcastle,Nott'm Forest,1,football-data.co.uk,2023-12-27,home,,,,,,,,,19,7,,,,,,,,,,,,,,,,,,,,,,33.0,,,,,,,
2324_20231226_sheffield_united_luton,2324,2023-12-26,Luton,Sheffield United,0,football-data.co.uk,2023-12-27,away,,,,,,,,,12,4,,,,,,,,,,,,,,,,,,,,,,20.0,,,,,,,
2324_20231226_sheffield_united_luton,2324,2023-12-26,Sheffield United,Luton,1,football-data.co.uk,2023-12-27,home,,,,,,,,,21,6,,,,,,,,,,,,,,,,,,,,,,33.0,,,,,,,
2324_20231227_brentford_wolves,2324,2023-12-27,Wolves,Brentford,0,football-data.co.uk,2023-12-28,away,,,,,,,,,11,5,,,,,,,,,,,,,,,,,,,,,,21.0,,,,,,,
2324_20231227_brentford_wolves,2324,2023-12-27,Brentford,Wolves,1,football-data.co.uk,2023-12-28,home,,,,,,,,,14,4,,,,,,,,,,,,,,,,,,,,,,22.0,,,,,,,
2324_20231227_chelsea_crystal_palace,2324,2023-12-27,Crystal Palace,Chelsea,0,football-data.co.uk,2023-12-28,away,,,,,,,,,13,5,,,,,,,,,,,,,,,,,,,,,,23.0,,,,,,,
2324_20231227_chelsea_crystal_palace,2324,2023-12-27,Chelsea,Crystal Palace,1,football-data.co.uk,2023-12-28,home,,,,,,,,,9,4,,,,,,,,,,,,,,,,,,,,,,17.0,,,,,,,
2324_20231227_everton_man_city,2324,2023-12-27,Man City,Everton,0,football-data.co.uk,2023-12-28,away,,,,,,,,,23,9,,,,,,,,,,,,,,,,,,,,,,41.0,,,,,,,
2324_20231227_everton_man_city,2324,2023-12-27,Everton,Man City,1,football-data.co.uk,2023-12-28,home,,,,,,,,,7,2,,,,,,,,,,,,,,,,,,,,,,11.0,,,,,,,
2324_20231228_arsenal_west_ham,2324,2023-12-28,West Ham,Arsenal,0,football-data.co.uk,2023-12-29,away,,,,,,,,,6,3,,,,,,,,,,,,,,,,,,,,,,12.0,,,,,,,
2324_20231228_arsenal_west_ham,2324,2023-12-28,Arsenal,West Ham,1,football-data.co.uk,2023-12-29,home,,,,,,,,,30,8,,,,,,,,,,,,,,,,,,,,,,46.0,,,,,,,
2324_20231228_brighton_tottenham,2324,2023-12-28,Tottenham,Brighton,0,football-data.co.uk,2023-12-29,away,,,,,,,,,19,3,,,,,,,,,,,,,,,,,,,,,,25.0,,,,,,,
2324_20231228_brighton_tottenham,2324,2023-12-28,Brighton,Tottenham,1,football-data.co.uk,2023-12-29,home,,,,,,,,,15,9,,,,,,,,,,,,,,,,,,,,,,33.0,,,,,,,
2324_20231230_aston_villa_burnley,2324,2023-12-30,Burnley,Aston Villa,0,football-data.co.uk,2023-12-31,away,,,,,,,,,9,5,,,,,,,,,,,,,,,,,,,,,,19.0,,,,,,,
2324_20231230_aston_villa_burnley,2324,2023-12-30,Aston Villa,Burnley,1,football-data.co.uk,2023-12-31,home,,,,,,,,,19,7,,,,,,,,,,,,,,,,,,,,,,33.0,,,,,,,
2324_20231230_crystal_palace_brentford,2324,2023-12-30,Brentford,Crystal Palace,0,football-data.co.uk,2023-12-31,away,,,,,,,,,9,4,,,,,,,,,,,,,,,,,,,,,,17.0,,,,,,,
2324_20231230_crystal_palace_brentford,2324,2023-12-30,Crystal Palace,Brentford,1,football-data.co.uk,2023-12-31,home,,,,,,,,,13,6,,,,,,,,,,,,,,,,,,,,,,25.0,,,,,,,
2324_20231230_luton_chelsea,2324,2023-12-30,Chelsea,Luton,0,football-data.co.uk,2023-12-31,away,,,,,,,,,12,8,,,,,,,,,,,,,,,,,,,,,,28.0,,,,,,,
2324_20231230_luton_chelsea,2324,2023-12-30,Luton,Chelsea,1,football-data.co.uk,2023-12-31,home,,,,,,,,,15,6,,,,,,,,,,,,,,,,,,,,,,27.0,,,,,,,
2324_20231230_man_city_sheffield_united,2324,2023-12-30,Sheffield United,Man City,0,football-data.co.uk,2023-12-31,away,,,,,,,,,4,2,,,,,,,,,,,,,,,,,,,,,,8.0,,,,,,,
2324_20231230_man_city_sheffield_united,2324,2023-12-30,Man City,Sheffield United,1,football-data.co.uk,2023-12-31,home,,,,,,,,,18,4,,,,,,,,,,,,,,,,,,,,,,26.0,,,,,,,
2324_20231230_nottm_forest_man_united,2324,2023-12-30,Man United,Nott'm Forest,0,football-data.co.uk,2023-12-31,away,,,,,,,,,10,5,,,,,,,,,,,,,,,,,,,,,,20.0,,,,,,,
2324_20231230_nottm_forest_man_united,2324,2023-12-30,Nott'm Forest,Man United,1,football-data.co.uk,2023-12-31,home,,,,,,,,,8,2,,,,,,,,,,,,,,,,,,,,,,12.0,,,,,,,
2324_20231230_wolves_everton,2324,2023-12-30,Everton,Wolves,0,football-data.co.uk,2023-12-31,away,,,,,,,,,10,0,,,,,,,,,,,,,,,,,,,,,,10.0,,,,,,,
2324_20231230_wolves_everton,2324,2023-12-30,Wolves,Everton,1,football-data.co.uk,2023-12-31,home,,,,,,,,,12,6,,,,,,,,,,,,,,,,,,,,,,24.0,,,,,,,
2324_20231231_fulham_arsenal,2324,2023-12-31,Arsenal,Fulham,0,football-data.co.uk,2024-01-01,away,,,,,,,,,13,3,,,,,,,,,,,,,,,,,,,,,,19.0,,,,,,,
2324_20231231_fulham_arsenal,2324,2023-12-31,Fulham,Arsenal,1,football-data.co.uk,2024-01-01,home,,,,,,,,,15,4,,,,,,,,,,,,,,,,,,,,,,23.0,,,,,,,
2324_20231231_tottenham_bournemouth,2324,2023-12-31,Bournemouth,Tottenham,0,football-data.co.uk,2024-01-01,away,,,,,,,,,24,4,,,,,,,,,,,,,,,,,,,,,,32.0,,,,,,,
2324_20231231_tottenham_bournemouth,2324,2023-12-31,Tottenham,Bournemouth,1,football-data.co.uk,2024-01-01,home,,,,,,,,,12,6,,,,,,,,,,,,,,,,,,,,,,24.0,,,,,,,
2324_20240101_liverpool_newcastle,2324,2024-01-01,Newcastle,Liverpool,0,football-data.co.uk,2024-01-02,away,,,,,,,,,5,3,,,,,,,,,,,,,,,,,,,,,,11.0,,,,,,,
2324_20240101_liverpool_newcastle,2324,2024-01-01,Liverpool,Newcastle,1,football-data.co.uk,2024-01-02,home,,,,,,,,,34,15,,,,,,,,,,,,,,,,,,,,,,64.0,,,,,,,
2324_20240102_west_ham_brighton,2324,2024-01-02,Brighton,West Ham,0,football-data.co.uk,2024-01-03,away,,,,,,,,,22,8,,,,,,,,,,,,,,,,,,,,,,38.0,,,,,,,
2324_20240102_west_ham_brighton,2324,2024-01-02,West Ham,Brighton,1,football-data.co.uk,2024-01-03,home,,,,,,,,,6,2,,,,,,,,,,,,,,,,,,,,,,10.0,,,,,,,
2324_20240112_burnley_luton,2324,2024-01-12,Luton,Burnley,0,football-data.co.uk,2024-01-13,away,,,,,,,,,14,5,,,,,,,,,,,,,,,,,,,,,,24.0,,,,,,,
2324_20240112_burnley_luton,2324,2024-01-12,Burnley,Luton,1,football-data.co.uk,2024-01-13,home,,,,,,,,,13,7,,,,,,,,,,,,,,,,,,,,,,27.0,,,,,,,
2324_20240113_chelsea_fulham,2324,2024-01-13,Fulham,Chelsea,0,football-data.co.uk,2024-01-14,away,,,,,,,,,14,4,,,,,,,,,,,,,,,,,,,,,,22.0,,,,,,,
2324_20240113_chelsea_fulham,2324,2024-01-13,Chelsea,Fulham,1,football-data.co.uk,2024-01-14,home,,,,,,,,,17,3,,,,,,,,,,,,,,,,,,,,,,23.0,,,,,,,
2324_20240113_newcastle_man_city,2324,2024-01-13,Man City,Newcastle,0,football-data.co.uk,2024-01-14,away,,,,,,,,,27,11,,,,,,,,,,,,,,,,,,,,,,49.0,,,,,,,
2324_20240113_newcastle_man_city,2324,2024-01-13,Newcastle,Man City,1,football-data.co.uk,2024-01-14,home,,,,,,,,,12,5,,,,,,,,,,,,,,,,,,,,,,22.0,,,,,,,
2324_20240114_everton_aston_villa,2324,2024-01-14,Aston Villa,Everton,0,football-data.co.uk,2024-01-15,away,,,,,,,,,16,5,,,,,,,,,,,,,,,,,,,,,,26.0,,,,,,,
2324_20240114_everton_aston_villa,2324,2024-01-14,Everton,Aston Villa,1,football-data.co.uk,2024-01-15,home,,,,,,,,,10,2,,,,,,,,,,,,,,,,,,,,,,14.0,,,,,,,
2324_20240114_man_united_tottenham,2324,2024-01-14,Tottenham,Man United,0,football-data.co.uk,2024-01-15,away,,,,,,,,,16,6,,,,,,,,,,,,,,,,,,,,,,28.0,,,,,,,
2324_20240114_man_united_tottenham,2324,2024-01-14,Man United,Tottenham,1,football-data.co.uk,2024-01-15,home,,,,,,,,,9,2,,,,,,,,,,,,,,,,,,,,,,13.0,,,,,,,
2324_20240120_arsenal_crystal_palace,2324,2024-01-20,Crystal Palace,Arsenal,0,football-data.co.uk,2024-01-21,away,,,,,,,,,12,5,,,,,,,,,,,,,,,,,,,,,,22.0,,,,,,,
2324_20240120_arsenal_crystal_palace,2324,2024-01-20,Arsenal,Crystal Palace,1,football-data.co.uk,2024-01-21,home,,,,,,,,,21,6,,,,,,,,,,,,,,,,,,,,,,33.0,,,,,,,
2324_20240120_brentford_nottm_forest,2324,2024-01-20,Nott'm Forest,Brentford,0,football-data.co.uk,2024-01-21,away,,,,,,,,,12,3,,,,,,,,,,,,,,,,,,,,,,18.0,,,,,,,
2324_20240120_brentford_nottm_forest,2324,2024-01-20,Brentford,Nott'm Forest,1,football-data.co.uk,2024-01-21,home,,,,,,,,,11,5,,,,,,,,,,,,,,,,,,,,,,21.0,,,,,,,
2324_20240121_bournemouth_liverpool,2324,2024-01-21,Liverpool,Bournemouth,0,football-data.co.uk,2024-01-22,away,,,,,,,,,14,7,,,,,,,,,,,,,,,,,,,,,,28.0,,,,,,,
2324_20240121_bournemouth_liverpool,2324,2024-01-21,Bournemouth,Liverpool,1,football-data.co.uk,2024-01-22,home,,,,,,,,,11,1,,,,,,,,,,,,,,,,,,,,,,13.0,,,,,,,
2324_20240121_sheffield_united_west_ham,2324,2024-01-21,West Ham,Sheffield United,0,football-data.co.uk,2024-01-22,away,,,,,,,,,16,5,,,,,,,,,,,,,,,,,,,,,,26.0,,,,,,,
2324_20240121_sheffield_united_west_ham,2324,2024-01-21,Sheffield United,West Ham,1,football-data.co.uk,2024-01-22,home,,,,,,,,,21,6,,,,,,,,,,,,,,,,,,,,,,33.0,,,,,,,
2324_20240122_brighton_wolves,2324,2024-01-22,Wolves,Brighton,0,football-data.co.uk,2024-01-23,away,,,,,,,,,8,3,,,,,,,,,,,,,,,,,,,,,,14.0,,,,,,,
2324_20240122_brighton_wolves,2324,2024-01-22,Brighton,Wolves,1,football-data.co.uk,2024-01-23,home,,,,,,,,,11,4,,,,,,,,,,,,,,,,,,,,,,19.0,,,,,,,
2324_20240130_aston_villa_newcastle,2324,2024-01-30,Newcastle,Aston Villa,0,football-data.co.uk,2024-01-31,away,,,,,,,,,14,5,,,,,,,,,,,,,,,,,,,,,,24.0,,,,,,,
2324_20240130_aston_villa_newcastle,2324,2024-01-30,Aston Villa,Newcastle,1,football-data.co.uk,2024-01-31,home,,,,,,,,,12,6,,,,,,,,,,,,,,,,,,,,,,24.0,,,,,,,
2324_20240130_crystal_palace_sheffield_united,2324,2024-01-30,Sheffield United,Crystal Palace,0,football-data.co.uk,2024-01-31,away,,,,,,,,,9,5,,,,,,,,,,,,,,,,,,,,,,19.0,,,,,,,
2324_20240130_crystal_palace_sheffield_united,2324,2024-01-30,Crystal Palace,Sheffield United,1,football-data.co.uk,2024-01-31,home,,,,,,,,,12,4,,,,,,,,,,,,,,,,,,,,,,20.0,,,,,,,
2324_20240130_fulham_everton,2324,2024-01-30,Everton,Fulham,0,football-data.co.uk,2024-01-31,away,,,,,,,,,21,4,,,,,,,,,,,,,,,,,,,,,,29.0,,,,,,,
2324_20240130_fulham_everton,2324,2024-01-30,Fulham,Everton,1,football-data.co.uk,2024-01-31,home,,,,,,,,,25,6,,,,,,,,,,,,,,,,,,,,,,37.0,,,,,,,
2324_20240130_luton_brighton,2324,2024-01-30,Brighton,Luton,0,football-data.co.uk,2024-01-31,away,,,,,,,,,9,2,,,,,,,,,,,,,,,,,,,,,,13.0,,,,,,,
2324_20240130_luton_brighton,2324,2024-01-30,Luton,Brighton,1,football-data.co.uk,2024-01-31,home,,,,,,,,,18,8,,,,,,,,,,,,,,,,,,,,,,34.0,,,,,,,
2324_20240130_nottm_forest_arsenal,2324,2024-01-30,Arsenal,Nott'm Forest,0,football-data.co.uk,2024-01-31,away,,,,,,,,,19,3,,,,,,,,,,,,,,,,,,,,,,25.0,,,,,,,
2324_20240130_nottm_forest_arsenal,2324,2024-01-30,Nott'm Forest,Arsenal,1,football-data.co.uk,2024-01-31,home,,,,,,,,,9,3,,,,,,,,,,,,,,,,,,,,,,15.0,,,,,,,
2324_20240131_liverpool_chelsea,2324,2024-01-31,Chelsea,Liverpool,0,football-data.co.uk,2024-02-01,away,,,,,,,,,4,3,,,,,,,,,,,,,,,,,,,,,,10.0,,,,,,,
2324_20240131_liverpool_chelsea,2324,2024-01-31,Liverpool,Chelsea,1,football-data.co.uk,2024-02-01,home,,,,,,,,,28,13,,,,,,,,,,,,,,,,,,,,,,54.0,,,,,,,
2324_20240131_man_city_burnley,2324,2024-01-31,Burnley,Man City,0,football-data.co.uk,2024-02-01,away,,,,,,,,,8,3,,,,,,,,,,,,,,,,,,,,,,14.0,,,,,,,
2324_20240131_man_city_burnley,2324,2024-01-31,Man City,Burnley,1,football-data.co.uk,2024-02-01,home,,,,,,,,,14,4,,,,,,,,,,,,,,,,,,,,,,22.0,,,,,,,
2324_20240131_tottenham_brentford,2324,2024-01-31,Brentford,Tottenham,0,football-data.co.uk,2024-02-01,away,,,,,,,,,9,5,,,,,,,,,,,,,,,,,,,,,,19.0,,,,,,,
2324_20240131_tottenham_brentford,2324,2024-01-31,Tottenham,Brentford,1,football-data.co.uk,2024-02-01,home,,,,,,,,,19,5,,,,,,,,,,,,,,,,,,,,,,29.0,,,,,,,
2324_20240201_west_ham_bournemouth,2324,2024-02-01,Bournemouth,West Ham,0,football-data.co.uk,2024-02-02,away,,,,,,,,,9,4,,,,,,,,,,,,,,,,,,,,,,17.0,,,,,,,
2324_20240201_west_ham_bournemouth,2324,2024-02-01,West Ham,Bournemouth,1,football-data.co.uk,2024-02-02,home,,,,,,,,,9,3,,,,,,,,,,,,,,,,,,,,,,15.0,,,,,,,
2324_20240201_wolves_man_united,2324,2024-02-01,Man United,Wolves,0,football-data.co.uk,2024-02-02,away,,,,,,,,,21,8,,,,,,,,,,,,,,,,,,,,,,37.0,,,,,,,
2324_20240201_wolves_man_united,2324,2024-02-01,Wolves,Man United,1,football-data.co.uk,2024-02-02,home,,,,,,,,,16,7,,,,,,,,,,,,,,,,,,,,,,30.0,,,,,,,
2324_20240203_brighton_crystal_palace,2324,2024-02-03,Crystal Palace,Brighton,0,football-data.co.uk,2024-02-04,away,,,,,,,,,7,5,,,,,,,,,,,,,,,,,,,,,,17.0,,,,,,,
2324_20240203_brighton_crystal_palace,2324,2024-02-03,Brighton,Crystal Palace,1,football-data.co.uk,2024-02-04,home,,,,,,,,,13,6,,,,,,,,,,,,,,,,,,,,,,25.0,,,,,,,
2324_20240203_burnley_fulham,2324,2024-02-03,Fulham,Burnley,0,football-data.co.uk,2024-02-04,away,,,,,,,,,15,7,,,,,,,,,,,,,,,,,,,,,,29.0,,,,,,,
2324_20240203_burnley_fulham,2324,2024-02-03,Burnley,Fulham,1,football-data.co.uk,2024-02-04,home,,,,,,,,,12,4,,,,,,,,,,,,,,,,,,,,,,20.0,,,,,,,
2324_20240203_everton_tottenham,2324,2024-02-03,Tottenham,Everton,0,football-data.co.uk,2024-02-04,away,,,,,,,,,9,6,,,,,,,,,,,,,,,,,,,,,,21.0,,,,,,,
2324_20240203_everton_tottenham,2324,2024-02-03,Everton,Tottenham,1,football-data.co.uk,2024-02-04,home,,,,,,,,,14,5,,,,,,,,,,,,,,,,,,,,,,24.0,,,,,,,
2324_20240203_newcastle_luton,2324,2024-02-03,Luton,Newcastle,0,football-data.co.uk,2024-02-04,away,,,,,,,,,11,8,,,,,,,,,,,,,,,,,,,,,,27.0,,,,,,,
2324_20240203_newcastle_luton,2324,2024-02-03,Newcastle,Luton,1,football-data.co.uk,2024-02-04,home,,,,,,,,,19,6,,,,,,,,,,,,,,,,,,,,,,31.0,,,,,,,
2324_20240203_sheffield_united_aston_villa,2324,2024-02-03,Aston Villa,Sheffield United,0,football-data.co.uk,2024-02-04,away,,,,,,,,,14,10,,,,,,,,,,,,,,,,,,,,,,34.0,,,,,,,
2324_20240203_sheffield_united_aston_villa,2324,2024-02-03,Sheffield United,Aston Villa,1,football-data.co.uk,2024-02-04,home,,,,,,,,,10,5,,,,,,,,,,,,,,,,,,,,,,20.0,,,,,,,
2324_20240204_arsenal_liverpool,2324,2024-02-04,Liverpool,Arsenal,0,football-data.co.uk,2024-02-05,away,,,,,,,,,10,1,,,,,,,,,,,,,,,,,,,,,,12.0,,,,,,,
2324_20240204_arsenal_liverpool,2324,2024-02-04,Arsenal,Liverpool,1,football-data.co.uk,2024-02-05,home,,,,,,,,,15,7,,,,,,,,,,,,,,,,,,,,,,29.0,,,,,,,
2324_20240204_bournemouth_nottm_forest,2324,2024-02-04,Nott'm Forest,Bournemouth,0,football-data.co.uk,2024-02-05,away,,,,,,,,,8,6,,,,,,,,,,,,,,,,,,,,,,20.0,,,,,,,
2324_20240204_bournemouth_nottm_forest,2324,2024-02-04,Bournemouth,Nott'm Forest,1,football-data.co.uk,2024-02-05,home,,,,,,,,,9,2,,,,,,,,,,,,,,,,,,,,,,13.0,,,,,,,
2324_20240204_chelsea_wolves,2324,2024-02-04,Wolves,Chelsea,0,football-data.co.uk,2024-02-05,away,,,,,,,,,14,7,,,,,,,,,,,,,,,,,,,,,,28.0,,,,,,,
2324_20240204_chelsea_wolves,2324,2024-02-04,Chelsea,Wolves,1,football-data.co.uk,2024-02-05,home,,,,,,,,,15,6,,,,,,,,,,,,,,,,,,,,,,27.0,,,,,,,
2324_20240204_man_united_west_ham,2324,2024-02-04,West Ham,Man United,0,football-data.co.uk,2024-02-05,away,,,,,,,,,22,3,,,,,,,,,,,,,,,,,,,,,,28.0,,,,,,,
2324_20240204_man_united_west_ham,2324,2024-02-04,Man United,West Ham,1,football-data.co.uk,2024-02-05,home,,,,,,,,,12,5,,,,,,,,,,,,,,,,,,,,,,22.0,,,,,,,
2324_20240205_brentford_man_city,2324,2024-02-05,Man City,Brentford,0,football-data.co.uk,2024-02-06,away,,,,,,,,,25,15,,,,,,,,,,,,,,,,,,,,,,55.0,,,,,,,
2324_20240205_brentford_man_city,2324,2024-02-05,Brentford,Man City,1,football-data.co.uk,2024-02-06,home,,,,,,,,,9,3,,,,,,,,,,,,,,,,,,,,,,15.0,,,,,,,
2324_20240210_fulham_bournemouth,2324,2024-02-10,Bournemouth,Fulham,0,football-data.co.uk,2024-02-11,away,,,,,,,,,25,4,,,,,,,,,,,,,,,,,,,,,,33.0,,,,,,,
2324_20240210_fulham_bournemouth,2324,2024-02-10,Fulham,Bournemouth,1,football-data.co.uk,2024-02-11,home,,,,,,,,,7,6,,,,,,,,,,,,,,,,,,,,,,19.0,,,,,,,
2324_20240210_liverpool_burnley,2324,2024-02-10,Burnley,Liverpool,0,football-data.co.uk,2024-02-11,away,,,,,,,,,9,4,,,,,,,,,,,,,,,,,,,,,,17.0,,,,,,,
2324_20240210_liverpool_burnley,2324,2024-02-10,Liverpool,Burnley,1,football-data.co.uk,2024-02-11,home,,,,,,,,,25,10,,,,,,,,,,,,,,,,,,,,,,45.0,,,,,,,
2324_20240210_luton_sheffield_united,2324,2024-02-10,Sheffield United,Luton,0,football-data.co.uk,2024-02-11,away,,,,,,,,,7,3,,,,,,,,,,,,,,,,,,,,,,13.0,,,,,,,
2324_20240210_luton_sheffield_united,2324,2024-02-10,Luton,Sheffield United,1,football-data.co.uk,2024-02-11,home,,,,,,,,,20,5,,,,,,,,,,,,,,,,,,,,,,30.0,,,,,,,
2324_20240210_man_city_everton,2324,2024-02-10,Everton,Man City,0,football-data.co.uk,2024-02-11,away,,,,,,,,,5,1,,,,,,,,,,,,,,,,,,,,,,7.0,,,,,,,
2324_20240210_man_city_everton,2324,2024-02-10,Man City,Everton,1,football-data.co.uk,2024-02-11,home,,,,,,,,,19,3,,,,,,,,,,,,,,,,,,,,,,25.0,,,,,,,
2324_20240210_nottm_forest_newcastle,2324,2024-02-10,Newcastle,Nott'm Forest,0,football-data.co.uk,2024-02-11,away,,,,,,,,,7,5,,,,,,,,,,,,,,,,,,,,,,17.0,,,,,,,
2324_20240210_nottm_forest_newcastle,2324,2024-02-10,Nott'm Forest,Newcastle,1,football-data.co.uk,2024-02-11,home,,,,,,,,,13,3,,,,,,,,,,,,,,,,,,,,,,19.0,,,,,,,
2324_20240210_tottenham_brighton,2324,2024-02-10,Brighton,Tottenham,0,football-data.co.uk,2024-02-11,away,,,,,,,,,6,3,,,,,,,,,,,,,,,,,,,,,,12.0,,,,,,,
2324_20240210_tottenham_brighton,2324,2024-02-10,Tottenham,Brighton,1,football-data.co.uk,2024-02-11,home,,,,,,,,,16,6,,,,,,,,,,,,,,,,,,,,,,28.0,,,,,,,
2324_20240210_wolves_brentford,2324,2024-02-10,Brentford,Wolves,0,football-data.co.uk,2024-02-11,away,,,,,,,,,9,6,,,,,,,,,,,,,,,,,,,,,,21.0,,,,,,,
2324_20240210_wolves_brentford,2324,2024-02-10,Wolves,Brentford,1,football-data.co.uk,2024-02-11,home,,,,,,,,,17,5,,,,,,,,,,,,,,,,,,,,,,27.0,,,,,,,
2324_20240211_aston_villa_man_united,2324,2024-02-11,Man United,Aston Villa,0,football-data.co.uk,2024-02-12,away,,,,,,,,,17,5,,,,,,,,,,,,,,,,,,,,,,27.0,,,,,,,
2324_20240211_aston_villa_man_united,2324,2024-02-11,Aston Villa,Man United,1,football-data.co.uk,2024-02-12,home,,,,,,,,,23,10,,,,,,,,,,,,,,,,,,,,,,43.0,,,,,,,
2324_20240211_west_ham_arsenal,2324,2024-02-11,Arsenal,West Ham,0,football-data.co.uk,2024-02-12,away,,,,,,,,,25,12,,,,,,,,,,,,,,,,,,,,,,49.0,,,,,,,
2324_20240211_west_ham_arsenal,2324,2024-02-11,West Ham,Arsenal,1,football-data.co.uk,2024-02-12,home,,,,,,,,,5,1,,,,,,,,,,,,,,,,,,,,,,7.0,,,,,,,
2324_20240212_crystal_palace_chelsea,2324,2024-02-12,Chelsea,Crystal Palace,0,football-data.co.uk,2024-02-13,away,,,,,,,,,14,5,,,,,,,,,,,,,,,,,,,,,,24.0,,,,,,,
2324_20240212_crystal_palace_chelsea,2324,2024-02-12,Crystal Palace,Chelsea,1,football-data.co.uk,2024-02-13,home,,,,,,,,,13,4,,,,,,,,,,,,,,,,,,,,,,21.0,,,,,,,
2324_20240217_brentford_liverpool,2324,2024-02-17,Liverpool,Brentford,0,football-data.co.uk,2024-02-18,away,,,,,,,,,15,8,,,,,,,,,,,,,,,,,,,,,,31.0,,,,,,,
2324_20240217_brentford_liverpool,2324,2024-02-17,Brentford,Liverpool,1,football-data.co.uk,2024-02-18,home,,,,,,,,,15,6,,,,,,,,,,,,,,,,,,,,,,27.0,,,,,,,
2324_20240217_burnley_arsenal,2324,2024-02-17,Arsenal,Burnley,0,football-data.co.uk,2024-02-18,away,,,,,,,,,16,7,,,,,,,,,,,,,,,,,,,,,,30.0,,,,,,,
2324_20240217_burnley_arsenal,2324,2024-02-17,Burnley,Arsenal,1,football-data.co.uk,2024-02-18,home,,,,,,,,,8,0,,,,,,,,,,,,,,,,,,,,,,8.0,,,,,,,
2324_20240217_fulham_aston_villa,2324,2024-02-17,Aston Villa,Fulham,0,football-data.co.uk,2024-02-18,away,,,,,,,,,12,3,,,,,,,,,,,,,,,,,,,,,,18.0,,,,,,,
2324_20240217_fulham_aston_villa,2324,2024-02-17,Fulham,Aston Villa,1,football-data.co.uk,2024-02-18,home,,,,,,,,,15,4,,,,,,,,,,,,,,,,,,,,,,23.0,,,,,,,
2324_20240217_man_city_chelsea,2324,2024-02-17,Chelsea,Man City,0,football-data.co.uk,2024-02-18,away,,,,,,,,,9,6,,,,,,,,,,,,,,,,,,,,,,21.0,,,,,,,
2324_20240217_man_city_chelsea,2324,2024-02-17,Man City,Chelsea,1,football-data.co.uk,2024-02-18,home,,,,,,,,,31,5,,,,,,,,,,,,,,,,,,,,,,41.0,,,,,,,
2324_20240217_newcastle_bournemouth,2324,2024-02-17,Bournemouth,Newcastle,0,football-data.co.uk,2024-02-18,away,,,,,,,,,12,7,,,,,,,,,,,,,,,,,,,,,,26.0,,,,,,,
2324_20240217_newcastle_bournemouth,2324,2024-02-17,Newcastle,Bournemouth,1,football-data.co.uk,2024-02-18,home,,,,,,,,,17,5,,,,,,,,,,,,,,,,,,,,,,27.0,,,,,,,
2324_20240217_nottm_forest_west_ham,2324,2024-02-17,West Ham,Nott'm Forest,0,football-data.co.uk,2024-02-18,away,,,,,,,,,10,3,,,,,,,,,,,,,,,,,,,,,,16.0,,,,,,,
2324_20240217_nottm_forest_west_ham,2324,2024-02-17,Nott'm Forest,West Ham,1,football-data.co.uk,2024-02-18,home,,,,,,,,,19,8,,,,,,,,,,,,,,,,,,,,,,35.0,,,,,,,
2324_20240217_tottenham_wolves,2324,2024-02-17,Wolves,Tottenham,0,football-data.co.uk,2024-02-18,away,,,,,,,,,12,7,,,,,,,,,,,,,,,,,,,,,,26.0,,,,,,,
2324_20240217_tottenham_wolves,2324,2024-02-17,Tottenham,Wolves,1,football-data.co.uk,2024-02-18,home,,,,,,,,,15,4,,,,,,,,,,,,,,,,,,,,,,23.0,,,,,,,
2324_20240218_luton_man_united,2324,2024-02-18,Man United,Luton,0,football-data.co.uk,2024-02-19,away,,,,,,,,,21,9,,,,,,,,,,,,,,,,,,,,,,39.0,,,,,,,
2324_20240218_luton_man_united,2324,2024-02-18,Luton,Man United,1,football-data.co.uk,2024-02-19,home,,,,,,,,,22,4,,,,,,,,,,,,,,,,,,,,,,30.0,,,,,,,
2324_20240218_sheffield_united_brighton,2324,2024-02-18,Brighton,Sheffield United,0,football-data.co.uk,2024-02-19,away,,,,,,,,,24,10,,,,,,,,,,,,,,,,,,,,,,44.0,,,,,,,
2324_20240218_sheffield_united_brighton,2324,2024-02-18,Sheffield United,Brighton,1,football-data.co.uk,2024-02-19,home,,,,,,,,,6,1,,,,,,,,,,,,,,,,,,,,,,8.0,,,,,,,
2324_20240219_everton_crystal_palace,2324,2024-02-19,Crystal Palace,Everton,0,football-data.co.uk,2024-02-20,away,,,,,,,,,10,4,,,,,,,,,,,,,,,,,,,,,,18.0,,,,,,,
2324_20240219_everton_crystal_palace,2324,2024-02-19,Everton,Crystal Palace,1,football-data.co.uk,2024-02-20,home,,,,,,,,,19,4,,,,,,,,,,,,,,,,,,,,,,27.0,,,,,,,
2324_20240220_man_city_brentford,2324,2024-02-20,Brentford,Man City,0,football-data.co.uk,2024-02-21,away,,,,,,,,,6,2,,,,,,,,,,,,,,,,,,,,,,10.0,,,,,,,
2324_20240220_man_city_brentford,2324,2024-02-20,Man City,Brentford,1,football-data.co.uk,2024-02-21,home,,,,,,,,,25,11,,,,,,,,,,,,,,,,,,,,,,47.0,,,,,,,
2324_20240221_liverpool_luton,2324,2024-02-21,Luton,Liverpool,0,football-data.co.uk,2024-02-22,away,,,,,,,,,12,3,,,,,,,,,,,,,,,,,,,,,,18.0,,,,,,,
2324_20240221_liverpool_luton,2324,2024-02-21,Liverpool,Luton,1,football-data.co.uk,2024-02-22,home,,,,,,,,,29,13,,,,,,,,,,,,,,,,,,,,,,55.0,,,,,,,
2324_20240224_arsenal_newcastle,2324,2024-02-24,Newcastle,Arsenal,0,football-data.co.uk,2024-02-25,away,,,,,,,,,3,2,,,,,,,,,,,,,,,,,,,,,,7.0,,,,,,,
2324_20240224_arsenal_newcastle,2324,2024-02-24,Arsenal,Newcastle,1,football-data.co.uk,2024-02-25,home,,,,,,,,,18,8,,,,,,,,,,,,,,,,,,,,,,34.0,,,,,,,
2324_20240224_aston_villa_nottm_forest,2324,2024-02-24,Nott'm Forest,Aston Villa,0,football-data.co.uk,2024-02-25,away,,,,,,,,,10,3,,,,,,,,,,,,,,,,,,,,,,16.0,,,,,,,
2324_20240224_aston_villa_nottm_forest,2324,2024-02-24,Aston Villa,Nott'm Forest,1,football-data.co.uk,2024-02-25,home,,,,,,,,,16,6,,,,,,,,,,,,,,,,,,,,,,28.0,,,,,,,
2324_20240224_bournemouth_man_city,2324,2024-02-24,Man City,Bournemouth,0,football-data.co.uk,2024-02-25,away,,,,,,,,,15,6,,,,,,,,,,,,,,,,,,,,,,27.0,,,,,,,
2324_20240224_bournemouth_man_city,2324,2024-02-24,Bournemouth,Man City,1,football-data.co.uk,2024-02-25,home,,,,,,,,,13,4,,,,,,,,,,,,,,,,,,,,,,21.0,,,,,,,
2324_20240224_brighton_everton,2324,2024-02-24,Everton,Brighton,0,football-data.co.uk,2024-02-25,away,,,,,,,,,6,3,,,,,,,,,,,,,,,,,,,,,,12.0,,,,,,,
2324_20240224_brighton_everton,2324,2024-02-24,Brighton,Everton,1,football-data.co.uk,2024-02-25,home,,,,,,,,,23,7,,,,,,,,,,,,,,,,,,,,,,37.0,,,,,,,
2324_20240224_crystal_palace_burnley,2324,2024-02-24,Burnley,Crystal Palace,0,football-data.co.uk,2024-02-25,away,,,,,,,,,2,0,,,,,,,,,,,,,,,,,,,,,,2.0,,,,,,,
2324_20240224_crystal_palace_burnley,2324,2024-02-24,Crystal Palace,Burnley,1,football-data.co.uk,2024-02-25,home,,,,,,,,,15,6,,,,,,,,,,,,,,,,,,,,,,27.0,,,,,,,
2324_20240224_man_united_fulham,2324,2024-02-24,Fulham,Man United,0,football-data.co.uk,2024-02-25,away,,,,,,,,,17,5,,,,,,,,,,,,,,,,,,,,,,27.0,,,,,,,
2324_20240224_man_united_fulham,2324,2024-02-24,Man United,Fulham,1,football-data.co.uk,2024-02-25,home,,,,,,,,,21,9,,,,,,,,,,,,,,,,,,,,,,39.0,,,,,,,
2324_20240225_wolves_sheffield_united,2324,2024-02-25,Sheffield United,Wolves,0,football-data.co.uk,2024-02-26,away,,,,,,,,,12,4,,,,,,,,,,,,,,,,,,,,,,20.0,,,,,,,
2324_20240225_wolves_sheffield_united,2324,2024-02-25,Wolves,Sheffield United,1,football-data.co.uk,2024-02-26,home,,,,,,,,,13,2,,,,,,,,,,,,,,,,,,,,,,17.0,,,,,,,
2324_20240226_west_ham_brentford,2324,2024-02-26,Brentford,West Ham,0,football-data.co.uk,2024-02-27,away,,,,,,,,,14,8,,,,,,,,,,,,,,,,,,,,,,30.0,,,,,,,
2324_20240226_west_ham_brentford,2324,2024-02-26,West Ham,Brentford,1,football-data.co.uk,2024-02-27,home,,,,,,,,,17,6,,,,,,,,,,,,,,,,,,,,,,29.0,,,,,,,
2324_20240302_brentford_chelsea,2324,2024-03-02,Chelsea,Brentford,0,football-data.co.uk,2024-03-03,away,,,,,,,,,17,6,,,,,,,,,,,,,,,,,,,,,,29.0,,,,,,,
2324_20240302_brentford_chelsea,2324,2024-03-02,Brentford,Chelsea,1,football-data.co.uk,2024-03-03,home,,,,,,,,,14,5,,,,,,,,,,,,,,,,,,,,,,24.0,,,,,,,
2324_20240302_everton_west_ham,2324,2024-03-02,West Ham,Everton,0,football-data.co.uk,2024-03-03,away,,,,,,,,,12,5,,,,,,,,,,,,,,,,,,,,,,22.0,,,,,,,
2324_20240302_everton_west_ham,2324,2024-03-02,Everton,West Ham,1,football-data.co.uk,2024-03-03,home,,,,,,,,,22,11,,,,,,,,,,,,,,,,,,,,,,44.0,,,,,,,
2324_20240302_fulham_brighton,2324,2024-03-02,Brighton,Fulham,0,football-data.co.uk,2024-03-03,away,,,,,,,,,15,5,,,,,,,,,,,,,,,,,,,,,,25.0,,,,,,,
2324_20240302_fulham_brighton,2324,2024-03-02,Fulham,Brighton,1,football-data.co.uk,2024-03-03,home,,,,,,,,,12,5,,,,,,,,,,,,,,,,,,,,,,22.0,,,,,,,
2324_20240302_luton_aston_villa,2324,2024-03-02,Aston Villa,Luton,0,football-data.co.uk,2024-03-03,away,,,,,,,,,12,8,,,,,,,,,,,,,,,,,,,,,,28.0,,,,,,,
2324_20240302_luton_aston_villa,2324,2024-03-02,Luton,Aston Villa,1,football-data.co.uk,2024-03-03,home,,,,,,,,,13,5,,,,,,,,,,,,,,,,,,,,,,23.0,,,,,,,
2324_20240302_newcastle_wolves,2324,2024-03-02,Wolves,Newcastle,0,football-data.co.uk,2024-03-03,away,,,,,,,,,12,3,,,,,,,,,,,,,,,,,,,,,,18.0,,,,,,,
2324_20240302_newcastle_wolves,2324,2024-03-02,Newcastle,Wolves,1,football-data.co.uk,2024-03-03,home,,,,,,,,,14,7,,,,,,,,,,,,,,,,,,,,,,28.0,,,,,,,
2324_20240302_nottm_forest_liverpool,2324,2024-03-02,Liverpool,Nott'm Forest,0,football-data.co.uk,2024-03-03,away,,,,,,,,,22,2,,,,,,,,,,,,,,,,,,,,,,26.0,,,,,,,
2324_20240302_nottm_forest_liverpool,2324,2024-03-02,Nott'm Forest,Liverpool,1,football-data.co.uk,2024-03-03,home,,,,,,,,,8,2,,,,,,,,,,,,,,,,,,,,,,12.0,,,,,,,
2324_20240302_tottenham_crystal_palace,2324,2024-03-02,Crystal Palace,Tottenham,0,football-data.co.uk,2024-03-03,away,,,,,,,,,4,1,,,,,,,,,,,,,,,,,,,,,,6.0,,,,,,,
2324_20240302_tottenham_crystal_palace,2324,2024-03-02,Tottenham,Crystal Palace,1,football-data.co.uk,2024-03-03,home,,,,,,,,,14,6,,,,,,,,,,,,,,,,,,,,,,26.0,,,,,,,
2324_20240303_burnley_bournemouth,2324,2024-03-03,Bournemouth,Burnley,0,football-data.co.uk,2024-03-04,away,,,,,,,,,10,3,,,,,,,,,,,,,,,,,,,,,,16.0,,,,,,,
2324_20240303_burnley_bournemouth,2324,2024-03-03,Burnley,Bournemouth,1,football-data.co.uk,2024-03-04,home,,,,,,,,,20,6,,,,,,,,,,,,,,,,,,,,,,32.0,,,,,,,
2324_20240303_man_city_man_united,2324,2024-03-03,Man United,Man City,0,football-data.co.uk,2024-03-04,away,,,,,,,,,3,1,,,,,,,,,,,,,,,,,,,,,,5.0,,,,,,,
2324_20240303_man_city_man_united,2324,2024-03-03,Man City,Man United,1,football-data.co.uk,2024-03-04,home,,,,,,,,,27,8,,,,,,,,,,,,,,,,,,,,,,43.0,,,,,,,
2324_20240304_sheffield_united_arsenal,2324,2024-03-04,Arsenal,Sheffield United,0,football-data.co.uk,2024-03-05,away,,,,,,,,,22,10,,,,,,,,,,,,,,,,,,,,,,42.0,,,,,,,
2324_20240304_sheffield_united_arsenal,2324,2024-03-04,Sheffield United,Arsenal,1,football-data.co.uk,2024-03-05,home,,,,,,,,,4,0,,,,,,,,,,,,,,,,,,,,,,4.0,,,,,,,
2324_20240309_arsenal_brentford,2324,2024-03-09,Brentford,Arsenal,0,football-data.co.uk,2024-03-10,away,,,,,,,,,9,4,,,,,,,,,,,,,,,,,,,,,,17.0,,,,,,,
2324_20240309_arsenal_brentford,2324,2024-03-09,Arsenal,Brentford,1,football-data.co.uk,2024-03-10,home,,,,,,,,,17,6,,,,,,,,,,,,,,,,,,,,,,29.0,,,,,,,
2324_20240309_bournemouth_sheffield_united,2324,2024-03-09,Sheffield United,Bournemouth,0,football-data.co.uk,2024-03-10,away,,,,,,,,,13,9,,,,,,,,,,,,,,,,,,,,,,31.0,,,,,,,
2324_20240309_bournemouth_sheffield_united,2324,2024-03-09,Bournemouth,Sheffield United,1,football-data.co.uk,2024-03-10,home,,,,,,,,,32,12,,,,,,,,,,,,,,,,,,,,,,56.0,,,,,,,
2324_20240309_crystal_palace_luton,2324,2024-03-09,Luton,Crystal Palace,0,football-data.co.uk,2024-03-10,away,,,,,,,,,8,2,,,,,,,,,,,,,,,,,,,,,,12.0,,,,,,,
2324_20240309_crystal_palace_luton,2324,2024-03-09,Crystal Palace,Luton,1,football-data.co.uk,2024-03-10,home,,,,,,,,,21,4,,,,,,,,,,,,,,,,,,,,,,29.0,,,,,,,
2324_20240309_man_united_everton,2324,2024-03-09,Everton,Man United,0,football-data.co.uk,2024-03-10,away,,,,,,,,,23,6,,,,,,,,,,,,,,,,,,,,,,35.0,,,,,,,
2324_20240309_man_united_everton,2324,2024-03-09,Man United,Everton,1,football-data.co.uk,2024-03-10,home,,,,,,,,,15,8,,,,,,,,,,,,,,,,,,,,,,31.0,,,,,,,
2324_20240309_wolves_fulham,2324,2024-03-09,Fulham,Wolves,0,football-data.co.uk,2024-03-10,away,,,,,,,,,23,6,,,,,,,,,,,,,,,,,,,,,,35.0,,,,,,,
2324_20240309_wolves_fulham,2324,2024-03-09,Wolves,Fulham,1,football-data.co.uk,2024-03-10,home,,,,,,,,,8,3,,,,,,,,,,,,,,,,,,,,,,14.0,,,,,,,
2324_20240310_aston_villa_tottenham,2324,2024-03-10,Tottenham,Aston Villa,0,football-data.co.uk,2024-03-11,away,,,,,,,,,9,5,,,,,,,,,,,,,,,,,,,,,,19.0,,,,,,,
2324_20240310_aston_villa_tottenham,2324,2024-03-10,Aston Villa,Tottenham,1,football-data.co.uk,2024-03-11,home,,,,,,,,,10,1,,,,,,,,,,,,,,,,,,,,,,12.0,,,,,,,
2324_20240310_brighton_nottm_forest,2324,2024-03-10,Nott'm Forest,Brighton,0,football-data.co.uk,2024-03-11,away,,,,,,,,,9,4,,,,,,,,,,,,,,,,,,,,,,17.0,,,,,,,
2324_20240310_brighton_nottm_forest,2324,2024-03-10,Brighton,Nott'm Forest,1,football-data.co.uk,2024-03-11,home,,,,,,,,,10,3,,,,,,,,,,,,,,,,,,,,,,16.0,,,,,,,
2324_20240310_liverpool_man_city,2324,2024-03-10,Man City,Liverpool,0,football-data.co.uk,2024-03-11,away,,,,,,,,,10,6,,,,,,,,,,,,,,,,,,,,,,22.0,,,,,,,
2324_20240310_liverpool_man_city,2324,2024-03-10,Liverpool,Man City,1,football-data.co.uk,2024-03-11,home,,,,,,,,,19,6,,,,,,,,,,,,,,,,,,,,,,31.0,,,,,,,
2324_20240310_west_ham_burnley,2324,2024-03-10,Burnley,West Ham,0,football-data.co.uk,2024-03-11,away,,,,,,,,,11,4,,,,,,,,,,,,,,,,,,,,,,19.0,,,,,,,
2324_20240310_west_ham_burnley,2324,2024-03-10,West Ham,Burnley,1,football-data.co.uk,2024-03-11,home,,,,,,,,,22,4,,,,,,,,,,,,,,,,,,,,,,30.0,,,,,,,
2324_20240311_chelsea_newcastle,2324,2024-03-11,Newcastle,Chelsea,0,football-data.co.uk,2024-03-12,away,,,,,,,,,11,3,,,,,,,,,,,,,,,,,,,,,,17.0,,,,,,,
2324_20240311_chelsea_newcastle,2324,2024-03-11,Chelsea,Newcastle,1,football-data.co.uk,2024-03-12,home,,,,,,,,,12,8,,,,,,,,,,,,,,,,,,,,,,28.0,,,,,,,
2324_20240313_bournemouth_luton,2324,2024-03-13,Luton,Bournemouth,0,football-data.co.uk,2024-03-14,away,,,,,,,,,8,4,,,,,,,,,,,,,,,,,,,,,,16.0,,,,,,,
2324_20240313_bournemouth_luton,2324,2024-03-13,Bournemouth,Luton,1,football-data.co.uk,2024-03-14,home,,,,,,,,,24,10,,,,,,,,,,,,,,,,,,,,,,44.0,,,,,,,
2324_20240316_burnley_brentford,2324,2024-03-16,Brentford,Burnley,0,football-data.co.uk,2024-03-17,away,,,,,,,,,9,5,,,,,,,,,,,,,,,,,,,,,,19.0,,,,,,,
2324_20240316_burnley_brentford,2324,2024-03-16,Burnley,Brentford,1,football-data.co.uk,2024-03-17,home,,,,,,,,,17,6,,,,,,,,,,,,,,,,,,,,,,29.0,,,,,,,
2324_20240316_fulham_tottenham,2324,2024-03-16,Tottenham,Fulham,0,football-data.co.uk,2024-03-17,away,,,,,,,,,14,5,,,,,,,,,,,,,,,,,,,,,,24.0,,,,,,,
2324_20240316_fulham_tottenham,2324,2024-03-16,Fulham,Tottenham,1,football-data.co.uk,2024-03-17,home,,,,,,,,,16,7,,,,,,,,,,,,,,,,,,,,,,30.0,,,,,,,
2324_20240316_luton_nottm_forest,2324,2024-03-16,Nott'm Forest,Luton,0,football-data.co.uk,2024-03-17,away,,,,,,,,,16,6,,,,,,,,,,,,,,,,,,,,,,28.0,,,,,,,
2324_20240316_luton_nottm_forest,2324,2024-03-16,Luton,Nott'm Forest,1,football-data.co.uk,2024-03-17,home,,,,,,,,,10,4,,,,,,,,,,,,,,,,,,,,,,18.0,,,,,,,
2324_20240317_west_ham_aston_villa,2324,2024-03-17,Aston Villa,West Ham,0,football-data.co.uk,2024-03-18,away,,,,,,,,,13,5,,,,,,,,,,,,,,,,,,,,,,23.0,,,,,,,
2324_20240317_west_ham_aston_villa,2324,2024-03-17,West Ham,Aston Villa,1,football-data.co.uk,2024-03-18,home,,,,,,,,,13,5,,,,,,,,,,,,,,,,,,,,,,23.0,,,,,,,
2324_20240330_aston_villa_wolves,2324,2024-03-30,Wolves,Aston Villa,0,football-data.co.uk,2024-03-31,away,,,,,,,,,13,3,,,,,,,,,,,,,,,,,,,,,,19.0,,,,,,,
2324_20240330_aston_villa_wolves,2324,2024-03-30,Aston Villa,Wolves,1,football-data.co.uk,2024-03-31,home,,,,,,,,,11,5,,,,,,,,,,,,,,,,,,,,,,21.0,,,,,,,
2324_20240330_bournemouth_everton,2324,2024-03-30,Everton,Bournemouth,0,football-data.co.uk,2024-03-31,away,,,,,,,,,7,3,,,,,,,,,,,,,,,,,,,,,,13.0,,,,,,,
2324_20240330_bournemouth_everton,2324,2024-03-30,Bournemouth,Everton,1,football-data.co.uk,2024-03-31,home,,,,,,,,,11,4,,,,,,,,,,,,,,,,,,,,,,19.0,,,,,,,
2324_20240330_brentford_man_united,2324,2024-03-30,Man United,Brentford,0,football-data.co.uk,2024-03-31,away,,,,,,,,,11,5,,,,,,,,,,,,,,,,,,,,,,21.0,,,,,,,
2324_20240330_brentford_man_united,2324,2024-03-30,Brentford,Man United,1,football-data.co.uk,2024-03-31,home,,,,,,,,,31,5,,,,,,,,,,,,,,,,,,,,,,41.0,,,,,,,
2324_20240330_chelsea_burnley,2324,2024-03-30,Burnley,Chelsea,0,football-data.co.uk,2024-03-31,away,,,,,,,,,18,7,,,,,,,,,,,,,,,,,,,,,,32.0,,,,,,,
2324_20240330_chelsea_burnley,2324,2024-03-30,Chelsea,Burnley,1,football-data.co.uk,2024-03-31,home,,,,,,,,,33,13,,,,,,,,,,,,,,,,,,,,,,59.0,,,,,,,
2324_20240330_newcastle_west_ham,2324,2024-03-30,West Ham,Newcastle,0,football-data.co.uk,2024-03-31,away,,,,,,,,,10,4,,,,,,,,,,,,,,,,,,,,,,18.0,,,,,,,
2324_20240330_newcastle_west_ham,2324,2024-03-30,Newcastle,West Ham,1,football-data.co.uk,2024-03-31,home,,,,,,,,,24,9,,,,,,,,,,,,,,,,,,,,,,42.0,,,,,,,
2324_20240330_nottm_forest_crystal_palace,2324,2024-03-30,Crystal Palace,Nott'm Forest,0,football-data.co.uk,2024-03-31,away,,,,,,,,,10,3,,,,,,,,,,,,,,,,,,,,,,16.0,,,,,,,
2324_20240330_nottm_forest_crystal_palace,2324,2024-03-30,Nott'm Forest,Crystal Palace,1,football-data.co.uk,2024-03-31,home,,,,,,,,,12,5,,,,,,,,,,,,,,,,,,,,,,22.0,,,,,,,
2324_20240330_sheffield_united_fulham,2324,2024-03-30,Fulham,Sheffield United,0,football-data.co.uk,2024-03-31,away,,,,,,,,,24,9,,,,,,,,,,,,,,,,,,,,,,42.0,,,,,,,
2324_20240330_sheffield_united_fulham,2324,2024-03-30,Sheffield United,Fulham,1,football-data.co.uk,2024-03-31,home,,,,,,,,,8,4,,,,,,,,,,,,,,,,,,,,,,16.0,,,,,,,
2324_20240330_tottenham_luton,2324,2024-03-30,Luton,Tottenham,0,football-data.co.uk,2024-03-31,away,,,,,,,,,7,3,,,,,,,,,,,,,,,,,,,,,,13.0,,,,,,,
2324_20240330_tottenham_luton,2324,2024-03-30,Tottenham,Luton,1,football-data.co.uk,2024-03-31,home,,,,,,,,,17,4,,,,,,,,,,,,,,,,,,,,,,25.0,,,,,,,
2324_20240331_liverpool_brighton,2324,2024-03-31,Brighton,Liverpool,0,football-data.co.uk,2024-04-01,away,,,,,,,,,9,3,,,,,,,,,,,,,,,,,,,,,,15.0,,,,,,,
2324_20240331_liverpool_brighton,2324,2024-03-31,Liverpool,Brighton,1,football-data.co.uk,2024-04-01,home,,,,,,,,,30,8,,,,,,,,,,,,,,,,,,,,,,46.0,,,,,,,
2324_20240331_man_city_arsenal,2324,2024-03-31,Arsenal,Man City,0,football-data.co.uk,2024-04-01,away,,,,,,,,,6,2,,,,,,,,,,,,,,,,,,,,,,10.0,,,,,,,
2324_20240331_man_city_arsenal,2324,2024-03-31,Man City,Arsenal,1,football-data.co.uk,2024-04-01,home,,,,,,,,,12,1,,,,,,,,,,,,,,,,,,,,,,14.0,,,,,,,
2324_20240402_bournemouth_crystal_palace,2324,2024-04-02,Crystal Palace,Bournemouth,0,football-data.co.uk,2024-04-03,away,,,,,,,,,3,2,,,,,,,,,,,,,,,,,,,,,,7.0,,,,,,,
2324_20240402_bournemouth_crystal_palace,2324,2024-04-02,Bournemouth,Crystal Palace,1,football-data.co.uk,2024-04-03,home,,,,,,,,,11,6,,,,,,,,,,,,,,,,,,,,,,23.0,,,,,,,
2324_20240402_burnley_wolves,2324,2024-04-02,Wolves,Burnley,0,football-data.co.uk,2024-04-03,away,,,,,,,,,8,2,,,,,,,,,,,,,,,,,,,,,,12.0,,,,,,,
2324_20240402_burnley_wolves,2324,2024-04-02,Burnley,Wolves,1,football-data.co.uk,2024-04-03,home,,,,,,,,,13,6,,,,,,,,,,,,,,,,,,,,,,25.0,,,,,,,
2324_20240402_newcastle_everton,2324,2024-04-02,Everton,Newcastle,0,football-data.co.uk,2024-04-03,away,,,,,,,,,10,3,,,,,,,,,,,,,,,,,,,,,,16.0,,,,,,,
2324_20240402_newcastle_everton,2324,2024-04-02,Newcastle,Everton,1,football-data.co.uk,2024-04-03,home,,,,,,,,,18,6,,,,,,,,,,,,,,,,,,,,,,30.0,,,,,,,
2324_20240402_nottm_forest_fulham,2324,2024-04-02,Fulham,Nott'm Forest,0,football-data.co.uk,2024-04-03,away,,,,,,,,,18,3,,,,,,,,,,,,,,,,,,,,,,24.0,,,,,,,
2324_20240402_nottm_forest_fulham,2324,2024-04-02,Nott'm Forest,Fulham,1,football-data.co.uk,2024-04-03,home,,,,,,,,,16,4,,,,,,,,,,,,,,,,,,,,,,24.0,,,,,,,
2324_20240402_west_ham_tottenham,2324,2024-04-02,Tottenham,West Ham,0,football-data.co.uk,2024-04-03,away,,,,,,,,,13,4,,,,,,,,,,,,,,,,,,,,,,21.0,,,,,,,
2324_20240402_west_ham_tottenham,2324,2024-04-02,West Ham,Tottenham,1,football-data.co.uk,2024-04-03,home,,,,,,,,,11,4,,,,,,,,,,,,,,,,,,,,,,19.0,,,,,,,
2324_20240403_arsenal_luton,2324,2024-04-03,Luton,Arsenal,0,football-data.co.uk,2024-04-04,away,,,,,,,,,5,1,,,,,,,,,,,,,,,,,,,,,,7.0,,,,,,,
2324_20240403_arsenal_luton,2324,2024-04-03,Arsenal,Luton,1,football-data.co.uk,2024-04-04,home,,,,,,,,,13,4,,,,,,,,,,,,,,,,,,,,,,21.0,,,,,,,
2324_20240403_brentford_brighton,2324,2024-04-03,Brighton,Brentford,0,football-data.co.uk,2024-04-04,away,,,,,,,,,24,6,,,,,,,,,,,,,,,,,,,,,,36.0,,,,,,,
2324_20240403_brentford_brighton,2324,2024-04-03,Brentford,Brighton,1,football-data.co.uk,2024-04-04,home,,,,,,,,,5,2,,,,,,,,,,,,,,,,,,,,,,9.0,,,,,,,
2324_20240403_man_city_aston_villa,2324,2024-04-03,Aston Villa,Man City,0,football-data.co.uk,2024-04-04,away,,,,,,,,,8,3,,,,,,,,,,,,,,,,,,,,,,14.0,,,,,,,
2324_20240403_man_city_aston_villa,2324,2024-04-03,Man City,Aston Villa,1,football-data.co.uk,2024-04-04,home,,,,,,,,,25,11,,,,,,,,,,,,,,,,,,,,,,47.0,,,,,,,
2324_20240404_chelsea_man_united,2324,2024-04-04,Man United,Chelsea,0,football-data.co.uk,2024-04-05,away,,,,,,,,,19,5,,,,,,,,,,,,,,,,,,,,,,29.0,,,,,,,
2324_20240404_chelsea_man_united,2324,2024-04-04,Chelsea,Man United,1,football-data.co.uk,2024-04-05,home,,,,,,,,,28,10,,,,,,,,,,,,,,,,,,,,,,48.0,,,,,,,
2324_20240404_liverpool_sheffield_united,2324,2024-04-04,Sheffield United,Liverpool,0,football-data.co.uk,2024-04-05,away,,,,,,,,,8,3,,,,,,,,,,,,,,,,,,,,,,14.0,,,,,,,
2324_20240404_liverpool_sheffield_united,2324,2024-04-04,Liverpool,Sheffield United,1,football-data.co.uk,2024-04-05,home,,,,,,,,,29,9,,,,,,,,,,,,,,,,,,,,,,47.0,,,,,,,
2324_20240406_aston_villa_brentford,2324,2024-04-06,Brentford,Aston Villa,0,football-data.co.uk,2024-04-07,away,,,,,,,,,8,3,,,,,,,,,,,,,,,,,,,,,,14.0,,,,,,,
2324_20240406_aston_villa_brentford,2324,2024-04-06,Aston Villa,Brentford,1,football-data.co.uk,2024-04-07,home,,,,,,,,,11,3,,,,,,,,,,,,,,,,,,,,,,17.0,,,,,,,
2324_20240406_brighton_arsenal,2324,2024-04-06,Arsenal,Brighton,0,football-data.co.uk,2024-04-07,away,,,,,,,,,20,7,,,,,,,,,,,,,,,,,,,,,,34.0,,,,,,,
2324_20240406_brighton_arsenal,2324,2024-04-06,Brighton,Arsenal,1,football-data.co.uk,2024-04-07,home,,,,,,,,,10,2,,,,,,,,,,,,,,,,,,,,,,14.0,,,,,,,
2324_20240406_crystal_palace_man_city,2324,2024-04-06,Man City,Crystal Palace,0,football-data.co.uk,2024-04-07,away,,,,,,,,,18,8,,,,,,,,,,,,,,,,,,,,,,34.0,,,,,,,
2324_20240406_crystal_palace_man_city,2324,2024-04-06,Crystal Palace,Man City,1,football-data.co.uk,2024-04-07,home,,,,,,,,,7,4,,,,,,,,,,,,,,,,,,,,,,15.0,,,,,,,
2324_20240406_everton_burnley,2324,2024-04-06,Burnley,Everton,0,football-data.co.uk,2024-04-07,away,,,,,,,,,6,1,,,,,,,,,,,,,,,,,,,,,,8.0,,,,,,,
2324_20240406_everton_burnley,2324,2024-04-06,Everton,Burnley,1,football-data.co.uk,2024-04-07,home,,,,,,,,,12,3,,,,,,,,,,,,,,,,,,,,,,18.0,,,,,,,
2324_20240406_fulham_newcastle,2324,2024-04-06,Newcastle,Fulham,0,football-data.co.uk,2024-04-07,away,,,,,,,,,12,5,,,,,,,,,,,,,,,,,,,,,,22.0,,,,,,,
2324_20240406_fulham_newcastle,2324,2024-04-06,Fulham,Newcastle,1,football-data.co.uk,2024-04-07,home,,,,,,,,,14,4,,,,,,,,,,,,,,,,,,,,,,22.0,,,,,,,
2324_20240406_luton_bournemouth,2324,2024-04-06,Bournemouth,Luton,0,football-data.co.uk,2024-04-07,away,,,,,,,,,8,1,,,,,,,,,,,,,,,,,,,,,,10.0,,,,,,,
2324_20240406_luton_bournemouth,2324,2024-04-06,Luton,Bournemouth,1,football-data.co.uk,2024-04-07,home,,,,,,,,,19,9,,,,,,,,,,,,,,,,,,,,,,37.0,,,,,,,
2324_20240406_wolves_west_ham,2324,2024-04-06,West Ham,Wolves,0,football-data.co.uk,2024-04-07,away,,,,,,,,,11,4,,,,,,,,,,,,,,,,,,,,,,19.0,,,,,,,
2324_20240406_wolves_west_ham,2324,2024-04-06,Wolves,West Ham,1,football-data.co.uk,2024-04-07,home,,,,,,,,,14,7,,,,,,,,,,,,,,,,,,,,,,28.0,,,,,,,
2324_20240407_man_united_liverpool,2324,2024-04-07,Liverpool,Man United,0,football-data.co.uk,2024-04-08,away,,,,,,,,,28,7,,,,,,,,,,,,,,,,,,,,,,42.0,,,,,,,
2324_20240407_man_united_liverpool,2324,2024-04-07,Man United,Liverpool,1,football-data.co.uk,2024-04-08,home,,,,,,,,,9,5,,,,,,,,,,,,,,,,,,,,,,19.0,,,,,,,
2324_20240407_sheffield_united_chelsea,2324,2024-04-07,Chelsea,Sheffield United,0,football-data.co.uk,2024-04-08,away,,,,,,,,,6,3,,,,,,,,,,,,,,,,,,,,,,12.0,,,,,,,
2324_20240407_sheffield_united_chelsea,2324,2024-04-07,Sheffield United,Chelsea,1,football-data.co.uk,2024-04-08,home,,,,,,,,,11,6,,,,,,,,,,,,,,,,,,,,,,23.0,,,,,,,
2324_20240407_tottenham_nottm_forest,2324,2024-04-07,Nott'm Forest,Tottenham,0,football-data.co.uk,2024-04-08,away,,,,,,,,,13,6,,,,,,,,,,,,,,,,,,,,,,25.0,,,,,,,
2324_20240407_tottenham_nottm_forest,2324,2024-04-07,Tottenham,Nott'm Forest,1,football-data.co.uk,2024-04-08,home,,,,,,,,,17,7,,,,,,,,,,,,,,,,,,,,,,31.0,,,,,,,
2324_20240413_bournemouth_man_united,2324,2024-04-13,Man United,Bournemouth,0,football-data.co.uk,2024-04-14,away,,,,,,,,,8,2,,,,,,,,,,,,,,,,,,,,,,12.0,,,,,,,
2324_20240413_bournemouth_man_united,2324,2024-04-13,Bournemouth,Man United,1,football-data.co.uk,2024-04-14,home,,,,,,,,,20,5,,,,,,,,,,,,,,,,,,,,,,30.0,,,,,,,
2324_20240413_brentford_sheffield_united,2324,2024-04-13,Sheffield United,Brentford,0,football-data.co.uk,2024-04-14,away,,,,,,,,,8,2,,,,,,,,,,,,,,,,,,,,,,12.0,,,,,,,
2324_20240413_brentford_sheffield_united,2324,2024-04-13,Brentford,Sheffield United,1,football-data.co.uk,2024-04-14,home,,,,,,,,,9,5,,,,,,,,,,,,,,,,,,,,,,19.0,,,,,,,
2324_20240413_burnley_brighton,2324,2024-04-13,Brighton,Burnley,0,football-data.co.uk,2024-04-14,away,,,,,,,,,20,8,,,,,,,,,,,,,,,,,,,,,,36.0,,,,,,,
2324_20240413_burnley_brighton,2324,2024-04-13,Burnley,Brighton,1,football-data.co.uk,2024-04-14,home,,,,,,,,,11,3,,,,,,,,,,,,,,,,,,,,,,17.0,,,,,,,
2324_20240413_man_city_luton,2324,2024-04-13,Luton,Man City,0,football-data.co.uk,2024-04-14,away,,,,,,,,,4,2,,,,,,,,,,,,,,,,,,,,,,8.0,,,,,,,
2324_20240413_man_city_luton,2324,2024-04-13,Man City,Luton,1,football-data.co.uk,2024-04-14,home,,,,,,,,,33,13,,,,,,,,,,,,,,,,,,,,,,59.0,,,,,,,
2324_20240413_newcastle_tottenham,2324,2024-04-13,Tottenham,Newcastle,0,football-data.co.uk,2024-04-14,away,,,,,,,,,11,2,,,,,,,,,,,,,,,,,,,,,,15.0,,,,,,,
2324_20240413_newcastle_tottenham,2324,2024-04-13,Newcastle,Tottenham,1,football-data.co.uk,2024-04-14,home,,,,,,,,,18,5,,,,,,,,,,,,,,,,,,,,,,28.0,,,,,,,
2324_20240413_nottm_forest_wolves,2324,2024-04-13,Wolves,Nott'm Forest,0,football-data.co.uk,2024-04-14,away,,,,,,,,,11,4,,,,,,,,,,,,,,,,,,,,,,19.0,,,,,,,
2324_20240413_nottm_forest_wolves,2324,2024-04-13,Nott'm Forest,Wolves,1,football-data.co.uk,2024-04-14,home,,,,,,,,,18,9,,,,,,,,,,,,,,,,,,,,,,36.0,,,,,,,
2324_20240414_arsenal_aston_villa,2324,2024-04-14,Aston Villa,Arsenal,0,football-data.co.uk,2024-04-15,away,,,,,,,,,11,2,,,,,,,,,,,,,,,,,,,,,,15.0,,,,,,,
2324_20240414_arsenal_aston_villa,2324,2024-04-14,Arsenal,Aston Villa,1,football-data.co.uk,2024-04-15,home,,,,,,,,,18,4,,,,,,,,,,,,,,,,,,,,,,26.0,,,,,,,
2324_20240414_liverpool_crystal_palace,2324,2024-04-14,Crystal Palace,Liverpool,0,football-data.co.uk,2024-04-15,away,,,,,,,,,8,5,,,,,,,,,,,,,,,,,,,,,,18.0,,,,,,,
2324_20240414_liverpool_crystal_palace,2324,2024-04-14,Liverpool,Crystal Palace,1,football-data.co.uk,2024-04-15,home,,,,,,,,,21,6,,,,,,,,,,,,,,,,,,,,,,33.0,,,,,,,
2324_20240414_west_ham_fulham,2324,2024-04-14,Fulham,West Ham,0,football-data.co.uk,2024-04-15,away,,,,,,,,,18,10,,,,,,,,,,,,,,,,,,,,,,38.0,,,,,,,
2324_20240414_west_ham_fulham,2324,2024-04-14,West Ham,Fulham,1,football-data.co.uk,2024-04-15,home,,,,,,,,,15,4,,,,,,,,,,,,,,,,,,,,,,23.0,,,,,,,
2324_20240415_chelsea_everton,2324,2024-04-15,Everton,Chelsea,0,football-data.co.uk,2024-04-16,away,,,,,,,,,10,2,,,,,,,,,,,,,,,,,,,,,,14.0,,,,,,,
2324_20240415_chelsea_everton,2324,2024-04-15,Chelsea,Everton,1,football-data.co.uk,2024-04-16,home,,,,,,,,,14,10,,,,,,,,,,,,,,,,,,,,,,34.0,,,,,,,
2324_20240420_luton_brentford,2324,2024-04-20,Brentford,Luton,0,football-data.co.uk,2024-04-21,away,,,,,,,,,21,9,,,,,,,,,,,,,,,,,,,,,,39.0,,,,,,,
2324_20240420_luton_brentford,2324,2024-04-20,Luton,Brentford,1,football-data.co.uk,2024-04-21,home,,,,,,,,,6,3,,,,,,,,,,,,,,,,,,,,,,12.0,,,,,,,
2324_20240420_sheffield_united_burnley,2324,2024-04-20,Burnley,Sheffield United,0,football-data.co.uk,2024-04-21,away,,,,,,,,,16,9,,,,,,,,,,,,,,,,,,,,,,34.0,,,,,,,
2324_20240420_sheffield_united_burnley,2324,2024-04-20,Sheffield United,Burnley,1,football-data.co.uk,2024-04-21,home,,,,,,,,,18,11,,,,,,,,,,,,,,,,,,,,,,40.0,,,,,,,
2324_20240420_wolves_arsenal,2324,2024-04-20,Arsenal,Wolves,0,football-data.co.uk,2024-04-21,away,,,,,,,,,24,9,,,,,,,,,,,,,,,,,,,,,,42.0,,,,,,,
2324_20240420_wolves_arsenal,2324,2024-04-20,Wolves,Arsenal,1,football-data.co.uk,2024-04-21,home,,,,,,,,,5,3,,,,,,,,,,,,,,,,,,,,,,11.0,,,,,,,
2324_20240421_aston_villa_bournemouth,2324,2024-04-21,Bournemouth,Aston Villa,0,football-data.co.uk,2024-04-22,away,,,,,,,,,14,6,,,,,,,,,,,,,,,,,,,,,,26.0,,,,,,,
2324_20240421_aston_villa_bournemouth,2324,2024-04-21,Aston Villa,Bournemouth,1,football-data.co.uk,2024-04-22,home,,,,,,,,,14,4,,,,,,,,,,,,,,,,,,,,,,22.0,,,,,,,
2324_20240421_crystal_palace_west_ham,2324,2024-04-21,West Ham,Crystal Palace,0,football-data.co.uk,2024-04-22,away,,,,,,,,,4,1,,,,,,,,,,,,,,,,,,,,,,6.0,,,,,,,
2324_20240421_crystal_palace_west_ham,2324,2024-04-21,Crystal Palace,West Ham,1,football-data.co.uk,2024-04-22,home,,,,,,,,,18,7,,,,,,,,,,,,,,,,,,,,,,32.0,,,,,,,
2324_20240421_everton_nottm_forest,2324,2024-04-21,Nott'm Forest,Everton,0,football-data.co.uk,2024-04-22,away,,,,,,,,,8,3,,,,,,,,,,,,,,,,,,,,,,14.0,,,,,,,
2324_20240421_everton_nottm_forest,2324,2024-04-21,Everton,Nott'm Forest,1,football-data.co.uk,2024-04-22,home,,,,,,,,,7,4,,,,,,,,,,,,,,,,,,,,,,15.0,,,,,,,
2324_20240421_fulham_liverpool,2324,2024-04-21,Liverpool,Fulham,0,football-data.co.uk,2024-04-22,away,,,,,,,,,14,7,,,,,,,,,,,,,,,,,,,,,,28.0,,,,,,,
2324_20240421_fulham_liverpool,2324,2024-04-21,Fulham,Liverpool,1,football-data.co.uk,2024-04-22,home,,,,,,,,,12,5,,,,,,,,,,,,,,,,,,,,,,22.0,,,,,,,
2324_20240423_arsenal_chelsea,2324,2024-04-23,Chelsea,Arsenal,0,football-data.co.uk,2024-04-24,away,,,,,,,,,7,1,,,,,,,,,,,,,,,,,,,,,,9.0,,,,,,,
2324_20240423_arsenal_chelsea,2324,2024-04-23,Arsenal,Chelsea,1,football-data.co.uk,2024-04-24,home,,,,,,,,,27,10,,,,,,,,,,,,,,,,,,,,,,47.0,,,,,,,
2324_20240424_crystal_palace_newcastle,2324,2024-04-24,Newcastle,Crystal Palace,0,football-data.co.uk,2024-04-25,away,,,,,,,,,7,2,,,,,,,,,,,,,,,,,,,,,,11.0,,,,,,,
2324_20240424_crystal_palace_newcastle,2324,2024-04-24,Crystal Palace,Newcastle,1,football-data.co.uk,2024-04-25,home,,,,,,,,,20,7,,,,,,,,,,,,,,,,,,,,,,34.0,,,,,,,
2324_20240424_everton_liverpool,2324,2024-04-24,Liverpool,Everton,0,football-data.co.uk,2024-04-25,away,,,,,,,,,23,7,,,,,,,,,,,,,,,,,,,,,,37.0,,,,,,,
2324_20240424_everton_liverpool,2324,2024-04-24,Everton,Liverpool,1,football-data.co.uk,2024-04-25,home,,,,,,,,,16,6,,,,,,,,,,,,,,,,,,,,,,28.0,,,,,,,
2324_20240424_man_united_sheffield_united,2324,2024-04-24,Sheffield United,Man United,0,football-data.co.uk,2024-04-25,away,,,,,,,,,10,4,,,,,,,,,,,,,,,,,,,,,,18.0,,,,,,,
2324_20240424_man_united_sheffield_united,2324,2024-04-24,Man United,Sheffield United,1,football-data.co.uk,2024-04-25,home,,,,,,,,,25,13,,,,,,,,,,,,,,,,,,,,,,51.0,,,,,,,
2324_20240424_wolves_bournemouth,2324,2024-04-24,Bournemouth,Wolves,0,football-data.co.uk,2024-04-25,away,,,,,,,,,21,6,,,,,,,,,,,,,,,,,,,,,,33.0,,,,,,,
2324_20240424_wolves_bournemouth,2324,2024-04-24,Wolves,Bournemouth,1,football-data.co.uk,2024-04-25,home,,,,,,,,,15,4,,,,,,,,,,,,,,,,,,,,,,23.0,,,,,,,
2324_20240425_brighton_man_city,2324,2024-04-25,Man City,Brighton,0,football-data.co.uk,2024-04-26,away,,,,,,,,,14,6,,,,,,,,,,,,,,,,,,,,,,26.0,,,,,,,
2324_20240425_brighton_man_city,2324,2024-04-25,Brighton,Man City,1,football-data.co.uk,2024-04-26,home,,,,,,,,,7,3,,,,,,,,,,,,,,,,,,,,,,13.0,,,,,,,
2324_20240427_aston_villa_chelsea,2324,2024-04-27,Chelsea,Aston Villa,0,football-data.co.uk,2024-04-28,away,,,,,,,,,21,5,,,,,,,,,,,,,,,,,,,,,,31.0,,,,,,,
2324_20240427_aston_villa_chelsea,2324,2024-04-27,Aston Villa,Chelsea,1,football-data.co.uk,2024-04-28,home,,,,,,,,,9,4,,,,,,,,,,,,,,,,,,,,,,17.0,,,,,,,
2324_20240427_everton_brentford,2324,2024-04-27,Brentford,Everton,0,football-data.co.uk,2024-04-28,away,,,,,,,,,10,4,,,,,,,,,,,,,,,,,,,,,,18.0,,,,,,,
2324_20240427_everton_brentford,2324,2024-04-27,Everton,Brentford,1,football-data.co.uk,2024-04-28,home,,,,,,,,,18,1,,,,,,,,,,,,,,,,,,,,,,20.0,,,,,,,
2324_20240427_fulham_crystal_palace,2324,2024-04-27,Crystal Palace,Fulham,0,football-data.co.uk,2024-04-28,away,,,,,,,,,14,4,,,,,,,,,,,,,,,,,,,,,,22.0,,,,,,,
2324_20240427_fulham_crystal_palace,2324,2024-04-27,Fulham,Crystal Palace,1,football-data.co.uk,2024-04-28,home,,,,,,,,,9,2,,,,,,,,,,,,,,,,,,,,,,13.0,,,,,,,
2324_20240427_man_united_burnley,2324,2024-04-27,Burnley,Man United,0,football-data.co.uk,2024-04-28,away,,,,,,,,,16,7,,,,,,,,,,,,,,,,,,,,,,30.0,,,,,,,
2324_20240427_man_united_burnley,2324,2024-04-27,Man United,Burnley,1,football-data.co.uk,2024-04-28,home,,,,,,,,,27,10,,,,,,,,,,,,,,,,,,,,,,47.0,,,,,,,
2324_20240427_newcastle_sheffield_united,2324,2024-04-27,Sheffield United,Newcastle,0,football-data.co.uk,2024-04-28,away,,,,,,,,,15,5,,,,,,,,,,,,,,,,,,,,,,25.0,,,,,,,
2324_20240427_newcastle_sheffield_united,2324,2024-04-27,Newcastle,Sheffield United,1,football-data.co.uk,2024-04-28,home,,,,,,,,,20,7,,,,,,,,,,,,,,,,,,,,,,34.0,,,,,,,
2324_20240427_west_ham_liverpool,2324,2024-04-27,Liverpool,West Ham,0,football-data.co.uk,2024-04-28,away,,,,,,,,,28,8,,,,,,,,,,,,,,,,,,,,,,44.0,,,,,,,
2324_20240427_west_ham_liverpool,2324,2024-04-27,West Ham,Liverpool,1,football-data.co.uk,2024-04-28,home,,,,,,,,,11,8,,,,,,,,,,,,,,,,,,,,,,27.0,,,,,,,
2324_20240427_wolves_luton,2324,2024-04-27,Luton,Wolves,0,football-data.co.uk,2024-04-28,away,,,,,,,,,9,6,,,,,,,,,,,,,,,,,,,,,,21.0,,,,,,,
2324_20240427_wolves_luton,2324,2024-04-27,Wolves,Luton,1,football-data.co.uk,2024-04-28,home,,,,,,,,,13,5,,,,,,,,,,,,,,,,,,,,,,23.0,,,,,,,
2324_20240428_bournemouth_brighton,2324,2024-04-28,Brighton,Bournemouth,0,football-data.co.uk,2024-04-29,away,,,,,,,,,13,1,,,,,,,,,,,,,,,,,,,,,,15.0,,,,,,,
2324_20240428_bournemouth_brighton,2324,2024-04-28,Bournemouth,Brighton,1,football-data.co.uk,2024-04-29,home,,,,,,,,,15,6,,,,,,,,,,,,,,,,,,,,,,27.0,,,,,,,
2324_20240428_nottm_forest_man_city,2324,2024-04-28,Man City,Nott'm Forest,0,football-data.co.uk,2024-04-29,away,,,,,,,,,11,5,,,,,,,,,,,,,,,,,,,,,,21.0,,,,,,,
2324_20240428_nottm_forest_man_city,2324,2024-04-28,Nott'm Forest,Man City,1,football-data.co.uk,2024-04-29,home,,,,,,,,,14,2,,,,,,,,,,,,,,,,,,,,,,18.0,,,,,,,
2324_20240428_tottenham_arsenal,2324,2024-04-28,Arsenal,Tottenham,0,football-data.co.uk,2024-04-29,away,,,,,,,,,9,3,,,,,,,,,,,,,,,,,,,,,,15.0,,,,,,,
2324_20240428_tottenham_arsenal,2324,2024-04-28,Tottenham,Arsenal,1,football-data.co.uk,2024-04-29,home,,,,,,,,,14,2,,,,,,,,,,,,,,,,,,,,,,18.0,,,,,,,
2324_20240502_chelsea_tottenham,2324,2024-05-02,Tottenham,Chelsea,0,football-data.co.uk,2024-05-03,away,,,,,,,,,19,3,,,,,,,,,,,,,,,,,,,,,,25.0,,,,,,,
2324_20240502_chelsea_tottenham,2324,2024-05-02,Chelsea,Tottenham,1,football-data.co.uk,2024-05-03,home,,,,,,,,,16,5,,,,,,,,,,,,,,,,,,,,,,26.0,,,,,,,
2324_20240503_luton_everton,2324,2024-05-03,Everton,Luton,0,football-data.co.uk,2024-05-04,away,,,,,,,,,10,3,,,,,,,,,,,,,,,,,,,,,,16.0,,,,,,,
2324_20240503_luton_everton,2324,2024-05-03,Luton,Everton,1,football-data.co.uk,2024-05-04,home,,,,,,,,,18,5,,,,,,,,,,,,,,,,,,,,,,28.0,,,,,,,
2324_20240504_arsenal_bournemouth,2324,2024-05-04,Bournemouth,Arsenal,0,football-data.co.uk,2024-05-05,away,,,,,,,,,7,2,,,,,,,,,,,,,,,,,,,,,,11.0,,,,,,,
2324_20240504_arsenal_bournemouth,2324,2024-05-04,Arsenal,Bournemouth,1,football-data.co.uk,2024-05-05,home,,,,,,,,,25,9,,,,,,,,,,,,,,,,,,,,,,43.0,,,,,,,
2324_20240504_brentford_fulham,2324,2024-05-04,Fulham,Brentford,0,football-data.co.uk,2024-05-05,away,,,,,,,,,15,3,,,,,,,,,,,,,,,,,,,,,,21.0,,,,,,,
2324_20240504_brentford_fulham,2324,2024-05-04,Brentford,Fulham,1,football-data.co.uk,2024-05-05,home,,,,,,,,,7,3,,,,,,,,,,,,,,,,,,,,,,13.0,,,,,,,
2324_20240504_burnley_newcastle,2324,2024-05-04,Newcastle,Burnley,0,football-data.co.uk,2024-05-05,away,,,,,,,,,23,11,,,,,,,,,,,,,,,,,,,,,,45.0,,,,,,,
2324_20240504_burnley_newcastle,2324,2024-05-04,Burnley,Newcastle,1,football-data.co.uk,2024-05-05,home,,,,,,,,,17,5,,,,,,,,,,,,,,,,,,,,,,27.0,,,,,,,
2324_20240504_man_city_wolves,2324,2024-05-04,Wolves,Man City,0,football-data.co.uk,2024-05-05,away,,,,,,,,,2,1,,,,,,,,,,,,,,,,,,,,,,4.0,,,,,,,
2324_20240504_man_city_wolves,2324,2024-05-04,Man City,Wolves,1,football-data.co.uk,2024-05-05,home,,,,,,,,,20,12,,,,,,,,,,,,,,,,,,,,,,44.0,,,,,,,
2324_20240504_sheffield_united_nottm_forest,2324,2024-05-04,Nott'm Forest,Sheffield United,0,football-data.co.uk,2024-05-05,away,,,,,,,,,15,4,,,,,,,,,,,,,,,,,,,,,,23.0,,,,,,,
2324_20240504_sheffield_united_nottm_forest,2324,2024-05-04,Sheffield United,Nott'm Forest,1,football-data.co.uk,2024-05-05,home,,,,,,,,,17,5,,,,,,,,,,,,,,,,,,,,,,27.0,,,,,,,
2324_20240505_brighton_aston_villa,2324,2024-05-05,Aston Villa,Brighton,0,football-data.co.uk,2024-05-06,away,,,,,,,,,2,1,,,,,,,,,,,,,,,,,,,,,,4.0,,,,,,,
2324_20240505_brighton_aston_villa,2324,2024-05-05,Brighton,Aston Villa,1,football-data.co.uk,2024-05-06,home,,,,,,,,,15,8,,,,,,,,,,,,,,,,,,,,,,31.0,,,,,,,
2324_20240505_chelsea_west_ham,2324,2024-05-05,West Ham,Chelsea,0,football-data.co.uk,2024-05-06,away,,,,,,,,,13,2,,,,,,,,,,,,,,,,,,,,,,17.0,,,,,,,
2324_20240505_chelsea_west_ham,2324,2024-05-05,Chelsea,West Ham,1,football-data.co.uk,2024-05-06,home,,,,,,,,,25,14,,,,,,,,,,,,,,,,,,,,,,53.0,,,,,,,
2324_20240505_liverpool_tottenham,2324,2024-05-05,Tottenham,Liverpool,0,football-data.co.uk,2024-05-06,away,,,,,,,,,11,6,,,,,,,,,,,,,,,,,,,,,,23.0,,,,,,,
2324_20240505_liverpool_tottenham,2324,2024-05-05,Liverpool,Tottenham,1,football-data.co.uk,2024-05-06,home,,,,,,,,,25,13,,,,,,,,,,,,,,,,,,,,,,51.0,,,,,,,
2324_20240506_crystal_palace_man_united,2324,2024-05-06,Man United,Crystal Palace,0,football-data.co.uk,2024-05-07,away,,,,,,,,,7,2,,,,,,,,,,,,,,,,,,,,,,11.0,,,,,,,
2324_20240506_crystal_palace_man_united,2324,2024-05-06,Crystal Palace,Man United,1,football-data.co.uk,2024-05-07,home,,,,,,,,,18,10,,,,,,,,,,,,,,,,,,,,,,38.0,,,,,,,
2324_20240511_bournemouth_brentford,2324,2024-05-11,Brentford,Bournemouth,0,football-data.co.uk,2024-05-12,away,,,,,,,,,11,5,,,,,,,,,,,,,,,,,,,,,,21.0,,,,,,,
2324_20240511_bournemouth_brentford,2324,2024-05-11,Bournemouth,Brentford,1,football-data.co.uk,2024-05-12,home,,,,,,,,,13,4,,,,,,,,,,,,,,,,,,,,,,21.0,,,,,,,
2324_20240511_everton_sheffield_united,2324,2024-05-11,Sheffield United,Everton,0,football-data.co.uk,2024-05-12,away,,,,,,,,,13,1,,,,,,,,,,,,,,,,,,,,,,15.0,,,,,,,
2324_20240511_everton_sheffield_united,2324,2024-05-11,Everton,Sheffield United,1,football-data.co.uk,2024-05-12,home,,,,,,,,,15,6,,,,,,,,,,,,,,,,,,,,,,27.0,,,,,,,
2324_20240511_fulham_man_city,2324,2024-05-11,Man City,Fulham,0,football-data.co.uk,2024-05-12,away,,,,,,,,,16,9,,,,,,,,,,,,,,,,,,,,,,34.0,,,,,,,
2324_20240511_fulham_man_city,2324,2024-05-11,Fulham,Man City,1,football-data.co.uk,2024-05-12,home,,,,,,,,,1,1,,,,,,,,,,,,,,,,,,,,,,3.0,,,,,,,
2324_20240511_newcastle_brighton,2324,2024-05-11,Brighton,Newcastle,0,football-data.co.uk,2024-05-12,away,,,,,,,,,15,4,,,,,,,,,,,,,,,,,,,,,,23.0,,,,,,,
2324_20240511_newcastle_brighton,2324,2024-05-11,Newcastle,Brighton,1,football-data.co.uk,2024-05-12,home,,,,,,,,,18,7,,,,,,,,,,,,,,,,,,,,,,32.0,,,,,,,
2324_20240511_nottm_forest_chelsea,2324,2024-05-11,Chelsea,Nott'm Forest,0,football-data.co.uk,2024-05-12,away,,,,,,,,,12,5,,,,,,,,,,,,,,,,,,,,,,22.0,,,,,,,
2324_20240511_nottm_forest_chelsea,2324,2024-05-11,Nott'm Forest,Chelsea,1,football-data.co.uk,2024-05-12,home,,,,,,,,,20,4,,,,,,,,,,,,,,,,,,,,,,28.0,,,,,,,
2324_20240511_tottenham_burnley,2324,2024-05-11,Burnley,Tottenham,0,football-data.co.uk,2024-05-12,away,,,,,,,,,7,3,,,,,,,,,,,,,,,,,,,,,,13.0,,,,,,,
2324_20240511_tottenham_burnley,2324,2024-05-11,Tottenham,Burnley,1,football-data.co.uk,2024-05-12,home,,,,,,,,,21,9,,,,,,,,,,,,,,,,,,,,,,39.0,,,,,,,
2324_20240511_west_ham_luton,2324,2024-05-11,Luton,West Ham,0,football-data.co.uk,2024-05-12,away,,,,,,,,,4,1,,,,,,,,,,,,,,,,,,,,,,6.0,,,,,,,
2324_20240511_west_ham_luton,2324,2024-05-11,West Ham,Luton,1,football-data.co.uk,2024-05-12,home,,,,,,,,,24,8,,,,,,,,,,,,,,,,,,,,,,40.0,,,,,,,
2324_20240511_wolves_crystal_palace,2324,2024-05-11,Crystal Palace,Wolves,0,football-data.co.uk,2024-05-12,away,,,,,,,,,13,3,,,,,,,,,,,,,,,,,,,,,,19.0,,,,,,,
2324_20240511_wolves_crystal_palace,2324,2024-05-11,Wolves,Crystal Palace,1,football-data.co.uk,2024-05-12,home,,,,,,,,,13,7,,,,,,,,,,,,,,,,,,,,,,27.0,,,,,,,
2324_20240512_man_united_arsenal,2324,2024-05-12,Arsenal,Man United,0,football-data.co.uk,2024-05-13,away,,,,,,,,,11,5,,,,,,,,,,,,,,,,,,,,,,21.0,,,,,,,
2324_20240512_man_united_arsenal,2324,2024-05-12,Man United,Arsenal,1,football-data.co.uk,2024-05-13,home,,,,,,,,,14,2,,,,,,,,,,,,,,,,,,,,,,18.0,,,,,,,
2324_20240513_aston_villa_liverpool,2324,2024-05-13,Liverpool,Aston Villa,0,football-data.co.uk,2024-05-14,away,,,,,,,,,14,7,,,,,,,,,,,,,,,,,,,,,,28.0,,,,,,,
2324_20240513_aston_villa_liverpool,2324,2024-05-13,Aston Villa,Liverpool,1,football-data.co.uk,2024-05-14,home,,,,,,,,,19,5,,,,,,,,,,,,,,,,,,,,,,29.0,,,,,,,
2324_20240514_tottenham_man_city,2324,2024-05-14,Man City,Tottenham,0,football-data.co.uk,2024-05-15,away,,,,,,,,,8,5,,,,,,,,,,,,,,,,,,,,,,18.0,,,,,,,
2324_20240514_tottenham_man_city,2324,2024-05-14,Tottenham,Man City,1,football-data.co.uk,2024-05-15,home,,,,,,,,,10,5,,,,,,,,,,,,,,,,,,,,,,20.0,,,,,,,
2324_20240515_brighton_chelsea,2324,2024-05-15,Chelsea,Brighton,0,football-data.co.uk,2024-05-16,away,,,,,,,,,13,6,,,,,,,,,,,,,,,,,,,,,,25.0,,,,,,,
2324_20240515_brighton_chelsea,2324,2024-05-15,Brighton,Chelsea,1,football-data.co.uk,2024-05-16,home,,,,,,,,,12,2,,,,,,,,,,,,,,,,,,,,,,16.0,,,,,,,
2324_20240515_man_united_newcastle,2324,2024-05-15,Newcastle,Man United,0,football-data.co.uk,2024-05-16,away,,,,,,,,,21,8,,,,,,,,,,,,,,,,,,,,,,37.0,,,,,,,
2324_20240515_man_united_newcastle,2324,2024-05-15,Man United,Newcastle,1,football-data.co.uk,2024-05-16,home,,,,,,,,,17,8,,,,,,,,,,,,,,,,,,,,,,33.0,,,,,,,
2324_20240519_arsenal_everton,2324,2024-05-19,Everton,Arsenal,0,football-data.co.uk,2024-05-20,away,,,,,,,,,5,2,,,,,,,,,,,,,,,,,,,,,,9.0,,,,,,,
2324_20240519_arsenal_everton,2324,2024-05-19,Arsenal,Everton,1,football-data.co.uk,2024-05-20,home,,,,,,,,,26,5,,,,,,,,,,,,,,,,,,,,,,36.0,,,,,,,
2324_20240519_brentford_newcastle,2324,2024-05-19,Newcastle,Brentford,0,football-data.co.uk,2024-05-20,away,,,,,,,,,12,7,,,,,,,,,,,,,,,,,,,,,,26.0,,,,,,,
2324_20240519_brentford_newcastle,2324,2024-05-19,Brentford,Newcastle,1,football-data.co.uk,2024-05-20,home,,,,,,,,,10,5,,,,,,,,,,,,,,,,,,,,,,20.0,,,,,,,
2324_20240519_brighton_man_united,2324,2024-05-19,Man United,Brighton,0,football-data.co.uk,2024-05-20,away,,,,,,,,,11,4,,,,,,,,,,,,,,,,,,,,,,19.0,,,,,,,
2324_20240519_brighton_man_united,2324,2024-05-19,Brighton,Man United,1,football-data.co.uk,2024-05-20,home,,,,,,,,,17,3,,,,,,,,,,,,,,,,,,,,,,23.0,,,,,,,
2324_20240519_burnley_nottm_forest,2324,2024-05-19,Nott'm Forest,Burnley,0,football-data.co.uk,2024-05-20,away,,,,,,,,,12,6,,,,,,,,,,,,,,,,,,,,,,24.0,,,,,,,
2324_20240519_burnley_nottm_forest,2324,2024-05-19,Burnley,Nott'm Forest,1,football-data.co.uk,2024-05-20,home,,,,,,,,,20,3,,,,,,,,,,,,,,,,,,,,,,26.0,,,,,,,
2324_20240519_chelsea_bournemouth,2324,2024-05-19,Bournemouth,Chelsea,0,football-data.co.uk,2024-05-20,away,,,,,,,,,22,5,,,,,,,,,,,,,,,,,,,,,,32.0,,,,,,,
2324_20240519_chelsea_bournemouth,2324,2024-05-19,Chelsea,Bournemouth,1,football-data.co.uk,2024-05-20,home,,,,,,,,,16,6,,,,,,,,,,,,,,,,,,,,,,28.0,,,,,,,
2324_20240519_crystal_palace_aston_villa,2324,2024-05-19,Aston Villa,Crystal Palace,0,football-data.co.uk,2024-05-20,away,,,,,,,,,8,2,,,,,,,,,,,,,,,,,,,,,,12.0,,,,,,,
2324_20240519_crystal_palace_aston_villa,2324,2024-05-19,Crystal Palace,Aston Villa,1,football-data.co.uk,2024-05-20,home,,,,,,,,,15,9,,,,,,,,,,,,,,,,,,,,,,33.0,,,,,,,
2324_20240519_liverpool_wolves,2324,2024-05-19,Wolves,Liverpool,0,football-data.co.uk,2024-05-20,away,,,,,,,,,4,3,,,,,,,,,,,,,,,,,,,,,,10.0,,,,,,,
2324_20240519_liverpool_wolves,2324,2024-05-19,Liverpool,Wolves,1,football-data.co.uk,2024-05-20,home,,,,,,,,,36,14,,,,,,,,,,,,,,,,,,,,,,64.0,,,,,,,
2324_20240519_luton_fulham,2324,2024-05-19,Fulham,Luton,0,football-data.co.uk,2024-05-20,away,,,,,,,,,15,7,,,,,,,,,,,,,,,,,,,,,,29.0,,,,,,,
2324_20240519_luton_fulham,2324,2024-05-19,Luton,Fulham,1,football-data.co.uk,2024-05-20,home,,,,,,,,,15,6,,,,,,,,,,,,,,,,,,,,,,27.0,,,,,,,
2324_20240519_man_city_west_ham,2324,2024-05-19,West Ham,Man City,0,football-data.co.uk,2024-05-20,away,,,,,,,,,3,2,,,,,,,,,,,,,,,,,,,,,,7.0,,,,,,,
2324_20240519_man_city_west_ham,2324,2024-05-19,Man City,West Ham,1,football-data.co.uk,2024-05-20,home,,,,,,,,,28,12,,,,,,,,,,,,,,,,,,,,,,52.0,,,,,,,
2324_20240519_sheffield_united_tottenham,2324,2024-05-19,Tottenham,Sheffield United,0,football-data.co.uk,2024-05-20,away,,,,,,,,,18,9,,,,,,,,,,,,,,,,,,,,,,36.0,,,,,,,
2324_20240519_sheffield_united_tottenham,2324,2024-05-19,Sheffield United,Tottenham,1,football-data.co.uk,2024-05-20,home,,,,,,,,,6,1,,,,,,,,,,,,,,,,,,,,,,8.0,,,,,,,
2425_20240816_man_united_fulham,2425,2024-08-16,Fulham,Man United,0,football-data.co.uk,2024-08-17,away,,,,,,,,,10,2,,,,,,,,,,,,,,,,,,,,,,14.0,,,,,,,
2425_20240816_man_united_fulham,2425,2024-08-16,Man United,Fulham,1,football-data.co.uk,2024-08-17,home,,,,,,,,,14,5,,,,,,,,,,,,,,,,,,,,,,24.0,,,,,,,
2425_20240817_arsenal_wolves,2425,2024-08-17,Wolves,Arsenal,0,football-data.co.uk,2024-08-18,away,,,,,,,,,9,3,,,,,,,,,,,,,,,,,,,,,,15.0,,,,,,,
2425_20240817_arsenal_wolves,2425,2024-08-17,Arsenal,Wolves,1,football-data.co.uk,2024-08-18,home,,,,,,,,,18,6,,,,,,,,,,,,,,,,,,,,,,30.0,,,,,,,
2425_20240817_everton_brighton,2425,2024-08-17,Brighton,Everton,0,football-data.co.uk,2024-08-18,away,,,,,,,,,10,5,,,,,,,,,,,,,,,,,,,,,,20.0,,,,,,,
2425_20240817_everton_brighton,2425,2024-08-17,Everton,Brighton,1,football-data.co.uk,2024-08-18,home,,,,,,,,,9,1,,,,,,,,,,,,,,,,,,,,,,11.0,,,,,,,
2425_20240817_ipswich_liverpool,2425,2024-08-17,Liverpool,Ipswich,0,football-data.co.uk,2024-08-18,away,,,,,,,,,18,5,,,,,,,,,,,,,,,,,,,,,,28.0,,,,,,,
2425_20240817_ipswich_liverpool,2425,2024-08-17,Ipswich,Liverpool,1,football-data.co.uk,2024-08-18,home,,,,,,,,,7,2,,,,,,,,,,,,,,,,,,,,,,11.0,,,,,,,
2425_20240817_newcastle_southampton,2425,2024-08-17,Southampton,Newcastle,0,football-data.co.uk,2024-08-18,away,,,,,,,,,19,4,,,,,,,,,,,,,,,,,,,,,,27.0,,,,,,,
2425_20240817_newcastle_southampton,2425,2024-08-17,Newcastle,Southampton,1,football-data.co.uk,2024-08-18,home,,,,,,,,,3,1,,,,,,,,,,,,,,,,,,,,,,5.0,,,,,,,
2425_20240817_nottm_forest_bournemouth,2425,2024-08-17,Bournemouth,Nott'm Forest,0,football-data.co.uk,2024-08-18,away,,,,,,,,,13,4,,,,,,,,,,,,,,,,,,,,,,21.0,,,,,,,
2425_20240817_nottm_forest_bournemouth,2425,2024-08-17,Nott'm Forest,Bournemouth,1,football-data.co.uk,2024-08-18,home,,,,,,,,,14,8,,,,,,,,,,,,,,,,,,,,,,30.0,,,,,,,
2425_20240817_west_ham_aston_villa,2425,2024-08-17,Aston Villa,West Ham,0,football-data.co.uk,2024-08-18,away,,,,,,,,,15,3,,,,,,,,,,,,,,,,,,,,,,21.0,,,,,,,
2425_20240817_west_ham_aston_villa,2425,2024-08-17,West Ham,Aston Villa,1,football-data.co.uk,2024-08-18,home,,,,,,,,,14,3,,,,,,,,,,,,,,,,,,,,,,20.0,,,,,,,
2425_20240818_brentford_crystal_palace,2425,2024-08-18,Crystal Palace,Brentford,0,football-data.co.uk,2024-08-19,away,,,,,,,,,14,6,,,,,,,,,,,,,,,,,,,,,,26.0,,,,,,,
2425_20240818_brentford_crystal_palace,2425,2024-08-18,Brentford,Crystal Palace,1,football-data.co.uk,2024-08-19,home,,,,,,,,,9,5,,,,,,,,,,,,,,,,,,,,,,19.0,,,,,,,
2425_20240818_chelsea_man_city,2425,2024-08-18,Man City,Chelsea,0,football-data.co.uk,2024-08-19,away,,,,,,,,,11,5,,,,,,,,,,,,,,,,,,,,,,21.0,,,,,,,
2425_20240818_chelsea_man_city,2425,2024-08-18,Chelsea,Man City,1,football-data.co.uk,2024-08-19,home,,,,,,,,,10,3,,,,,,,,,,,,,,,,,,,,,,16.0,,,,,,,
2425_20240819_leicester_tottenham,2425,2024-08-19,Tottenham,Leicester,0,football-data.co.uk,2024-08-20,away,,,,,,,,,15,7,,,,,,,,,,,,,,,,,,,,,,29.0,,,,,,,
2425_20240819_leicester_tottenham,2425,2024-08-19,Leicester,Tottenham,1,football-data.co.uk,2024-08-20,home,,,,,,,,,7,3,,,,,,,,,,,,,,,,,,,,,,13.0,,,,,,,
2425_20240824_aston_villa_arsenal,2425,2024-08-24,Arsenal,Aston Villa,0,football-data.co.uk,2024-08-25,away,,,,,,,,,9,4,,,,,,,,,,,,,,,,,,,,,,17.0,,,,,,,
2425_20240824_aston_villa_arsenal,2425,2024-08-24,Aston Villa,Arsenal,1,football-data.co.uk,2024-08-25,home,,,,,,,,,11,3,,,,,,,,,,,,,,,,,,,,,,17.0,,,,,,,
2425_20240824_brighton_man_united,2425,2024-08-24,Man United,Brighton,0,football-data.co.uk,2024-08-25,away,,,,,,,,,11,4,,,,,,,,,,,,,,,,,,,,,,19.0,,,,,,,
2425_20240824_brighton_man_united,2425,2024-08-24,Brighton,Man United,1,football-data.co.uk,2024-08-25,home,,,,,,,,,14,5,,,,,,,,,,,,,,,,,,,,,,24.0,,,,,,,
2425_20240824_crystal_palace_west_ham,2425,2024-08-24,West Ham,Crystal Palace,0,football-data.co.uk,2024-08-25,away,,,,,,,,,18,3,,,,,,,,,,,,,,,,,,,,,,24.0,,,,,,,
2425_20240824_crystal_palace_west_ham,2425,2024-08-24,Crystal Palace,West Ham,1,football-data.co.uk,2024-08-25,home,,,,,,,,,14,2,,,,,,,,,,,,,,,,,,,,,,18.0,,,,,,,
2425_20240824_fulham_leicester,2425,2024-08-24,Leicester,Fulham,0,football-data.co.uk,2024-08-25,away,,,,,,,,,10,4,,,,,,,,,,,,,,,,,,,,,,18.0,,,,,,,
2425_20240824_fulham_leicester,2425,2024-08-24,Fulham,Leicester,1,football-data.co.uk,2024-08-25,home,,,,,,,,,18,6,,,,,,,,,,,,,,,,,,,,,,30.0,,,,,,,
2425_20240824_man_city_ipswich,2425,2024-08-24,Ipswich,Man City,0,football-data.co.uk,2024-08-25,away,,,,,,,,,1,1,,,,,,,,,,,,,,,,,,,,,,3.0,,,,,,,
2425_20240824_man_city_ipswich,2425,2024-08-24,Man City,Ipswich,1,football-data.co.uk,2024-08-25,home,,,,,,,,,14,5,,,,,,,,,,,,,,,,,,,,,,24.0,,,,,,,
2425_20240824_southampton_nottm_forest,2425,2024-08-24,Nott'm Forest,Southampton,0,football-data.co.uk,2024-08-25,away,,,,,,,,,23,8,,,,,,,,,,,,,,,,,,,,,,39.0,,,,,,,
2425_20240824_southampton_nottm_forest,2425,2024-08-24,Southampton,Nott'm Forest,1,football-data.co.uk,2024-08-25,home,,,,,,,,,5,1,,,,,,,,,,,,,,,,,,,,,,7.0,,,,,,,
2425_20240824_tottenham_everton,2425,2024-08-24,Everton,Tottenham,0,football-data.co.uk,2024-08-25,away,,,,,,,,,10,1,,,,,,,,,,,,,,,,,,,,,,12.0,,,,,,,
2425_20240824_tottenham_everton,2425,2024-08-24,Tottenham,Everton,1,football-data.co.uk,2024-08-25,home,,,,,,,,,13,7,,,,,,,,,,,,,,,,,,,,,,27.0,,,,,,,
2425_20240825_bournemouth_newcastle,2425,2024-08-25,Newcastle,Bournemouth,0,football-data.co.uk,2024-08-26,away,,,,,,,,,14,5,,,,,,,,,,,,,,,,,,,,,,24.0,,,,,,,
2425_20240825_bournemouth_newcastle,2425,2024-08-25,Bournemouth,Newcastle,1,football-data.co.uk,2024-08-26,home,,,,,,,,,16,4,,,,,,,,,,,,,,,,,,,,,,24.0,,,,,,,
2425_20240825_liverpool_brentford,2425,2024-08-25,Brentford,Liverpool,0,football-data.co.uk,2024-08-26,away,,,,,,,,,8,2,,,,,,,,,,,,,,,,,,,,,,12.0,,,,,,,
2425_20240825_liverpool_brentford,2425,2024-08-25,Liverpool,Brentford,1,football-data.co.uk,2024-08-26,home,,,,,,,,,19,8,,,,,,,,,,,,,,,,,,,,,,35.0,,,,,,,
2425_20240825_wolves_chelsea,2425,2024-08-25,Chelsea,Wolves,0,football-data.co.uk,2024-08-26,away,,,,,,,,,14,8,,,,,,,,,,,,,,,,,,,,,,30.0,,,,,,,
2425_20240825_wolves_chelsea,2425,2024-08-25,Wolves,Chelsea,1,football-data.co.uk,2024-08-26,home,,,,,,,,,12,4,,,,,,,,,,,,,,,,,,,,,,20.0,,,,,,,
2425_20240831_arsenal_brighton,2425,2024-08-31,Brighton,Arsenal,0,football-data.co.uk,2024-09-01,away,,,,,,,,,22,4,,,,,,,,,,,,,,,,,,,,,,30.0,,,,,,,
2425_20240831_arsenal_brighton,2425,2024-08-31,Arsenal,Brighton,1,football-data.co.uk,2024-09-01,home,,,,,,,,,11,7,,,,,,,,,,,,,,,,,,,,,,25.0,,,,,,,
2425_20240831_brentford_southampton,2425,2024-08-31,Southampton,Brentford,0,football-data.co.uk,2024-09-01,away,,,,,,,,,18,6,,,,,,,,,,,,,,,,,,,,,,30.0,,,,,,,
2425_20240831_brentford_southampton,2425,2024-08-31,Brentford,Southampton,1,football-data.co.uk,2024-09-01,home,,,,,,,,,20,7,,,,,,,,,,,,,,,,,,,,,,34.0,,,,,,,
2425_20240831_everton_bournemouth,2425,2024-08-31,Bournemouth,Everton,0,football-data.co.uk,2024-09-01,away,,,,,,,,,17,7,,,,,,,,,,,,,,,,,,,,,,31.0,,,,,,,
2425_20240831_everton_bournemouth,2425,2024-08-31,Everton,Bournemouth,1,football-data.co.uk,2024-09-01,home,,,,,,,,,18,8,,,,,,,,,,,,,,,,,,,,,,34.0,,,,,,,
2425_20240831_ipswich_fulham,2425,2024-08-31,Fulham,Ipswich,0,football-data.co.uk,2024-09-01,away,,,,,,,,,9,4,,,,,,,,,,,,,,,,,,,,,,17.0,,,,,,,
2425_20240831_ipswich_fulham,2425,2024-08-31,Ipswich,Fulham,1,football-data.co.uk,2024-09-01,home,,,,,,,,,11,4,,,,,,,,,,,,,,,,,,,,,,19.0,,,,,,,
2425_20240831_leicester_aston_villa,2425,2024-08-31,Aston Villa,Leicester,0,football-data.co.uk,2024-09-01,away,,,,,,,,,10,5,,,,,,,,,,,,,,,,,,,,,,20.0,,,,,,,
2425_20240831_leicester_aston_villa,2425,2024-08-31,Leicester,Aston Villa,1,football-data.co.uk,2024-09-01,home,,,,,,,,,9,3,,,,,,,,,,,,,,,,,,,,,,15.0,,,,,,,
2425_20240831_nottm_forest_wolves,2425,2024-08-31,Wolves,Nott'm Forest,0,football-data.co.uk,2024-09-01,away,,,,,,,,,11,3,,,,,,,,,,,,,,,,,,,,,,17.0,,,,,,,
2425_20240831_nottm_forest_wolves,2425,2024-08-31,Nott'm Forest,Wolves,1,football-data.co.uk,2024-09-01,home,,,,,,,,,16,5,,,,,,,,,,,,,,,,,,,,,,26.0,,,,,,,
2425_20240831_west_ham_man_city,2425,2024-08-31,Man City,West Ham,0,football-data.co.uk,2024-09-01,away,,,,,,,,,23,8,,,,,,,,,,,,,,,,,,,,,,39.0,,,,,,,
2425_20240831_west_ham_man_city,2425,2024-08-31,West Ham,Man City,1,football-data.co.uk,2024-09-01,home,,,,,,,,,10,2,,,,,,,,,,,,,,,,,,,,,,14.0,,,,,,,
2425_20240901_chelsea_crystal_palace,2425,2024-09-01,Crystal Palace,Chelsea,0,football-data.co.uk,2024-09-02,away,,,,,,,,,9,3,,,,,,,,,,,,,,,,,,,,,,15.0,,,,,,,
2425_20240901_chelsea_crystal_palace,2425,2024-09-01,Chelsea,Crystal Palace,1,football-data.co.uk,2024-09-02,home,,,,,,,,,13,7,,,,,,,,,,,,,,,,,,,,,,27.0,,,,,,,
2425_20240901_man_united_liverpool,2425,2024-09-01,Liverpool,Man United,0,football-data.co.uk,2024-09-02,away,,,,,,,,,11,3,,,,,,,,,,,,,,,,,,,,,,17.0,,,,,,,
2425_20240901_man_united_liverpool,2425,2024-09-01,Man United,Liverpool,1,football-data.co.uk,2024-09-02,home,,,,,,,,,8,3,,,,,,,,,,,,,,,,,,,,,,14.0,,,,,,,
2425_20240901_newcastle_tottenham,2425,2024-09-01,Tottenham,Newcastle,0,football-data.co.uk,2024-09-02,away,,,,,,,,,20,6,,,,,,,,,,,,,,,,,,,,,,32.0,,,,,,,
2425_20240901_newcastle_tottenham,2425,2024-09-01,Newcastle,Tottenham,1,football-data.co.uk,2024-09-02,home,,,,,,,,,9,3,,,,,,,,,,,,,,,,,,,,,,15.0,,,,,,,
2425_20240914_aston_villa_everton,2425,2024-09-14,Everton,Aston Villa,0,football-data.co.uk,2024-09-15,away,,,,,,,,,6,2,,,,,,,,,,,,,,,,,,,,,,10.0,,,,,,,
2425_20240914_aston_villa_everton,2425,2024-09-14,Aston Villa,Everton,1,football-data.co.uk,2024-09-15,home,,,,,,,,,17,8,,,,,,,,,,,,,,,,,,,,,,33.0,,,,,,,
2425_20240914_bournemouth_chelsea,2425,2024-09-14,Chelsea,Bournemouth,0,football-data.co.uk,2024-09-15,away,,,,,,,,,10,3,,,,,,,,,,,,,,,,,,,,,,16.0,,,,,,,
2425_20240914_bournemouth_chelsea,2425,2024-09-14,Bournemouth,Chelsea,1,football-data.co.uk,2024-09-15,home,,,,,,,,,19,7,,,,,,,,,,,,,,,,,,,,,,33.0,,,,,,,
2425_20240914_brighton_ipswich,2425,2024-09-14,Ipswich,Brighton,0,football-data.co.uk,2024-09-15,away,,,,,,,,,6,1,,,,,,,,,,,,,,,,,,,,,,8.0,,,,,,,
2425_20240914_brighton_ipswich,2425,2024-09-14,Brighton,Ipswich,1,football-data.co.uk,2024-09-15,home,,,,,,,,,21,6,,,,,,,,,,,,,,,,,,,,,,33.0,,,,,,,
2425_20240914_crystal_palace_leicester,2425,2024-09-14,Leicester,Crystal Palace,0,football-data.co.uk,2024-09-15,away,,,,,,,,,9,4,,,,,,,,,,,,,,,,,,,,,,17.0,,,,,,,
2425_20240914_crystal_palace_leicester,2425,2024-09-14,Crystal Palace,Leicester,1,football-data.co.uk,2024-09-15,home,,,,,,,,,20,4,,,,,,,,,,,,,,,,,,,,,,28.0,,,,,,,
2425_20240914_fulham_west_ham,2425,2024-09-14,West Ham,Fulham,0,football-data.co.uk,2024-09-15,away,,,,,,,,,11,3,,,,,,,,,,,,,,,,,,,,,,17.0,,,,,,,
2425_20240914_fulham_west_ham,2425,2024-09-14,Fulham,West Ham,1,football-data.co.uk,2024-09-15,home,,,,,,,,,21,5,,,,,,,,,,,,,,,,,,,,,,31.0,,,,,,,
2425_20240914_liverpool_nottm_forest,2425,2024-09-14,Nott'm Forest,Liverpool,0,football-data.co.uk,2024-09-15,away,,,,,,,,,5,3,,,,,,,,,,,,,,,,,,,,,,11.0,,,,,,,
2425_20240914_liverpool_nottm_forest,2425,2024-09-14,Liverpool,Nott'm Forest,1,football-data.co.uk,2024-09-15,home,,,,,,,,,14,5,,,,,,,,,,,,,,,,,,,,,,24.0,,,,,,,
2425_20240914_man_city_brentford,2425,2024-09-14,Brentford,Man City,0,football-data.co.uk,2024-09-15,away,,,,,,,,,8,5,,,,,,,,,,,,,,,,,,,,,,18.0,,,,,,,
2425_20240914_man_city_brentford,2425,2024-09-14,Man City,Brentford,1,football-data.co.uk,2024-09-15,home,,,,,,,,,18,7,,,,,,,,,,,,,,,,,,,,,,32.0,,,,,,,
2425_20240914_southampton_man_united,2425,2024-09-14,Man United,Southampton,0,football-data.co.uk,2024-09-15,away,,,,,,,,,20,10,,,,,,,,,,,,,,,,,,,,,,40.0,,,,,,,
2425_20240914_southampton_man_united,2425,2024-09-14,Southampton,Man United,1,football-data.co.uk,2024-09-15,home,,,,,,,,,6,4,,,,,,,,,,,,,,,,,,,,,,14.0,,,,,,,
2425_20240915_tottenham_arsenal,2425,2024-09-15,Arsenal,Tottenham,0,football-data.co.uk,2024-09-16,away,,,,,,,,,7,4,,,,,,,,,,,,,,,,,,,,,,15.0,,,,,,,
2425_20240915_tottenham_arsenal,2425,2024-09-15,Tottenham,Arsenal,1,football-data.co.uk,2024-09-16,home,,,,,,,,,15,5,,,,,,,,,,,,,,,,,,,,,,25.0,,,,,,,
2425_20240915_wolves_newcastle,2425,2024-09-15,Newcastle,Wolves,0,football-data.co.uk,2024-09-16,away,,,,,,,,,14,6,,,,,,,,,,,,,,,,,,,,,,26.0,,,,,,,
2425_20240915_wolves_newcastle,2425,2024-09-15,Wolves,Newcastle,1,football-data.co.uk,2024-09-16,home,,,,,,,,,12,5,,,,,,,,,,,,,,,,,,,,,,22.0,,,,,,,
2425_20240921_aston_villa_wolves,2425,2024-09-21,Wolves,Aston Villa,0,football-data.co.uk,2024-09-22,away,,,,,,,,,10,4,,,,,,,,,,,,,,,,,,,,,,18.0,,,,,,,
2425_20240921_aston_villa_wolves,2425,2024-09-21,Aston Villa,Wolves,1,football-data.co.uk,2024-09-22,home,,,,,,,,,9,4,,,,,,,,,,,,,,,,,,,,,,17.0,,,,,,,
2425_20240921_crystal_palace_man_united,2425,2024-09-21,Man United,Crystal Palace,0,football-data.co.uk,2024-09-22,away,,,,,,,,,15,6,,,,,,,,,,,,,,,,,,,,,,27.0,,,,,,,
2425_20240921_crystal_palace_man_united,2425,2024-09-21,Crystal Palace,Man United,1,football-data.co.uk,2024-09-22,home,,,,,,,,,9,4,,,,,,,,,,,,,,,,,,,,,,17.0,,,,,,,
2425_20240921_fulham_newcastle,2425,2024-09-21,Newcastle,Fulham,0,football-data.co.uk,2024-09-22,away,,,,,,,,,15,4,,,,,,,,,,,,,,,,,,,,,,23.0,,,,,,,
2425_20240921_fulham_newcastle,2425,2024-09-21,Fulham,Newcastle,1,football-data.co.uk,2024-09-22,home,,,,,,,,,22,11,,,,,,,,,,,,,,,,,,,,,,44.0,,,,,,,
2425_20240921_leicester_everton,2425,2024-09-21,Everton,Leicester,0,football-data.co.uk,2024-09-22,away,,,,,,,,,16,5,,,,,,,,,,,,,,,,,,,,,,26.0,,,,,,,
2425_20240921_leicester_everton,2425,2024-09-21,Leicester,Everton,1,football-data.co.uk,2024-09-22,home,,,,,,,,,12,2,,,,,,,,,,,,,,,,,,,,,,16.0,,,,,,,
2425_20240921_liverpool_bournemouth,2425,2024-09-21,Bournemouth,Liverpool,0,football-data.co.uk,2024-09-22,away,,,,,,,,,19,6,,,,,,,,,,,,,,,,,,,,,,31.0,,,,,,,
2425_20240921_liverpool_bournemouth,2425,2024-09-21,Liverpool,Bournemouth,1,football-data.co.uk,2024-09-22,home,,,,,,,,,19,13,,,,,,,,,,,,,,,,,,,,,,45.0,,,,,,,
2425_20240921_southampton_ipswich,2425,2024-09-21,Ipswich,Southampton,0,football-data.co.uk,2024-09-22,away,,,,,,,,,13,6,,,,,,,,,,,,,,,,,,,,,,25.0,,,,,,,
2425_20240921_southampton_ipswich,2425,2024-09-21,Southampton,Ipswich,1,football-data.co.uk,2024-09-22,home,,,,,,,,,11,3,,,,,,,,,,,,,,,,,,,,,,17.0,,,,,,,
2425_20240921_tottenham_brentford,2425,2024-09-21,Brentford,Tottenham,0,football-data.co.uk,2024-09-22,away,,,,,,,,,6,6,,,,,,,,,,,,,,,,,,,,,,18.0,,,,,,,
2425_20240921_tottenham_brentford,2425,2024-09-21,Tottenham,Brentford,1,football-data.co.uk,2024-09-22,home,,,,,,,,,23,10,,,,,,,,,,,,,,,,,,,,,,43.0,,,,,,,
2425_20240921_west_ham_chelsea,2425,2024-09-21,Chelsea,West Ham,0,football-data.co.uk,2024-09-22,away,,,,,,,,,12,5,,,,,,,,,,,,,,,,,,,,,,22.0,,,,,,,
2425_20240921_west_ham_chelsea,2425,2024-09-21,West Ham,Chelsea,1,football-data.co.uk,2024-09-22,home,,,,,,,,,15,7,,,,,,,,,,,,,,,,,,,,,,29.0,,,,,,,
2425_20240922_brighton_nottm_forest,2425,2024-09-22,Nott'm Forest,Brighton,0,football-data.co.uk,2024-09-23,away,,,,,,,,,4,3,,,,,,,,,,,,,,,,,,,,,,10.0,,,,,,,
2425_20240922_brighton_nottm_forest,2425,2024-09-22,Brighton,Nott'm Forest,1,football-data.co.uk,2024-09-23,home,,,,,,,,,14,3,,,,,,,,,,,,,,,,,,,,,,20.0,,,,,,,
2425_20240922_man_city_arsenal,2425,2024-09-22,Arsenal,Man City,0,football-data.co.uk,2024-09-23,away,,,,,,,,,5,3,,,,,,,,,,,,,,,,,,,,,,11.0,,,,,,,
2425_20240922_man_city_arsenal,2425,2024-09-22,Man City,Arsenal,1,football-data.co.uk,2024-09-23,home,,,,,,,,,33,11,,,,,,,,,,,,,,,,,,,,,,55.0,,,,,,,
2425_20240928_arsenal_leicester,2425,2024-09-28,Leicester,Arsenal,0,football-data.co.uk,2024-09-29,away,,,,,,,,,5,3,,,,,,,,,,,,,,,,,,,,,,11.0,,,,,,,
2425_20240928_arsenal_leicester,2425,2024-09-28,Arsenal,Leicester,1,football-data.co.uk,2024-09-29,home,,,,,,,,,36,16,,,,,,,,,,,,,,,,,,,,,,68.0,,,,,,,
2425_20240928_brentford_west_ham,2425,2024-09-28,West Ham,Brentford,0,football-data.co.uk,2024-09-29,away,,,,,,,,,19,3,,,,,,,,,,,,,,,,,,,,,,25.0,,,,,,,
2425_20240928_brentford_west_ham,2425,2024-09-28,Brentford,West Ham,1,football-data.co.uk,2024-09-29,home,,,,,,,,,8,3,,,,,,,,,,,,,,,,,,,,,,14.0,,,,,,,
2425_20240928_chelsea_brighton,2425,2024-09-28,Brighton,Chelsea,0,football-data.co.uk,2024-09-29,away,,,,,,,,,15,5,,,,,,,,,,,,,,,,,,,,,,25.0,,,,,,,
2425_20240928_chelsea_brighton,2425,2024-09-28,Chelsea,Brighton,1,football-data.co.uk,2024-09-29,home,,,,,,,,,15,7,,,,,,,,,,,,,,,,,,,,,,29.0,,,,,,,
2425_20240928_everton_crystal_palace,2425,2024-09-28,Crystal Palace,Everton,0,football-data.co.uk,2024-09-29,away,,,,,,,,,17,5,,,,,,,,,,,,,,,,,,,,,,27.0,,,,,,,
2425_20240928_everton_crystal_palace,2425,2024-09-28,Everton,Crystal Palace,1,football-data.co.uk,2024-09-29,home,,,,,,,,,8,2,,,,,,,,,,,,,,,,,,,,,,12.0,,,,,,,
2425_20240928_newcastle_man_city,2425,2024-09-28,Man City,Newcastle,0,football-data.co.uk,2024-09-29,away,,,,,,,,,16,6,,,,,,,,,,,,,,,,,,,,,,28.0,,,,,,,
2425_20240928_newcastle_man_city,2425,2024-09-28,Newcastle,Man City,1,football-data.co.uk,2024-09-29,home,,,,,,,,,11,4,,,,,,,,,,,,,,,,,,,,,,19.0,,,,,,,
2425_20240928_nottm_forest_fulham,2425,2024-09-28,Fulham,Nott'm Forest,0,football-data.co.uk,2024-09-29,away,,,,,,,,,14,2,,,,,,,,,,,,,,,,,,,,,,18.0,,,,,,,
2425_20240928_nottm_forest_fulham,2425,2024-09-28,Nott'm Forest,Fulham,1,football-data.co.uk,2024-09-29,home,,,,,,,,,11,1,,,,,,,,,,,,,,,,,,,,,,13.0,,,,,,,
2425_20240928_wolves_liverpool,2425,2024-09-28,Liverpool,Wolves,0,football-data.co.uk,2024-09-29,away,,,,,,,,,10,6,,,,,,,,,,,,,,,,,,,,,,22.0,,,,,,,
2425_20240928_wolves_liverpool,2425,2024-09-28,Wolves,Liverpool,1,football-data.co.uk,2024-09-29,home,,,,,,,,,8,3,,,,,,,,,,,,,,,,,,,,,,14.0,,,,,,,
2425_20240929_ipswich_aston_villa,2425,2024-09-29,Aston Villa,Ipswich,0,football-data.co.uk,2024-09-30,away,,,,,,,,,7,3,,,,,,,,,,,,,,,,,,,,,,13.0,,,,,,,
2425_20240929_ipswich_aston_villa,2425,2024-09-29,Ipswich,Aston Villa,1,football-data.co.uk,2024-09-30,home,,,,,,,,,15,5,,,,,,,,,,,,,,,,,,,,,,25.0,,,,,,,
2425_20240929_man_united_tottenham,2425,2024-09-29,Tottenham,Man United,0,football-data.co.uk,2024-09-30,away,,,,,,,,,24,10,,,,,,,,,,,,,,,,,,,,,,44.0,,,,,,,
2425_20240929_man_united_tottenham,2425,2024-09-29,Man United,Tottenham,1,football-data.co.uk,2024-09-30,home,,,,,,,,,11,2,,,,,,,,,,,,,,,,,,,,,,15.0,,,,,,,
2425_20240930_bournemouth_southampton,2425,2024-09-30,Southampton,Bournemouth,0,football-data.co.uk,2024-10-01,away,,,,,,,,,9,3,,,,,,,,,,,,,,,,,,,,,,15.0,,,,,,,
2425_20240930_bournemouth_southampton,2425,2024-09-30,Bournemouth,Southampton,1,football-data.co.uk,2024-10-01,home,,,,,,,,,14,6,,,,,,,,,,,,,,,,,,,,,,26.0,,,,,,,
2425_20241005_arsenal_southampton,2425,2024-10-05,Southampton,Arsenal,0,football-data.co.uk,2024-10-06,away,,,,,,,,,8,2,,,,,,,,,,,,,,,,,,,,,,12.0,,,,,,,
2425_20241005_arsenal_southampton,2425,2024-10-05,Arsenal,Southampton,1,football-data.co.uk,2024-10-06,home,,,,,,,,,29,6,,,,,,,,,,,,,,,,,,,,,,41.0,,,,,,,
2425_20241005_brentford_wolves,2425,2024-10-05,Wolves,Brentford,0,football-data.co.uk,2024-10-06,away,,,,,,,,,17,6,,,,,,,,,,,,,,,,,,,,,,29.0,,,,,,,
2425_20241005_brentford_wolves,2425,2024-10-05,Brentford,Wolves,1,football-data.co.uk,2024-10-06,home,,,,,,,,,19,12,,,,,,,,,,,,,,,,,,,,,,43.0,,,,,,,
2425_20241005_crystal_palace_liverpool,2425,2024-10-05,Liverpool,Crystal Palace,0,football-data.co.uk,2024-10-06,away,,,,,,,,,16,4,,,,,,,,,,,,,,,,,,,,,,24.0,,,,,,,
2425_20241005_crystal_palace_liverpool,2425,2024-10-05,Crystal Palace,Liverpool,1,football-data.co.uk,2024-10-06,home,,,,,,,,,9,5,,,,,,,,,,,,,,,,,,,,,,19.0,,,,,,,
2425_20241005_everton_newcastle,2425,2024-10-05,Newcastle,Everton,0,football-data.co.uk,2024-10-06,away,,,,,,,,,14,3,,,,,,,,,,,,,,,,,,,,,,20.0,,,,,,,
2425_20241005_everton_newcastle,2425,2024-10-05,Everton,Newcastle,1,football-data.co.uk,2024-10-06,home,,,,,,,,,8,2,,,,,,,,,,,,,,,,,,,,,,12.0,,,,,,,
2425_20241005_leicester_bournemouth,2425,2024-10-05,Bournemouth,Leicester,0,football-data.co.uk,2024-10-06,away,,,,,,,,,17,2,,,,,,,,,,,,,,,,,,,,,,21.0,,,,,,,
2425_20241005_leicester_bournemouth,2425,2024-10-05,Leicester,Bournemouth,1,football-data.co.uk,2024-10-06,home,,,,,,,,,6,2,,,,,,,,,,,,,,,,,,,,,,10.0,,,,,,,
2425_20241005_man_city_fulham,2425,2024-10-05,Fulham,Man City,0,football-data.co.uk,2024-10-06,away,,,,,,,,,11,4,,,,,,,,,,,,,,,,,,,,,,19.0,,,,,,,
2425_20241005_man_city_fulham,2425,2024-10-05,Man City,Fulham,1,football-data.co.uk,2024-10-06,home,,,,,,,,,20,7,,,,,,,,,,,,,,,,,,,,,,34.0,,,,,,,
2425_20241005_west_ham_ipswich,2425,2024-10-05,Ipswich,West Ham,0,football-data.co.uk,2024-10-06,away,,,,,,,,,9,2,,,,,,,,,,,,,,,,,,,,,,13.0,,,,,,,
2425_20241005_west_ham_ipswich,2425,2024-10-05,West Ham,Ipswich,1,football-data.co.uk,2024-10-06,home,,,,,,,,,23,13,,,,,,,,,,,,,,,,,,,,,,49.0,,,,,,,
2425_20241006_aston_villa_man_united,2425,2024-10-06,Man United,Aston Villa,0,football-data.co.uk,2024-10-07,away,,,,,,,,,10,4,,,,,,,,,,,,,,,,,,,,,,18.0,,,,,,,
2425_20241006_aston_villa_man_united,2425,2024-10-06,Aston Villa,Man United,1,football-data.co.uk,2024-10-07,home,,,,,,,,,11,1,,,,,,,,,,,,,,,,,,,,,,13.0,,,,,,,
2425_20241006_brighton_tottenham,2425,2024-10-06,Tottenham,Brighton,0,football-data.co.uk,2024-10-07,away,,,,,,,,,13,3,,,,,,,,,,,,,,,,,,,,,,19.0,,,,,,,
2425_20241006_brighton_tottenham,2425,2024-10-06,Brighton,Tottenham,1,football-data.co.uk,2024-10-07,home,,,,,,,,,11,4,,,,,,,,,,,,,,,,,,,,,,19.0,,,,,,,
2425_20241006_chelsea_nottm_forest,2425,2024-10-06,Nott'm Forest,Chelsea,0,football-data.co.uk,2024-10-07,away,,,,,,,,,16,9,,,,,,,,,,,,,,,,,,,,,,34.0,,,,,,,
2425_20241006_chelsea_nottm_forest,2425,2024-10-06,Chelsea,Nott'm Forest,1,football-data.co.uk,2024-10-07,home,,,,,,,,,22,8,,,,,,,,,,,,,,,,,,,,,,38.0,,,,,,,
2425_20241019_bournemouth_arsenal,2425,2024-10-19,Arsenal,Bournemouth,0,football-data.co.uk,2024-10-20,away,,,,,,,,,6,1,,,,,,,,,,,,,,,,,,,,,,8.0,,,,,,,
2425_20241019_bournemouth_arsenal,2425,2024-10-19,Bournemouth,Arsenal,1,football-data.co.uk,2024-10-20,home,,,,,,,,,13,4,,,,,,,,,,,,,,,,,,,,,,21.0,,,,,,,
2425_20241019_fulham_aston_villa,2425,2024-10-19,Aston Villa,Fulham,0,football-data.co.uk,2024-10-20,away,,,,,,,,,14,5,,,,,,,,,,,,,,,,,,,,,,24.0,,,,,,,
2425_20241019_fulham_aston_villa,2425,2024-10-19,Fulham,Aston Villa,1,football-data.co.uk,2024-10-20,home,,,,,,,,,10,4,,,,,,,,,,,,,,,,,,,,,,18.0,,,,,,,
2425_20241019_ipswich_everton,2425,2024-10-19,Everton,Ipswich,0,football-data.co.uk,2024-10-20,away,,,,,,,,,11,8,,,,,,,,,,,,,,,,,,,,,,27.0,,,,,,,
2425_20241019_ipswich_everton,2425,2024-10-19,Ipswich,Everton,1,football-data.co.uk,2024-10-20,home,,,,,,,,,13,2,,,,,,,,,,,,,,,,,,,,,,17.0,,,,,,,
2425_20241019_man_united_brentford,2425,2024-10-19,Brentford,Man United,0,football-data.co.uk,2024-10-20,away,,,,,,,,,8,2,,,,,,,,,,,,,,,,,,,,,,12.0,,,,,,,
2425_20241019_man_united_brentford,2425,2024-10-19,Man United,Brentford,1,football-data.co.uk,2024-10-20,home,,,,,,,,,23,11,,,,,,,,,,,,,,,,,,,,,,45.0,,,,,,,
2425_20241019_newcastle_brighton,2425,2024-10-19,Brighton,Newcastle,0,football-data.co.uk,2024-10-20,away,,,,,,,,,10,5,,,,,,,,,,,,,,,,,,,,,,20.0,,,,,,,
2425_20241019_newcastle_brighton,2425,2024-10-19,Newcastle,Brighton,1,football-data.co.uk,2024-10-20,home,,,,,,,,,21,6,,,,,,,,,,,,,,,,,,,,,,33.0,,,,,,,
2425_20241019_southampton_leicester,2425,2024-10-19,Leicester,Southampton,0,football-data.co.uk,2024-10-20,away,,,,,,,,,18,4,,,,,,,,,,,,,,,,,,,,,,26.0,,,,,,,
2425_20241019_southampton_leicester,2425,2024-10-19,Southampton,Leicester,1,football-data.co.uk,2024-10-20,home,,,,,,,,,14,7,,,,,,,,,,,,,,,,,,,,,,28.0,,,,,,,
2425_20241019_tottenham_west_ham,2425,2024-10-19,West Ham,Tottenham,0,football-data.co.uk,2024-10-20,away,,,,,,,,,11,4,,,,,,,,,,,,,,,,,,,,,,19.0,,,,,,,
2425_20241019_tottenham_west_ham,2425,2024-10-19,Tottenham,West Ham,1,football-data.co.uk,2024-10-20,home,,,,,,,,,22,7,,,,,,,,,,,,,,,,,,,,,,36.0,,,,,,,
2425_20241020_liverpool_chelsea,2425,2024-10-20,Chelsea,Liverpool,0,football-data.co.uk,2024-10-21,away,,,,,,,,,12,2,,,,,,,,,,,,,,,,,,,,,,16.0,,,,,,,
2425_20241020_liverpool_chelsea,2425,2024-10-20,Liverpool,Chelsea,1,football-data.co.uk,2024-10-21,home,,,,,,,,,9,5,,,,,,,,,,,,,,,,,,,,,,19.0,,,,,,,
2425_20241020_wolves_man_city,2425,2024-10-20,Man City,Wolves,0,football-data.co.uk,2024-10-21,away,,,,,,,,,22,7,,,,,,,,,,,,,,,,,,,,,,36.0,,,,,,,
2425_20241020_wolves_man_city,2425,2024-10-20,Wolves,Man City,1,football-data.co.uk,2024-10-21,home,,,,,,,,,3,2,,,,,,,,,,,,,,,,,,,,,,7.0,,,,,,,
2425_20241021_nottm_forest_crystal_palace,2425,2024-10-21,Crystal Palace,Nott'm Forest,0,football-data.co.uk,2024-10-22,away,,,,,,,,,20,7,,,,,,,,,,,,,,,,,,,,,,34.0,,,,,,,
2425_20241021_nottm_forest_crystal_palace,2425,2024-10-21,Nott'm Forest,Crystal Palace,1,football-data.co.uk,2024-10-22,home,,,,,,,,,20,6,,,,,,,,,,,,,,,,,,,,,,32.0,,,,,,,
2425_20241025_leicester_nottm_forest,2425,2024-10-25,Nott'm Forest,Leicester,0,football-data.co.uk,2024-10-26,away,,,,,,,,,20,5,,,,,,,,,,,,,,,,,,,,,,30.0,,,,,,,
2425_20241025_leicester_nottm_forest,2425,2024-10-25,Leicester,Nott'm Forest,1,football-data.co.uk,2024-10-26,home,,,,,,,,,11,1,,,,,,,,,,,,,,,,,,,,,,13.0,,,,,,,
2425_20241026_aston_villa_bournemouth,2425,2024-10-26,Bournemouth,Aston Villa,0,football-data.co.uk,2024-10-27,away,,,,,,,,,11,3,,,,,,,,,,,,,,,,,,,,,,17.0,,,,,,,
2425_20241026_aston_villa_bournemouth,2425,2024-10-26,Aston Villa,Bournemouth,1,football-data.co.uk,2024-10-27,home,,,,,,,,,18,8,,,,,,,,,,,,,,,,,,,,,,34.0,,,,,,,
2425_20241026_brentford_ipswich,2425,2024-10-26,Ipswich,Brentford,0,football-data.co.uk,2024-10-27,away,,,,,,,,,11,5,,,,,,,,,,,,,,,,,,,,,,21.0,,,,,,,
2425_20241026_brentford_ipswich,2425,2024-10-26,Brentford,Ipswich,1,football-data.co.uk,2024-10-27,home,,,,,,,,,20,9,,,,,,,,,,,,,,,,,,,,,,38.0,,,,,,,
2425_20241026_brighton_wolves,2425,2024-10-26,Wolves,Brighton,0,football-data.co.uk,2024-10-27,away,,,,,,,,,14,7,,,,,,,,,,,,,,,,,,,,,,28.0,,,,,,,
2425_20241026_brighton_wolves,2425,2024-10-26,Brighton,Wolves,1,football-data.co.uk,2024-10-27,home,,,,,,,,,19,6,,,,,,,,,,,,,,,,,,,,,,31.0,,,,,,,
2425_20241026_everton_fulham,2425,2024-10-26,Fulham,Everton,0,football-data.co.uk,2024-10-27,away,,,,,,,,,14,3,,,,,,,,,,,,,,,,,,,,,,20.0,,,,,,,
2425_20241026_everton_fulham,2425,2024-10-26,Everton,Fulham,1,football-data.co.uk,2024-10-27,home,,,,,,,,,10,5,,,,,,,,,,,,,,,,,,,,,,20.0,,,,,,,
2425_20241026_man_city_southampton,2425,2024-10-26,Southampton,Man City,0,football-data.co.uk,2024-10-27,away,,,,,,,,,5,2,,,,,,,,,,,,,,,,,,,,,,9.0,,,,,,,
2425_20241026_man_city_southampton,2425,2024-10-26,Man City,Southampton,1,football-data.co.uk,2024-10-27,home,,,,,,,,,22,8,,,,,,,,,,,,,,,,,,,,,,38.0,,,,,,,
2425_20241027_arsenal_liverpool,2425,2024-10-27,Liverpool,Arsenal,0,football-data.co.uk,2024-10-28,away,,,,,,,,,9,4,,,,,,,,,,,,,,,,,,,,,,17.0,,,,,,,
2425_20241027_arsenal_liverpool,2425,2024-10-27,Arsenal,Liverpool,1,football-data.co.uk,2024-10-28,home,,,,,,,,,9,3,,,,,,,,,,,,,,,,,,,,,,15.0,,,,,,,
2425_20241027_chelsea_newcastle,2425,2024-10-27,Newcastle,Chelsea,0,football-data.co.uk,2024-10-28,away,,,,,,,,,11,3,,,,,,,,,,,,,,,,,,,,,,17.0,,,,,,,
2425_20241027_chelsea_newcastle,2425,2024-10-27,Chelsea,Newcastle,1,football-data.co.uk,2024-10-28,home,,,,,,,,,17,7,,,,,,,,,,,,,,,,,,,,,,31.0,,,,,,,
2425_20241027_crystal_palace_tottenham,2425,2024-10-27,Tottenham,Crystal Palace,0,football-data.co.uk,2024-10-28,away,,,,,,,,,11,3,,,,,,,,,,,,,,,,,,,,,,17.0,,,,,,,
2425_20241027_crystal_palace_tottenham,2425,2024-10-27,Crystal Palace,Tottenham,1,football-data.co.uk,2024-10-28,home,,,,,,,,,14,6,,,,,,,,,,,,,,,,,,,,,,26.0,,,,,,,
2425_20241027_west_ham_man_united,2425,2024-10-27,Man United,West Ham,0,football-data.co.uk,2024-10-28,away,,,,,,,,,18,5,,,,,,,,,,,,,,,,,,,,,,28.0,,,,,,,
2425_20241027_west_ham_man_united,2425,2024-10-27,West Ham,Man United,1,football-data.co.uk,2024-10-28,home,,,,,,,,,12,3,,,,,,,,,,,,,,,,,,,,,,18.0,,,,,,,
2425_20241102_bournemouth_man_city,2425,2024-11-02,Man City,Bournemouth,0,football-data.co.uk,2024-11-03,away,,,,,,,,,18,4,,,,,,,,,,,,,,,,,,,,,,26.0,,,,,,,
2425_20241102_bournemouth_man_city,2425,2024-11-02,Bournemouth,Man City,1,football-data.co.uk,2024-11-03,home,,,,,,,,,12,6,,,,,,,,,,,,,,,,,,,,,,24.0,,,,,,,
2425_20241102_ipswich_leicester,2425,2024-11-02,Leicester,Ipswich,0,football-data.co.uk,2024-11-03,away,,,,,,,,,20,6,,,,,,,,,,,,,,,,,,,,,,32.0,,,,,,,
2425_20241102_ipswich_leicester,2425,2024-11-02,Ipswich,Leicester,1,football-data.co.uk,2024-11-03,home,,,,,,,,,14,2,,,,,,,,,,,,,,,,,,,,,,18.0,,,,,,,
2425_20241102_liverpool_brighton,2425,2024-11-02,Brighton,Liverpool,0,football-data.co.uk,2024-11-03,away,,,,,,,,,13,5,,,,,,,,,,,,,,,,,,,,,,23.0,,,,,,,
2425_20241102_liverpool_brighton,2425,2024-11-02,Liverpool,Brighton,1,football-data.co.uk,2024-11-03,home,,,,,,,,,16,8,,,,,,,,,,,,,,,,,,,,,,32.0,,,,,,,
2425_20241102_newcastle_arsenal,2425,2024-11-02,Arsenal,Newcastle,0,football-data.co.uk,2024-11-03,away,,,,,,,,,10,1,,,,,,,,,,,,,,,,,,,,,,12.0,,,,,,,
2425_20241102_newcastle_arsenal,2425,2024-11-02,Newcastle,Arsenal,1,football-data.co.uk,2024-11-03,home,,,,,,,,,9,4,,,,,,,,,,,,,,,,,,,,,,17.0,,,,,,,
2425_20241102_nottm_forest_west_ham,2425,2024-11-02,West Ham,Nott'm Forest,0,football-data.co.uk,2024-11-03,away,,,,,,,,,4,2,,,,,,,,,,,,,,,,,,,,,,8.0,,,,,,,
2425_20241102_nottm_forest_west_ham,2425,2024-11-02,Nott'm Forest,West Ham,1,football-data.co.uk,2024-11-03,home,,,,,,,,,19,6,,,,,,,,,,,,,,,,,,,,,,31.0,,,,,,,
2425_20241102_southampton_everton,2425,2024-11-02,Everton,Southampton,0,football-data.co.uk,2024-11-03,away,,,,,,,,,16,5,,,,,,,,,,,,,,,,,,,,,,26.0,,,,,,,
2425_20241102_southampton_everton,2425,2024-11-02,Southampton,Everton,1,football-data.co.uk,2024-11-03,home,,,,,,,,,9,2,,,,,,,,,,,,,,,,,,,,,,13.0,,,,,,,
2425_20241102_wolves_crystal_palace,2425,2024-11-02,Crystal Palace,Wolves,0,football-data.co.uk,2024-11-03,away,,,,,,,,,19,7,,,,,,,,,,,,,,,,,,,,,,33.0,,,,,,,
2425_20241102_wolves_crystal_palace,2425,2024-11-02,Wolves,Crystal Palace,1,football-data.co.uk,2024-11-03,home,,,,,,,,,11,6,,,,,,,,,,,,,,,,,,,,,,23.0,,,,,,,
2425_20241103_man_united_chelsea,2425,2024-11-03,Chelsea,Man United,0,football-data.co.uk,2024-11-04,away,,,,,,,,,12,3,,,,,,,,,,,,,,,,,,,,,,18.0,,,,,,,
2425_20241103_man_united_chelsea,2425,2024-11-03,Man United,Chelsea,1,football-data.co.uk,2024-11-04,home,,,,,,,,,11,4,,,,,,,,,,,,,,,,,,,,,,19.0,,,,,,,
2425_20241103_tottenham_aston_villa,2425,2024-11-03,Aston Villa,Tottenham,0,football-data.co.uk,2024-11-04,away,,,,,,,,,12,1,,,,,,,,,,,,,,,,,,,,,,14.0,,,,,,,
2425_20241103_tottenham_aston_villa,2425,2024-11-03,Tottenham,Aston Villa,1,football-data.co.uk,2024-11-04,home,,,,,,,,,16,6,,,,,,,,,,,,,,,,,,,,,,28.0,,,,,,,
2425_20241104_fulham_brentford,2425,2024-11-04,Brentford,Fulham,0,football-data.co.uk,2024-11-05,away,,,,,,,,,5,2,,,,,,,,,,,,,,,,,,,,,,9.0,,,,,,,
2425_20241104_fulham_brentford,2425,2024-11-04,Fulham,Brentford,1,football-data.co.uk,2024-11-05,home,,,,,,,,,26,12,,,,,,,,,,,,,,,,,,,,,,50.0,,,,,,,
2425_20241109_brentford_bournemouth,2425,2024-11-09,Bournemouth,Brentford,0,football-data.co.uk,2024-11-10,away,,,,,,,,,15,3,,,,,,,,,,,,,,,,,,,,,,21.0,,,,,,,
2425_20241109_brentford_bournemouth,2425,2024-11-09,Brentford,Bournemouth,1,football-data.co.uk,2024-11-10,home,,,,,,,,,12,6,,,,,,,,,,,,,,,,,,,,,,24.0,,,,,,,
2425_20241109_brighton_man_city,2425,2024-11-09,Man City,Brighton,0,football-data.co.uk,2024-11-10,away,,,,,,,,,15,6,,,,,,,,,,,,,,,,,,,,,,27.0,,,,,,,
2425_20241109_brighton_man_city,2425,2024-11-09,Brighton,Man City,1,football-data.co.uk,2024-11-10,home,,,,,,,,,10,4,,,,,,,,,,,,,,,,,,,,,,18.0,,,,,,,
2425_20241109_crystal_palace_fulham,2425,2024-11-09,Fulham,Crystal Palace,0,football-data.co.uk,2024-11-10,away,,,,,,,,,17,7,,,,,,,,,,,,,,,,,,,,,,31.0,,,,,,,
2425_20241109_crystal_palace_fulham,2425,2024-11-09,Crystal Palace,Fulham,1,football-data.co.uk,2024-11-10,home,,,,,,,,,13,5,,,,,,,,,,,,,,,,,,,,,,23.0,,,,,,,
2425_20241109_liverpool_aston_villa,2425,2024-11-09,Aston Villa,Liverpool,0,football-data.co.uk,2024-11-10,away,,,,,,,,,12,2,,,,,,,,,,,,,,,,,,,,,,16.0,,,,,,,
2425_20241109_liverpool_aston_villa,2425,2024-11-09,Liverpool,Aston Villa,1,football-data.co.uk,2024-11-10,home,,,,,,,,,14,5,,,,,,,,,,,,,,,,,,,,,,24.0,,,,,,,
2425_20241109_west_ham_everton,2425,2024-11-09,Everton,West Ham,0,football-data.co.uk,2024-11-10,away,,,,,,,,,18,4,,,,,,,,,,,,,,,,,,,,,,26.0,,,,,,,
2425_20241109_west_ham_everton,2425,2024-11-09,West Ham,Everton,1,football-data.co.uk,2024-11-10,home,,,,,,,,,11,6,,,,,,,,,,,,,,,,,,,,,,23.0,,,,,,,
2425_20241109_wolves_southampton,2425,2024-11-09,Southampton,Wolves,0,football-data.co.uk,2024-11-10,away,,,,,,,,,9,0,,,,,,,,,,,,,,,,,,,,,,9.0,,,,,,,
2425_20241109_wolves_southampton,2425,2024-11-09,Wolves,Southampton,1,football-data.co.uk,2024-11-10,home,,,,,,,,,8,4,,,,,,,,,,,,,,,,,,,,,,16.0,,,,,,,
2425_20241110_chelsea_arsenal,2425,2024-11-10,Arsenal,Chelsea,0,football-data.co.uk,2024-11-11,away,,,,,,,,,13,3,,,,,,,,,,,,,,,,,,,,,,19.0,,,,,,,
2425_20241110_chelsea_arsenal,2425,2024-11-10,Chelsea,Arsenal,1,football-data.co.uk,2024-11-11,home,,,,,,,,,17,3,,,,,,,,,,,,,,,,,,,,,,23.0,,,,,,,
2425_20241110_man_united_leicester,2425,2024-11-10,Leicester,Man United,0,football-data.co.uk,2024-11-11,away,,,,,,,,,6,5,,,,,,,,,,,,,,,,,,,,,,16.0,,,,,,,
2425_20241110_man_united_leicester,2425,2024-11-10,Man United,Leicester,1,football-data.co.uk,2024-11-11,home,,,,,,,,,13,3,,,,,,,,,,,,,,,,,,,,,,19.0,,,,,,,
2425_20241110_nottm_forest_newcastle,2425,2024-11-10,Newcastle,Nott'm Forest,0,football-data.co.uk,2024-11-11,away,,,,,,,,,17,6,,,,,,,,,,,,,,,,,,,,,,29.0,,,,,,,
2425_20241110_nottm_forest_newcastle,2425,2024-11-10,Nott'm Forest,Newcastle,1,football-data.co.uk,2024-11-11,home,,,,,,,,,9,3,,,,,,,,,,,,,,,,,,,,,,15.0,,,,,,,
2425_20241110_tottenham_ipswich,2425,2024-11-10,Ipswich,Tottenham,0,football-data.co.uk,2024-11-11,away,,,,,,,,,8,3,,,,,,,,,,,,,,,,,,,,,,14.0,,,,,,,
2425_20241110_tottenham_ipswich,2425,2024-11-10,Tottenham,Ipswich,1,football-data.co.uk,2024-11-11,home,,,,,,,,,17,5,,,,,,,,,,,,,,,,,,,,,,27.0,,,,,,,
2425_20241123_arsenal_nottm_forest,2425,2024-11-23,Nott'm Forest,Arsenal,0,football-data.co.uk,2024-11-24,away,,,,,,,,,7,0,,,,,,,,,,,,,,,,,,,,,,7.0,,,,,,,
2425_20241123_arsenal_nottm_forest,2425,2024-11-23,Arsenal,Nott'm Forest,1,football-data.co.uk,2024-11-24,home,,,,,,,,,19,7,,,,,,,,,,,,,,,,,,,,,,33.0,,,,,,,
2425_20241123_aston_villa_crystal_palace,2425,2024-11-23,Crystal Palace,Aston Villa,0,football-data.co.uk,2024-11-24,away,,,,,,,,,13,6,,,,,,,,,,,,,,,,,,,,,,25.0,,,,,,,
2425_20241123_aston_villa_crystal_palace,2425,2024-11-23,Aston Villa,Crystal Palace,1,football-data.co.uk,2024-11-24,home,,,,,,,,,17,5,,,,,,,,,,,,,,,,,,,,,,27.0,,,,,,,
2425_20241123_bournemouth_brighton,2425,2024-11-23,Brighton,Bournemouth,0,football-data.co.uk,2024-11-24,away,,,,,,,,,6,4,,,,,,,,,,,,,,,,,,,,,,14.0,,,,,,,
2425_20241123_bournemouth_brighton,2425,2024-11-23,Bournemouth,Brighton,1,football-data.co.uk,2024-11-24,home,,,,,,,,,19,5,,,,,,,,,,,,,,,,,,,,,,29.0,,,,,,,
2425_20241123_everton_brentford,2425,2024-11-23,Brentford,Everton,0,football-data.co.uk,2024-11-24,away,,,,,,,,,9,2,,,,,,,,,,,,,,,,,,,,,,13.0,,,,,,,
2425_20241123_everton_brentford,2425,2024-11-23,Everton,Brentford,1,football-data.co.uk,2024-11-24,home,,,,,,,,,27,5,,,,,,,,,,,,,,,,,,,,,,37.0,,,,,,,
2425_20241123_fulham_wolves,2425,2024-11-23,Wolves,Fulham,0,football-data.co.uk,2024-11-24,away,,,,,,,,,10,5,,,,,,,,,,,,,,,,,,,,,,20.0,,,,,,,
2425_20241123_fulham_wolves,2425,2024-11-23,Fulham,Wolves,1,football-data.co.uk,2024-11-24,home,,,,,,,,,10,3,,,,,,,,,,,,,,,,,,,,,,16.0,,,,,,,
2425_20241123_leicester_chelsea,2425,2024-11-23,Chelsea,Leicester,0,football-data.co.uk,2024-11-24,away,,,,,,,,,16,7,,,,,,,,,,,,,,,,,,,,,,30.0,,,,,,,
2425_20241123_leicester_chelsea,2425,2024-11-23,Leicester,Chelsea,1,football-data.co.uk,2024-11-24,home,,,,,,,,,4,1,,,,,,,,,,,,,,,,,,,,,,6.0,,,,,,,
2425_20241123_man_city_tottenham,2425,2024-11-23,Tottenham,Man City,0,football-data.co.uk,2024-11-24,away,,,,,,,,,9,7,,,,,,,,,,,,,,,,,,,,,,23.0,,,,,,,
2425_20241123_man_city_tottenham,2425,2024-11-23,Man City,Tottenham,1,football-data.co.uk,2024-11-24,home,,,,,,,,,23,5,,,,,,,,,,,,,,,,,,,,,,33.0,,,,,,,
2425_20241124_ipswich_man_united,2425,2024-11-24,Man United,Ipswich,0,football-data.co.uk,2024-11-25,away,,,,,,,,,11,4,,,,,,,,,,,,,,,,,,,,,,19.0,,,,,,,
2425_20241124_ipswich_man_united,2425,2024-11-24,Ipswich,Man United,1,football-data.co.uk,2024-11-25,home,,,,,,,,,11,6,,,,,,,,,,,,,,,,,,,,,,23.0,,,,,,,
2425_20241124_southampton_liverpool,2425,2024-11-24,Liverpool,Southampton,0,football-data.co.uk,2024-11-25,away,,,,,,,,,27,11,,,,,,,,,,,,,,,,,,,,,,49.0,,,,,,,
2425_20241124_southampton_liverpool,2425,2024-11-24,Southampton,Liverpool,1,football-data.co.uk,2024-11-25,home,,,,,,,,,7,5,,,,,,,,,,,,,,,,,,,,,,17.0,,,,,,,
2425_20241125_newcastle_west_ham,2425,2024-11-25,West Ham,Newcastle,0,football-data.co.uk,2024-11-26,away,,,,,,,,,15,6,,,,,,,,,,,,,,,,,,,,,,27.0,,,,,,,
2425_20241125_newcastle_west_ham,2425,2024-11-25,Newcastle,West Ham,1,football-data.co.uk,2024-11-26,home,,,,,,,,,18,2,,,,,,,,,,,,,,,,,,,,,,22.0,,,,,,,
2425_20241129_brighton_southampton,2425,2024-11-29,Southampton,Brighton,0,football-data.co.uk,2024-11-30,away,,,,,,,,,10,2,,,,,,,,,,,,,,,,,,,,,,14.0,,,,,,,
2425_20241129_brighton_southampton,2425,2024-11-29,Brighton,Southampton,1,football-data.co.uk,2024-11-30,home,,,,,,,,,22,5,,,,,,,,,,,,,,,,,,,,,,32.0,,,,,,,
2425_20241130_brentford_leicester,2425,2024-11-30,Leicester,Brentford,0,football-data.co.uk,2024-12-01,away,,,,,,,,,7,3,,,,,,,,,,,,,,,,,,,,,,13.0,,,,,,,
2425_20241130_brentford_leicester,2425,2024-11-30,Brentford,Leicester,1,football-data.co.uk,2024-12-01,home,,,,,,,,,13,6,,,,,,,,,,,,,,,,,,,,,,25.0,,,,,,,
2425_20241130_crystal_palace_newcastle,2425,2024-11-30,Newcastle,Crystal Palace,0,football-data.co.uk,2024-12-01,away,,,,,,,,,1,0,,,,,,,,,,,,,,,,,,,,,,1.0,,,,,,,
2425_20241130_crystal_palace_newcastle,2425,2024-11-30,Crystal Palace,Newcastle,1,football-data.co.uk,2024-12-01,home,,,,,,,,,16,4,,,,,,,,,,,,,,,,,,,,,,24.0,,,,,,,
2425_20241130_nottm_forest_ipswich,2425,2024-11-30,Ipswich,Nott'm Forest,0,football-data.co.uk,2024-12-01,away,,,,,,,,,7,3,,,,,,,,,,,,,,,,,,,,,,13.0,,,,,,,
2425_20241130_nottm_forest_ipswich,2425,2024-11-30,Nott'm Forest,Ipswich,1,football-data.co.uk,2024-12-01,home,,,,,,,,,12,5,,,,,,,,,,,,,,,,,,,,,,22.0,,,,,,,
2425_20241130_west_ham_arsenal,2425,2024-11-30,Arsenal,West Ham,0,football-data.co.uk,2024-12-01,away,,,,,,,,,16,7,,,,,,,,,,,,,,,,,,,,,,30.0,,,,,,,
2425_20241130_west_ham_arsenal,2425,2024-11-30,West Ham,Arsenal,1,football-data.co.uk,2024-12-01,home,,,,,,,,,12,5,,,,,,,,,,,,,,,,,,,,,,22.0,,,,,,,
2425_20241130_wolves_bournemouth,2425,2024-11-30,Bournemouth,Wolves,0,football-data.co.uk,2024-12-01,away,,,,,,,,,12,8,,,,,,,,,,,,,,,,,,,,,,28.0,,,,,,,
2425_20241130_wolves_bournemouth,2425,2024-11-30,Wolves,Bournemouth,1,football-data.co.uk,2024-12-01,home,,,,,,,,,10,3,,,,,,,,,,,,,,,,,,,,,,16.0,,,,,,,
2425_20241201_chelsea_aston_villa,2425,2024-12-01,Aston Villa,Chelsea,0,football-data.co.uk,2024-12-02,away,,,,,,,,,10,4,,,,,,,,,,,,,,,,,,,,,,18.0,,,,,,,
2425_20241201_chelsea_aston_villa,2425,2024-12-01,Chelsea,Aston Villa,1,football-data.co.uk,2024-12-02,home,,,,,,,,,17,8,,,,,,,,,,,,,,,,,,,,,,33.0,,,,,,,
2425_20241201_liverpool_man_city,2425,2024-12-01,Man City,Liverpool,0,football-data.co.uk,2024-12-02,away,,,,,,,,,8,2,,,,,,,,,,,,,,,,,,,,,,12.0,,,,,,,
2425_20241201_liverpool_man_city,2425,2024-12-01,Liverpool,Man City,1,football-data.co.uk,2024-12-02,home,,,,,,,,,18,7,,,,,,,,,,,,,,,,,,,,,,32.0,,,,,,,
2425_20241201_man_united_everton,2425,2024-12-01,Everton,Man United,0,football-data.co.uk,2024-12-02,away,,,,,,,,,8,2,,,,,,,,,,,,,,,,,,,,,,12.0,,,,,,,
2425_20241201_man_united_everton,2425,2024-12-01,Man United,Everton,1,football-data.co.uk,2024-12-02,home,,,,,,,,,11,5,,,,,,,,,,,,,,,,,,,,,,21.0,,,,,,,
2425_20241201_tottenham_fulham,2425,2024-12-01,Fulham,Tottenham,0,football-data.co.uk,2024-12-02,away,,,,,,,,,14,6,,,,,,,,,,,,,,,,,,,,,,26.0,,,,,,,
2425_20241201_tottenham_fulham,2425,2024-12-01,Tottenham,Fulham,1,football-data.co.uk,2024-12-02,home,,,,,,,,,8,3,,,,,,,,,,,,,,,,,,,,,,14.0,,,,,,,
2425_20241203_ipswich_crystal_palace,2425,2024-12-03,Crystal Palace,Ipswich,0,football-data.co.uk,2024-12-04,away,,,,,,,,,13,3,,,,,,,,,,,,,,,,,,,,,,19.0,,,,,,,
2425_20241203_ipswich_crystal_palace,2425,2024-12-03,Ipswich,Crystal Palace,1,football-data.co.uk,2024-12-04,home,,,,,,,,,9,2,,,,,,,,,,,,,,,,,,,,,,13.0,,,,,,,
2425_20241203_leicester_west_ham,2425,2024-12-03,West Ham,Leicester,0,football-data.co.uk,2024-12-04,away,,,,,,,,,31,10,,,,,,,,,,,,,,,,,,,,,,51.0,,,,,,,
2425_20241203_leicester_west_ham,2425,2024-12-03,Leicester,West Ham,1,football-data.co.uk,2024-12-04,home,,,,,,,,,8,6,,,,,,,,,,,,,,,,,,,,,,20.0,,,,,,,
2425_20241204_arsenal_man_united,2425,2024-12-04,Man United,Arsenal,0,football-data.co.uk,2024-12-05,away,,,,,,,,,5,2,,,,,,,,,,,,,,,,,,,,,,9.0,,,,,,,
2425_20241204_arsenal_man_united,2425,2024-12-04,Arsenal,Man United,1,football-data.co.uk,2024-12-05,home,,,,,,,,,14,6,,,,,,,,,,,,,,,,,,,,,,26.0,,,,,,,
2425_20241204_aston_villa_brentford,2425,2024-12-04,Brentford,Aston Villa,0,football-data.co.uk,2024-12-05,away,,,,,,,,,9,1,,,,,,,,,,,,,,,,,,,,,,11.0,,,,,,,
2425_20241204_aston_villa_brentford,2425,2024-12-04,Aston Villa,Brentford,1,football-data.co.uk,2024-12-05,home,,,,,,,,,20,10,,,,,,,,,,,,,,,,,,,,,,40.0,,,,,,,
2425_20241204_everton_wolves,2425,2024-12-04,Wolves,Everton,0,football-data.co.uk,2024-12-05,away,,,,,,,,,6,2,,,,,,,,,,,,,,,,,,,,,,10.0,,,,,,,
2425_20241204_everton_wolves,2425,2024-12-04,Everton,Wolves,1,football-data.co.uk,2024-12-05,home,,,,,,,,,13,4,,,,,,,,,,,,,,,,,,,,,,21.0,,,,,,,
2425_20241204_man_city_nottm_forest,2425,2024-12-04,Nott'm Forest,Man City,0,football-data.co.uk,2024-12-05,away,,,,,,,,,12,3,,,,,,,,,,,,,,,,,,,,,,18.0,,,,,,,
2425_20241204_man_city_nottm_forest,2425,2024-12-04,Man City,Nott'm Forest,1,football-data.co.uk,2024-12-05,home,,,,,,,,,17,7,,,,,,,,,,,,,,,,,,,,,,31.0,,,,,,,
2425_20241204_newcastle_liverpool,2425,2024-12-04,Liverpool,Newcastle,0,football-data.co.uk,2024-12-05,away,,,,,,,,,16,5,,,,,,,,,,,,,,,,,,,,,,26.0,,,,,,,
2425_20241204_newcastle_liverpool,2425,2024-12-04,Newcastle,Liverpool,1,football-data.co.uk,2024-12-05,home,,,,,,,,,17,6,,,,,,,,,,,,,,,,,,,,,,29.0,,,,,,,
2425_20241204_southampton_chelsea,2425,2024-12-04,Chelsea,Southampton,0,football-data.co.uk,2024-12-05,away,,,,,,,,,26,13,,,,,,,,,,,,,,,,,,,,,,52.0,,,,,,,
2425_20241204_southampton_chelsea,2425,2024-12-04,Southampton,Chelsea,1,football-data.co.uk,2024-12-05,home,,,,,,,,,6,4,,,,,,,,,,,,,,,,,,,,,,14.0,,,,,,,
2425_20241205_bournemouth_tottenham,2425,2024-12-05,Tottenham,Bournemouth,0,football-data.co.uk,2024-12-06,away,,,,,,,,,12,4,,,,,,,,,,,,,,,,,,,,,,20.0,,,,,,,
2425_20241205_bournemouth_tottenham,2425,2024-12-05,Bournemouth,Tottenham,1,football-data.co.uk,2024-12-06,home,,,,,,,,,21,8,,,,,,,,,,,,,,,,,,,,,,37.0,,,,,,,
2425_20241205_fulham_brighton,2425,2024-12-05,Brighton,Fulham,0,football-data.co.uk,2024-12-06,away,,,,,,,,,13,3,,,,,,,,,,,,,,,,,,,,,,19.0,,,,,,,
2425_20241205_fulham_brighton,2425,2024-12-05,Fulham,Brighton,1,football-data.co.uk,2024-12-06,home,,,,,,,,,6,2,,,,,,,,,,,,,,,,,,,,,,10.0,,,,,,,
2425_20241207_aston_villa_southampton,2425,2024-12-07,Southampton,Aston Villa,0,football-data.co.uk,2024-12-08,away,,,,,,,,,4,0,,,,,,,,,,,,,,,,,,,,,,4.0,,,,,,,
2425_20241207_aston_villa_southampton,2425,2024-12-07,Aston Villa,Southampton,1,football-data.co.uk,2024-12-08,home,,,,,,,,,18,5,,,,,,,,,,,,,,,,,,,,,,28.0,,,,,,,
2425_20241207_brentford_newcastle,2425,2024-12-07,Newcastle,Brentford,0,football-data.co.uk,2024-12-08,away,,,,,,,,,16,3,,,,,,,,,,,,,,,,,,,,,,22.0,,,,,,,
2425_20241207_brentford_newcastle,2425,2024-12-07,Brentford,Newcastle,1,football-data.co.uk,2024-12-08,home,,,,,,,,,11,8,,,,,,,,,,,,,,,,,,,,,,27.0,,,,,,,
2425_20241207_crystal_palace_man_city,2425,2024-12-07,Man City,Crystal Palace,0,football-data.co.uk,2024-12-08,away,,,,,,,,,12,4,,,,,,,,,,,,,,,,,,,,,,20.0,,,,,,,
2425_20241207_crystal_palace_man_city,2425,2024-12-07,Crystal Palace,Man City,1,football-data.co.uk,2024-12-08,home,,,,,,,,,12,3,,,,,,,,,,,,,,,,,,,,,,18.0,,,,,,,
2425_20241207_man_united_nottm_forest,2425,2024-12-07,Nott'm Forest,Man United,0,football-data.co.uk,2024-12-08,away,,,,,,,,,11,3,,,,,,,,,,,,,,,,,,,,,,17.0,,,,,,,
2425_20241207_man_united_nottm_forest,2425,2024-12-07,Man United,Nott'm Forest,1,football-data.co.uk,2024-12-08,home,,,,,,,,,17,7,,,,,,,,,,,,,,,,,,,,,,31.0,,,,,,,
2425_20241208_fulham_arsenal,2425,2024-12-08,Arsenal,Fulham,0,football-data.co.uk,2024-12-09,away,,,,,,,,,12,4,,,,,,,,,,,,,,,,,,,,,,20.0,,,,,,,
2425_20241208_fulham_arsenal,2425,2024-12-08,Fulham,Arsenal,1,football-data.co.uk,2024-12-09,home,,,,,,,,,2,2,,,,,,,,,,,,,,,,,,,,,,6.0,,,,,,,
2425_20241208_ipswich_bournemouth,2425,2024-12-08,Bournemouth,Ipswich,0,football-data.co.uk,2024-12-09,away,,,,,,,,,22,6,,,,,,,,,,,,,,,,,,,,,,34.0,,,,,,,
2425_20241208_ipswich_bournemouth,2425,2024-12-08,Ipswich,Bournemouth,1,football-data.co.uk,2024-12-09,home,,,,,,,,,18,5,,,,,,,,,,,,,,,,,,,,,,28.0,,,,,,,
2425_20241208_leicester_brighton,2425,2024-12-08,Brighton,Leicester,0,football-data.co.uk,2024-12-09,away,,,,,,,,,16,7,,,,,,,,,,,,,,,,,,,,,,30.0,,,,,,,
2425_20241208_leicester_brighton,2425,2024-12-08,Leicester,Brighton,1,football-data.co.uk,2024-12-09,home,,,,,,,,,10,3,,,,,,,,,,,,,,,,,,,,,,16.0,,,,,,,
2425_20241208_tottenham_chelsea,2425,2024-12-08,Chelsea,Tottenham,0,football-data.co.uk,2024-12-09,away,,,,,,,,,17,8,,,,,,,,,,,,,,,,,,,,,,33.0,,,,,,,
2425_20241208_tottenham_chelsea,2425,2024-12-08,Tottenham,Chelsea,1,football-data.co.uk,2024-12-09,home,,,,,,,,,13,5,,,,,,,,,,,,,,,,,,,,,,23.0,,,,,,,
2425_20241209_west_ham_wolves,2425,2024-12-09,Wolves,West Ham,0,football-data.co.uk,2024-12-10,away,,,,,,,,,19,5,,,,,,,,,,,,,,,,,,,,,,29.0,,,,,,,
2425_20241209_west_ham_wolves,2425,2024-12-09,West Ham,Wolves,1,football-data.co.uk,2024-12-10,home,,,,,,,,,19,4,,,,,,,,,,,,,,,,,,,,,,27.0,,,,,,,
2425_20241214_arsenal_everton,2425,2024-12-14,Everton,Arsenal,0,football-data.co.uk,2024-12-15,away,,,,,,,,,2,0,,,,,,,,,,,,,,,,,,,,,,2.0,,,,,,,
2425_20241214_arsenal_everton,2425,2024-12-14,Arsenal,Everton,1,football-data.co.uk,2024-12-15,home,,,,,,,,,13,5,,,,,,,,,,,,,,,,,,,,,,23.0,,,,,,,
2425_20241214_liverpool_fulham,2425,2024-12-14,Fulham,Liverpool,0,football-data.co.uk,2024-12-15,away,,,,,,,,,12,3,,,,,,,,,,,,,,,,,,,,,,18.0,,,,,,,
2425_20241214_liverpool_fulham,2425,2024-12-14,Liverpool,Fulham,1,football-data.co.uk,2024-12-15,home,,,,,,,,,16,4,,,,,,,,,,,,,,,,,,,,,,24.0,,,,,,,
2425_20241214_newcastle_leicester,2425,2024-12-14,Leicester,Newcastle,0,football-data.co.uk,2024-12-15,away,,,,,,,,,4,1,,,,,,,,,,,,,,,,,,,,,,6.0,,,,,,,
2425_20241214_newcastle_leicester,2425,2024-12-14,Newcastle,Leicester,1,football-data.co.uk,2024-12-15,home,,,,,,,,,27,11,,,,,,,,,,,,,,,,,,,,,,49.0,,,,,,,
2425_20241214_nottm_forest_aston_villa,2425,2024-12-14,Aston Villa,Nott'm Forest,0,football-data.co.uk,2024-12-15,away,,,,,,,,,8,2,,,,,,,,,,,,,,,,,,,,,,12.0,,,,,,,
2425_20241214_nottm_forest_aston_villa,2425,2024-12-14,Nott'm Forest,Aston Villa,1,football-data.co.uk,2024-12-15,home,,,,,,,,,17,6,,,,,,,,,,,,,,,,,,,,,,29.0,,,,,,,
2425_20241214_wolves_ipswich,2425,2024-12-14,Ipswich,Wolves,0,football-data.co.uk,2024-12-15,away,,,,,,,,,10,5,,,,,,,,,,,,,,,,,,,,,,20.0,,,,,,,
2425_20241214_wolves_ipswich,2425,2024-12-14,Wolves,Ipswich,1,football-data.co.uk,2024-12-15,home,,,,,,,,,16,6,,,,,,,,,,,,,,,,,,,,,,28.0,,,,,,,
2425_20241215_brighton_crystal_palace,2425,2024-12-15,Crystal Palace,Brighton,0,football-data.co.uk,2024-12-16,away,,,,,,,,,13,5,,,,,,,,,,,,,,,,,,,,,,23.0,,,,,,,
2425_20241215_brighton_crystal_palace,2425,2024-12-15,Brighton,Crystal Palace,1,football-data.co.uk,2024-12-16,home,,,,,,,,,17,5,,,,,,,,,,,,,,,,,,,,,,27.0,,,,,,,
2425_20241215_chelsea_brentford,2425,2024-12-15,Brentford,Chelsea,0,football-data.co.uk,2024-12-16,away,,,,,,,,,9,4,,,,,,,,,,,,,,,,,,,,,,17.0,,,,,,,
2425_20241215_chelsea_brentford,2425,2024-12-15,Chelsea,Brentford,1,football-data.co.uk,2024-12-16,home,,,,,,,,,26,8,,,,,,,,,,,,,,,,,,,,,,42.0,,,,,,,
2425_20241215_man_city_man_united,2425,2024-12-15,Man United,Man City,0,football-data.co.uk,2024-12-16,away,,,,,,,,,10,3,,,,,,,,,,,,,,,,,,,,,,16.0,,,,,,,
2425_20241215_man_city_man_united,2425,2024-12-15,Man City,Man United,1,football-data.co.uk,2024-12-16,home,,,,,,,,,10,3,,,,,,,,,,,,,,,,,,,,,,16.0,,,,,,,
2425_20241215_southampton_tottenham,2425,2024-12-15,Tottenham,Southampton,0,football-data.co.uk,2024-12-16,away,,,,,,,,,18,9,,,,,,,,,,,,,,,,,,,,,,36.0,,,,,,,
2425_20241215_southampton_tottenham,2425,2024-12-15,Southampton,Tottenham,1,football-data.co.uk,2024-12-16,home,,,,,,,,,9,3,,,,,,,,,,,,,,,,,,,,,,15.0,,,,,,,
2425_20241216_bournemouth_west_ham,2425,2024-12-16,West Ham,Bournemouth,0,football-data.co.uk,2024-12-17,away,,,,,,,,,16,3,,,,,,,,,,,,,,,,,,,,,,22.0,,,,,,,
2425_20241216_bournemouth_west_ham,2425,2024-12-16,Bournemouth,West Ham,1,football-data.co.uk,2024-12-17,home,,,,,,,,,29,9,,,,,,,,,,,,,,,,,,,,,,47.0,,,,,,,
2425_20241221_aston_villa_man_city,2425,2024-12-21,Man City,Aston Villa,0,football-data.co.uk,2024-12-22,away,,,,,,,,,12,6,,,,,,,,,,,,,,,,,,,,,,24.0,,,,,,,
2425_20241221_aston_villa_man_city,2425,2024-12-21,Aston Villa,Man City,1,football-data.co.uk,2024-12-22,home,,,,,,,,,11,6,,,,,,,,,,,,,,,,,,,,,,23.0,,,,,,,
2425_20241221_brentford_nottm_forest,2425,2024-12-21,Nott'm Forest,Brentford,0,football-data.co.uk,2024-12-22,away,,,,,,,,,10,6,,,,,,,,,,,,,,,,,,,,,,22.0,,,,,,,
2425_20241221_brentford_nottm_forest,2425,2024-12-21,Brentford,Nott'm Forest,1,football-data.co.uk,2024-12-22,home,,,,,,,,,7,3,,,,,,,,,,,,,,,,,,,,,,13.0,,,,,,,
2425_20241221_crystal_palace_arsenal,2425,2024-12-21,Arsenal,Crystal Palace,0,football-data.co.uk,2024-12-22,away,,,,,,,,,14,6,,,,,,,,,,,,,,,,,,,,,,26.0,,,,,,,
2425_20241221_crystal_palace_arsenal,2425,2024-12-21,Crystal Palace,Arsenal,1,football-data.co.uk,2024-12-22,home,,,,,,,,,15,6,,,,,,,,,,,,,,,,,,,,,,27.0,,,,,,,
2425_20241221_ipswich_newcastle,2425,2024-12-21,Newcastle,Ipswich,0,football-data.co.uk,2024-12-22,away,,,,,,,,,15,7,,,,,,,,,,,,,,,,,,,,,,29.0,,,,,,,
2425_20241221_ipswich_newcastle,2425,2024-12-21,Ipswich,Newcastle,1,football-data.co.uk,2024-12-22,home,,,,,,,,,10,2,,,,,,,,,,,,,,,,,,,,,,14.0,,,,,,,
2425_20241221_west_ham_brighton,2425,2024-12-21,Brighton,West Ham,0,football-data.co.uk,2024-12-22,away,,,,,,,,,12,6,,,,,,,,,,,,,,,,,,,,,,24.0,,,,,,,
2425_20241221_west_ham_brighton,2425,2024-12-21,West Ham,Brighton,1,football-data.co.uk,2024-12-22,home,,,,,,,,,11,4,,,,,,,,,,,,,,,,,,,,,,19.0,,,,,,,
2425_20241222_everton_chelsea,2425,2024-12-22,Chelsea,Everton,0,football-data.co.uk,2024-12-23,away,,,,,,,,,12,5,,,,,,,,,,,,,,,,,,,,,,22.0,,,,,,,
2425_20241222_everton_chelsea,2425,2024-12-22,Everton,Chelsea,1,football-data.co.uk,2024-12-23,home,,,,,,,,,5,4,,,,,,,,,,,,,,,,,,,,,,13.0,,,,,,,
2425_20241222_fulham_southampton,2425,2024-12-22,Southampton,Fulham,0,football-data.co.uk,2024-12-23,away,,,,,,,,,5,1,,,,,,,,,,,,,,,,,,,,,,7.0,,,,,,,
2425_20241222_fulham_southampton,2425,2024-12-22,Fulham,Southampton,1,football-data.co.uk,2024-12-23,home,,,,,,,,,16,5,,,,,,,,,,,,,,,,,,,,,,26.0,,,,,,,
2425_20241222_leicester_wolves,2425,2024-12-22,Wolves,Leicester,0,football-data.co.uk,2024-12-23,away,,,,,,,,,8,4,,,,,,,,,,,,,,,,,,,,,,16.0,,,,,,,
2425_20241222_leicester_wolves,2425,2024-12-22,Leicester,Wolves,1,football-data.co.uk,2024-12-23,home,,,,,,,,,9,5,,,,,,,,,,,,,,,,,,,,,,19.0,,,,,,,
2425_20241222_man_united_bournemouth,2425,2024-12-22,Bournemouth,Man United,0,football-data.co.uk,2024-12-23,away,,,,,,,,,10,5,,,,,,,,,,,,,,,,,,,,,,20.0,,,,,,,
2425_20241222_man_united_bournemouth,2425,2024-12-22,Man United,Bournemouth,1,football-data.co.uk,2024-12-23,home,,,,,,,,,23,7,,,,,,,,,,,,,,,,,,,,,,37.0,,,,,,,
2425_20241222_tottenham_liverpool,2425,2024-12-22,Liverpool,Tottenham,0,football-data.co.uk,2024-12-23,away,,,,,,,,,24,12,,,,,,,,,,,,,,,,,,,,,,48.0,,,,,,,
2425_20241222_tottenham_liverpool,2425,2024-12-22,Tottenham,Liverpool,1,football-data.co.uk,2024-12-23,home,,,,,,,,,9,5,,,,,,,,,,,,,,,,,,,,,,19.0,,,,,,,
2425_20241226_bournemouth_crystal_palace,2425,2024-12-26,Crystal Palace,Bournemouth,0,football-data.co.uk,2024-12-27,away,,,,,,,,,10,4,,,,,,,,,,,,,,,,,,,,,,18.0,,,,,,,
2425_20241226_bournemouth_crystal_palace,2425,2024-12-26,Bournemouth,Crystal Palace,1,football-data.co.uk,2024-12-27,home,,,,,,,,,18,4,,,,,,,,,,,,,,,,,,,,,,26.0,,,,,,,
2425_20241226_chelsea_fulham,2425,2024-12-26,Fulham,Chelsea,0,football-data.co.uk,2024-12-27,away,,,,,,,,,14,7,,,,,,,,,,,,,,,,,,,,,,28.0,,,,,,,
2425_20241226_chelsea_fulham,2425,2024-12-26,Chelsea,Fulham,1,football-data.co.uk,2024-12-27,home,,,,,,,,,12,8,,,,,,,,,,,,,,,,,,,,,,28.0,,,,,,,
2425_20241226_liverpool_leicester,2425,2024-12-26,Leicester,Liverpool,0,football-data.co.uk,2024-12-27,away,,,,,,,,,4,1,,,,,,,,,,,,,,,,,,,,,,6.0,,,,,,,
2425_20241226_liverpool_leicester,2425,2024-12-26,Liverpool,Leicester,1,football-data.co.uk,2024-12-27,home,,,,,,,,,19,7,,,,,,,,,,,,,,,,,,,,,,33.0,,,,,,,
2425_20241226_man_city_everton,2425,2024-12-26,Everton,Man City,0,football-data.co.uk,2024-12-27,away,,,,,,,,,8,3,,,,,,,,,,,,,,,,,,,,,,14.0,,,,,,,
2425_20241226_man_city_everton,2425,2024-12-26,Man City,Everton,1,football-data.co.uk,2024-12-27,home,,,,,,,,,24,5,,,,,,,,,,,,,,,,,,,,,,34.0,,,,,,,
2425_20241226_newcastle_aston_villa,2425,2024-12-26,Aston Villa,Newcastle,0,football-data.co.uk,2024-12-27,away,,,,,,,,,4,1,,,,,,,,,,,,,,,,,,,,,,6.0,,,,,,,
2425_20241226_newcastle_aston_villa,2425,2024-12-26,Newcastle,Aston Villa,1,football-data.co.uk,2024-12-27,home,,,,,,,,,22,8,,,,,,,,,,,,,,,,,,,,,,38.0,,,,,,,
2425_20241226_nottm_forest_tottenham,2425,2024-12-26,Tottenham,Nott'm Forest,0,football-data.co.uk,2024-12-27,away,,,,,,,,,13,4,,,,,,,,,,,,,,,,,,,,,,21.0,,,,,,,
2425_20241226_nottm_forest_tottenham,2425,2024-12-26,Nott'm Forest,Tottenham,1,football-data.co.uk,2024-12-27,home,,,,,,,,,10,3,,,,,,,,,,,,,,,,,,,,,,16.0,,,,,,,
2425_20241226_southampton_west_ham,2425,2024-12-26,West Ham,Southampton,0,football-data.co.uk,2024-12-27,away,,,,,,,,,16,2,,,,,,,,,,,,,,,,,,,,,,20.0,,,,,,,
2425_20241226_southampton_west_ham,2425,2024-12-26,Southampton,West Ham,1,football-data.co.uk,2024-12-27,home,,,,,,,,,18,5,,,,,,,,,,,,,,,,,,,,,,28.0,,,,,,,
2425_20241226_wolves_man_united,2425,2024-12-26,Man United,Wolves,0,football-data.co.uk,2024-12-27,away,,,,,,,,,11,4,,,,,,,,,,,,,,,,,,,,,,19.0,,,,,,,
2425_20241226_wolves_man_united,2425,2024-12-26,Wolves,Man United,1,football-data.co.uk,2024-12-27,home,,,,,,,,,7,4,,,,,,,,,,,,,,,,,,,,,,15.0,,,,,,,
2425_20241227_arsenal_ipswich,2425,2024-12-27,Ipswich,Arsenal,0,football-data.co.uk,2024-12-28,away,,,,,,,,,3,0,,,,,,,,,,,,,,,,,,,,,,3.0,,,,,,,
2425_20241227_arsenal_ipswich,2425,2024-12-27,Arsenal,Ipswich,1,football-data.co.uk,2024-12-28,home,,,,,,,,,13,5,,,,,,,,,,,,,,,,,,,,,,23.0,,,,,,,
2425_20241227_brighton_brentford,2425,2024-12-27,Brentford,Brighton,0,football-data.co.uk,2024-12-28,away,,,,,,,,,8,3,,,,,,,,,,,,,,,,,,,,,,14.0,,,,,,,
2425_20241227_brighton_brentford,2425,2024-12-27,Brighton,Brentford,1,football-data.co.uk,2024-12-28,home,,,,,,,,,24,7,,,,,,,,,,,,,,,,,,,,,,38.0,,,,,,,
2425_20241229_crystal_palace_southampton,2425,2024-12-29,Southampton,Crystal Palace,0,football-data.co.uk,2024-12-30,away,,,,,,,,,7,3,,,,,,,,,,,,,,,,,,,,,,13.0,,,,,,,
2425_20241229_crystal_palace_southampton,2425,2024-12-29,Crystal Palace,Southampton,1,football-data.co.uk,2024-12-30,home,,,,,,,,,19,10,,,,,,,,,,,,,,,,,,,,,,39.0,,,,,,,
2425_20241229_everton_nottm_forest,2425,2024-12-29,Nott'm Forest,Everton,0,football-data.co.uk,2024-12-30,away,,,,,,,,,11,7,,,,,,,,,,,,,,,,,,,,,,25.0,,,,,,,
2425_20241229_everton_nottm_forest,2425,2024-12-29,Everton,Nott'm Forest,1,football-data.co.uk,2024-12-30,home,,,,,,,,,13,2,,,,,,,,,,,,,,,,,,,,,,17.0,,,,,,,
2425_20241229_fulham_bournemouth,2425,2024-12-29,Bournemouth,Fulham,0,football-data.co.uk,2024-12-30,away,,,,,,,,,16,9,,,,,,,,,,,,,,,,,,,,,,34.0,,,,,,,
2425_20241229_fulham_bournemouth,2425,2024-12-29,Fulham,Bournemouth,1,football-data.co.uk,2024-12-30,home,,,,,,,,,11,6,,,,,,,,,,,,,,,,,,,,,,23.0,,,,,,,
2425_20241229_leicester_man_city,2425,2024-12-29,Man City,Leicester,0,football-data.co.uk,2024-12-30,away,,,,,,,,,14,5,,,,,,,,,,,,,,,,,,,,,,24.0,,,,,,,
2425_20241229_leicester_man_city,2425,2024-12-29,Leicester,Man City,1,football-data.co.uk,2024-12-30,home,,,,,,,,,11,4,,,,,,,,,,,,,,,,,,,,,,19.0,,,,,,,
2425_20241229_tottenham_wolves,2425,2024-12-29,Wolves,Tottenham,0,football-data.co.uk,2024-12-30,away,,,,,,,,,11,3,,,,,,,,,,,,,,,,,,,,,,17.0,,,,,,,
2425_20241229_tottenham_wolves,2425,2024-12-29,Tottenham,Wolves,1,football-data.co.uk,2024-12-30,home,,,,,,,,,13,3,,,,,,,,,,,,,,,,,,,,,,19.0,,,,,,,
2425_20241229_west_ham_liverpool,2425,2024-12-29,Liverpool,West Ham,0,football-data.co.uk,2024-12-30,away,,,,,,,,,22,13,,,,,,,,,,,,,,,,,,,,,,48.0,,,,,,,
2425_20241229_west_ham_liverpool,2425,2024-12-29,West Ham,Liverpool,1,football-data.co.uk,2024-12-30,home,,,,,,,,,7,0,,,,,,,,,,,,,,,,,,,,,,7.0,,,,,,,
2425_20241230_aston_villa_brighton,2425,2024-12-30,Brighton,Aston Villa,0,football-data.co.uk,2024-12-31,away,,,,,,,,,13,4,,,,,,,,,,,,,,,,,,,,,,21.0,,,,,,,
2425_20241230_aston_villa_brighton,2425,2024-12-30,Aston Villa,Brighton,1,football-data.co.uk,2024-12-31,home,,,,,,,,,20,4,,,,,,,,,,,,,,,,,,,,,,28.0,,,,,,,
2425_20241230_ipswich_chelsea,2425,2024-12-30,Chelsea,Ipswich,0,football-data.co.uk,2024-12-31,away,,,,,,,,,20,5,,,,,,,,,,,,,,,,,,,,,,30.0,,,,,,,
2425_20241230_ipswich_chelsea,2425,2024-12-30,Ipswich,Chelsea,1,football-data.co.uk,2024-12-31,home,,,,,,,,,9,6,,,,,,,,,,,,,,,,,,,,,,21.0,,,,,,,
2425_20241230_man_united_newcastle,2425,2024-12-30,Newcastle,Man United,0,football-data.co.uk,2024-12-31,away,,,,,,,,,12,4,,,,,,,,,,,,,,,,,,,,,,20.0,,,,,,,
2425_20241230_man_united_newcastle,2425,2024-12-30,Man United,Newcastle,1,football-data.co.uk,2024-12-31,home,,,,,,,,,10,0,,,,,,,,,,,,,,,,,,,,,,10.0,,,,,,,
2425_20250101_brentford_arsenal,2425,2025-01-01,Arsenal,Brentford,0,football-data.co.uk,2025-01-02,away,,,,,,,,,14,5,,,,,,,,,,,,,,,,,,,,,,24.0,,,,,,,
2425_20250101_brentford_arsenal,2425,2025-01-01,Brentford,Arsenal,1,football-data.co.uk,2025-01-02,home,,,,,,,,,5,2,,,,,,,,,,,,,,,,,,,,,,9.0,,,,,,,
2425_20250104_aston_villa_leicester,2425,2025-01-04,Leicester,Aston Villa,0,football-data.co.uk,2025-01-05,away,,,,,,,,,4,2,,,,,,,,,,,,,,,,,,,,,,8.0,,,,,,,
2425_20250104_aston_villa_leicester,2425,2025-01-04,Aston Villa,Leicester,1,football-data.co.uk,2025-01-05,home,,,,,,,,,13,5,,,,,,,,,,,,,,,,,,,,,,23.0,,,,,,,
2425_20250104_bournemouth_everton,2425,2025-01-04,Everton,Bournemouth,0,football-data.co.uk,2025-01-05,away,,,,,,,,,9,0,,,,,,,,,,,,,,,,,,,,,,9.0,,,,,,,
2425_20250104_bournemouth_everton,2425,2025-01-04,Bournemouth,Everton,1,football-data.co.uk,2025-01-05,home,,,,,,,,,19,8,,,,,,,,,,,,,,,,,,,,,,35.0,,,,,,,
2425_20250104_brighton_arsenal,2425,2025-01-04,Arsenal,Brighton,0,football-data.co.uk,2025-01-05,away,,,,,,,,,9,3,,,,,,,,,,,,,,,,,,,,,,15.0,,,,,,,
2425_20250104_brighton_arsenal,2425,2025-01-04,Brighton,Arsenal,1,football-data.co.uk,2025-01-05,home,,,,,,,,,11,4,,,,,,,,,,,,,,,,,,,,,,19.0,,,,,,,
2425_20250104_crystal_palace_chelsea,2425,2025-01-04,Chelsea,Crystal Palace,0,football-data.co.uk,2025-01-05,away,,,,,,,,,15,1,,,,,,,,,,,,,,,,,,,,,,17.0,,,,,,,
2425_20250104_crystal_palace_chelsea,2425,2025-01-04,Crystal Palace,Chelsea,1,football-data.co.uk,2025-01-05,home,,,,,,,,,13,6,,,,,,,,,,,,,,,,,,,,,,25.0,,,,,,,
2425_20250104_man_city_west_ham,2425,2025-01-04,West Ham,Man City,0,football-data.co.uk,2025-01-05,away,,,,,,,,,17,4,,,,,,,,,,,,,,,,,,,,,,25.0,,,,,,,
2425_20250104_man_city_west_ham,2425,2025-01-04,Man City,West Ham,1,football-data.co.uk,2025-01-05,home,,,,,,,,,10,7,,,,,,,,,,,,,,,,,,,,,,24.0,,,,,,,
2425_20250104_southampton_brentford,2425,2025-01-04,Brentford,Southampton,0,football-data.co.uk,2025-01-05,away,,,,,,,,,20,11,,,,,,,,,,,,,,,,,,,,,,42.0,,,,,,,
2425_20250104_southampton_brentford,2425,2025-01-04,Southampton,Brentford,1,football-data.co.uk,2025-01-05,home,,,,,,,,,8,1,,,,,,,,,,,,,,,,,,,,,,10.0,,,,,,,
2425_20250104_tottenham_newcastle,2425,2025-01-04,Newcastle,Tottenham,0,football-data.co.uk,2025-01-05,away,,,,,,,,,14,4,,,,,,,,,,,,,,,,,,,,,,22.0,,,,,,,
2425_20250104_tottenham_newcastle,2425,2025-01-04,Tottenham,Newcastle,1,football-data.co.uk,2025-01-05,home,,,,,,,,,13,4,,,,,,,,,,,,,,,,,,,,,,21.0,,,,,,,
2425_20250105_fulham_ipswich,2425,2025-01-05,Ipswich,Fulham,0,football-data.co.uk,2025-01-06,away,,,,,,,,,7,3,,,,,,,,,,,,,,,,,,,,,,13.0,,,,,,,
2425_20250105_fulham_ipswich,2425,2025-01-05,Fulham,Ipswich,1,football-data.co.uk,2025-01-06,home,,,,,,,,,15,4,,,,,,,,,,,,,,,,,,,,,,23.0,,,,,,,
2425_20250105_liverpool_man_united,2425,2025-01-05,Man United,Liverpool,0,football-data.co.uk,2025-01-06,away,,,,,,,,,13,4,,,,,,,,,,,,,,,,,,,,,,21.0,,,,,,,
2425_20250105_liverpool_man_united,2425,2025-01-05,Liverpool,Man United,1,football-data.co.uk,2025-01-06,home,,,,,,,,,19,6,,,,,,,,,,,,,,,,,,,,,,31.0,,,,,,,
2425_20250106_wolves_nottm_forest,2425,2025-01-06,Nott'm Forest,Wolves,0,football-data.co.uk,2025-01-07,away,,,,,,,,,11,3,,,,,,,,,,,,,,,,,,,,,,17.0,,,,,,,
2425_20250106_wolves_nottm_forest,2425,2025-01-06,Wolves,Nott'm Forest,1,football-data.co.uk,2025-01-07,home,,,,,,,,,13,6,,,,,,,,,,,,,,,,,,,,,,25.0,,,,,,,
2425_20250114_brentford_man_city,2425,2025-01-14,Man City,Brentford,0,football-data.co.uk,2025-01-15,away,,,,,,,,,21,8,,,,,,,,,,,,,,,,,,,,,,37.0,,,,,,,
2425_20250114_brentford_man_city,2425,2025-01-14,Brentford,Man City,1,football-data.co.uk,2025-01-15,home,,,,,,,,,18,6,,,,,,,,,,,,,,,,,,,,,,30.0,,,,,,,
2425_20250114_chelsea_bournemouth,2425,2025-01-14,Bournemouth,Chelsea,0,football-data.co.uk,2025-01-15,away,,,,,,,,,7,3,,,,,,,,,,,,,,,,,,,,,,13.0,,,,,,,
2425_20250114_chelsea_bournemouth,2425,2025-01-14,Chelsea,Bournemouth,1,football-data.co.uk,2025-01-15,home,,,,,,,,,26,10,,,,,,,,,,,,,,,,,,,,,,46.0,,,,,,,
2425_20250114_nottm_forest_liverpool,2425,2025-01-14,Liverpool,Nott'm Forest,0,football-data.co.uk,2025-01-15,away,,,,,,,,,23,7,,,,,,,,,,,,,,,,,,,,,,37.0,,,,,,,
2425_20250114_nottm_forest_liverpool,2425,2025-01-14,Nott'm Forest,Liverpool,1,football-data.co.uk,2025-01-15,home,,,,,,,,,6,3,,,,,,,,,,,,,,,,,,,,,,12.0,,,,,,,
2425_20250114_west_ham_fulham,2425,2025-01-14,Fulham,West Ham,0,football-data.co.uk,2025-01-15,away,,,,,,,,,21,5,,,,,,,,,,,,,,,,,,,,,,31.0,,,,,,,
2425_20250114_west_ham_fulham,2425,2025-01-14,West Ham,Fulham,1,football-data.co.uk,2025-01-15,home,,,,,,,,,4,3,,,,,,,,,,,,,,,,,,,,,,10.0,,,,,,,
2425_20250115_arsenal_tottenham,2425,2025-01-15,Tottenham,Arsenal,0,football-data.co.uk,2025-01-16,away,,,,,,,,,10,2,,,,,,,,,,,,,,,,,,,,,,14.0,,,,,,,
2425_20250115_arsenal_tottenham,2425,2025-01-15,Arsenal,Tottenham,1,football-data.co.uk,2025-01-16,home,,,,,,,,,14,4,,,,,,,,,,,,,,,,,,,,,,22.0,,,,,,,
2425_20250115_everton_aston_villa,2425,2025-01-15,Aston Villa,Everton,0,football-data.co.uk,2025-01-16,away,,,,,,,,,11,3,,,,,,,,,,,,,,,,,,,,,,17.0,,,,,,,
2425_20250115_everton_aston_villa,2425,2025-01-15,Everton,Aston Villa,1,football-data.co.uk,2025-01-16,home,,,,,,,,,10,3,,,,,,,,,,,,,,,,,,,,,,16.0,,,,,,,
2425_20250115_leicester_crystal_palace,2425,2025-01-15,Crystal Palace,Leicester,0,football-data.co.uk,2025-01-16,away,,,,,,,,,9,4,,,,,,,,,,,,,,,,,,,,,,17.0,,,,,,,
2425_20250115_leicester_crystal_palace,2425,2025-01-15,Leicester,Crystal Palace,1,football-data.co.uk,2025-01-16,home,,,,,,,,,21,4,,,,,,,,,,,,,,,,,,,,,,29.0,,,,,,,
2425_20250115_newcastle_wolves,2425,2025-01-15,Wolves,Newcastle,0,football-data.co.uk,2025-01-16,away,,,,,,,,,13,7,,,,,,,,,,,,,,,,,,,,,,27.0,,,,,,,
2425_20250115_newcastle_wolves,2425,2025-01-15,Newcastle,Wolves,1,football-data.co.uk,2025-01-16,home,,,,,,,,,17,5,,,,,,,,,,,,,,,,,,,,,,27.0,,,,,,,
2425_20250116_ipswich_brighton,2425,2025-01-16,Brighton,Ipswich,0,football-data.co.uk,2025-01-17,away,,,,,,,,,11,5,,,,,,,,,,,,,,,,,,,,,,21.0,,,,,,,
2425_20250116_ipswich_brighton,2425,2025-01-16,Ipswich,Brighton,1,football-data.co.uk,2025-01-17,home,,,,,,,,,5,3,,,,,,,,,,,,,,,,,,,,,,11.0,,,,,,,
2425_20250116_man_united_southampton,2425,2025-01-16,Southampton,Man United,0,football-data.co.uk,2025-01-17,away,,,,,,,,,13,5,,,,,,,,,,,,,,,,,,,,,,23.0,,,,,,,
2425_20250116_man_united_southampton,2425,2025-01-16,Man United,Southampton,1,football-data.co.uk,2025-01-17,home,,,,,,,,,23,9,,,,,,,,,,,,,,,,,,,,,,41.0,,,,,,,
2425_20250118_arsenal_aston_villa,2425,2025-01-18,Aston Villa,Arsenal,0,football-data.co.uk,2025-01-19,away,,,,,,,,,8,4,,,,,,,,,,,,,,,,,,,,,,16.0,,,,,,,
2425_20250118_arsenal_aston_villa,2425,2025-01-18,Arsenal,Aston Villa,1,football-data.co.uk,2025-01-19,home,,,,,,,,,18,6,,,,,,,,,,,,,,,,,,,,,,30.0,,,,,,,
2425_20250118_brentford_liverpool,2425,2025-01-18,Liverpool,Brentford,0,football-data.co.uk,2025-01-19,away,,,,,,,,,37,8,,,,,,,,,,,,,,,,,,,,,,53.0,,,,,,,
2425_20250118_brentford_liverpool,2425,2025-01-18,Brentford,Liverpool,1,football-data.co.uk,2025-01-19,home,,,,,,,,,11,6,,,,,,,,,,,,,,,,,,,,,,23.0,,,,,,,
2425_20250118_leicester_fulham,2425,2025-01-18,Fulham,Leicester,0,football-data.co.uk,2025-01-19,away,,,,,,,,,17,2,,,,,,,,,,,,,,,,,,,,,,21.0,,,,,,,
2425_20250118_leicester_fulham,2425,2025-01-18,Leicester,Fulham,1,football-data.co.uk,2025-01-19,home,,,,,,,,,8,4,,,,,,,,,,,,,,,,,,,,,,16.0,,,,,,,
2425_20250118_newcastle_bournemouth,2425,2025-01-18,Bournemouth,Newcastle,0,football-data.co.uk,2025-01-19,away,,,,,,,,,19,10,,,,,,,,,,,,,,,,,,,,,,39.0,,,,,,,
2425_20250118_newcastle_bournemouth,2425,2025-01-18,Newcastle,Bournemouth,1,football-data.co.uk,2025-01-19,home,,,,,,,,,13,5,,,,,,,,,,,,,,,,,,,,,,23.0,,,,,,,
2425_20250118_west_ham_crystal_palace,2425,2025-01-18,Crystal Palace,West Ham,0,football-data.co.uk,2025-01-19,away,,,,,,,,,12,7,,,,,,,,,,,,,,,,,,,,,,26.0,,,,,,,
2425_20250118_west_ham_crystal_palace,2425,2025-01-18,West Ham,Crystal Palace,1,football-data.co.uk,2025-01-19,home,,,,,,,,,7,0,,,,,,,,,,,,,,,,,,,,,,7.0,,,,,,,
2425_20250119_everton_tottenham,2425,2025-01-19,Tottenham,Everton,0,football-data.co.uk,2025-01-20,away,,,,,,,,,11,6,,,,,,,,,,,,,,,,,,,,,,23.0,,,,,,,
2425_20250119_everton_tottenham,2425,2025-01-19,Everton,Tottenham,1,football-data.co.uk,2025-01-20,home,,,,,,,,,12,6,,,,,,,,,,,,,,,,,,,,,,24.0,,,,,,,
2425_20250119_ipswich_man_city,2425,2025-01-19,Man City,Ipswich,0,football-data.co.uk,2025-01-20,away,,,,,,,,,17,9,,,,,,,,,,,,,,,,,,,,,,35.0,,,,,,,
2425_20250119_ipswich_man_city,2425,2025-01-19,Ipswich,Man City,1,football-data.co.uk,2025-01-20,home,,,,,,,,,8,4,,,,,,,,,,,,,,,,,,,,,,16.0,,,,,,,
2425_20250119_man_united_brighton,2425,2025-01-19,Brighton,Man United,0,football-data.co.uk,2025-01-20,away,,,,,,,,,6,3,,,,,,,,,,,,,,,,,,,,,,12.0,,,,,,,
2425_20250119_man_united_brighton,2425,2025-01-19,Man United,Brighton,1,football-data.co.uk,2025-01-20,home,,,,,,,,,10,1,,,,,,,,,,,,,,,,,,,,,,12.0,,,,,,,
2425_20250119_nottm_forest_southampton,2425,2025-01-19,Southampton,Nott'm Forest,0,football-data.co.uk,2025-01-20,away,,,,,,,,,10,4,,,,,,,,,,,,,,,,,,,,,,18.0,,,,,,,
2425_20250119_nottm_forest_southampton,2425,2025-01-19,Nott'm Forest,Southampton,1,football-data.co.uk,2025-01-20,home,,,,,,,,,14,5,,,,,,,,,,,,,,,,,,,,,,24.0,,,,,,,
2425_20250120_chelsea_wolves,2425,2025-01-20,Wolves,Chelsea,0,football-data.co.uk,2025-01-21,away,,,,,,,,,9,4,,,,,,,,,,,,,,,,,,,,,,17.0,,,,,,,
2425_20250120_chelsea_wolves,2425,2025-01-20,Chelsea,Wolves,1,football-data.co.uk,2025-01-21,home,,,,,,,,,19,7,,,,,,,,,,,,,,,,,,,,,,33.0,,,,,,,
2425_20250125_bournemouth_nottm_forest,2425,2025-01-25,Nott'm Forest,Bournemouth,0,football-data.co.uk,2025-01-26,away,,,,,,,,,18,4,,,,,,,,,,,,,,,,,,,,,,26.0,,,,,,,
2425_20250125_bournemouth_nottm_forest,2425,2025-01-25,Bournemouth,Nott'm Forest,1,football-data.co.uk,2025-01-26,home,,,,,,,,,16,10,,,,,,,,,,,,,,,,,,,,,,36.0,,,,,,,
2425_20250125_brighton_everton,2425,2025-01-25,Everton,Brighton,0,football-data.co.uk,2025-01-26,away,,,,,,,,,3,1,,,,,,,,,,,,,,,,,,,,,,5.0,,,,,,,
2425_20250125_brighton_everton,2425,2025-01-25,Brighton,Everton,1,football-data.co.uk,2025-01-26,home,,,,,,,,,16,1,,,,,,,,,,,,,,,,,,,,,,18.0,,,,,,,
2425_20250125_liverpool_ipswich,2425,2025-01-25,Ipswich,Liverpool,0,football-data.co.uk,2025-01-26,away,,,,,,,,,3,3,,,,,,,,,,,,,,,,,,,,,,9.0,,,,,,,
2425_20250125_liverpool_ipswich,2425,2025-01-25,Liverpool,Ipswich,1,football-data.co.uk,2025-01-26,home,,,,,,,,,16,6,,,,,,,,,,,,,,,,,,,,,,28.0,,,,,,,
2425_20250125_man_city_chelsea,2425,2025-01-25,Chelsea,Man City,0,football-data.co.uk,2025-01-26,away,,,,,,,,,10,4,,,,,,,,,,,,,,,,,,,,,,18.0,,,,,,,
2425_20250125_man_city_chelsea,2425,2025-01-25,Man City,Chelsea,1,football-data.co.uk,2025-01-26,home,,,,,,,,,15,6,,,,,,,,,,,,,,,,,,,,,,27.0,,,,,,,
2425_20250125_southampton_newcastle,2425,2025-01-25,Newcastle,Southampton,0,football-data.co.uk,2025-01-26,away,,,,,,,,,17,9,,,,,,,,,,,,,,,,,,,,,,35.0,,,,,,,
2425_20250125_southampton_newcastle,2425,2025-01-25,Southampton,Newcastle,1,football-data.co.uk,2025-01-26,home,,,,,,,,,12,5,,,,,,,,,,,,,,,,,,,,,,22.0,,,,,,,
2425_20250125_wolves_arsenal,2425,2025-01-25,Arsenal,Wolves,0,football-data.co.uk,2025-01-26,away,,,,,,,,,9,3,,,,,,,,,,,,,,,,,,,,,,15.0,,,,,,,
2425_20250125_wolves_arsenal,2425,2025-01-25,Wolves,Arsenal,1,football-data.co.uk,2025-01-26,home,,,,,,,,,9,4,,,,,,,,,,,,,,,,,,,,,,17.0,,,,,,,
2425_20250126_aston_villa_west_ham,2425,2025-01-26,West Ham,Aston Villa,0,football-data.co.uk,2025-01-27,away,,,,,,,,,14,4,,,,,,,,,,,,,,,,,,,,,,22.0,,,,,,,
2425_20250126_aston_villa_west_ham,2425,2025-01-26,Aston Villa,West Ham,1,football-data.co.uk,2025-01-27,home,,,,,,,,,14,4,,,,,,,,,,,,,,,,,,,,,,22.0,,,,,,,
2425_20250126_crystal_palace_brentford,2425,2025-01-26,Brentford,Crystal Palace,0,football-data.co.uk,2025-01-27,away,,,,,,,,,13,6,,,,,,,,,,,,,,,,,,,,,,25.0,,,,,,,
2425_20250126_crystal_palace_brentford,2425,2025-01-26,Crystal Palace,Brentford,1,football-data.co.uk,2025-01-27,home,,,,,,,,,16,5,,,,,,,,,,,,,,,,,,,,,,26.0,,,,,,,
2425_20250126_fulham_man_united,2425,2025-01-26,Man United,Fulham,0,football-data.co.uk,2025-01-27,away,,,,,,,,,4,1,,,,,,,,,,,,,,,,,,,,,,6.0,,,,,,,
2425_20250126_fulham_man_united,2425,2025-01-26,Fulham,Man United,1,football-data.co.uk,2025-01-27,home,,,,,,,,,9,3,,,,,,,,,,,,,,,,,,,,,,15.0,,,,,,,
2425_20250126_tottenham_leicester,2425,2025-01-26,Leicester,Tottenham,0,football-data.co.uk,2025-01-27,away,,,,,,,,,12,3,,,,,,,,,,,,,,,,,,,,,,18.0,,,,,,,
2425_20250126_tottenham_leicester,2425,2025-01-26,Tottenham,Leicester,1,football-data.co.uk,2025-01-27,home,,,,,,,,,15,6,,,,,,,,,,,,,,,,,,,,,,27.0,,,,,,,
2425_20250201_bournemouth_liverpool,2425,2025-02-01,Liverpool,Bournemouth,0,football-data.co.uk,2025-02-02,away,,,,,,,,,19,7,,,,,,,,,,,,,,,,,,,,,,33.0,,,,,,,
2425_20250201_bournemouth_liverpool,2425,2025-02-01,Bournemouth,Liverpool,1,football-data.co.uk,2025-02-02,home,,,,,,,,,14,3,,,,,,,,,,,,,,,,,,,,,,20.0,,,,,,,
2425_20250201_everton_leicester,2425,2025-02-01,Leicester,Everton,0,football-data.co.uk,2025-02-02,away,,,,,,,,,9,1,,,,,,,,,,,,,,,,,,,,,,11.0,,,,,,,
2425_20250201_everton_leicester,2425,2025-02-01,Everton,Leicester,1,football-data.co.uk,2025-02-02,home,,,,,,,,,13,7,,,,,,,,,,,,,,,,,,,,,,27.0,,,,,,,
2425_20250201_ipswich_southampton,2425,2025-02-01,Southampton,Ipswich,0,football-data.co.uk,2025-02-02,away,,,,,,,,,9,4,,,,,,,,,,,,,,,,,,,,,,17.0,,,,,,,
2425_20250201_ipswich_southampton,2425,2025-02-01,Ipswich,Southampton,1,football-data.co.uk,2025-02-02,home,,,,,,,,,15,6,,,,,,,,,,,,,,,,,,,,,,27.0,,,,,,,
2425_20250201_newcastle_fulham,2425,2025-02-01,Fulham,Newcastle,0,football-data.co.uk,2025-02-02,away,,,,,,,,,15,4,,,,,,,,,,,,,,,,,,,,,,23.0,,,,,,,
2425_20250201_newcastle_fulham,2425,2025-02-01,Newcastle,Fulham,1,football-data.co.uk,2025-02-02,home,,,,,,,,,11,4,,,,,,,,,,,,,,,,,,,,,,19.0,,,,,,,
2425_20250201_nottm_forest_brighton,2425,2025-02-01,Brighton,Nott'm Forest,0,football-data.co.uk,2025-02-02,away,,,,,,,,,10,5,,,,,,,,,,,,,,,,,,,,,,20.0,,,,,,,
2425_20250201_nottm_forest_brighton,2425,2025-02-01,Nott'm Forest,Brighton,1,football-data.co.uk,2025-02-02,home,,,,,,,,,14,9,,,,,,,,,,,,,,,,,,,,,,32.0,,,,,,,
2425_20250201_wolves_aston_villa,2425,2025-02-01,Aston Villa,Wolves,0,football-data.co.uk,2025-02-02,away,,,,,,,,,10,3,,,,,,,,,,,,,,,,,,,,,,16.0,,,,,,,
2425_20250201_wolves_aston_villa,2425,2025-02-01,Wolves,Aston Villa,1,football-data.co.uk,2025-02-02,home,,,,,,,,,8,5,,,,,,,,,,,,,,,,,,,,,,18.0,,,,,,,
2425_20250202_arsenal_man_city,2425,2025-02-02,Man City,Arsenal,0,football-data.co.uk,2025-02-03,away,,,,,,,,,7,4,,,,,,,,,,,,,,,,,,,,,,15.0,,,,,,,
2425_20250202_arsenal_man_city,2425,2025-02-02,Arsenal,Man City,1,football-data.co.uk,2025-02-03,home,,,,,,,,,12,7,,,,,,,,,,,,,,,,,,,,,,26.0,,,,,,,
2425_20250202_brentford_tottenham,2425,2025-02-02,Tottenham,Brentford,0,football-data.co.uk,2025-02-03,away,,,,,,,,,13,2,,,,,,,,,,,,,,,,,,,,,,17.0,,,,,,,
2425_20250202_brentford_tottenham,2425,2025-02-02,Brentford,Tottenham,1,football-data.co.uk,2025-02-03,home,,,,,,,,,20,4,,,,,,,,,,,,,,,,,,,,,,28.0,,,,,,,
2425_20250202_man_united_crystal_palace,2425,2025-02-02,Crystal Palace,Man United,0,football-data.co.uk,2025-02-03,away,,,,,,,,,11,3,,,,,,,,,,,,,,,,,,,,,,17.0,,,,,,,
2425_20250202_man_united_crystal_palace,2425,2025-02-02,Man United,Crystal Palace,1,football-data.co.uk,2025-02-03,home,,,,,,,,,17,2,,,,,,,,,,,,,,,,,,,,,,21.0,,,,,,,
2425_20250203_chelsea_west_ham,2425,2025-02-03,West Ham,Chelsea,0,football-data.co.uk,2025-02-04,away,,,,,,,,,14,5,,,,,,,,,,,,,,,,,,,,,,24.0,,,,,,,
2425_20250203_chelsea_west_ham,2425,2025-02-03,Chelsea,West Ham,1,football-data.co.uk,2025-02-04,home,,,,,,,,,22,3,,,,,,,,,,,,,,,,,,,,,,28.0,,,,,,,
2425_20250212_everton_liverpool,2425,2025-02-12,Liverpool,Everton,0,football-data.co.uk,2025-02-13,away,,,,,,,,,6,4,,,,,,,,,,,,,,,,,,,,,,14.0,,,,,,,
2425_20250212_everton_liverpool,2425,2025-02-12,Everton,Liverpool,1,football-data.co.uk,2025-02-13,home,,,,,,,,,10,3,,,,,,,,,,,,,,,,,,,,,,16.0,,,,,,,
2425_20250214_brighton_chelsea,2425,2025-02-14,Chelsea,Brighton,0,football-data.co.uk,2025-02-15,away,,,,,,,,,8,0,,,,,,,,,,,,,,,,,,,,,,8.0,,,,,,,
2425_20250214_brighton_chelsea,2425,2025-02-14,Brighton,Chelsea,1,football-data.co.uk,2025-02-15,home,,,,,,,,,13,5,,,,,,,,,,,,,,,,,,,,,,23.0,,,,,,,
2425_20250215_aston_villa_ipswich,2425,2025-02-15,Ipswich,Aston Villa,0,football-data.co.uk,2025-02-16,away,,,,,,,,,4,3,,,,,,,,,,,,,,,,,,,,,,10.0,,,,,,,
2425_20250215_aston_villa_ipswich,2425,2025-02-15,Aston Villa,Ipswich,1,football-data.co.uk,2025-02-16,home,,,,,,,,,25,6,,,,,,,,,,,,,,,,,,,,,,37.0,,,,,,,
2425_20250215_crystal_palace_everton,2425,2025-02-15,Everton,Crystal Palace,0,football-data.co.uk,2025-02-16,away,,,,,,,,,11,6,,,,,,,,,,,,,,,,,,,,,,23.0,,,,,,,
2425_20250215_crystal_palace_everton,2425,2025-02-15,Crystal Palace,Everton,1,football-data.co.uk,2025-02-16,home,,,,,,,,,17,6,,,,,,,,,,,,,,,,,,,,,,29.0,,,,,,,
2425_20250215_fulham_nottm_forest,2425,2025-02-15,Nott'm Forest,Fulham,0,football-data.co.uk,2025-02-16,away,,,,,,,,,8,2,,,,,,,,,,,,,,,,,,,,,,12.0,,,,,,,
2425_20250215_fulham_nottm_forest,2425,2025-02-15,Fulham,Nott'm Forest,1,football-data.co.uk,2025-02-16,home,,,,,,,,,24,10,,,,,,,,,,,,,,,,,,,,,,44.0,,,,,,,
2425_20250215_leicester_arsenal,2425,2025-02-15,Arsenal,Leicester,0,football-data.co.uk,2025-02-16,away,,,,,,,,,11,5,,,,,,,,,,,,,,,,,,,,,,21.0,,,,,,,
2425_20250215_leicester_arsenal,2425,2025-02-15,Leicester,Arsenal,1,football-data.co.uk,2025-02-16,home,,,,,,,,,6,2,,,,,,,,,,,,,,,,,,,,,,10.0,,,,,,,
2425_20250215_man_city_newcastle,2425,2025-02-15,Newcastle,Man City,0,football-data.co.uk,2025-02-16,away,,,,,,,,,3,1,,,,,,,,,,,,,,,,,,,,,,5.0,,,,,,,
2425_20250215_man_city_newcastle,2425,2025-02-15,Man City,Newcastle,1,football-data.co.uk,2025-02-16,home,,,,,,,,,11,7,,,,,,,,,,,,,,,,,,,,,,25.0,,,,,,,
2425_20250215_southampton_bournemouth,2425,2025-02-15,Bournemouth,Southampton,0,football-data.co.uk,2025-02-16,away,,,,,,,,,14,7,,,,,,,,,,,,,,,,,,,,,,28.0,,,,,,,
2425_20250215_southampton_bournemouth,2425,2025-02-15,Southampton,Bournemouth,1,football-data.co.uk,2025-02-16,home,,,,,,,,,11,4,,,,,,,,,,,,,,,,,,,,,,19.0,,,,,,,
2425_20250215_west_ham_brentford,2425,2025-02-15,Brentford,West Ham,0,football-data.co.uk,2025-02-16,away,,,,,,,,,14,5,,,,,,,,,,,,,,,,,,,,,,24.0,,,,,,,
2425_20250215_west_ham_brentford,2425,2025-02-15,West Ham,Brentford,1,football-data.co.uk,2025-02-16,home,,,,,,,,,13,3,,,,,,,,,,,,,,,,,,,,,,19.0,,,,,,,
2425_20250216_liverpool_wolves,2425,2025-02-16,Wolves,Liverpool,0,football-data.co.uk,2025-02-17,away,,,,,,,,,16,4,,,,,,,,,,,,,,,,,,,,,,24.0,,,,,,,
2425_20250216_liverpool_wolves,2425,2025-02-16,Liverpool,Wolves,1,football-data.co.uk,2025-02-17,home,,,,,,,,,10,3,,,,,,,,,,,,,,,,,,,,,,16.0,,,,,,,
2425_20250216_tottenham_man_united,2425,2025-02-16,Man United,Tottenham,0,football-data.co.uk,2025-02-17,away,,,,,,,,,16,6,,,,,,,,,,,,,,,,,,,,,,28.0,,,,,,,
2425_20250216_tottenham_man_united,2425,2025-02-16,Tottenham,Man United,1,football-data.co.uk,2025-02-17,home,,,,,,,,,22,7,,,,,,,,,,,,,,,,,,,,,,36.0,,,,,,,
2425_20250219_aston_villa_liverpool,2425,2025-02-19,Liverpool,Aston Villa,0,football-data.co.uk,2025-02-20,away,,,,,,,,,17,3,,,,,,,,,,,,,,,,,,,,,,23.0,,,,,,,
2425_20250219_aston_villa_liverpool,2425,2025-02-19,Aston Villa,Liverpool,1,football-data.co.uk,2025-02-20,home,,,,,,,,,9,4,,,,,,,,,,,,,,,,,,,,,,17.0,,,,,,,
2425_20250221_leicester_brentford,2425,2025-02-21,Brentford,Leicester,0,football-data.co.uk,2025-02-22,away,,,,,,,,,14,6,,,,,,,,,,,,,,,,,,,,,,26.0,,,,,,,
2425_20250221_leicester_brentford,2425,2025-02-21,Leicester,Brentford,1,football-data.co.uk,2025-02-22,home,,,,,,,,,8,3,,,,,,,,,,,,,,,,,,,,,,14.0,,,,,,,
2425_20250222_arsenal_west_ham,2425,2025-02-22,West Ham,Arsenal,0,football-data.co.uk,2025-02-23,away,,,,,,,,,5,2,,,,,,,,,,,,,,,,,,,,,,9.0,,,,,,,
2425_20250222_arsenal_west_ham,2425,2025-02-22,Arsenal,West Ham,1,football-data.co.uk,2025-02-23,home,,,,,,,,,20,2,,,,,,,,,,,,,,,,,,,,,,24.0,,,,,,,
2425_20250222_aston_villa_chelsea,2425,2025-02-22,Chelsea,Aston Villa,0,football-data.co.uk,2025-02-23,away,,,,,,,,,15,7,,,,,,,,,,,,,,,,,,,,,,29.0,,,,,,,
2425_20250222_aston_villa_chelsea,2425,2025-02-22,Aston Villa,Chelsea,1,football-data.co.uk,2025-02-23,home,,,,,,,,,12,6,,,,,,,,,,,,,,,,,,,,,,24.0,,,,,,,
2425_20250222_bournemouth_wolves,2425,2025-02-22,Wolves,Bournemouth,0,football-data.co.uk,2025-02-23,away,,,,,,,,,13,5,,,,,,,,,,,,,,,,,,,,,,23.0,,,,,,,
2425_20250222_bournemouth_wolves,2425,2025-02-22,Bournemouth,Wolves,1,football-data.co.uk,2025-02-23,home,,,,,,,,,8,3,,,,,,,,,,,,,,,,,,,,,,14.0,,,,,,,
2425_20250222_everton_man_united,2425,2025-02-22,Man United,Everton,0,football-data.co.uk,2025-02-23,away,,,,,,,,,9,3,,,,,,,,,,,,,,,,,,,,,,15.0,,,,,,,
2425_20250222_everton_man_united,2425,2025-02-22,Everton,Man United,1,football-data.co.uk,2025-02-23,home,,,,,,,,,9,8,,,,,,,,,,,,,,,,,,,,,,25.0,,,,,,,
2425_20250222_fulham_crystal_palace,2425,2025-02-22,Crystal Palace,Fulham,0,football-data.co.uk,2025-02-23,away,,,,,,,,,10,5,,,,,,,,,,,,,,,,,,,,,,20.0,,,,,,,
2425_20250222_fulham_crystal_palace,2425,2025-02-22,Fulham,Crystal Palace,1,football-data.co.uk,2025-02-23,home,,,,,,,,,10,0,,,,,,,,,,,,,,,,,,,,,,10.0,,,,,,,
2425_20250222_ipswich_tottenham,2425,2025-02-22,Tottenham,Ipswich,0,football-data.co.uk,2025-02-23,away,,,,,,,,,10,6,,,,,,,,,,,,,,,,,,,,,,22.0,,,,,,,
2425_20250222_ipswich_tottenham,2425,2025-02-22,Ipswich,Tottenham,1,football-data.co.uk,2025-02-23,home,,,,,,,,,17,5,,,,,,,,,,,,,,,,,,,,,,27.0,,,,,,,
2425_20250222_southampton_brighton,2425,2025-02-22,Brighton,Southampton,0,football-data.co.uk,2025-02-23,away,,,,,,,,,18,12,,,,,,,,,,,,,,,,,,,,,,42.0,,,,,,,
2425_20250222_southampton_brighton,2425,2025-02-22,Southampton,Brighton,1,football-data.co.uk,2025-02-23,home,,,,,,,,,6,1,,,,,,,,,,,,,,,,,,,,,,8.0,,,,,,,
2425_20250223_man_city_liverpool,2425,2025-02-23,Liverpool,Man City,0,football-data.co.uk,2025-02-24,away,,,,,,,,,8,4,,,,,,,,,,,,,,,,,,,,,,16.0,,,,,,,
2425_20250223_man_city_liverpool,2425,2025-02-23,Man City,Liverpool,1,football-data.co.uk,2025-02-24,home,,,,,,,,,16,5,,,,,,,,,,,,,,,,,,,,,,26.0,,,,,,,
2425_20250223_newcastle_nottm_forest,2425,2025-02-23,Nott'm Forest,Newcastle,0,football-data.co.uk,2025-02-24,away,,,,,,,,,17,5,,,,,,,,,,,,,,,,,,,,,,27.0,,,,,,,
2425_20250223_newcastle_nottm_forest,2425,2025-02-23,Newcastle,Nott'm Forest,1,football-data.co.uk,2025-02-24,home,,,,,,,,,13,5,,,,,,,,,,,,,,,,,,,,,,23.0,,,,,,,
2425_20250225_brighton_bournemouth,2425,2025-02-25,Bournemouth,Brighton,0,football-data.co.uk,2025-02-26,away,,,,,,,,,19,5,,,,,,,,,,,,,,,,,,,,,,29.0,,,,,,,
2425_20250225_brighton_bournemouth,2425,2025-02-25,Brighton,Bournemouth,1,football-data.co.uk,2025-02-26,home,,,,,,,,,11,4,,,,,,,,,,,,,,,,,,,,,,19.0,,,,,,,
2425_20250225_chelsea_southampton,2425,2025-02-25,Southampton,Chelsea,0,football-data.co.uk,2025-02-26,away,,,,,,,,,7,2,,,,,,,,,,,,,,,,,,,,,,11.0,,,,,,,
2425_20250225_chelsea_southampton,2425,2025-02-25,Chelsea,Southampton,1,football-data.co.uk,2025-02-26,home,,,,,,,,,19,10,,,,,,,,,,,,,,,,,,,,,,39.0,,,,,,,
2425_20250225_crystal_palace_aston_villa,2425,2025-02-25,Aston Villa,Crystal Palace,0,football-data.co.uk,2025-02-26,away,,,,,,,,,6,2,,,,,,,,,,,,,,,,,,,,,,10.0,,,,,,,
2425_20250225_crystal_palace_aston_villa,2425,2025-02-25,Crystal Palace,Aston Villa,1,football-data.co.uk,2025-02-26,home,,,,,,,,,19,6,,,,,,,,,,,,,,,,,,,,,,31.0,,,,,,,
2425_20250225_wolves_fulham,2425,2025-02-25,Fulham,Wolves,0,football-data.co.uk,2025-02-26,away,,,,,,,,,11,5,,,,,,,,,,,,,,,,,,,,,,21.0,,,,,,,
2425_20250225_wolves_fulham,2425,2025-02-25,Wolves,Fulham,1,football-data.co.uk,2025-02-26,home,,,,,,,,,18,5,,,,,,,,,,,,,,,,,,,,,,28.0,,,,,,,
2425_20250226_brentford_everton,2425,2025-02-26,Everton,Brentford,0,football-data.co.uk,2025-02-27,away,,,,,,,,,14,4,,,,,,,,,,,,,,,,,,,,,,22.0,,,,,,,
2425_20250226_brentford_everton,2425,2025-02-26,Brentford,Everton,1,football-data.co.uk,2025-02-27,home,,,,,,,,,12,3,,,,,,,,,,,,,,,,,,,,,,18.0,,,,,,,
2425_20250226_liverpool_newcastle,2425,2025-02-26,Newcastle,Liverpool,0,football-data.co.uk,2025-02-27,away,,,,,,,,,3,0,,,,,,,,,,,,,,,,,,,,,,3.0,,,,,,,
2425_20250226_liverpool_newcastle,2425,2025-02-26,Liverpool,Newcastle,1,football-data.co.uk,2025-02-27,home,,,,,,,,,12,3,,,,,,,,,,,,,,,,,,,,,,18.0,,,,,,,
2425_20250226_man_united_ipswich,2425,2025-02-26,Ipswich,Man United,0,football-data.co.uk,2025-02-27,away,,,,,,,,,12,3,,,,,,,,,,,,,,,,,,,,,,18.0,,,,,,,
2425_20250226_man_united_ipswich,2425,2025-02-26,Man United,Ipswich,1,football-data.co.uk,2025-02-27,home,,,,,,,,,10,6,,,,,,,,,,,,,,,,,,,,,,22.0,,,,,,,
2425_20250226_nottm_forest_arsenal,2425,2025-02-26,Arsenal,Nott'm Forest,0,football-data.co.uk,2025-02-27,away,,,,,,,,,13,1,,,,,,,,,,,,,,,,,,,,,,15.0,,,,,,,
2425_20250226_nottm_forest_arsenal,2425,2025-02-26,Nott'm Forest,Arsenal,1,football-data.co.uk,2025-02-27,home,,,,,,,,,6,2,,,,,,,,,,,,,,,,,,,,,,10.0,,,,,,,
2425_20250226_tottenham_man_city,2425,2025-02-26,Man City,Tottenham,0,football-data.co.uk,2025-02-27,away,,,,,,,,,12,5,,,,,,,,,,,,,,,,,,,,,,22.0,,,,,,,
2425_20250226_tottenham_man_city,2425,2025-02-26,Tottenham,Man City,1,football-data.co.uk,2025-02-27,home,,,,,,,,,11,6,,,,,,,,,,,,,,,,,,,,,,23.0,,,,,,,
2425_20250227_west_ham_leicester,2425,2025-02-27,Leicester,West Ham,0,football-data.co.uk,2025-02-28,away,,,,,,,,,10,2,,,,,,,,,,,,,,,,,,,,,,14.0,,,,,,,
2425_20250227_west_ham_leicester,2425,2025-02-27,West Ham,Leicester,1,football-data.co.uk,2025-02-28,home,,,,,,,,,8,2,,,,,,,,,,,,,,,,,,,,,,12.0,,,,,,,
2425_20250308_brentford_aston_villa,2425,2025-03-08,Aston Villa,Brentford,0,football-data.co.uk,2025-03-09,away,,,,,,,,,12,4,,,,,,,,,,,,,,,,,,,,,,20.0,,,,,,,
2425_20250308_brentford_aston_villa,2425,2025-03-08,Brentford,Aston Villa,1,football-data.co.uk,2025-03-09,home,,,,,,,,,13,3,,,,,,,,,,,,,,,,,,,,,,19.0,,,,,,,
2425_20250308_brighton_fulham,2425,2025-03-08,Fulham,Brighton,0,football-data.co.uk,2025-03-09,away,,,,,,,,,6,1,,,,,,,,,,,,,,,,,,,,,,8.0,,,,,,,
2425_20250308_brighton_fulham,2425,2025-03-08,Brighton,Fulham,1,football-data.co.uk,2025-03-09,home,,,,,,,,,9,4,,,,,,,,,,,,,,,,,,,,,,17.0,,,,,,,
2425_20250308_crystal_palace_ipswich,2425,2025-03-08,Ipswich,Crystal Palace,0,football-data.co.uk,2025-03-09,away,,,,,,,,,15,8,,,,,,,,,,,,,,,,,,,,,,31.0,,,,,,,
2425_20250308_crystal_palace_ipswich,2425,2025-03-08,Crystal Palace,Ipswich,1,football-data.co.uk,2025-03-09,home,,,,,,,,,19,4,,,,,,,,,,,,,,,,,,,,,,27.0,,,,,,,
2425_20250308_liverpool_southampton,2425,2025-03-08,Southampton,Liverpool,0,football-data.co.uk,2025-03-09,away,,,,,,,,,6,4,,,,,,,,,,,,,,,,,,,,,,14.0,,,,,,,
2425_20250308_liverpool_southampton,2425,2025-03-08,Liverpool,Southampton,1,football-data.co.uk,2025-03-09,home,,,,,,,,,28,7,,,,,,,,,,,,,,,,,,,,,,42.0,,,,,,,
2425_20250308_nottm_forest_man_city,2425,2025-03-08,Man City,Nott'm Forest,0,football-data.co.uk,2025-03-09,away,,,,,,,,,14,3,,,,,,,,,,,,,,,,,,,,,,20.0,,,,,,,
2425_20250308_nottm_forest_man_city,2425,2025-03-08,Nott'm Forest,Man City,1,football-data.co.uk,2025-03-09,home,,,,,,,,,9,4,,,,,,,,,,,,,,,,,,,,,,17.0,,,,,,,
2425_20250308_wolves_everton,2425,2025-03-08,Everton,Wolves,0,football-data.co.uk,2025-03-09,away,,,,,,,,,12,4,,,,,,,,,,,,,,,,,,,,,,20.0,,,,,,,
2425_20250308_wolves_everton,2425,2025-03-08,Wolves,Everton,1,football-data.co.uk,2025-03-09,home,,,,,,,,,11,3,,,,,,,,,,,,,,,,,,,,,,17.0,,,,,,,
2425_20250309_chelsea_leicester,2425,2025-03-09,Leicester,Chelsea,0,football-data.co.uk,2025-03-10,away,,,,,,,,,3,3,,,,,,,,,,,,,,,,,,,,,,9.0,,,,,,,
2425_20250309_chelsea_leicester,2425,2025-03-09,Chelsea,Leicester,1,football-data.co.uk,2025-03-10,home,,,,,,,,,20,7,,,,,,,,,,,,,,,,,,,,,,34.0,,,,,,,
2425_20250309_man_united_arsenal,2425,2025-03-09,Arsenal,Man United,0,football-data.co.uk,2025-03-10,away,,,,,,,,,17,6,,,,,,,,,,,,,,,,,,,,,,29.0,,,,,,,
2425_20250309_man_united_arsenal,2425,2025-03-09,Man United,Arsenal,1,football-data.co.uk,2025-03-10,home,,,,,,,,,10,6,,,,,,,,,,,,,,,,,,,,,,22.0,,,,,,,
2425_20250309_tottenham_bournemouth,2425,2025-03-09,Bournemouth,Tottenham,0,football-data.co.uk,2025-03-10,away,,,,,,,,,17,8,,,,,,,,,,,,,,,,,,,,,,33.0,,,,,,,
2425_20250309_tottenham_bournemouth,2425,2025-03-09,Tottenham,Bournemouth,1,football-data.co.uk,2025-03-10,home,,,,,,,,,12,4,,,,,,,,,,,,,,,,,,,,,,20.0,,,,,,,
2425_20250310_west_ham_newcastle,2425,2025-03-10,Newcastle,West Ham,0,football-data.co.uk,2025-03-11,away,,,,,,,,,9,3,,,,,,,,,,,,,,,,,,,,,,15.0,,,,,,,
2425_20250310_west_ham_newcastle,2425,2025-03-10,West Ham,Newcastle,1,football-data.co.uk,2025-03-11,home,,,,,,,,,9,2,,,,,,,,,,,,,,,,,,,,,,13.0,,,,,,,
2425_20250315_bournemouth_brentford,2425,2025-03-15,Brentford,Bournemouth,0,football-data.co.uk,2025-03-16,away,,,,,,,,,10,4,,,,,,,,,,,,,,,,,,,,,,18.0,,,,,,,
2425_20250315_bournemouth_brentford,2425,2025-03-15,Bournemouth,Brentford,1,football-data.co.uk,2025-03-16,home,,,,,,,,,17,5,,,,,,,,,,,,,,,,,,,,,,27.0,,,,,,,
2425_20250315_everton_west_ham,2425,2025-03-15,West Ham,Everton,0,football-data.co.uk,2025-03-16,away,,,,,,,,,10,5,,,,,,,,,,,,,,,,,,,,,,20.0,,,,,,,
2425_20250315_everton_west_ham,2425,2025-03-15,Everton,West Ham,1,football-data.co.uk,2025-03-16,home,,,,,,,,,13,5,,,,,,,,,,,,,,,,,,,,,,23.0,,,,,,,
2425_20250315_ipswich_nottm_forest,2425,2025-03-15,Nott'm Forest,Ipswich,0,football-data.co.uk,2025-03-16,away,,,,,,,,,11,6,,,,,,,,,,,,,,,,,,,,,,23.0,,,,,,,
2425_20250315_ipswich_nottm_forest,2425,2025-03-15,Ipswich,Nott'm Forest,1,football-data.co.uk,2025-03-16,home,,,,,,,,,11,4,,,,,,,,,,,,,,,,,,,,,,19.0,,,,,,,
2425_20250315_man_city_brighton,2425,2025-03-15,Brighton,Man City,0,football-data.co.uk,2025-03-16,away,,,,,,,,,15,3,,,,,,,,,,,,,,,,,,,,,,21.0,,,,,,,
2425_20250315_man_city_brighton,2425,2025-03-15,Man City,Brighton,1,football-data.co.uk,2025-03-16,home,,,,,,,,,11,3,,,,,,,,,,,,,,,,,,,,,,17.0,,,,,,,
2425_20250315_southampton_wolves,2425,2025-03-15,Wolves,Southampton,0,football-data.co.uk,2025-03-16,away,,,,,,,,,5,3,,,,,,,,,,,,,,,,,,,,,,11.0,,,,,,,
2425_20250315_southampton_wolves,2425,2025-03-15,Southampton,Wolves,1,football-data.co.uk,2025-03-16,home,,,,,,,,,10,3,,,,,,,,,,,,,,,,,,,,,,16.0,,,,,,,
2425_20250316_arsenal_chelsea,2425,2025-03-16,Chelsea,Arsenal,0,football-data.co.uk,2025-03-17,away,,,,,,,,,8,2,,,,,,,,,,,,,,,,,,,,,,12.0,,,,,,,
2425_20250316_arsenal_chelsea,2425,2025-03-16,Arsenal,Chelsea,1,football-data.co.uk,2025-03-17,home,,,,,,,,,12,4,,,,,,,,,,,,,,,,,,,,,,20.0,,,,,,,
2425_20250316_fulham_tottenham,2425,2025-03-16,Tottenham,Fulham,0,football-data.co.uk,2025-03-17,away,,,,,,,,,12,4,,,,,,,,,,,,,,,,,,,,,,20.0,,,,,,,
2425_20250316_fulham_tottenham,2425,2025-03-16,Fulham,Tottenham,1,football-data.co.uk,2025-03-17,home,,,,,,,,,13,4,,,,,,,,,,,,,,,,,,,,,,21.0,,,,,,,
2425_20250316_leicester_man_united,2425,2025-03-16,Man United,Leicester,0,football-data.co.uk,2025-03-17,away,,,,,,,,,18,5,,,,,,,,,,,,,,,,,,,,,,28.0,,,,,,,
2425_20250316_leicester_man_united,2425,2025-03-16,Leicester,Man United,1,football-data.co.uk,2025-03-17,home,,,,,,,,,11,3,,,,,,,,,,,,,,,,,,,,,,17.0,,,,,,,
2425_20250401_arsenal_fulham,2425,2025-04-01,Fulham,Arsenal,0,football-data.co.uk,2025-04-02,away,,,,,,,,,9,3,,,,,,,,,,,,,,,,,,,,,,15.0,,,,,,,
2425_20250401_arsenal_fulham,2425,2025-04-01,Arsenal,Fulham,1,football-data.co.uk,2025-04-02,home,,,,,,,,,17,4,,,,,,,,,,,,,,,,,,,,,,25.0,,,,,,,
2425_20250401_nottm_forest_man_united,2425,2025-04-01,Man United,Nott'm Forest,0,football-data.co.uk,2025-04-02,away,,,,,,,,,23,6,,,,,,,,,,,,,,,,,,,,,,35.0,,,,,,,
2425_20250401_nottm_forest_man_united,2425,2025-04-01,Nott'm Forest,Man United,1,football-data.co.uk,2025-04-02,home,,,,,,,,,8,2,,,,,,,,,,,,,,,,,,,,,,12.0,,,,,,,
2425_20250401_wolves_west_ham,2425,2025-04-01,West Ham,Wolves,0,football-data.co.uk,2025-04-02,away,,,,,,,,,10,1,,,,,,,,,,,,,,,,,,,,,,12.0,,,,,,,
2425_20250401_wolves_west_ham,2425,2025-04-01,Wolves,West Ham,1,football-data.co.uk,2025-04-02,home,,,,,,,,,9,2,,,,,,,,,,,,,,,,,,,,,,13.0,,,,,,,
2425_20250402_bournemouth_ipswich,2425,2025-04-02,Ipswich,Bournemouth,0,football-data.co.uk,2025-04-03,away,,,,,,,,,10,2,,,,,,,,,,,,,,,,,,,,,,14.0,,,,,,,
2425_20250402_bournemouth_ipswich,2425,2025-04-02,Bournemouth,Ipswich,1,football-data.co.uk,2025-04-03,home,,,,,,,,,24,7,,,,,,,,,,,,,,,,,,,,,,38.0,,,,,,,
2425_20250402_brighton_aston_villa,2425,2025-04-02,Aston Villa,Brighton,0,football-data.co.uk,2025-04-03,away,,,,,,,,,8,5,,,,,,,,,,,,,,,,,,,,,,18.0,,,,,,,
2425_20250402_brighton_aston_villa,2425,2025-04-02,Brighton,Aston Villa,1,football-data.co.uk,2025-04-03,home,,,,,,,,,11,4,,,,,,,,,,,,,,,,,,,,,,19.0,,,,,,,
2425_20250402_liverpool_everton,2425,2025-04-02,Everton,Liverpool,0,football-data.co.uk,2025-04-03,away,,,,,,,,,5,0,,,,,,,,,,,,,,,,,,,,,,5.0,,,,,,,
2425_20250402_liverpool_everton,2425,2025-04-02,Liverpool,Everton,1,football-data.co.uk,2025-04-03,home,,,,,,,,,17,3,,,,,,,,,,,,,,,,,,,,,,23.0,,,,,,,
2425_20250402_man_city_leicester,2425,2025-04-02,Leicester,Man City,0,football-data.co.uk,2025-04-03,away,,,,,,,,,2,0,,,,,,,,,,,,,,,,,,,,,,2.0,,,,,,,
2425_20250402_man_city_leicester,2425,2025-04-02,Man City,Leicester,1,football-data.co.uk,2025-04-03,home,,,,,,,,,18,5,,,,,,,,,,,,,,,,,,,,,,28.0,,,,,,,
2425_20250402_newcastle_brentford,2425,2025-04-02,Brentford,Newcastle,0,football-data.co.uk,2025-04-03,away,,,,,,,,,12,3,,,,,,,,,,,,,,,,,,,,,,18.0,,,,,,,
2425_20250402_newcastle_brentford,2425,2025-04-02,Newcastle,Brentford,1,football-data.co.uk,2025-04-03,home,,,,,,,,,21,4,,,,,,,,,,,,,,,,,,,,,,29.0,,,,,,,
2425_20250402_southampton_crystal_palace,2425,2025-04-02,Crystal Palace,Southampton,0,football-data.co.uk,2025-04-03,away,,,,,,,,,9,3,,,,,,,,,,,,,,,,,,,,,,15.0,,,,,,,
2425_20250402_southampton_crystal_palace,2425,2025-04-02,Southampton,Crystal Palace,1,football-data.co.uk,2025-04-03,home,,,,,,,,,8,2,,,,,,,,,,,,,,,,,,,,,,12.0,,,,,,,
2425_20250403_chelsea_tottenham,2425,2025-04-03,Tottenham,Chelsea,0,football-data.co.uk,2025-04-04,away,,,,,,,,,8,2,,,,,,,,,,,,,,,,,,,,,,12.0,,,,,,,
2425_20250403_chelsea_tottenham,2425,2025-04-03,Chelsea,Tottenham,1,football-data.co.uk,2025-04-04,home,,,,,,,,,11,5,,,,,,,,,,,,,,,,,,,,,,21.0,,,,,,,
2425_20250405_aston_villa_nottm_forest,2425,2025-04-05,Nott'm Forest,Aston Villa,0,football-data.co.uk,2025-04-06,away,,,,,,,,,19,3,,,,,,,,,,,,,,,,,,,,,,25.0,,,,,,,
2425_20250405_aston_villa_nottm_forest,2425,2025-04-05,Aston Villa,Nott'm Forest,1,football-data.co.uk,2025-04-06,home,,,,,,,,,17,8,,,,,,,,,,,,,,,,,,,,,,33.0,,,,,,,
2425_20250405_crystal_palace_brighton,2425,2025-04-05,Brighton,Crystal Palace,0,football-data.co.uk,2025-04-06,away,,,,,,,,,11,5,,,,,,,,,,,,,,,,,,,,,,21.0,,,,,,,
2425_20250405_crystal_palace_brighton,2425,2025-04-05,Crystal Palace,Brighton,1,football-data.co.uk,2025-04-06,home,,,,,,,,,8,3,,,,,,,,,,,,,,,,,,,,,,14.0,,,,,,,
2425_20250405_everton_arsenal,2425,2025-04-05,Arsenal,Everton,0,football-data.co.uk,2025-04-06,away,,,,,,,,,14,5,,,,,,,,,,,,,,,,,,,,,,24.0,,,,,,,
2425_20250405_everton_arsenal,2425,2025-04-05,Everton,Arsenal,1,football-data.co.uk,2025-04-06,home,,,,,,,,,5,2,,,,,,,,,,,,,,,,,,,,,,9.0,,,,,,,
2425_20250405_ipswich_wolves,2425,2025-04-05,Wolves,Ipswich,0,football-data.co.uk,2025-04-06,away,,,,,,,,,22,7,,,,,,,,,,,,,,,,,,,,,,36.0,,,,,,,
2425_20250405_ipswich_wolves,2425,2025-04-05,Ipswich,Wolves,1,football-data.co.uk,2025-04-06,home,,,,,,,,,6,2,,,,,,,,,,,,,,,,,,,,,,10.0,,,,,,,
2425_20250405_west_ham_bournemouth,2425,2025-04-05,Bournemouth,West Ham,0,football-data.co.uk,2025-04-06,away,,,,,,,,,11,4,,,,,,,,,,,,,,,,,,,,,,19.0,,,,,,,
2425_20250405_west_ham_bournemouth,2425,2025-04-05,West Ham,Bournemouth,1,football-data.co.uk,2025-04-06,home,,,,,,,,,9,3,,,,,,,,,,,,,,,,,,,,,,15.0,,,,,,,
2425_20250406_brentford_chelsea,2425,2025-04-06,Chelsea,Brentford,0,football-data.co.uk,2025-04-07,away,,,,,,,,,21,5,,,,,,,,,,,,,,,,,,,,,,31.0,,,,,,,
2425_20250406_brentford_chelsea,2425,2025-04-06,Brentford,Chelsea,1,football-data.co.uk,2025-04-07,home,,,,,,,,,9,2,,,,,,,,,,,,,,,,,,,,,,13.0,,,,,,,
2425_20250406_fulham_liverpool,2425,2025-04-06,Liverpool,Fulham,0,football-data.co.uk,2025-04-07,away,,,,,,,,,14,6,,,,,,,,,,,,,,,,,,,,,,26.0,,,,,,,
2425_20250406_fulham_liverpool,2425,2025-04-06,Fulham,Liverpool,1,football-data.co.uk,2025-04-07,home,,,,,,,,,12,6,,,,,,,,,,,,,,,,,,,,,,24.0,,,,,,,
2425_20250406_man_united_man_city,2425,2025-04-06,Man City,Man United,0,football-data.co.uk,2025-04-07,away,,,,,,,,,9,5,,,,,,,,,,,,,,,,,,,,,,19.0,,,,,,,
2425_20250406_man_united_man_city,2425,2025-04-06,Man United,Man City,1,football-data.co.uk,2025-04-07,home,,,,,,,,,13,2,,,,,,,,,,,,,,,,,,,,,,17.0,,,,,,,
2425_20250406_tottenham_southampton,2425,2025-04-06,Southampton,Tottenham,0,football-data.co.uk,2025-04-07,away,,,,,,,,,12,4,,,,,,,,,,,,,,,,,,,,,,20.0,,,,,,,
2425_20250406_tottenham_southampton,2425,2025-04-06,Tottenham,Southampton,1,football-data.co.uk,2025-04-07,home,,,,,,,,,13,8,,,,,,,,,,,,,,,,,,,,,,29.0,,,,,,,
2425_20250407_leicester_newcastle,2425,2025-04-07,Newcastle,Leicester,0,football-data.co.uk,2025-04-08,away,,,,,,,,,16,5,,,,,,,,,,,,,,,,,,,,,,26.0,,,,,,,
2425_20250407_leicester_newcastle,2425,2025-04-07,Leicester,Newcastle,1,football-data.co.uk,2025-04-08,home,,,,,,,,,7,2,,,,,,,,,,,,,,,,,,,,,,11.0,,,,,,,
2425_20250412_arsenal_brentford,2425,2025-04-12,Brentford,Arsenal,0,football-data.co.uk,2025-04-13,away,,,,,,,,,3,2,,,,,,,,,,,,,,,,,,,,,,7.0,,,,,,,
2425_20250412_arsenal_brentford,2425,2025-04-12,Arsenal,Brentford,1,football-data.co.uk,2025-04-13,home,,,,,,,,,14,3,,,,,,,,,,,,,,,,,,,,,,20.0,,,,,,,
2425_20250412_brighton_leicester,2425,2025-04-12,Leicester,Brighton,0,football-data.co.uk,2025-04-13,away,,,,,,,,,15,6,,,,,,,,,,,,,,,,,,,,,,27.0,,,,,,,
2425_20250412_brighton_leicester,2425,2025-04-12,Brighton,Leicester,1,football-data.co.uk,2025-04-13,home,,,,,,,,,21,7,,,,,,,,,,,,,,,,,,,,,,35.0,,,,,,,
2425_20250412_man_city_crystal_palace,2425,2025-04-12,Crystal Palace,Man City,0,football-data.co.uk,2025-04-13,away,,,,,,,,,8,3,,,,,,,,,,,,,,,,,,,,,,14.0,,,,,,,
2425_20250412_man_city_crystal_palace,2425,2025-04-12,Man City,Crystal Palace,1,football-data.co.uk,2025-04-13,home,,,,,,,,,21,9,,,,,,,,,,,,,,,,,,,,,,39.0,,,,,,,
2425_20250412_nottm_forest_everton,2425,2025-04-12,Everton,Nott'm Forest,0,football-data.co.uk,2025-04-13,away,,,,,,,,,13,5,,,,,,,,,,,,,,,,,,,,,,23.0,,,,,,,
2425_20250412_nottm_forest_everton,2425,2025-04-12,Nott'm Forest,Everton,1,football-data.co.uk,2025-04-13,home,,,,,,,,,10,5,,,,,,,,,,,,,,,,,,,,,,20.0,,,,,,,
2425_20250412_southampton_aston_villa,2425,2025-04-12,Aston Villa,Southampton,0,football-data.co.uk,2025-04-13,away,,,,,,,,,25,10,,,,,,,,,,,,,,,,,,,,,,45.0,,,,,,,
2425_20250412_southampton_aston_villa,2425,2025-04-12,Southampton,Aston Villa,1,football-data.co.uk,2025-04-13,home,,,,,,,,,7,2,,,,,,,,,,,,,,,,,,,,,,11.0,,,,,,,
2425_20250413_chelsea_ipswich,2425,2025-04-13,Ipswich,Chelsea,0,football-data.co.uk,2025-04-14,away,,,,,,,,,13,4,,,,,,,,,,,,,,,,,,,,,,21.0,,,,,,,
2425_20250413_chelsea_ipswich,2425,2025-04-13,Chelsea,Ipswich,1,football-data.co.uk,2025-04-14,home,,,,,,,,,34,9,,,,,,,,,,,,,,,,,,,,,,52.0,,,,,,,
2425_20250413_liverpool_west_ham,2425,2025-04-13,West Ham,Liverpool,0,football-data.co.uk,2025-04-14,away,,,,,,,,,11,4,,,,,,,,,,,,,,,,,,,,,,19.0,,,,,,,
2425_20250413_liverpool_west_ham,2425,2025-04-13,Liverpool,West Ham,1,football-data.co.uk,2025-04-14,home,,,,,,,,,15,6,,,,,,,,,,,,,,,,,,,,,,27.0,,,,,,,
2425_20250413_newcastle_man_united,2425,2025-04-13,Man United,Newcastle,0,football-data.co.uk,2025-04-14,away,,,,,,,,,9,5,,,,,,,,,,,,,,,,,,,,,,19.0,,,,,,,
2425_20250413_newcastle_man_united,2425,2025-04-13,Newcastle,Man United,1,football-data.co.uk,2025-04-14,home,,,,,,,,,13,6,,,,,,,,,,,,,,,,,,,,,,25.0,,,,,,,
2425_20250413_wolves_tottenham,2425,2025-04-13,Tottenham,Wolves,0,football-data.co.uk,2025-04-14,away,,,,,,,,,11,4,,,,,,,,,,,,,,,,,,,,,,19.0,,,,,,,
2425_20250413_wolves_tottenham,2425,2025-04-13,Wolves,Tottenham,1,football-data.co.uk,2025-04-14,home,,,,,,,,,13,5,,,,,,,,,,,,,,,,,,,,,,23.0,,,,,,,
2425_20250414_bournemouth_fulham,2425,2025-04-14,Fulham,Bournemouth,0,football-data.co.uk,2025-04-15,away,,,,,,,,,12,7,,,,,,,,,,,,,,,,,,,,,,26.0,,,,,,,
2425_20250414_bournemouth_fulham,2425,2025-04-14,Bournemouth,Fulham,1,football-data.co.uk,2025-04-15,home,,,,,,,,,12,3,,,,,,,,,,,,,,,,,,,,,,18.0,,,,,,,
2425_20250416_newcastle_crystal_palace,2425,2025-04-16,Crystal Palace,Newcastle,0,football-data.co.uk,2025-04-17,away,,,,,,,,,11,4,,,,,,,,,,,,,,,,,,,,,,19.0,,,,,,,
2425_20250416_newcastle_crystal_palace,2425,2025-04-16,Newcastle,Crystal Palace,1,football-data.co.uk,2025-04-17,home,,,,,,,,,14,7,,,,,,,,,,,,,,,,,,,,,,28.0,,,,,,,
2425_20250419_aston_villa_newcastle,2425,2025-04-19,Newcastle,Aston Villa,0,football-data.co.uk,2025-04-20,away,,,,,,,,,10,3,,,,,,,,,,,,,,,,,,,,,,16.0,,,,,,,
2425_20250419_aston_villa_newcastle,2425,2025-04-19,Aston Villa,Newcastle,1,football-data.co.uk,2025-04-20,home,,,,,,,,,23,9,,,,,,,,,,,,,,,,,,,,,,41.0,,,,,,,
2425_20250419_brentford_brighton,2425,2025-04-19,Brighton,Brentford,0,football-data.co.uk,2025-04-20,away,,,,,,,,,12,3,,,,,,,,,,,,,,,,,,,,,,18.0,,,,,,,
2425_20250419_brentford_brighton,2425,2025-04-19,Brentford,Brighton,1,football-data.co.uk,2025-04-20,home,,,,,,,,,16,8,,,,,,,,,,,,,,,,,,,,,,32.0,,,,,,,
2425_20250419_crystal_palace_bournemouth,2425,2025-04-19,Bournemouth,Crystal Palace,0,football-data.co.uk,2025-04-20,away,,,,,,,,,15,4,,,,,,,,,,,,,,,,,,,,,,23.0,,,,,,,
2425_20250419_crystal_palace_bournemouth,2425,2025-04-19,Crystal Palace,Bournemouth,1,football-data.co.uk,2025-04-20,home,,,,,,,,,5,0,,,,,,,,,,,,,,,,,,,,,,5.0,,,,,,,
2425_20250419_everton_man_city,2425,2025-04-19,Man City,Everton,0,football-data.co.uk,2025-04-20,away,,,,,,,,,12,7,,,,,,,,,,,,,,,,,,,,,,26.0,,,,,,,
2425_20250419_everton_man_city,2425,2025-04-19,Everton,Man City,1,football-data.co.uk,2025-04-20,home,,,,,,,,,8,3,,,,,,,,,,,,,,,,,,,,,,14.0,,,,,,,
2425_20250419_west_ham_southampton,2425,2025-04-19,Southampton,West Ham,0,football-data.co.uk,2025-04-20,away,,,,,,,,,15,4,,,,,,,,,,,,,,,,,,,,,,23.0,,,,,,,
2425_20250419_west_ham_southampton,2425,2025-04-19,West Ham,Southampton,1,football-data.co.uk,2025-04-20,home,,,,,,,,,12,4,,,,,,,,,,,,,,,,,,,,,,20.0,,,,,,,
2425_20250420_fulham_chelsea,2425,2025-04-20,Chelsea,Fulham,0,football-data.co.uk,2025-04-21,away,,,,,,,,,13,8,,,,,,,,,,,,,,,,,,,,,,29.0,,,,,,,
2425_20250420_fulham_chelsea,2425,2025-04-20,Fulham,Chelsea,1,football-data.co.uk,2025-04-21,home,,,,,,,,,6,1,,,,,,,,,,,,,,,,,,,,,,8.0,,,,,,,
2425_20250420_ipswich_arsenal,2425,2025-04-20,Arsenal,Ipswich,0,football-data.co.uk,2025-04-21,away,,,,,,,,,24,7,,,,,,,,,,,,,,,,,,,,,,38.0,,,,,,,
2425_20250420_ipswich_arsenal,2425,2025-04-20,Ipswich,Arsenal,1,football-data.co.uk,2025-04-21,home,,,,,,,,,4,0,,,,,,,,,,,,,,,,,,,,,,4.0,,,,,,,
2425_20250420_leicester_liverpool,2425,2025-04-20,Liverpool,Leicester,0,football-data.co.uk,2025-04-21,away,,,,,,,,,28,10,,,,,,,,,,,,,,,,,,,,,,48.0,,,,,,,
2425_20250420_leicester_liverpool,2425,2025-04-20,Leicester,Liverpool,1,football-data.co.uk,2025-04-21,home,,,,,,,,,5,0,,,,,,,,,,,,,,,,,,,,,,5.0,,,,,,,
2425_20250420_man_united_wolves,2425,2025-04-20,Wolves,Man United,0,football-data.co.uk,2025-04-21,away,,,,,,,,,4,2,,,,,,,,,,,,,,,,,,,,,,8.0,,,,,,,
2425_20250420_man_united_wolves,2425,2025-04-20,Man United,Wolves,1,football-data.co.uk,2025-04-21,home,,,,,,,,,12,2,,,,,,,,,,,,,,,,,,,,,,16.0,,,,,,,
2425_20250421_tottenham_nottm_forest,2425,2025-04-21,Nott'm Forest,Tottenham,0,football-data.co.uk,2025-04-22,away,,,,,,,,,4,3,,,,,,,,,,,,,,,,,,,,,,10.0,,,,,,,
2425_20250421_tottenham_nottm_forest,2425,2025-04-21,Tottenham,Nott'm Forest,1,football-data.co.uk,2025-04-22,home,,,,,,,,,22,6,,,,,,,,,,,,,,,,,,,,,,34.0,,,,,,,
2425_20250422_man_city_aston_villa,2425,2025-04-22,Aston Villa,Man City,0,football-data.co.uk,2025-04-23,away,,,,,,,,,7,3,,,,,,,,,,,,,,,,,,,,,,13.0,,,,,,,
2425_20250422_man_city_aston_villa,2425,2025-04-22,Man City,Aston Villa,1,football-data.co.uk,2025-04-23,home,,,,,,,,,14,6,,,,,,,,,,,,,,,,,,,,,,26.0,,,,,,,
2425_20250423_arsenal_crystal_palace,2425,2025-04-23,Crystal Palace,Arsenal,0,football-data.co.uk,2025-04-24,away,,,,,,,,,15,4,,,,,,,,,,,,,,,,,,,,,,23.0,,,,,,,
2425_20250423_arsenal_crystal_palace,2425,2025-04-23,Arsenal,Crystal Palace,1,football-data.co.uk,2025-04-24,home,,,,,,,,,12,6,,,,,,,,,,,,,,,,,,,,,,24.0,,,,,,,
2425_20250426_brighton_west_ham,2425,2025-04-26,West Ham,Brighton,0,football-data.co.uk,2025-04-27,away,,,,,,,,,12,4,,,,,,,,,,,,,,,,,,,,,,20.0,,,,,,,
2425_20250426_brighton_west_ham,2425,2025-04-26,Brighton,West Ham,1,football-data.co.uk,2025-04-27,home,,,,,,,,,16,9,,,,,,,,,,,,,,,,,,,,,,34.0,,,,,,,
2425_20250426_chelsea_everton,2425,2025-04-26,Everton,Chelsea,0,football-data.co.uk,2025-04-27,away,,,,,,,,,6,3,,,,,,,,,,,,,,,,,,,,,,12.0,,,,,,,
2425_20250426_chelsea_everton,2425,2025-04-26,Chelsea,Everton,1,football-data.co.uk,2025-04-27,home,,,,,,,,,10,7,,,,,,,,,,,,,,,,,,,,,,24.0,,,,,,,
2425_20250426_newcastle_ipswich,2425,2025-04-26,Ipswich,Newcastle,0,football-data.co.uk,2025-04-27,away,,,,,,,,,4,0,,,,,,,,,,,,,,,,,,,,,,4.0,,,,,,,
2425_20250426_newcastle_ipswich,2425,2025-04-26,Newcastle,Ipswich,1,football-data.co.uk,2025-04-27,home,,,,,,,,,25,5,,,,,,,,,,,,,,,,,,,,,,35.0,,,,,,,
2425_20250426_southampton_fulham,2425,2025-04-26,Fulham,Southampton,0,football-data.co.uk,2025-04-27,away,,,,,,,,,26,5,,,,,,,,,,,,,,,,,,,,,,36.0,,,,,,,
2425_20250426_southampton_fulham,2425,2025-04-26,Southampton,Fulham,1,football-data.co.uk,2025-04-27,home,,,,,,,,,7,3,,,,,,,,,,,,,,,,,,,,,,13.0,,,,,,,
2425_20250426_wolves_leicester,2425,2025-04-26,Leicester,Wolves,0,football-data.co.uk,2025-04-27,away,,,,,,,,,8,2,,,,,,,,,,,,,,,,,,,,,,12.0,,,,,,,
2425_20250426_wolves_leicester,2425,2025-04-26,Wolves,Leicester,1,football-data.co.uk,2025-04-27,home,,,,,,,,,20,6,,,,,,,,,,,,,,,,,,,,,,32.0,,,,,,,
2425_20250427_bournemouth_man_united,2425,2025-04-27,Man United,Bournemouth,0,football-data.co.uk,2025-04-28,away,,,,,,,,,25,6,,,,,,,,,,,,,,,,,,,,,,37.0,,,,,,,
2425_20250427_bournemouth_man_united,2425,2025-04-27,Bournemouth,Man United,1,football-data.co.uk,2025-04-28,home,,,,,,,,,8,1,,,,,,,,,,,,,,,,,,,,,,10.0,,,,,,,
2425_20250427_liverpool_tottenham,2425,2025-04-27,Tottenham,Liverpool,0,football-data.co.uk,2025-04-28,away,,,,,,,,,8,3,,,,,,,,,,,,,,,,,,,,,,14.0,,,,,,,
2425_20250427_liverpool_tottenham,2425,2025-04-27,Liverpool,Tottenham,1,football-data.co.uk,2025-04-28,home,,,,,,,,,25,8,,,,,,,,,,,,,,,,,,,,,,41.0,,,,,,,
2425_20250501_nottm_forest_brentford,2425,2025-05-01,Brentford,Nott'm Forest,0,football-data.co.uk,2025-05-02,away,,,,,,,,,11,3,,,,,,,,,,,,,,,,,,,,,,17.0,,,,,,,
2425_20250501_nottm_forest_brentford,2425,2025-05-01,Nott'm Forest,Brentford,1,football-data.co.uk,2025-05-02,home,,,,,,,,,14,5,,,,,,,,,,,,,,,,,,,,,,24.0,,,,,,,
2425_20250502_man_city_wolves,2425,2025-05-02,Wolves,Man City,0,football-data.co.uk,2025-05-03,away,,,,,,,,,6,1,,,,,,,,,,,,,,,,,,,,,,8.0,,,,,,,
2425_20250502_man_city_wolves,2425,2025-05-02,Man City,Wolves,1,football-data.co.uk,2025-05-03,home,,,,,,,,,9,2,,,,,,,,,,,,,,,,,,,,,,13.0,,,,,,,
2425_20250503_arsenal_bournemouth,2425,2025-05-03,Bournemouth,Arsenal,0,football-data.co.uk,2025-05-04,away,,,,,,,,,9,2,,,,,,,,,,,,,,,,,,,,,,13.0,,,,,,,
2425_20250503_arsenal_bournemouth,2425,2025-05-03,Arsenal,Bournemouth,1,football-data.co.uk,2025-05-04,home,,,,,,,,,13,4,,,,,,,,,,,,,,,,,,,,,,21.0,,,,,,,
2425_20250503_aston_villa_fulham,2425,2025-05-03,Fulham,Aston Villa,0,football-data.co.uk,2025-05-04,away,,,,,,,,,11,3,,,,,,,,,,,,,,,,,,,,,,17.0,,,,,,,
2425_20250503_aston_villa_fulham,2425,2025-05-03,Aston Villa,Fulham,1,football-data.co.uk,2025-05-04,home,,,,,,,,,10,3,,,,,,,,,,,,,,,,,,,,,,16.0,,,,,,,
2425_20250503_everton_ipswich,2425,2025-05-03,Ipswich,Everton,0,football-data.co.uk,2025-05-04,away,,,,,,,,,12,5,,,,,,,,,,,,,,,,,,,,,,22.0,,,,,,,
2425_20250503_everton_ipswich,2425,2025-05-03,Everton,Ipswich,1,football-data.co.uk,2025-05-04,home,,,,,,,,,8,3,,,,,,,,,,,,,,,,,,,,,,14.0,,,,,,,
2425_20250503_leicester_southampton,2425,2025-05-03,Southampton,Leicester,0,football-data.co.uk,2025-05-04,away,,,,,,,,,8,2,,,,,,,,,,,,,,,,,,,,,,12.0,,,,,,,
2425_20250503_leicester_southampton,2425,2025-05-03,Leicester,Southampton,1,football-data.co.uk,2025-05-04,home,,,,,,,,,14,4,,,,,,,,,,,,,,,,,,,,,,22.0,,,,,,,
2425_20250504_brentford_man_united,2425,2025-05-04,Man United,Brentford,0,football-data.co.uk,2025-05-05,away,,,,,,,,,14,5,,,,,,,,,,,,,,,,,,,,,,24.0,,,,,,,
2425_20250504_brentford_man_united,2425,2025-05-04,Brentford,Man United,1,football-data.co.uk,2025-05-05,home,,,,,,,,,12,6,,,,,,,,,,,,,,,,,,,,,,24.0,,,,,,,
2425_20250504_brighton_newcastle,2425,2025-05-04,Newcastle,Brighton,0,football-data.co.uk,2025-05-05,away,,,,,,,,,13,5,,,,,,,,,,,,,,,,,,,,,,23.0,,,,,,,
2425_20250504_brighton_newcastle,2425,2025-05-04,Brighton,Newcastle,1,football-data.co.uk,2025-05-05,home,,,,,,,,,5,2,,,,,,,,,,,,,,,,,,,,,,9.0,,,,,,,
2425_20250504_chelsea_liverpool,2425,2025-05-04,Liverpool,Chelsea,0,football-data.co.uk,2025-05-05,away,,,,,,,,,11,2,,,,,,,,,,,,,,,,,,,,,,15.0,,,,,,,
2425_20250504_chelsea_liverpool,2425,2025-05-04,Chelsea,Liverpool,1,football-data.co.uk,2025-05-05,home,,,,,,,,,17,7,,,,,,,,,,,,,,,,,,,,,,31.0,,,,,,,
2425_20250504_west_ham_tottenham,2425,2025-05-04,Tottenham,West Ham,0,football-data.co.uk,2025-05-05,away,,,,,,,,,7,2,,,,,,,,,,,,,,,,,,,,,,11.0,,,,,,,
2425_20250504_west_ham_tottenham,2425,2025-05-04,West Ham,Tottenham,1,football-data.co.uk,2025-05-05,home,,,,,,,,,11,2,,,,,,,,,,,,,,,,,,,,,,15.0,,,,,,,
2425_20250505_crystal_palace_nottm_forest,2425,2025-05-05,Nott'm Forest,Crystal Palace,0,football-data.co.uk,2025-05-06,away,,,,,,,,,12,4,,,,,,,,,,,,,,,,,,,,,,20.0,,,,,,,
2425_20250505_crystal_palace_nottm_forest,2425,2025-05-05,Crystal Palace,Nott'm Forest,1,football-data.co.uk,2025-05-06,home,,,,,,,,,20,3,,,,,,,,,,,,,,,,,,,,,,26.0,,,,,,,
2425_20250510_bournemouth_aston_villa,2425,2025-05-10,Aston Villa,Bournemouth,0,football-data.co.uk,2025-05-11,away,,,,,,,,,6,3,,,,,,,,,,,,,,,,,,,,,,12.0,,,,,,,
2425_20250510_bournemouth_aston_villa,2425,2025-05-10,Bournemouth,Aston Villa,1,football-data.co.uk,2025-05-11,home,,,,,,,,,10,4,,,,,,,,,,,,,,,,,,,,,,18.0,,,,,,,
2425_20250510_fulham_everton,2425,2025-05-10,Everton,Fulham,0,football-data.co.uk,2025-05-11,away,,,,,,,,,11,7,,,,,,,,,,,,,,,,,,,,,,25.0,,,,,,,
2425_20250510_fulham_everton,2425,2025-05-10,Fulham,Everton,1,football-data.co.uk,2025-05-11,home,,,,,,,,,18,6,,,,,,,,,,,,,,,,,,,,,,30.0,,,,,,,
2425_20250510_ipswich_brentford,2425,2025-05-10,Brentford,Ipswich,0,football-data.co.uk,2025-05-11,away,,,,,,,,,15,5,,,,,,,,,,,,,,,,,,,,,,25.0,,,,,,,
2425_20250510_ipswich_brentford,2425,2025-05-10,Ipswich,Brentford,1,football-data.co.uk,2025-05-11,home,,,,,,,,,11,4,,,,,,,,,,,,,,,,,,,,,,19.0,,,,,,,
2425_20250510_southampton_man_city,2425,2025-05-10,Man City,Southampton,0,football-data.co.uk,2025-05-11,away,,,,,,,,,26,5,,,,,,,,,,,,,,,,,,,,,,36.0,,,,,,,
2425_20250510_southampton_man_city,2425,2025-05-10,Southampton,Man City,1,football-data.co.uk,2025-05-11,home,,,,,,,,,2,0,,,,,,,,,,,,,,,,,,,,,,2.0,,,,,,,
2425_20250510_wolves_brighton,2425,2025-05-10,Brighton,Wolves,0,football-data.co.uk,2025-05-11,away,,,,,,,,,7,2,,,,,,,,,,,,,,,,,,,,,,11.0,,,,,,,
2425_20250510_wolves_brighton,2425,2025-05-10,Wolves,Brighton,1,football-data.co.uk,2025-05-11,home,,,,,,,,,10,3,,,,,,,,,,,,,,,,,,,,,,16.0,,,,,,,
2425_20250511_liverpool_arsenal,2425,2025-05-11,Arsenal,Liverpool,0,football-data.co.uk,2025-05-12,away,,,,,,,,,15,7,,,,,,,,,,,,,,,,,,,,,,29.0,,,,,,,
2425_20250511_liverpool_arsenal,2425,2025-05-11,Liverpool,Arsenal,1,football-data.co.uk,2025-05-12,home,,,,,,,,,14,5,,,,,,,,,,,,,,,,,,,,,,24.0,,,,,,,
2425_20250511_man_united_west_ham,2425,2025-05-11,West Ham,Man United,0,football-data.co.uk,2025-05-12,away,,,,,,,,,9,4,,,,,,,,,,,,,,,,,,,,,,17.0,,,,,,,
2425_20250511_man_united_west_ham,2425,2025-05-11,Man United,West Ham,1,football-data.co.uk,2025-05-12,home,,,,,,,,,20,5,,,,,,,,,,,,,,,,,,,,,,30.0,,,,,,,
2425_20250511_newcastle_chelsea,2425,2025-05-11,Chelsea,Newcastle,0,football-data.co.uk,2025-05-12,away,,,,,,,,,10,3,,,,,,,,,,,,,,,,,,,,,,16.0,,,,,,,
2425_20250511_newcastle_chelsea,2425,2025-05-11,Newcastle,Chelsea,1,football-data.co.uk,2025-05-12,home,,,,,,,,,15,6,,,,,,,,,,,,,,,,,,,,,,27.0,,,,,,,
2425_20250511_nottm_forest_leicester,2425,2025-05-11,Leicester,Nott'm Forest,0,football-data.co.uk,2025-05-12,away,,,,,,,,,10,6,,,,,,,,,,,,,,,,,,,,,,22.0,,,,,,,
2425_20250511_nottm_forest_leicester,2425,2025-05-11,Nott'm Forest,Leicester,1,football-data.co.uk,2025-05-12,home,,,,,,,,,15,4,,,,,,,,,,,,,,,,,,,,,,23.0,,,,,,,
2425_20250511_tottenham_crystal_palace,2425,2025-05-11,Crystal Palace,Tottenham,0,football-data.co.uk,2025-05-12,away,,,,,,,,,23,10,,,,,,,,,,,,,,,,,,,,,,43.0,,,,,,,
2425_20250511_tottenham_crystal_palace,2425,2025-05-11,Tottenham,Crystal Palace,1,football-data.co.uk,2025-05-12,home,,,,,,,,,8,1,,,,,,,,,,,,,,,,,,,,,,10.0,,,,,,,
2425_20250516_aston_villa_tottenham,2425,2025-05-16,Tottenham,Aston Villa,0,football-data.co.uk,2025-05-17,away,,,,,,,,,3,1,,,,,,,,,,,,,,,,,,,,,,5.0,,,,,,,
2425_20250516_aston_villa_tottenham,2425,2025-05-16,Aston Villa,Tottenham,1,football-data.co.uk,2025-05-17,home,,,,,,,,,18,7,,,,,,,,,,,,,,,,,,,,,,32.0,,,,,,,
2425_20250516_chelsea_man_united,2425,2025-05-16,Man United,Chelsea,0,football-data.co.uk,2025-05-17,away,,,,,,,,,4,1,,,,,,,,,,,,,,,,,,,,,,6.0,,,,,,,
2425_20250516_chelsea_man_united,2425,2025-05-16,Chelsea,Man United,1,football-data.co.uk,2025-05-17,home,,,,,,,,,11,3,,,,,,,,,,,,,,,,,,,,,,17.0,,,,,,,
2425_20250518_arsenal_newcastle,2425,2025-05-18,Newcastle,Arsenal,0,football-data.co.uk,2025-05-19,away,,,,,,,,,14,5,,,,,,,,,,,,,,,,,,,,,,24.0,,,,,,,
2425_20250518_arsenal_newcastle,2425,2025-05-18,Arsenal,Newcastle,1,football-data.co.uk,2025-05-19,home,,,,,,,,,12,4,,,,,,,,,,,,,,,,,,,,,,20.0,,,,,,,
2425_20250518_brentford_fulham,2425,2025-05-18,Fulham,Brentford,0,football-data.co.uk,2025-05-19,away,,,,,,,,,16,7,,,,,,,,,,,,,,,,,,,,,,30.0,,,,,,,
2425_20250518_brentford_fulham,2425,2025-05-18,Brentford,Fulham,1,football-data.co.uk,2025-05-19,home,,,,,,,,,11,6,,,,,,,,,,,,,,,,,,,,,,23.0,,,,,,,
2425_20250518_everton_southampton,2425,2025-05-18,Southampton,Everton,0,football-data.co.uk,2025-05-19,away,,,,,,,,,6,2,,,,,,,,,,,,,,,,,,,,,,10.0,,,,,,,
2425_20250518_everton_southampton,2425,2025-05-18,Everton,Southampton,1,football-data.co.uk,2025-05-19,home,,,,,,,,,13,5,,,,,,,,,,,,,,,,,,,,,,23.0,,,,,,,
2425_20250518_leicester_ipswich,2425,2025-05-18,Ipswich,Leicester,0,football-data.co.uk,2025-05-19,away,,,,,,,,,20,2,,,,,,,,,,,,,,,,,,,,,,24.0,,,,,,,
2425_20250518_leicester_ipswich,2425,2025-05-18,Leicester,Ipswich,1,football-data.co.uk,2025-05-19,home,,,,,,,,,9,3,,,,,,,,,,,,,,,,,,,,,,15.0,,,,,,,
2425_20250518_west_ham_nottm_forest,2425,2025-05-18,Nott'm Forest,West Ham,0,football-data.co.uk,2025-05-19,away,,,,,,,,,10,5,,,,,,,,,,,,,,,,,,,,,,20.0,,,,,,,
2425_20250518_west_ham_nottm_forest,2425,2025-05-18,West Ham,Nott'm Forest,1,football-data.co.uk,2025-05-19,home,,,,,,,,,16,5,,,,,,,,,,,,,,,,,,,,,,26.0,,,,,,,
2425_20250519_brighton_liverpool,2425,2025-05-19,Liverpool,Brighton,0,football-data.co.uk,2025-05-20,away,,,,,,,,,18,5,,,,,,,,,,,,,,,,,,,,,,28.0,,,,,,,
2425_20250519_brighton_liverpool,2425,2025-05-19,Brighton,Liverpool,1,football-data.co.uk,2025-05-20,home,,,,,,,,,25,12,,,,,,,,,,,,,,,,,,,,,,49.0,,,,,,,
2425_20250520_crystal_palace_wolves,2425,2025-05-20,Wolves,Crystal Palace,0,football-data.co.uk,2025-05-21,away,,,,,,,,,12,3,,,,,,,,,,,,,,,,,,,,,,18.0,,,,,,,
2425_20250520_crystal_palace_wolves,2425,2025-05-20,Crystal Palace,Wolves,1,football-data.co.uk,2025-05-21,home,,,,,,,,,14,10,,,,,,,,,,,,,,,,,,,,,,34.0,,,,,,,
2425_20250520_man_city_bournemouth,2425,2025-05-20,Bournemouth,Man City,0,football-data.co.uk,2025-05-21,away,,,,,,,,,8,2,,,,,,,,,,,,,,,,,,,,,,12.0,,,,,,,
2425_20250520_man_city_bournemouth,2425,2025-05-20,Man City,Bournemouth,1,football-data.co.uk,2025-05-21,home,,,,,,,,,12,5,,,,,,,,,,,,,,,,,,,,,,22.0,,,,,,,
2425_20250525_bournemouth_leicester,2425,2025-05-25,Leicester,Bournemouth,0,football-data.co.uk,2025-05-26,away,,,,,,,,,3,0,,,,,,,,,,,,,,,,,,,,,,3.0,,,,,,,
2425_20250525_bournemouth_leicester,2425,2025-05-25,Bournemouth,Leicester,1,football-data.co.uk,2025-05-26,home,,,,,,,,,20,7,,,,,,,,,,,,,,,,,,,,,,34.0,,,,,,,
2425_20250525_fulham_man_city,2425,2025-05-25,Man City,Fulham,0,football-data.co.uk,2025-05-26,away,,,,,,,,,20,5,,,,,,,,,,,,,,,,,,,,,,30.0,,,,,,,
2425_20250525_fulham_man_city,2425,2025-05-25,Fulham,Man City,1,football-data.co.uk,2025-05-26,home,,,,,,,,,13,3,,,,,,,,,,,,,,,,,,,,,,19.0,,,,,,,
2425_20250525_ipswich_west_ham,2425,2025-05-25,West Ham,Ipswich,0,football-data.co.uk,2025-05-26,away,,,,,,,,,10,6,,,,,,,,,,,,,,,,,,,,,,22.0,,,,,,,
2425_20250525_ipswich_west_ham,2425,2025-05-25,Ipswich,West Ham,1,football-data.co.uk,2025-05-26,home,,,,,,,,,14,4,,,,,,,,,,,,,,,,,,,,,,22.0,,,,,,,
2425_20250525_liverpool_crystal_palace,2425,2025-05-25,Crystal Palace,Liverpool,0,football-data.co.uk,2025-05-26,away,,,,,,,,,8,5,,,,,,,,,,,,,,,,,,,,,,18.0,,,,,,,
2425_20250525_liverpool_crystal_palace,2425,2025-05-25,Liverpool,Crystal Palace,1,football-data.co.uk,2025-05-26,home,,,,,,,,,14,3,,,,,,,,,,,,,,,,,,,,,,20.0,,,,,,,
2425_20250525_man_united_aston_villa,2425,2025-05-25,Aston Villa,Man United,0,football-data.co.uk,2025-05-26,away,,,,,,,,,6,1,,,,,,,,,,,,,,,,,,,,,,8.0,,,,,,,
2425_20250525_man_united_aston_villa,2425,2025-05-25,Man United,Aston Villa,1,football-data.co.uk,2025-05-26,home,,,,,,,,,25,10,,,,,,,,,,,,,,,,,,,,,,45.0,,,,,,,
2425_20250525_newcastle_everton,2425,2025-05-25,Everton,Newcastle,0,football-data.co.uk,2025-05-26,away,,,,,,,,,14,6,,,,,,,,,,,,,,,,,,,,,,26.0,,,,,,,
2425_20250525_newcastle_everton,2425,2025-05-25,Newcastle,Everton,1,football-data.co.uk,2025-05-26,home,,,,,,,,,17,6,,,,,,,,,,,,,,,,,,,,,,29.0,,,,,,,
2425_20250525_nottm_forest_chelsea,2425,2025-05-25,Chelsea,Nott'm Forest,0,football-data.co.uk,2025-05-26,away,,,,,,,,,6,2,,,,,,,,,,,,,,,,,,,,,,10.0,,,,,,,
2425_20250525_nottm_forest_chelsea,2425,2025-05-25,Nott'm Forest,Chelsea,1,football-data.co.uk,2025-05-26,home,,,,,,,,,10,2,,,,,,,,,,,,,,,,,,,,,,14.0,,,,,,,
2425_20250525_southampton_arsenal,2425,2025-05-25,Arsenal,Southampton,0,football-data.co.uk,2025-05-26,away,,,,,,,,,23,8,,,,,,,,,,,,,,,,,,,,,,39.0,,,,,,,
2425_20250525_southampton_arsenal,2425,2025-05-25,Southampton,Arsenal,1,football-data.co.uk,2025-05-26,home,,,,,,,,,7,2,,,,,,,,,,,,,,,,,,,,,,11.0,,,,,,,
2425_20250525_tottenham_brighton,2425,2025-05-25,Brighton,Tottenham,0,football-data.co.uk,2025-05-26,away,,,,,,,,,23,8,,,,,,,,,,,,,,,,,,,,,,39.0,,,,,,,
2425_20250525_tottenham_brighton,2425,2025-05-25,Tottenham,Brighton,1,football-data.co.uk,2025-05-26,home,,,,,,,,,4,2,,,,,,,,,,,,,,,,,,,,,,8.0,,,,,,,
2425_20250525_wolves_brentford,2425,2025-05-25,Brentford,Wolves,0,football-data.co.uk,2025-05-26,away,,,,,,,,,13,7,,,,,,,,,,,,,,,,,,,,,,27.0,,,,,,,
2425_20250525_wolves_brentford,2425,2025-05-25,Wolves,Brentford,1,football-data.co.uk,2025-05-26,home,,,,,,,,,18,6,,,,,,,,,,,,,,,,,,,,,,30.0,,,,,,,
